election_key,source_key,county,contest_key,contest_name_raw,contest_name_normalized,level,district,ballot_party,ballot_party_raw,reporting_scope,sha256,retrieved_at,source_published_at,parser_name,parser_version,is_unofficial,verification_status,source_url,precincts_reporting,precincts_total,reporting_status,row_type,reporting_county,precinct_code,precinct_name_raw,candidate_name_raw,candidate_name_normalized,external_candidate_id,votes,percentage_reported,result_row_key
wy-2026-primary,wy|laramie|wy-2026-primary|county_local_summary,Laramie,wy-2026-primary|county|laramie|county-commissioner|rep,REP COUNTY COMMISSIONER,County Commissioner,county,,REP,REP,county,b9595aad2a5ced2707a252aaa59135acdaa96c8c2c5659b6ea6c65c7d5d40c42,2026-08-21T12:49:44Z,,county_summary_pdf_v1,1.1.5,1,verified,https://www.laramiecountywy.gov/County-Government/Elected-Officials/County-Clerk/Elections/Election-Results,,,county_complete,candidate,Laramie,,,TROY THOMPSON,TROY THOMPSON,,8795,,wy|laramie|wy-2026-primary|county_local_summary|b9595aad2a5ced2707a252aaa59135acdaa96c8c2c5659b6ea6c65c7d5d40c42|wy-2026-primary|county|laramie|county-commissioner|rep|candidate|TROY THOMPSON|Laramie|COUNTY
wy-2026-primary,wy|laramie|wy-2026-primary|county_local_summary,Laramie,wy-2026-primary|county|laramie|county-commissioner|rep,REP COUNTY COMMISSIONER,County Commissioner,county,,REP,REP,county,b9595aad2a5ced2707a252aaa59135acdaa96c8c2c5659b6ea6c65c7d5d40c42,2026-08-21T12:49:44Z,,county_summary_pdf_v1,1.1.5,1,verified,https://www.laramiecountywy.gov/County-Government/Elected-Officials/County-Clerk/Elections/Election-Results,,,county_complete,candidate,Laramie,,,GUNNAR MALM,GUNNAR MALM,,8724,,wy|laramie|wy-2026-primary|county_local_summary|b9595aad2a5ced2707a252aaa59135acdaa96c8c2c5659b6ea6c65c7d5d40c42|wy-2026-primary|county|laramie|county-commissioner|rep|candidate|GUNNAR MALM|Laramie|COUNTY
wy-2026-primary,wy|laramie|wy-2026-primary|county_local_summary,Laramie,wy-2026-primary|county|laramie|county-commissioner|rep,REP COUNTY COMMISSIONER,County Commissioner,county,,REP,REP,county,b9595aad2a5ced2707a252aaa59135acdaa96c8c2c5659b6ea6c65c7d5d40c42,2026-08-21T12:49:44Z,,county_summary_pdf_v1,1.1.5,1,verified,https://www.laramiecountywy.gov/County-Government/Elected-Officials/County-Clerk/Elections/Election-Results,,,county_complete,candidate,Laramie,,,JESS E. KETCHAM,JESS E. KETCHAM,,7928,,wy|laramie|wy-2026-primary|county_local_summary|b9595aad2a5ced2707a252aaa59135acdaa96c8c2c5659b6ea6c65c7d5d40c42|wy-2026-primary|county|laramie|county-commissioner|rep|candidate|JESS E. KETCHAM|Laramie|COUNTY
wy-2026-primary,wy|laramie|wy-2026-primary|county_local_summary,Laramie,wy-2026-primary|county|laramie|county-commissioner|rep,REP COUNTY COMMISSIONER,County Commissioner,county,,REP,REP,county,b9595aad2a5ced2707a252aaa59135acdaa96c8c2c5659b6ea6c65c7d5d40c42,2026-08-21T12:49:44Z,,county_summary_pdf_v1,1.1.5,1,verified,https://www.laramiecountywy.gov/County-Government/Elected-Officials/County-Clerk/Elections/Election-Results,,,county_complete,candidate,Laramie,,,LINDA M HEATH,LINDA M HEATH,,6060,,wy|laramie|wy-2026-primary|county_local_summary|b9595aad2a5ced2707a252aaa59135acdaa96c8c2c5659b6ea6c65c7d5d40c42|wy-2026-primary|county|laramie|county-commissioner|rep|candidate|LINDA M HEATH|Laramie|COUNTY
wy-2026-primary,wy|laramie|wy-2026-primary|county_local_summary,Laramie,wy-2026-primary|county|laramie|county-commissioner|rep,REP COUNTY COMMISSIONER,County Commissioner,county,,REP,REP,county,b9595aad2a5ced2707a252aaa59135acdaa96c8c2c5659b6ea6c65c7d5d40c42,2026-08-21T12:49:44Z,,county_summary_pdf_v1,1.1.5,1,verified,https://www.laramiecountywy.gov/County-Government/Elected-Officials/County-Clerk/Elections/Election-Results,,,county_complete,candidate,Laramie,,,M. LEE HASENAUER,M. LEE HASENAUER,,5218,,wy|laramie|wy-2026-primary|county_local_summary|b9595aad2a5ced2707a252aaa59135acdaa96c8c2c5659b6ea6c65c7d5d40c42|wy-2026-primary|county|laramie|county-commissioner|rep|candidate|M. LEE HASENAUER|Laramie|COUNTY
wy-2026-primary,wy|laramie|wy-2026-primary|county_local_summary,Laramie,wy-2026-primary|county|laramie|county-commissioner|rep,REP COUNTY COMMISSIONER,County Commissioner,county,,REP,REP,county,b9595aad2a5ced2707a252aaa59135acdaa96c8c2c5659b6ea6c65c7d5d40c42,2026-08-21T12:49:44Z,,county_summary_pdf_v1,1.1.5,1,verified,https://www.laramiecountywy.gov/County-Government/Elected-Officials/County-Clerk/Elections/Election-Results,,,county_complete,candidate,Laramie,,,JULIE CHRISTEN,JULIE CHRISTEN,,4314,,wy|laramie|wy-2026-primary|county_local_summary|b9595aad2a5ced2707a252aaa59135acdaa96c8c2c5659b6ea6c65c7d5d40c42|wy-2026-primary|county|laramie|county-commissioner|rep|candidate|JULIE CHRISTEN|Laramie|COUNTY
wy-2026-primary,wy|laramie|wy-2026-primary|county_local_summary,Laramie,wy-2026-primary|county|laramie|county-commissioner|rep,REP COUNTY COMMISSIONER,County Commissioner,county,,REP,REP,county,b9595aad2a5ced2707a252aaa59135acdaa96c8c2c5659b6ea6c65c7d5d40c42,2026-08-21T12:49:44Z,,county_summary_pdf_v1,1.1.5,1,verified,https://www.laramiecountywy.gov/County-Government/Elected-Officials/County-Clerk/Elections/Election-Results,,,county_complete,candidate,Laramie,,,JASON MACGREGOR,JASON MACGREGOR,,2329,,wy|laramie|wy-2026-primary|county_local_summary|b9595aad2a5ced2707a252aaa59135acdaa96c8c2c5659b6ea6c65c7d5d40c42|wy-2026-primary|county|laramie|county-commissioner|rep|candidate|JASON MACGREGOR|Laramie|COUNTY
wy-2026-primary,wy|laramie|wy-2026-primary|county_local_summary,Laramie,wy-2026-primary|county|laramie|county-commissioner|rep,REP COUNTY COMMISSIONER,County Commissioner,county,,REP,REP,county,b9595aad2a5ced2707a252aaa59135acdaa96c8c2c5659b6ea6c65c7d5d40c42,2026-08-21T12:49:44Z,,county_summary_pdf_v1,1.1.5,1,verified,https://www.laramiecountywy.gov/County-Government/Elected-Officials/County-Clerk/Elections/Election-Results,,,county_complete,candidate,Laramie,,,JOSH TUTTLE,JOSH TUTTLE,,1936,,wy|laramie|wy-2026-primary|county_local_summary|b9595aad2a5ced2707a252aaa59135acdaa96c8c2c5659b6ea6c65c7d5d40c42|wy-2026-primary|county|laramie|county-commissioner|rep|candidate|JOSH TUTTLE|Laramie|COUNTY
wy-2026-primary,wy|laramie|wy-2026-primary|county_local_summary,Laramie,wy-2026-primary|county|laramie|county-commissioner|rep,REP COUNTY COMMISSIONER,County Commissioner,county,,REP,REP,county,b9595aad2a5ced2707a252aaa59135acdaa96c8c2c5659b6ea6c65c7d5d40c42,2026-08-21T12:49:44Z,,county_summary_pdf_v1,1.1.5,1,verified,https://www.laramiecountywy.gov/County-Government/Elected-Officials/County-Clerk/Elections/Election-Results,,,county_complete,candidate,Laramie,,,CLIFFORD SPOONEMORE,CLIFFORD SPOONEMORE,,1908,,wy|laramie|wy-2026-primary|county_local_summary|b9595aad2a5ced2707a252aaa59135acdaa96c8c2c5659b6ea6c65c7d5d40c42|wy-2026-primary|county|laramie|county-commissioner|rep|candidate|CLIFFORD SPOONEMORE|Laramie|COUNTY
wy-2026-primary,wy|laramie|wy-2026-primary|county_local_summary,Laramie,wy-2026-primary|county|laramie|county-commissioner|rep,REP COUNTY COMMISSIONER,County Commissioner,county,,REP,REP,county,b9595aad2a5ced2707a252aaa59135acdaa96c8c2c5659b6ea6c65c7d5d40c42,2026-08-21T12:49:44Z,,county_summary_pdf_v1,1.1.5,1,verified,https://www.laramiecountywy.gov/County-Government/Elected-Officials/County-Clerk/Elections/Election-Results,,,county_complete,candidate,Laramie,,,GREGORY C PITTS,GREGORY C PITTS,,1087,,wy|laramie|wy-2026-primary|county_local_summary|b9595aad2a5ced2707a252aaa59135acdaa96c8c2c5659b6ea6c65c7d5d40c42|wy-2026-primary|county|laramie|county-commissioner|rep|candidate|GREGORY C PITTS|Laramie|COUNTY
wy-2026-primary,wy|laramie|wy-2026-primary|county_local_summary,Laramie,wy-2026-primary|county|laramie|county-commissioner|rep,REP COUNTY COMMISSIONER,County Commissioner,county,,REP,REP,county,b9595aad2a5ced2707a252aaa59135acdaa96c8c2c5659b6ea6c65c7d5d40c42,2026-08-21T12:49:44Z,,county_summary_pdf_v1,1.1.5,1,verified,https://www.laramiecountywy.gov/County-Government/Elected-Officials/County-Clerk/Elections/Election-Results,,,county_complete,write_in_aggregate,Laramie,,,,,,427,,wy|laramie|wy-2026-primary|county_local_summary|b9595aad2a5ced2707a252aaa59135acdaa96c8c2c5659b6ea6c65c7d5d40c42|wy-2026-primary|county|laramie|county-commissioner|rep|write_in_aggregate|write_in_aggregate|Laramie|COUNTY
wy-2026-primary,wy|laramie|wy-2026-primary|county_local_summary,Laramie,wy-2026-primary|county|laramie|county-commissioner|rep,REP COUNTY COMMISSIONER,County Commissioner,county,,REP,REP,county,b9595aad2a5ced2707a252aaa59135acdaa96c8c2c5659b6ea6c65c7d5d40c42,2026-08-21T12:49:44Z,,county_summary_pdf_v1,1.1.5,1,verified,https://www.laramiecountywy.gov/County-Government/Elected-Officials/County-Clerk/Elections/Election-Results,,,county_complete,overvote,Laramie,,,,,,117,,wy|laramie|wy-2026-primary|county_local_summary|b9595aad2a5ced2707a252aaa59135acdaa96c8c2c5659b6ea6c65c7d5d40c42|wy-2026-primary|county|laramie|county-commissioner|rep|overvote|overvote|Laramie|COUNTY
wy-2026-primary,wy|laramie|wy-2026-primary|county_local_summary,Laramie,wy-2026-primary|county|laramie|county-commissioner|rep,REP COUNTY COMMISSIONER,County Commissioner,county,,REP,REP,county,b9595aad2a5ced2707a252aaa59135acdaa96c8c2c5659b6ea6c65c7d5d40c42,2026-08-21T12:49:44Z,,county_summary_pdf_v1,1.1.5,1,verified,https://www.laramiecountywy.gov/County-Government/Elected-Officials/County-Clerk/Elections/Election-Results,,,county_complete,undervote,Laramie,,,,,,8610,,wy|laramie|wy-2026-primary|county_local_summary|b9595aad2a5ced2707a252aaa59135acdaa96c8c2c5659b6ea6c65c7d5d40c42|wy-2026-primary|county|laramie|county-commissioner|rep|undervote|undervote|Laramie|COUNTY
wy-2026-primary,wy|laramie|wy-2026-primary|county_local_summary,Laramie,wy-2026-primary|county|laramie|county-coroner|rep,REP COUNTY CORONER,County Coroner,county,,REP,REP,county,b9595aad2a5ced2707a252aaa59135acdaa96c8c2c5659b6ea6c65c7d5d40c42,2026-08-21T12:49:44Z,,county_summary_pdf_v1,1.1.5,1,verified,https://www.laramiecountywy.gov/County-Government/Elected-Officials/County-Clerk/Elections/Election-Results,,,county_complete,candidate,Laramie,,,REBECCA REID,REBECCA REID,,16714,,wy|laramie|wy-2026-primary|county_local_summary|b9595aad2a5ced2707a252aaa59135acdaa96c8c2c5659b6ea6c65c7d5d40c42|wy-2026-primary|county|laramie|county-coroner|rep|candidate|REBECCA REID|Laramie|COUNTY
wy-2026-primary,wy|laramie|wy-2026-primary|county_local_summary,Laramie,wy-2026-primary|county|laramie|county-coroner|rep,REP COUNTY CORONER,County Coroner,county,,REP,REP,county,b9595aad2a5ced2707a252aaa59135acdaa96c8c2c5659b6ea6c65c7d5d40c42,2026-08-21T12:49:44Z,,county_summary_pdf_v1,1.1.5,1,verified,https://www.laramiecountywy.gov/County-Government/Elected-Officials/County-Clerk/Elections/Election-Results,,,county_complete,write_in_aggregate,Laramie,,,,,,435,,wy|laramie|wy-2026-primary|county_local_summary|b9595aad2a5ced2707a252aaa59135acdaa96c8c2c5659b6ea6c65c7d5d40c42|wy-2026-primary|county|laramie|county-coroner|rep|write_in_aggregate|write_in_aggregate|Laramie|COUNTY
wy-2026-primary,wy|laramie|wy-2026-primary|county_local_summary,Laramie,wy-2026-primary|county|laramie|county-coroner|rep,REP COUNTY CORONER,County Coroner,county,,REP,REP,county,b9595aad2a5ced2707a252aaa59135acdaa96c8c2c5659b6ea6c65c7d5d40c42,2026-08-21T12:49:44Z,,county_summary_pdf_v1,1.1.5,1,verified,https://www.laramiecountywy.gov/County-Government/Elected-Officials/County-Clerk/Elections/Election-Results,,,county_complete,overvote,Laramie,,,,,,0,,wy|laramie|wy-2026-primary|county_local_summary|b9595aad2a5ced2707a252aaa59135acdaa96c8c2c5659b6ea6c65c7d5d40c42|wy-2026-primary|county|laramie|county-coroner|rep|overvote|overvote|Laramie|COUNTY
wy-2026-primary,wy|laramie|wy-2026-primary|county_local_summary,Laramie,wy-2026-primary|county|laramie|county-coroner|rep,REP COUNTY CORONER,County Coroner,county,,REP,REP,county,b9595aad2a5ced2707a252aaa59135acdaa96c8c2c5659b6ea6c65c7d5d40c42,2026-08-21T12:49:44Z,,county_summary_pdf_v1,1.1.5,1,verified,https://www.laramiecountywy.gov/County-Government/Elected-Officials/County-Clerk/Elections/Election-Results,,,county_complete,undervote,Laramie,,,,,,2002,,wy|laramie|wy-2026-primary|county_local_summary|b9595aad2a5ced2707a252aaa59135acdaa96c8c2c5659b6ea6c65c7d5d40c42|wy-2026-primary|county|laramie|county-coroner|rep|undervote|undervote|Laramie|COUNTY
wy-2026-primary,wy|laramie|wy-2026-primary|county_local_summary,Laramie,wy-2026-primary|county|laramie|district-attorney|rep,REP DISTRICT ATTORNEY,District Attorney,county,,REP,REP,county,b9595aad2a5ced2707a252aaa59135acdaa96c8c2c5659b6ea6c65c7d5d40c42,2026-08-21T12:49:44Z,,county_summary_pdf_v1,1.1.5,1,verified,https://www.laramiecountywy.gov/County-Government/Elected-Officials/County-Clerk/Elections/Election-Results,,,county_complete,candidate,Laramie,,,SYLVIA LEE HACKL,SYLVIA LEE HACKL,,16658,,wy|laramie|wy-2026-primary|county_local_summary|b9595aad2a5ced2707a252aaa59135acdaa96c8c2c5659b6ea6c65c7d5d40c42|wy-2026-primary|county|laramie|district-attorney|rep|candidate|SYLVIA LEE HACKL|Laramie|COUNTY
wy-2026-primary,wy|laramie|wy-2026-primary|county_local_summary,Laramie,wy-2026-primary|county|laramie|district-attorney|rep,REP DISTRICT ATTORNEY,District Attorney,county,,REP,REP,county,b9595aad2a5ced2707a252aaa59135acdaa96c8c2c5659b6ea6c65c7d5d40c42,2026-08-21T12:49:44Z,,county_summary_pdf_v1,1.1.5,1,verified,https://www.laramiecountywy.gov/County-Government/Elected-Officials/County-Clerk/Elections/Election-Results,,,county_complete,write_in_aggregate,Laramie,,,,,,217,,wy|laramie|wy-2026-primary|county_local_summary|b9595aad2a5ced2707a252aaa59135acdaa96c8c2c5659b6ea6c65c7d5d40c42|wy-2026-primary|county|laramie|district-attorney|rep|write_in_aggregate|write_in_aggregate|Laramie|COUNTY
wy-2026-primary,wy|laramie|wy-2026-primary|county_local_summary,Laramie,wy-2026-primary|county|laramie|district-attorney|rep,REP DISTRICT ATTORNEY,District Attorney,county,,REP,REP,county,b9595aad2a5ced2707a252aaa59135acdaa96c8c2c5659b6ea6c65c7d5d40c42,2026-08-21T12:49:44Z,,county_summary_pdf_v1,1.1.5,1,verified,https://www.laramiecountywy.gov/County-Government/Elected-Officials/County-Clerk/Elections/Election-Results,,,county_complete,overvote,Laramie,,,,,,0,,wy|laramie|wy-2026-primary|county_local_summary|b9595aad2a5ced2707a252aaa59135acdaa96c8c2c5659b6ea6c65c7d5d40c42|wy-2026-primary|county|laramie|district-attorney|rep|overvote|overvote|Laramie|COUNTY
wy-2026-primary,wy|laramie|wy-2026-primary|county_local_summary,Laramie,wy-2026-primary|county|laramie|district-attorney|rep,REP DISTRICT ATTORNEY,District Attorney,county,,REP,REP,county,b9595aad2a5ced2707a252aaa59135acdaa96c8c2c5659b6ea6c65c7d5d40c42,2026-08-21T12:49:44Z,,county_summary_pdf_v1,1.1.5,1,verified,https://www.laramiecountywy.gov/County-Government/Elected-Officials/County-Clerk/Elections/Election-Results,,,county_complete,undervote,Laramie,,,,,,2276,,wy|laramie|wy-2026-primary|county_local_summary|b9595aad2a5ced2707a252aaa59135acdaa96c8c2c5659b6ea6c65c7d5d40c42|wy-2026-primary|county|laramie|district-attorney|rep|undervote|undervote|Laramie|COUNTY
wy-2026-primary,wy|laramie|wy-2026-primary|county_local_summary,Laramie,wy-2026-primary|county|laramie|county-sheriff|rep,REP COUNTY SHERIFF,County Sheriff,county,,REP,REP,county,b9595aad2a5ced2707a252aaa59135acdaa96c8c2c5659b6ea6c65c7d5d40c42,2026-08-21T12:49:44Z,,county_summary_pdf_v1,1.1.5,1,verified,https://www.laramiecountywy.gov/County-Government/Elected-Officials/County-Clerk/Elections/Election-Results,,,county_complete,candidate,Laramie,,,BRIAN KOZAK,BRIAN KOZAK,,11256,,wy|laramie|wy-2026-primary|county_local_summary|b9595aad2a5ced2707a252aaa59135acdaa96c8c2c5659b6ea6c65c7d5d40c42|wy-2026-primary|county|laramie|county-sheriff|rep|candidate|BRIAN KOZAK|Laramie|COUNTY
wy-2026-primary,wy|laramie|wy-2026-primary|county_local_summary,Laramie,wy-2026-primary|county|laramie|county-sheriff|rep,REP COUNTY SHERIFF,County Sheriff,county,,REP,REP,county,b9595aad2a5ced2707a252aaa59135acdaa96c8c2c5659b6ea6c65c7d5d40c42,2026-08-21T12:49:44Z,,county_summary_pdf_v1,1.1.5,1,verified,https://www.laramiecountywy.gov/County-Government/Elected-Officials/County-Clerk/Elections/Election-Results,,,county_complete,candidate,Laramie,,,ERIC NORRIS,ERIC NORRIS,,7271,,wy|laramie|wy-2026-primary|county_local_summary|b9595aad2a5ced2707a252aaa59135acdaa96c8c2c5659b6ea6c65c7d5d40c42|wy-2026-primary|county|laramie|county-sheriff|rep|candidate|ERIC NORRIS|Laramie|COUNTY
wy-2026-primary,wy|laramie|wy-2026-primary|county_local_summary,Laramie,wy-2026-primary|county|laramie|county-sheriff|rep,REP COUNTY SHERIFF,County Sheriff,county,,REP,REP,county,b9595aad2a5ced2707a252aaa59135acdaa96c8c2c5659b6ea6c65c7d5d40c42,2026-08-21T12:49:44Z,,county_summary_pdf_v1,1.1.5,1,verified,https://www.laramiecountywy.gov/County-Government/Elected-Officials/County-Clerk/Elections/Election-Results,,,county_complete,write_in_aggregate,Laramie,,,,,,107,,wy|laramie|wy-2026-primary|county_local_summary|b9595aad2a5ced2707a252aaa59135acdaa96c8c2c5659b6ea6c65c7d5d40c42|wy-2026-primary|county|laramie|county-sheriff|rep|write_in_aggregate|write_in_aggregate|Laramie|COUNTY
wy-2026-primary,wy|laramie|wy-2026-primary|county_local_summary,Laramie,wy-2026-primary|county|laramie|county-sheriff|rep,REP COUNTY SHERIFF,County Sheriff,county,,REP,REP,county,b9595aad2a5ced2707a252aaa59135acdaa96c8c2c5659b6ea6c65c7d5d40c42,2026-08-21T12:49:44Z,,county_summary_pdf_v1,1.1.5,1,verified,https://www.laramiecountywy.gov/County-Government/Elected-Officials/County-Clerk/Elections/Election-Results,,,county_complete,overvote,Laramie,,,,,,0,,wy|laramie|wy-2026-primary|county_local_summary|b9595aad2a5ced2707a252aaa59135acdaa96c8c2c5659b6ea6c65c7d5d40c42|wy-2026-primary|county|laramie|county-sheriff|rep|overvote|overvote|Laramie|COUNTY
wy-2026-primary,wy|laramie|wy-2026-primary|county_local_summary,Laramie,wy-2026-primary|county|laramie|county-sheriff|rep,REP COUNTY SHERIFF,County Sheriff,county,,REP,REP,county,b9595aad2a5ced2707a252aaa59135acdaa96c8c2c5659b6ea6c65c7d5d40c42,2026-08-21T12:49:44Z,,county_summary_pdf_v1,1.1.5,1,verified,https://www.laramiecountywy.gov/County-Government/Elected-Officials/County-Clerk/Elections/Election-Results,,,county_complete,undervote,Laramie,,,,,,517,,wy|laramie|wy-2026-primary|county_local_summary|b9595aad2a5ced2707a252aaa59135acdaa96c8c2c5659b6ea6c65c7d5d40c42|wy-2026-primary|county|laramie|county-sheriff|rep|undervote|undervote|Laramie|COUNTY
wy-2026-primary,wy|laramie|wy-2026-primary|county_local_summary,Laramie,wy-2026-primary|county|laramie|county-clerk|rep,REP COUNTY CLERK,County Clerk,county,,REP,REP,county,b9595aad2a5ced2707a252aaa59135acdaa96c8c2c5659b6ea6c65c7d5d40c42,2026-08-21T12:49:44Z,,county_summary_pdf_v1,1.1.5,1,verified,https://www.laramiecountywy.gov/County-Government/Elected-Officials/County-Clerk/Elections/Election-Results,,,county_complete,candidate,Laramie,,,MISTY TINNEY,MISTY TINNEY,,6309,,wy|laramie|wy-2026-primary|county_local_summary|b9595aad2a5ced2707a252aaa59135acdaa96c8c2c5659b6ea6c65c7d5d40c42|wy-2026-primary|county|laramie|county-clerk|rep|candidate|MISTY TINNEY|Laramie|COUNTY
wy-2026-primary,wy|laramie|wy-2026-primary|county_local_summary,Laramie,wy-2026-primary|county|laramie|county-clerk|rep,REP COUNTY CLERK,County Clerk,county,,REP,REP,county,b9595aad2a5ced2707a252aaa59135acdaa96c8c2c5659b6ea6c65c7d5d40c42,2026-08-21T12:49:44Z,,county_summary_pdf_v1,1.1.5,1,verified,https://www.laramiecountywy.gov/County-Government/Elected-Officials/County-Clerk/Elections/Election-Results,,,county_complete,candidate,Laramie,,,CONNIE CZARNECKI,CONNIE CZARNECKI,,5196,,wy|laramie|wy-2026-primary|county_local_summary|b9595aad2a5ced2707a252aaa59135acdaa96c8c2c5659b6ea6c65c7d5d40c42|wy-2026-primary|county|laramie|county-clerk|rep|candidate|CONNIE CZARNECKI|Laramie|COUNTY
wy-2026-primary,wy|laramie|wy-2026-primary|county_local_summary,Laramie,wy-2026-primary|county|laramie|county-clerk|rep,REP COUNTY CLERK,County Clerk,county,,REP,REP,county,b9595aad2a5ced2707a252aaa59135acdaa96c8c2c5659b6ea6c65c7d5d40c42,2026-08-21T12:49:44Z,,county_summary_pdf_v1,1.1.5,1,verified,https://www.laramiecountywy.gov/County-Government/Elected-Officials/County-Clerk/Elections/Election-Results,,,county_complete,candidate,Laramie,,,LAURA PATE,LAURA PATE,,5079,,wy|laramie|wy-2026-primary|county_local_summary|b9595aad2a5ced2707a252aaa59135acdaa96c8c2c5659b6ea6c65c7d5d40c42|wy-2026-primary|county|laramie|county-clerk|rep|candidate|LAURA PATE|Laramie|COUNTY
wy-2026-primary,wy|laramie|wy-2026-primary|county_local_summary,Laramie,wy-2026-primary|county|laramie|county-clerk|rep,REP COUNTY CLERK,County Clerk,county,,REP,REP,county,b9595aad2a5ced2707a252aaa59135acdaa96c8c2c5659b6ea6c65c7d5d40c42,2026-08-21T12:49:44Z,,county_summary_pdf_v1,1.1.5,1,verified,https://www.laramiecountywy.gov/County-Government/Elected-Officials/County-Clerk/Elections/Election-Results,,,county_complete,write_in_aggregate,Laramie,,,,,,122,,wy|laramie|wy-2026-primary|county_local_summary|b9595aad2a5ced2707a252aaa59135acdaa96c8c2c5659b6ea6c65c7d5d40c42|wy-2026-primary|county|laramie|county-clerk|rep|write_in_aggregate|write_in_aggregate|Laramie|COUNTY
wy-2026-primary,wy|laramie|wy-2026-primary|county_local_summary,Laramie,wy-2026-primary|county|laramie|county-clerk|rep,REP COUNTY CLERK,County Clerk,county,,REP,REP,county,b9595aad2a5ced2707a252aaa59135acdaa96c8c2c5659b6ea6c65c7d5d40c42,2026-08-21T12:49:44Z,,county_summary_pdf_v1,1.1.5,1,verified,https://www.laramiecountywy.gov/County-Government/Elected-Officials/County-Clerk/Elections/Election-Results,,,county_complete,overvote,Laramie,,,,,,3,,wy|laramie|wy-2026-primary|county_local_summary|b9595aad2a5ced2707a252aaa59135acdaa96c8c2c5659b6ea6c65c7d5d40c42|wy-2026-primary|county|laramie|county-clerk|rep|overvote|overvote|Laramie|COUNTY
wy-2026-primary,wy|laramie|wy-2026-primary|county_local_summary,Laramie,wy-2026-primary|county|laramie|county-clerk|rep,REP COUNTY CLERK,County Clerk,county,,REP,REP,county,b9595aad2a5ced2707a252aaa59135acdaa96c8c2c5659b6ea6c65c7d5d40c42,2026-08-21T12:49:44Z,,county_summary_pdf_v1,1.1.5,1,verified,https://www.laramiecountywy.gov/County-Government/Elected-Officials/County-Clerk/Elections/Election-Results,,,county_complete,undervote,Laramie,,,,,,2442,,wy|laramie|wy-2026-primary|county_local_summary|b9595aad2a5ced2707a252aaa59135acdaa96c8c2c5659b6ea6c65c7d5d40c42|wy-2026-primary|county|laramie|county-clerk|rep|undervote|undervote|Laramie|COUNTY
wy-2026-primary,wy|laramie|wy-2026-primary|county_local_summary,Laramie,wy-2026-primary|county|laramie|county-treasurer|rep,REP COUNTY TREASURER,County Treasurer,county,,REP,REP,county,b9595aad2a5ced2707a252aaa59135acdaa96c8c2c5659b6ea6c65c7d5d40c42,2026-08-21T12:49:44Z,,county_summary_pdf_v1,1.1.5,1,verified,https://www.laramiecountywy.gov/County-Government/Elected-Officials/County-Clerk/Elections/Election-Results,,,county_complete,candidate,Laramie,,,TRISTA WOOD,TRISTA WOOD,,16757,,wy|laramie|wy-2026-primary|county_local_summary|b9595aad2a5ced2707a252aaa59135acdaa96c8c2c5659b6ea6c65c7d5d40c42|wy-2026-primary|county|laramie|county-treasurer|rep|candidate|TRISTA WOOD|Laramie|COUNTY
wy-2026-primary,wy|laramie|wy-2026-primary|county_local_summary,Laramie,wy-2026-primary|county|laramie|county-treasurer|rep,REP COUNTY TREASURER,County Treasurer,county,,REP,REP,county,b9595aad2a5ced2707a252aaa59135acdaa96c8c2c5659b6ea6c65c7d5d40c42,2026-08-21T12:49:44Z,,county_summary_pdf_v1,1.1.5,1,verified,https://www.laramiecountywy.gov/County-Government/Elected-Officials/County-Clerk/Elections/Election-Results,,,county_complete,write_in_aggregate,Laramie,,,,,,116,,wy|laramie|wy-2026-primary|county_local_summary|b9595aad2a5ced2707a252aaa59135acdaa96c8c2c5659b6ea6c65c7d5d40c42|wy-2026-primary|county|laramie|county-treasurer|rep|write_in_aggregate|write_in_aggregate|Laramie|COUNTY
wy-2026-primary,wy|laramie|wy-2026-primary|county_local_summary,Laramie,wy-2026-primary|county|laramie|county-treasurer|rep,REP COUNTY TREASURER,County Treasurer,county,,REP,REP,county,b9595aad2a5ced2707a252aaa59135acdaa96c8c2c5659b6ea6c65c7d5d40c42,2026-08-21T12:49:44Z,,county_summary_pdf_v1,1.1.5,1,verified,https://www.laramiecountywy.gov/County-Government/Elected-Officials/County-Clerk/Elections/Election-Results,,,county_complete,overvote,Laramie,,,,,,1,,wy|laramie|wy-2026-primary|county_local_summary|b9595aad2a5ced2707a252aaa59135acdaa96c8c2c5659b6ea6c65c7d5d40c42|wy-2026-primary|county|laramie|county-treasurer|rep|overvote|overvote|Laramie|COUNTY
wy-2026-primary,wy|laramie|wy-2026-primary|county_local_summary,Laramie,wy-2026-primary|county|laramie|county-treasurer|rep,REP COUNTY TREASURER,County Treasurer,county,,REP,REP,county,b9595aad2a5ced2707a252aaa59135acdaa96c8c2c5659b6ea6c65c7d5d40c42,2026-08-21T12:49:44Z,,county_summary_pdf_v1,1.1.5,1,verified,https://www.laramiecountywy.gov/County-Government/Elected-Officials/County-Clerk/Elections/Election-Results,,,county_complete,undervote,Laramie,,,,,,2277,,wy|laramie|wy-2026-primary|county_local_summary|b9595aad2a5ced2707a252aaa59135acdaa96c8c2c5659b6ea6c65c7d5d40c42|wy-2026-primary|county|laramie|county-treasurer|rep|undervote|undervote|Laramie|COUNTY
wy-2026-primary,wy|laramie|wy-2026-primary|county_local_summary,Laramie,wy-2026-primary|county|laramie|county-assessor|rep,REP COUNTY ASSESSOR,County Assessor,county,,REP,REP,county,b9595aad2a5ced2707a252aaa59135acdaa96c8c2c5659b6ea6c65c7d5d40c42,2026-08-21T12:49:44Z,,county_summary_pdf_v1,1.1.5,1,verified,https://www.laramiecountywy.gov/County-Government/Elected-Officials/County-Clerk/Elections/Election-Results,,,county_complete,candidate,Laramie,,,TODD A ERNST,TODD A ERNST,,16781,,wy|laramie|wy-2026-primary|county_local_summary|b9595aad2a5ced2707a252aaa59135acdaa96c8c2c5659b6ea6c65c7d5d40c42|wy-2026-primary|county|laramie|county-assessor|rep|candidate|TODD A ERNST|Laramie|COUNTY
wy-2026-primary,wy|laramie|wy-2026-primary|county_local_summary,Laramie,wy-2026-primary|county|laramie|county-assessor|rep,REP COUNTY ASSESSOR,County Assessor,county,,REP,REP,county,b9595aad2a5ced2707a252aaa59135acdaa96c8c2c5659b6ea6c65c7d5d40c42,2026-08-21T12:49:44Z,,county_summary_pdf_v1,1.1.5,1,verified,https://www.laramiecountywy.gov/County-Government/Elected-Officials/County-Clerk/Elections/Election-Results,,,county_complete,write_in_aggregate,Laramie,,,,,,134,,wy|laramie|wy-2026-primary|county_local_summary|b9595aad2a5ced2707a252aaa59135acdaa96c8c2c5659b6ea6c65c7d5d40c42|wy-2026-primary|county|laramie|county-assessor|rep|write_in_aggregate|write_in_aggregate|Laramie|COUNTY
wy-2026-primary,wy|laramie|wy-2026-primary|county_local_summary,Laramie,wy-2026-primary|county|laramie|county-assessor|rep,REP COUNTY ASSESSOR,County Assessor,county,,REP,REP,county,b9595aad2a5ced2707a252aaa59135acdaa96c8c2c5659b6ea6c65c7d5d40c42,2026-08-21T12:49:44Z,,county_summary_pdf_v1,1.1.5,1,verified,https://www.laramiecountywy.gov/County-Government/Elected-Officials/County-Clerk/Elections/Election-Results,,,county_complete,overvote,Laramie,,,,,,1,,wy|laramie|wy-2026-primary|county_local_summary|b9595aad2a5ced2707a252aaa59135acdaa96c8c2c5659b6ea6c65c7d5d40c42|wy-2026-primary|county|laramie|county-assessor|rep|overvote|overvote|Laramie|COUNTY
wy-2026-primary,wy|laramie|wy-2026-primary|county_local_summary,Laramie,wy-2026-primary|county|laramie|county-assessor|rep,REP COUNTY ASSESSOR,County Assessor,county,,REP,REP,county,b9595aad2a5ced2707a252aaa59135acdaa96c8c2c5659b6ea6c65c7d5d40c42,2026-08-21T12:49:44Z,,county_summary_pdf_v1,1.1.5,1,verified,https://www.laramiecountywy.gov/County-Government/Elected-Officials/County-Clerk/Elections/Election-Results,,,county_complete,undervote,Laramie,,,,,,2235,,wy|laramie|wy-2026-primary|county_local_summary|b9595aad2a5ced2707a252aaa59135acdaa96c8c2c5659b6ea6c65c7d5d40c42|wy-2026-primary|county|laramie|county-assessor|rep|undervote|undervote|Laramie|COUNTY
wy-2026-primary,wy|laramie|wy-2026-primary|county_local_summary,Laramie,wy-2026-primary|county|laramie|clerk-of-district-court|rep,REP CLERK OF DISTRICT COURT,Clerk Of District Court,county,,REP,REP,county,b9595aad2a5ced2707a252aaa59135acdaa96c8c2c5659b6ea6c65c7d5d40c42,2026-08-21T12:49:44Z,,county_summary_pdf_v1,1.1.5,1,verified,https://www.laramiecountywy.gov/County-Government/Elected-Officials/County-Clerk/Elections/Election-Results,,,county_complete,candidate,Laramie,,,DIANE SANCHEZ,DIANE SANCHEZ,,17002,,wy|laramie|wy-2026-primary|county_local_summary|b9595aad2a5ced2707a252aaa59135acdaa96c8c2c5659b6ea6c65c7d5d40c42|wy-2026-primary|county|laramie|clerk-of-district-court|rep|candidate|DIANE SANCHEZ|Laramie|COUNTY
wy-2026-primary,wy|laramie|wy-2026-primary|county_local_summary,Laramie,wy-2026-primary|county|laramie|clerk-of-district-court|rep,REP CLERK OF DISTRICT COURT,Clerk Of District Court,county,,REP,REP,county,b9595aad2a5ced2707a252aaa59135acdaa96c8c2c5659b6ea6c65c7d5d40c42,2026-08-21T12:49:44Z,,county_summary_pdf_v1,1.1.5,1,verified,https://www.laramiecountywy.gov/County-Government/Elected-Officials/County-Clerk/Elections/Election-Results,,,county_complete,write_in_aggregate,Laramie,,,,,,90,,wy|laramie|wy-2026-primary|county_local_summary|b9595aad2a5ced2707a252aaa59135acdaa96c8c2c5659b6ea6c65c7d5d40c42|wy-2026-primary|county|laramie|clerk-of-district-court|rep|write_in_aggregate|write_in_aggregate|Laramie|COUNTY
wy-2026-primary,wy|laramie|wy-2026-primary|county_local_summary,Laramie,wy-2026-primary|county|laramie|clerk-of-district-court|rep,REP CLERK OF DISTRICT COURT,Clerk Of District Court,county,,REP,REP,county,b9595aad2a5ced2707a252aaa59135acdaa96c8c2c5659b6ea6c65c7d5d40c42,2026-08-21T12:49:44Z,,county_summary_pdf_v1,1.1.5,1,verified,https://www.laramiecountywy.gov/County-Government/Elected-Officials/County-Clerk/Elections/Election-Results,,,county_complete,overvote,Laramie,,,,,,0,,wy|laramie|wy-2026-primary|county_local_summary|b9595aad2a5ced2707a252aaa59135acdaa96c8c2c5659b6ea6c65c7d5d40c42|wy-2026-primary|county|laramie|clerk-of-district-court|rep|overvote|overvote|Laramie|COUNTY
wy-2026-primary,wy|laramie|wy-2026-primary|county_local_summary,Laramie,wy-2026-primary|county|laramie|clerk-of-district-court|rep,REP CLERK OF DISTRICT COURT,Clerk Of District Court,county,,REP,REP,county,b9595aad2a5ced2707a252aaa59135acdaa96c8c2c5659b6ea6c65c7d5d40c42,2026-08-21T12:49:44Z,,county_summary_pdf_v1,1.1.5,1,verified,https://www.laramiecountywy.gov/County-Government/Elected-Officials/County-Clerk/Elections/Election-Results,,,county_complete,undervote,Laramie,,,,,,2059,,wy|laramie|wy-2026-primary|county_local_summary|b9595aad2a5ced2707a252aaa59135acdaa96c8c2c5659b6ea6c65c7d5d40c42|wy-2026-primary|county|laramie|clerk-of-district-court|rep|undervote|undervote|Laramie|COUNTY
wy-2026-primary,wy|laramie|wy-2026-primary|county_local_summary,Laramie,wy-2026-primary|county|laramie|precinct-committeeman-1-1|rep,REP COMMITTEEMEN 1-01,Precinct Committeeman 1-1,county,,REP,REP,precinct,b9595aad2a5ced2707a252aaa59135acdaa96c8c2c5659b6ea6c65c7d5d40c42,2026-08-21T12:49:44Z,,county_summary_pdf_v1,1.1.5,1,verified,https://www.laramiecountywy.gov/County-Government/Elected-Officials/County-Clerk/Elections/Election-Results,,,county_complete,candidate,Laramie,,,LEE FILER,LEE FILER,,308,,wy|laramie|wy-2026-primary|county_local_summary|b9595aad2a5ced2707a252aaa59135acdaa96c8c2c5659b6ea6c65c7d5d40c42|wy-2026-primary|county|laramie|precinct-committeeman-1-1|rep|candidate|LEE FILER|Laramie|COUNTY
wy-2026-primary,wy|laramie|wy-2026-primary|county_local_summary,Laramie,wy-2026-primary|county|laramie|precinct-committeeman-1-1|rep,REP COMMITTEEMEN 1-01,Precinct Committeeman 1-1,county,,REP,REP,precinct,b9595aad2a5ced2707a252aaa59135acdaa96c8c2c5659b6ea6c65c7d5d40c42,2026-08-21T12:49:44Z,,county_summary_pdf_v1,1.1.5,1,verified,https://www.laramiecountywy.gov/County-Government/Elected-Officials/County-Clerk/Elections/Election-Results,,,county_complete,write_in_aggregate,Laramie,,,,,,80,,wy|laramie|wy-2026-primary|county_local_summary|b9595aad2a5ced2707a252aaa59135acdaa96c8c2c5659b6ea6c65c7d5d40c42|wy-2026-primary|county|laramie|precinct-committeeman-1-1|rep|write_in_aggregate|write_in_aggregate|Laramie|COUNTY
wy-2026-primary,wy|laramie|wy-2026-primary|county_local_summary,Laramie,wy-2026-primary|county|laramie|precinct-committeeman-1-1|rep,REP COMMITTEEMEN 1-01,Precinct Committeeman 1-1,county,,REP,REP,precinct,b9595aad2a5ced2707a252aaa59135acdaa96c8c2c5659b6ea6c65c7d5d40c42,2026-08-21T12:49:44Z,,county_summary_pdf_v1,1.1.5,1,verified,https://www.laramiecountywy.gov/County-Government/Elected-Officials/County-Clerk/Elections/Election-Results,,,county_complete,overvote,Laramie,,,,,,0,,wy|laramie|wy-2026-primary|county_local_summary|b9595aad2a5ced2707a252aaa59135acdaa96c8c2c5659b6ea6c65c7d5d40c42|wy-2026-primary|county|laramie|precinct-committeeman-1-1|rep|overvote|overvote|Laramie|COUNTY
wy-2026-primary,wy|laramie|wy-2026-primary|county_local_summary,Laramie,wy-2026-primary|county|laramie|precinct-committeeman-1-1|rep,REP COMMITTEEMEN 1-01,Precinct Committeeman 1-1,county,,REP,REP,precinct,b9595aad2a5ced2707a252aaa59135acdaa96c8c2c5659b6ea6c65c7d5d40c42,2026-08-21T12:49:44Z,,county_summary_pdf_v1,1.1.5,1,verified,https://www.laramiecountywy.gov/County-Government/Elected-Officials/County-Clerk/Elections/Election-Results,,,county_complete,undervote,Laramie,,,,,,731,,wy|laramie|wy-2026-primary|county_local_summary|b9595aad2a5ced2707a252aaa59135acdaa96c8c2c5659b6ea6c65c7d5d40c42|wy-2026-primary|county|laramie|precinct-committeeman-1-1|rep|undervote|undervote|Laramie|COUNTY
wy-2026-primary,wy|laramie|wy-2026-primary|county_local_summary,Laramie,wy-2026-primary|county|laramie|precinct-committeewoman-1-1|rep,REP COMMITTEEWOMEN 1-01,Precinct Committeewoman 1-1,county,,REP,REP,precinct,b9595aad2a5ced2707a252aaa59135acdaa96c8c2c5659b6ea6c65c7d5d40c42,2026-08-21T12:49:44Z,,county_summary_pdf_v1,1.1.5,1,verified,https://www.laramiecountywy.gov/County-Government/Elected-Officials/County-Clerk/Elections/Election-Results,,,county_complete,candidate,Laramie,,,RENEE GARNER,RENEE GARNER,,274,,wy|laramie|wy-2026-primary|county_local_summary|b9595aad2a5ced2707a252aaa59135acdaa96c8c2c5659b6ea6c65c7d5d40c42|wy-2026-primary|county|laramie|precinct-committeewoman-1-1|rep|candidate|RENEE GARNER|Laramie|COUNTY
wy-2026-primary,wy|laramie|wy-2026-primary|county_local_summary,Laramie,wy-2026-primary|county|laramie|precinct-committeewoman-1-1|rep,REP COMMITTEEWOMEN 1-01,Precinct Committeewoman 1-1,county,,REP,REP,precinct,b9595aad2a5ced2707a252aaa59135acdaa96c8c2c5659b6ea6c65c7d5d40c42,2026-08-21T12:49:44Z,,county_summary_pdf_v1,1.1.5,1,verified,https://www.laramiecountywy.gov/County-Government/Elected-Officials/County-Clerk/Elections/Election-Results,,,county_complete,candidate,Laramie,,,SABRINA MONTANO,SABRINA MONTANO,,258,,wy|laramie|wy-2026-primary|county_local_summary|b9595aad2a5ced2707a252aaa59135acdaa96c8c2c5659b6ea6c65c7d5d40c42|wy-2026-primary|county|laramie|precinct-committeewoman-1-1|rep|candidate|SABRINA MONTANO|Laramie|COUNTY
wy-2026-primary,wy|laramie|wy-2026-primary|county_local_summary,Laramie,wy-2026-primary|county|laramie|precinct-committeewoman-1-1|rep,REP COMMITTEEWOMEN 1-01,Precinct Committeewoman 1-1,county,,REP,REP,precinct,b9595aad2a5ced2707a252aaa59135acdaa96c8c2c5659b6ea6c65c7d5d40c42,2026-08-21T12:49:44Z,,county_summary_pdf_v1,1.1.5,1,verified,https://www.laramiecountywy.gov/County-Government/Elected-Officials/County-Clerk/Elections/Election-Results,,,county_complete,write_in_aggregate,Laramie,,,,,,37,,wy|laramie|wy-2026-primary|county_local_summary|b9595aad2a5ced2707a252aaa59135acdaa96c8c2c5659b6ea6c65c7d5d40c42|wy-2026-primary|county|laramie|precinct-committeewoman-1-1|rep|write_in_aggregate|write_in_aggregate|Laramie|COUNTY
wy-2026-primary,wy|laramie|wy-2026-primary|county_local_summary,Laramie,wy-2026-primary|county|laramie|precinct-committeewoman-1-1|rep,REP COMMITTEEWOMEN 1-01,Precinct Committeewoman 1-1,county,,REP,REP,precinct,b9595aad2a5ced2707a252aaa59135acdaa96c8c2c5659b6ea6c65c7d5d40c42,2026-08-21T12:49:44Z,,county_summary_pdf_v1,1.1.5,1,verified,https://www.laramiecountywy.gov/County-Government/Elected-Officials/County-Clerk/Elections/Election-Results,,,county_complete,overvote,Laramie,,,,,,0,,wy|laramie|wy-2026-primary|county_local_summary|b9595aad2a5ced2707a252aaa59135acdaa96c8c2c5659b6ea6c65c7d5d40c42|wy-2026-primary|county|laramie|precinct-committeewoman-1-1|rep|overvote|overvote|Laramie|COUNTY
wy-2026-primary,wy|laramie|wy-2026-primary|county_local_summary,Laramie,wy-2026-primary|county|laramie|precinct-committeewoman-1-1|rep,REP COMMITTEEWOMEN 1-01,Precinct Committeewoman 1-1,county,,REP,REP,precinct,b9595aad2a5ced2707a252aaa59135acdaa96c8c2c5659b6ea6c65c7d5d40c42,2026-08-21T12:49:44Z,,county_summary_pdf_v1,1.1.5,1,verified,https://www.laramiecountywy.gov/County-Government/Elected-Officials/County-Clerk/Elections/Election-Results,,,county_complete,undervote,Laramie,,,,,,550,,wy|laramie|wy-2026-primary|county_local_summary|b9595aad2a5ced2707a252aaa59135acdaa96c8c2c5659b6ea6c65c7d5d40c42|wy-2026-primary|county|laramie|precinct-committeewoman-1-1|rep|undervote|undervote|Laramie|COUNTY
wy-2026-primary,wy|laramie|wy-2026-primary|county_local_summary,Laramie,wy-2026-primary|county|laramie|precinct-committeeman-1-2|rep,REP COMMITTEEMEN 1-02,Precinct Committeeman 1-2,county,,REP,REP,precinct,b9595aad2a5ced2707a252aaa59135acdaa96c8c2c5659b6ea6c65c7d5d40c42,2026-08-21T12:49:44Z,,county_summary_pdf_v1,1.1.5,1,verified,https://www.laramiecountywy.gov/County-Government/Elected-Officials/County-Clerk/Elections/Election-Results,,,county_complete,candidate,Laramie,,,KYLE SCIGLIANO,KYLE SCIGLIANO,,234,,wy|laramie|wy-2026-primary|county_local_summary|b9595aad2a5ced2707a252aaa59135acdaa96c8c2c5659b6ea6c65c7d5d40c42|wy-2026-primary|county|laramie|precinct-committeeman-1-2|rep|candidate|KYLE SCIGLIANO|Laramie|COUNTY
wy-2026-primary,wy|laramie|wy-2026-primary|county_local_summary,Laramie,wy-2026-primary|county|laramie|precinct-committeeman-1-2|rep,REP COMMITTEEMEN 1-02,Precinct Committeeman 1-2,county,,REP,REP,precinct,b9595aad2a5ced2707a252aaa59135acdaa96c8c2c5659b6ea6c65c7d5d40c42,2026-08-21T12:49:44Z,,county_summary_pdf_v1,1.1.5,1,verified,https://www.laramiecountywy.gov/County-Government/Elected-Officials/County-Clerk/Elections/Election-Results,,,county_complete,write_in_aggregate,Laramie,,,,,,60,,wy|laramie|wy-2026-primary|county_local_summary|b9595aad2a5ced2707a252aaa59135acdaa96c8c2c5659b6ea6c65c7d5d40c42|wy-2026-primary|county|laramie|precinct-committeeman-1-2|rep|write_in_aggregate|write_in_aggregate|Laramie|COUNTY
wy-2026-primary,wy|laramie|wy-2026-primary|county_local_summary,Laramie,wy-2026-primary|county|laramie|precinct-committeeman-1-2|rep,REP COMMITTEEMEN 1-02,Precinct Committeeman 1-2,county,,REP,REP,precinct,b9595aad2a5ced2707a252aaa59135acdaa96c8c2c5659b6ea6c65c7d5d40c42,2026-08-21T12:49:44Z,,county_summary_pdf_v1,1.1.5,1,verified,https://www.laramiecountywy.gov/County-Government/Elected-Officials/County-Clerk/Elections/Election-Results,,,county_complete,overvote,Laramie,,,,,,0,,wy|laramie|wy-2026-primary|county_local_summary|b9595aad2a5ced2707a252aaa59135acdaa96c8c2c5659b6ea6c65c7d5d40c42|wy-2026-primary|county|laramie|precinct-committeeman-1-2|rep|overvote|overvote|Laramie|COUNTY
wy-2026-primary,wy|laramie|wy-2026-primary|county_local_summary,Laramie,wy-2026-primary|county|laramie|precinct-committeeman-1-2|rep,REP COMMITTEEMEN 1-02,Precinct Committeeman 1-2,county,,REP,REP,precinct,b9595aad2a5ced2707a252aaa59135acdaa96c8c2c5659b6ea6c65c7d5d40c42,2026-08-21T12:49:44Z,,county_summary_pdf_v1,1.1.5,1,verified,https://www.laramiecountywy.gov/County-Government/Elected-Officials/County-Clerk/Elections/Election-Results,,,county_complete,undervote,Laramie,,,,,,555,,wy|laramie|wy-2026-primary|county_local_summary|b9595aad2a5ced2707a252aaa59135acdaa96c8c2c5659b6ea6c65c7d5d40c42|wy-2026-primary|county|laramie|precinct-committeeman-1-2|rep|undervote|undervote|Laramie|COUNTY
wy-2026-primary,wy|laramie|wy-2026-primary|county_local_summary,Laramie,wy-2026-primary|county|laramie|precinct-committeewoman-1-2|rep,REP COMMITTEEWOMEN 1-02,Precinct Committeewoman 1-2,county,,REP,REP,precinct,b9595aad2a5ced2707a252aaa59135acdaa96c8c2c5659b6ea6c65c7d5d40c42,2026-08-21T12:49:44Z,,county_summary_pdf_v1,1.1.5,1,verified,https://www.laramiecountywy.gov/County-Government/Elected-Officials/County-Clerk/Elections/Election-Results,,,county_complete,write_in_aggregate,Laramie,,,,,,73,,wy|laramie|wy-2026-primary|county_local_summary|b9595aad2a5ced2707a252aaa59135acdaa96c8c2c5659b6ea6c65c7d5d40c42|wy-2026-primary|county|laramie|precinct-committeewoman-1-2|rep|write_in_aggregate|write_in_aggregate|Laramie|COUNTY
wy-2026-primary,wy|laramie|wy-2026-primary|county_local_summary,Laramie,wy-2026-primary|county|laramie|precinct-committeewoman-1-2|rep,REP COMMITTEEWOMEN 1-02,Precinct Committeewoman 1-2,county,,REP,REP,precinct,b9595aad2a5ced2707a252aaa59135acdaa96c8c2c5659b6ea6c65c7d5d40c42,2026-08-21T12:49:44Z,,county_summary_pdf_v1,1.1.5,1,verified,https://www.laramiecountywy.gov/County-Government/Elected-Officials/County-Clerk/Elections/Election-Results,,,county_complete,overvote,Laramie,,,,,,0,,wy|laramie|wy-2026-primary|county_local_summary|b9595aad2a5ced2707a252aaa59135acdaa96c8c2c5659b6ea6c65c7d5d40c42|wy-2026-primary|county|laramie|precinct-committeewoman-1-2|rep|overvote|overvote|Laramie|COUNTY
wy-2026-primary,wy|laramie|wy-2026-primary|county_local_summary,Laramie,wy-2026-primary|county|laramie|precinct-committeewoman-1-2|rep,REP COMMITTEEWOMEN 1-02,Precinct Committeewoman 1-2,county,,REP,REP,precinct,b9595aad2a5ced2707a252aaa59135acdaa96c8c2c5659b6ea6c65c7d5d40c42,2026-08-21T12:49:44Z,,county_summary_pdf_v1,1.1.5,1,verified,https://www.laramiecountywy.gov/County-Government/Elected-Officials/County-Clerk/Elections/Election-Results,,,county_complete,undervote,Laramie,,,,,,776,,wy|laramie|wy-2026-primary|county_local_summary|b9595aad2a5ced2707a252aaa59135acdaa96c8c2c5659b6ea6c65c7d5d40c42|wy-2026-primary|county|laramie|precinct-committeewoman-1-2|rep|undervote|undervote|Laramie|COUNTY
wy-2026-primary,wy|laramie|wy-2026-primary|county_local_summary,Laramie,wy-2026-primary|county|laramie|precinct-committeeman-1-3|rep,REP COMMITTEEMEN 1-03,Precinct Committeeman 1-3,county,,REP,REP,precinct,b9595aad2a5ced2707a252aaa59135acdaa96c8c2c5659b6ea6c65c7d5d40c42,2026-08-21T12:49:44Z,,county_summary_pdf_v1,1.1.5,1,verified,https://www.laramiecountywy.gov/County-Government/Elected-Officials/County-Clerk/Elections/Election-Results,,,county_complete,candidate,Laramie,,,JARED OLSEN,JARED OLSEN,,403,,wy|laramie|wy-2026-primary|county_local_summary|b9595aad2a5ced2707a252aaa59135acdaa96c8c2c5659b6ea6c65c7d5d40c42|wy-2026-primary|county|laramie|precinct-committeeman-1-3|rep|candidate|JARED OLSEN|Laramie|COUNTY
wy-2026-primary,wy|laramie|wy-2026-primary|county_local_summary,Laramie,wy-2026-primary|county|laramie|precinct-committeeman-1-3|rep,REP COMMITTEEMEN 1-03,Precinct Committeeman 1-3,county,,REP,REP,precinct,b9595aad2a5ced2707a252aaa59135acdaa96c8c2c5659b6ea6c65c7d5d40c42,2026-08-21T12:49:44Z,,county_summary_pdf_v1,1.1.5,1,verified,https://www.laramiecountywy.gov/County-Government/Elected-Officials/County-Clerk/Elections/Election-Results,,,county_complete,candidate,Laramie,,,PAUL WING,PAUL WING,,278,,wy|laramie|wy-2026-primary|county_local_summary|b9595aad2a5ced2707a252aaa59135acdaa96c8c2c5659b6ea6c65c7d5d40c42|wy-2026-primary|county|laramie|precinct-committeeman-1-3|rep|candidate|PAUL WING|Laramie|COUNTY
wy-2026-primary,wy|laramie|wy-2026-primary|county_local_summary,Laramie,wy-2026-primary|county|laramie|precinct-committeeman-1-3|rep,REP COMMITTEEMEN 1-03,Precinct Committeeman 1-3,county,,REP,REP,precinct,b9595aad2a5ced2707a252aaa59135acdaa96c8c2c5659b6ea6c65c7d5d40c42,2026-08-21T12:49:44Z,,county_summary_pdf_v1,1.1.5,1,verified,https://www.laramiecountywy.gov/County-Government/Elected-Officials/County-Clerk/Elections/Election-Results,,,county_complete,write_in_aggregate,Laramie,,,,,,117,,wy|laramie|wy-2026-primary|county_local_summary|b9595aad2a5ced2707a252aaa59135acdaa96c8c2c5659b6ea6c65c7d5d40c42|wy-2026-primary|county|laramie|precinct-committeeman-1-3|rep|write_in_aggregate|write_in_aggregate|Laramie|COUNTY
wy-2026-primary,wy|laramie|wy-2026-primary|county_local_summary,Laramie,wy-2026-primary|county|laramie|precinct-committeeman-1-3|rep,REP COMMITTEEMEN 1-03,Precinct Committeeman 1-3,county,,REP,REP,precinct,b9595aad2a5ced2707a252aaa59135acdaa96c8c2c5659b6ea6c65c7d5d40c42,2026-08-21T12:49:44Z,,county_summary_pdf_v1,1.1.5,1,verified,https://www.laramiecountywy.gov/County-Government/Elected-Officials/County-Clerk/Elections/Election-Results,,,county_complete,overvote,Laramie,,,,,,0,,wy|laramie|wy-2026-primary|county_local_summary|b9595aad2a5ced2707a252aaa59135acdaa96c8c2c5659b6ea6c65c7d5d40c42|wy-2026-primary|county|laramie|precinct-committeeman-1-3|rep|overvote|overvote|Laramie|COUNTY
wy-2026-primary,wy|laramie|wy-2026-primary|county_local_summary,Laramie,wy-2026-primary|county|laramie|precinct-committeeman-1-3|rep,REP COMMITTEEMEN 1-03,Precinct Committeeman 1-3,county,,REP,REP,precinct,b9595aad2a5ced2707a252aaa59135acdaa96c8c2c5659b6ea6c65c7d5d40c42,2026-08-21T12:49:44Z,,county_summary_pdf_v1,1.1.5,1,verified,https://www.laramiecountywy.gov/County-Government/Elected-Officials/County-Clerk/Elections/Election-Results,,,county_complete,undervote,Laramie,,,,,,828,,wy|laramie|wy-2026-primary|county_local_summary|b9595aad2a5ced2707a252aaa59135acdaa96c8c2c5659b6ea6c65c7d5d40c42|wy-2026-primary|county|laramie|precinct-committeeman-1-3|rep|undervote|undervote|Laramie|COUNTY
wy-2026-primary,wy|laramie|wy-2026-primary|county_local_summary,Laramie,wy-2026-primary|county|laramie|precinct-committeewoman-1-3|rep,REP COMMITTEEWOMEN 1-03,Precinct Committeewoman 1-3,county,,REP,REP,precinct,b9595aad2a5ced2707a252aaa59135acdaa96c8c2c5659b6ea6c65c7d5d40c42,2026-08-21T12:49:44Z,,county_summary_pdf_v1,1.1.5,1,verified,https://www.laramiecountywy.gov/County-Government/Elected-Officials/County-Clerk/Elections/Election-Results,,,county_complete,candidate,Laramie,,,DANI OLSEN,DANI OLSEN,,341,,wy|laramie|wy-2026-primary|county_local_summary|b9595aad2a5ced2707a252aaa59135acdaa96c8c2c5659b6ea6c65c7d5d40c42|wy-2026-primary|county|laramie|precinct-committeewoman-1-3|rep|candidate|DANI OLSEN|Laramie|COUNTY
wy-2026-primary,wy|laramie|wy-2026-primary|county_local_summary,Laramie,wy-2026-primary|county|laramie|precinct-committeewoman-1-3|rep,REP COMMITTEEWOMEN 1-03,Precinct Committeewoman 1-3,county,,REP,REP,precinct,b9595aad2a5ced2707a252aaa59135acdaa96c8c2c5659b6ea6c65c7d5d40c42,2026-08-21T12:49:44Z,,county_summary_pdf_v1,1.1.5,1,verified,https://www.laramiecountywy.gov/County-Government/Elected-Officials/County-Clerk/Elections/Election-Results,,,county_complete,candidate,Laramie,,,CONNIE S. SHAW,CONNIE S. SHAW,,301,,wy|laramie|wy-2026-primary|county_local_summary|b9595aad2a5ced2707a252aaa59135acdaa96c8c2c5659b6ea6c65c7d5d40c42|wy-2026-primary|county|laramie|precinct-committeewoman-1-3|rep|candidate|CONNIE S. SHAW|Laramie|COUNTY
wy-2026-primary,wy|laramie|wy-2026-primary|county_local_summary,Laramie,wy-2026-primary|county|laramie|precinct-committeewoman-1-3|rep,REP COMMITTEEWOMEN 1-03,Precinct Committeewoman 1-3,county,,REP,REP,precinct,b9595aad2a5ced2707a252aaa59135acdaa96c8c2c5659b6ea6c65c7d5d40c42,2026-08-21T12:49:44Z,,county_summary_pdf_v1,1.1.5,1,verified,https://www.laramiecountywy.gov/County-Government/Elected-Officials/County-Clerk/Elections/Election-Results,,,county_complete,candidate,Laramie,,,CELESTE SIMMONS,CELESTE SIMMONS,,288,,wy|laramie|wy-2026-primary|county_local_summary|b9595aad2a5ced2707a252aaa59135acdaa96c8c2c5659b6ea6c65c7d5d40c42|wy-2026-primary|county|laramie|precinct-committeewoman-1-3|rep|candidate|CELESTE SIMMONS|Laramie|COUNTY
wy-2026-primary,wy|laramie|wy-2026-primary|county_local_summary,Laramie,wy-2026-primary|county|laramie|precinct-committeewoman-1-3|rep,REP COMMITTEEWOMEN 1-03,Precinct Committeewoman 1-3,county,,REP,REP,precinct,b9595aad2a5ced2707a252aaa59135acdaa96c8c2c5659b6ea6c65c7d5d40c42,2026-08-21T12:49:44Z,,county_summary_pdf_v1,1.1.5,1,verified,https://www.laramiecountywy.gov/County-Government/Elected-Officials/County-Clerk/Elections/Election-Results,,,county_complete,write_in_aggregate,Laramie,,,,,,27,,wy|laramie|wy-2026-primary|county_local_summary|b9595aad2a5ced2707a252aaa59135acdaa96c8c2c5659b6ea6c65c7d5d40c42|wy-2026-primary|county|laramie|precinct-committeewoman-1-3|rep|write_in_aggregate|write_in_aggregate|Laramie|COUNTY
wy-2026-primary,wy|laramie|wy-2026-primary|county_local_summary,Laramie,wy-2026-primary|county|laramie|precinct-committeewoman-1-3|rep,REP COMMITTEEWOMEN 1-03,Precinct Committeewoman 1-3,county,,REP,REP,precinct,b9595aad2a5ced2707a252aaa59135acdaa96c8c2c5659b6ea6c65c7d5d40c42,2026-08-21T12:49:44Z,,county_summary_pdf_v1,1.1.5,1,verified,https://www.laramiecountywy.gov/County-Government/Elected-Officials/County-Clerk/Elections/Election-Results,,,county_complete,overvote,Laramie,,,,,,0,,wy|laramie|wy-2026-primary|county_local_summary|b9595aad2a5ced2707a252aaa59135acdaa96c8c2c5659b6ea6c65c7d5d40c42|wy-2026-primary|county|laramie|precinct-committeewoman-1-3|rep|overvote|overvote|Laramie|COUNTY
wy-2026-primary,wy|laramie|wy-2026-primary|county_local_summary,Laramie,wy-2026-primary|county|laramie|precinct-committeewoman-1-3|rep,REP COMMITTEEWOMEN 1-03,Precinct Committeewoman 1-3,county,,REP,REP,precinct,b9595aad2a5ced2707a252aaa59135acdaa96c8c2c5659b6ea6c65c7d5d40c42,2026-08-21T12:49:44Z,,county_summary_pdf_v1,1.1.5,1,verified,https://www.laramiecountywy.gov/County-Government/Elected-Officials/County-Clerk/Elections/Election-Results,,,county_complete,undervote,Laramie,,,,,,669,,wy|laramie|wy-2026-primary|county_local_summary|b9595aad2a5ced2707a252aaa59135acdaa96c8c2c5659b6ea6c65c7d5d40c42|wy-2026-primary|county|laramie|precinct-committeewoman-1-3|rep|undervote|undervote|Laramie|COUNTY
wy-2026-primary,wy|laramie|wy-2026-primary|county_local_summary,Laramie,wy-2026-primary|county|laramie|precinct-committeeman-1-4|rep,REP COMMITTEEMEN 1-04,Precinct Committeeman 1-4,county,,REP,REP,precinct,b9595aad2a5ced2707a252aaa59135acdaa96c8c2c5659b6ea6c65c7d5d40c42,2026-08-21T12:49:44Z,,county_summary_pdf_v1,1.1.5,1,verified,https://www.laramiecountywy.gov/County-Government/Elected-Officials/County-Clerk/Elections/Election-Results,,,county_complete,candidate,Laramie,,,GUILLERMO VIDALS,GUILLERMO VIDALS,,213,,wy|laramie|wy-2026-primary|county_local_summary|b9595aad2a5ced2707a252aaa59135acdaa96c8c2c5659b6ea6c65c7d5d40c42|wy-2026-primary|county|laramie|precinct-committeeman-1-4|rep|candidate|GUILLERMO VIDALS|Laramie|COUNTY
wy-2026-primary,wy|laramie|wy-2026-primary|county_local_summary,Laramie,wy-2026-primary|county|laramie|precinct-committeeman-1-4|rep,REP COMMITTEEMEN 1-04,Precinct Committeeman 1-4,county,,REP,REP,precinct,b9595aad2a5ced2707a252aaa59135acdaa96c8c2c5659b6ea6c65c7d5d40c42,2026-08-21T12:49:44Z,,county_summary_pdf_v1,1.1.5,1,verified,https://www.laramiecountywy.gov/County-Government/Elected-Officials/County-Clerk/Elections/Election-Results,,,county_complete,write_in_aggregate,Laramie,,,,,,39,,wy|laramie|wy-2026-primary|county_local_summary|b9595aad2a5ced2707a252aaa59135acdaa96c8c2c5659b6ea6c65c7d5d40c42|wy-2026-primary|county|laramie|precinct-committeeman-1-4|rep|write_in_aggregate|write_in_aggregate|Laramie|COUNTY
wy-2026-primary,wy|laramie|wy-2026-primary|county_local_summary,Laramie,wy-2026-primary|county|laramie|precinct-committeeman-1-4|rep,REP COMMITTEEMEN 1-04,Precinct Committeeman 1-4,county,,REP,REP,precinct,b9595aad2a5ced2707a252aaa59135acdaa96c8c2c5659b6ea6c65c7d5d40c42,2026-08-21T12:49:44Z,,county_summary_pdf_v1,1.1.5,1,verified,https://www.laramiecountywy.gov/County-Government/Elected-Officials/County-Clerk/Elections/Election-Results,,,county_complete,overvote,Laramie,,,,,,0,,wy|laramie|wy-2026-primary|county_local_summary|b9595aad2a5ced2707a252aaa59135acdaa96c8c2c5659b6ea6c65c7d5d40c42|wy-2026-primary|county|laramie|precinct-committeeman-1-4|rep|overvote|overvote|Laramie|COUNTY
wy-2026-primary,wy|laramie|wy-2026-primary|county_local_summary,Laramie,wy-2026-primary|county|laramie|precinct-committeeman-1-4|rep,REP COMMITTEEMEN 1-04,Precinct Committeeman 1-4,county,,REP,REP,precinct,b9595aad2a5ced2707a252aaa59135acdaa96c8c2c5659b6ea6c65c7d5d40c42,2026-08-21T12:49:44Z,,county_summary_pdf_v1,1.1.5,1,verified,https://www.laramiecountywy.gov/County-Government/Elected-Officials/County-Clerk/Elections/Election-Results,,,county_complete,undervote,Laramie,,,,,,270,,wy|laramie|wy-2026-primary|county_local_summary|b9595aad2a5ced2707a252aaa59135acdaa96c8c2c5659b6ea6c65c7d5d40c42|wy-2026-primary|county|laramie|precinct-committeeman-1-4|rep|undervote|undervote|Laramie|COUNTY
wy-2026-primary,wy|laramie|wy-2026-primary|county_local_summary,Laramie,wy-2026-primary|county|laramie|precinct-committeewoman-1-4|rep,REP COMMITTEEWOMEN 1-04,Precinct Committeewoman 1-4,county,,REP,REP,precinct,b9595aad2a5ced2707a252aaa59135acdaa96c8c2c5659b6ea6c65c7d5d40c42,2026-08-21T12:49:44Z,,county_summary_pdf_v1,1.1.5,1,verified,https://www.laramiecountywy.gov/County-Government/Elected-Officials/County-Clerk/Elections/Election-Results,,,county_complete,candidate,Laramie,,,THERESA VIDALS,THERESA VIDALS,,207,,wy|laramie|wy-2026-primary|county_local_summary|b9595aad2a5ced2707a252aaa59135acdaa96c8c2c5659b6ea6c65c7d5d40c42|wy-2026-primary|county|laramie|precinct-committeewoman-1-4|rep|candidate|THERESA VIDALS|Laramie|COUNTY
wy-2026-primary,wy|laramie|wy-2026-primary|county_local_summary,Laramie,wy-2026-primary|county|laramie|precinct-committeewoman-1-4|rep,REP COMMITTEEWOMEN 1-04,Precinct Committeewoman 1-4,county,,REP,REP,precinct,b9595aad2a5ced2707a252aaa59135acdaa96c8c2c5659b6ea6c65c7d5d40c42,2026-08-21T12:49:44Z,,county_summary_pdf_v1,1.1.5,1,verified,https://www.laramiecountywy.gov/County-Government/Elected-Officials/County-Clerk/Elections/Election-Results,,,county_complete,write_in_aggregate,Laramie,,,,,,38,,wy|laramie|wy-2026-primary|county_local_summary|b9595aad2a5ced2707a252aaa59135acdaa96c8c2c5659b6ea6c65c7d5d40c42|wy-2026-primary|county|laramie|precinct-committeewoman-1-4|rep|write_in_aggregate|write_in_aggregate|Laramie|COUNTY
wy-2026-primary,wy|laramie|wy-2026-primary|county_local_summary,Laramie,wy-2026-primary|county|laramie|precinct-committeewoman-1-4|rep,REP COMMITTEEWOMEN 1-04,Precinct Committeewoman 1-4,county,,REP,REP,precinct,b9595aad2a5ced2707a252aaa59135acdaa96c8c2c5659b6ea6c65c7d5d40c42,2026-08-21T12:49:44Z,,county_summary_pdf_v1,1.1.5,1,verified,https://www.laramiecountywy.gov/County-Government/Elected-Officials/County-Clerk/Elections/Election-Results,,,county_complete,overvote,Laramie,,,,,,0,,wy|laramie|wy-2026-primary|county_local_summary|b9595aad2a5ced2707a252aaa59135acdaa96c8c2c5659b6ea6c65c7d5d40c42|wy-2026-primary|county|laramie|precinct-committeewoman-1-4|rep|overvote|overvote|Laramie|COUNTY
wy-2026-primary,wy|laramie|wy-2026-primary|county_local_summary,Laramie,wy-2026-primary|county|laramie|precinct-committeewoman-1-4|rep,REP COMMITTEEWOMEN 1-04,Precinct Committeewoman 1-4,county,,REP,REP,precinct,b9595aad2a5ced2707a252aaa59135acdaa96c8c2c5659b6ea6c65c7d5d40c42,2026-08-21T12:49:44Z,,county_summary_pdf_v1,1.1.5,1,verified,https://www.laramiecountywy.gov/County-Government/Elected-Officials/County-Clerk/Elections/Election-Results,,,county_complete,undervote,Laramie,,,,,,277,,wy|laramie|wy-2026-primary|county_local_summary|b9595aad2a5ced2707a252aaa59135acdaa96c8c2c5659b6ea6c65c7d5d40c42|wy-2026-primary|county|laramie|precinct-committeewoman-1-4|rep|undervote|undervote|Laramie|COUNTY
wy-2026-primary,wy|laramie|wy-2026-primary|county_local_summary,Laramie,wy-2026-primary|county|laramie|precinct-committeeman-1-5|rep,REP COMMITTEEMEN 1-05,Precinct Committeeman 1-5,county,,REP,REP,precinct,b9595aad2a5ced2707a252aaa59135acdaa96c8c2c5659b6ea6c65c7d5d40c42,2026-08-21T12:49:44Z,,county_summary_pdf_v1,1.1.5,1,verified,https://www.laramiecountywy.gov/County-Government/Elected-Officials/County-Clerk/Elections/Election-Results,,,county_complete,candidate,Laramie,,,BOBBY ROLSTON,BOBBY ROLSTON,,427,,wy|laramie|wy-2026-primary|county_local_summary|b9595aad2a5ced2707a252aaa59135acdaa96c8c2c5659b6ea6c65c7d5d40c42|wy-2026-primary|county|laramie|precinct-committeeman-1-5|rep|candidate|BOBBY ROLSTON|Laramie|COUNTY
wy-2026-primary,wy|laramie|wy-2026-primary|county_local_summary,Laramie,wy-2026-primary|county|laramie|precinct-committeeman-1-5|rep,REP COMMITTEEMEN 1-05,Precinct Committeeman 1-5,county,,REP,REP,precinct,b9595aad2a5ced2707a252aaa59135acdaa96c8c2c5659b6ea6c65c7d5d40c42,2026-08-21T12:49:44Z,,county_summary_pdf_v1,1.1.5,1,verified,https://www.laramiecountywy.gov/County-Government/Elected-Officials/County-Clerk/Elections/Election-Results,,,county_complete,candidate,Laramie,,,HOWARD BAUER,HOWARD BAUER,,401,,wy|laramie|wy-2026-primary|county_local_summary|b9595aad2a5ced2707a252aaa59135acdaa96c8c2c5659b6ea6c65c7d5d40c42|wy-2026-primary|county|laramie|precinct-committeeman-1-5|rep|candidate|HOWARD BAUER|Laramie|COUNTY
wy-2026-primary,wy|laramie|wy-2026-primary|county_local_summary,Laramie,wy-2026-primary|county|laramie|precinct-committeeman-1-5|rep,REP COMMITTEEMEN 1-05,Precinct Committeeman 1-5,county,,REP,REP,precinct,b9595aad2a5ced2707a252aaa59135acdaa96c8c2c5659b6ea6c65c7d5d40c42,2026-08-21T12:49:44Z,,county_summary_pdf_v1,1.1.5,1,verified,https://www.laramiecountywy.gov/County-Government/Elected-Officials/County-Clerk/Elections/Election-Results,,,county_complete,write_in_aggregate,Laramie,,,,,,83,,wy|laramie|wy-2026-primary|county_local_summary|b9595aad2a5ced2707a252aaa59135acdaa96c8c2c5659b6ea6c65c7d5d40c42|wy-2026-primary|county|laramie|precinct-committeeman-1-5|rep|write_in_aggregate|write_in_aggregate|Laramie|COUNTY
wy-2026-primary,wy|laramie|wy-2026-primary|county_local_summary,Laramie,wy-2026-primary|county|laramie|precinct-committeeman-1-5|rep,REP COMMITTEEMEN 1-05,Precinct Committeeman 1-5,county,,REP,REP,precinct,b9595aad2a5ced2707a252aaa59135acdaa96c8c2c5659b6ea6c65c7d5d40c42,2026-08-21T12:49:44Z,,county_summary_pdf_v1,1.1.5,1,verified,https://www.laramiecountywy.gov/County-Government/Elected-Officials/County-Clerk/Elections/Election-Results,,,county_complete,overvote,Laramie,,,,,,0,,wy|laramie|wy-2026-primary|county_local_summary|b9595aad2a5ced2707a252aaa59135acdaa96c8c2c5659b6ea6c65c7d5d40c42|wy-2026-primary|county|laramie|precinct-committeeman-1-5|rep|overvote|overvote|Laramie|COUNTY
wy-2026-primary,wy|laramie|wy-2026-primary|county_local_summary,Laramie,wy-2026-primary|county|laramie|precinct-committeeman-1-5|rep,REP COMMITTEEMEN 1-05,Precinct Committeeman 1-5,county,,REP,REP,precinct,b9595aad2a5ced2707a252aaa59135acdaa96c8c2c5659b6ea6c65c7d5d40c42,2026-08-21T12:49:44Z,,county_summary_pdf_v1,1.1.5,1,verified,https://www.laramiecountywy.gov/County-Government/Elected-Officials/County-Clerk/Elections/Election-Results,,,county_complete,undervote,Laramie,,,,,,1180,,wy|laramie|wy-2026-primary|county_local_summary|b9595aad2a5ced2707a252aaa59135acdaa96c8c2c5659b6ea6c65c7d5d40c42|wy-2026-primary|county|laramie|precinct-committeeman-1-5|rep|undervote|undervote|Laramie|COUNTY
wy-2026-primary,wy|laramie|wy-2026-primary|county_local_summary,Laramie,wy-2026-primary|county|laramie|precinct-committeewoman-1-5|rep,REP COMMITTEEWOMEN 1-05,Precinct Committeewoman 1-5,county,,REP,REP,precinct,b9595aad2a5ced2707a252aaa59135acdaa96c8c2c5659b6ea6c65c7d5d40c42,2026-08-21T12:49:44Z,,county_summary_pdf_v1,1.1.5,1,verified,https://www.laramiecountywy.gov/County-Government/Elected-Officials/County-Clerk/Elections/Election-Results,,,county_complete,candidate,Laramie,,,ERIN EDWARDS,ERIN EDWARDS,,446,,wy|laramie|wy-2026-primary|county_local_summary|b9595aad2a5ced2707a252aaa59135acdaa96c8c2c5659b6ea6c65c7d5d40c42|wy-2026-primary|county|laramie|precinct-committeewoman-1-5|rep|candidate|ERIN EDWARDS|Laramie|COUNTY
wy-2026-primary,wy|laramie|wy-2026-primary|county_local_summary,Laramie,wy-2026-primary|county|laramie|precinct-committeewoman-1-5|rep,REP COMMITTEEWOMEN 1-05,Precinct Committeewoman 1-5,county,,REP,REP,precinct,b9595aad2a5ced2707a252aaa59135acdaa96c8c2c5659b6ea6c65c7d5d40c42,2026-08-21T12:49:44Z,,county_summary_pdf_v1,1.1.5,1,verified,https://www.laramiecountywy.gov/County-Government/Elected-Officials/County-Clerk/Elections/Election-Results,,,county_complete,candidate,Laramie,,,WENDY P. CURRAN,WENDY P. CURRAN,,256,,wy|laramie|wy-2026-primary|county_local_summary|b9595aad2a5ced2707a252aaa59135acdaa96c8c2c5659b6ea6c65c7d5d40c42|wy-2026-primary|county|laramie|precinct-committeewoman-1-5|rep|candidate|WENDY P. CURRAN|Laramie|COUNTY
wy-2026-primary,wy|laramie|wy-2026-primary|county_local_summary,Laramie,wy-2026-primary|county|laramie|precinct-committeewoman-1-5|rep,REP COMMITTEEWOMEN 1-05,Precinct Committeewoman 1-5,county,,REP,REP,precinct,b9595aad2a5ced2707a252aaa59135acdaa96c8c2c5659b6ea6c65c7d5d40c42,2026-08-21T12:49:44Z,,county_summary_pdf_v1,1.1.5,1,verified,https://www.laramiecountywy.gov/County-Government/Elected-Officials/County-Clerk/Elections/Election-Results,,,county_complete,candidate,Laramie,,,LAURA LEWIS,LAURA LEWIS,,219,,wy|laramie|wy-2026-primary|county_local_summary|b9595aad2a5ced2707a252aaa59135acdaa96c8c2c5659b6ea6c65c7d5d40c42|wy-2026-primary|county|laramie|precinct-committeewoman-1-5|rep|candidate|LAURA LEWIS|Laramie|COUNTY
wy-2026-primary,wy|laramie|wy-2026-primary|county_local_summary,Laramie,wy-2026-primary|county|laramie|precinct-committeewoman-1-5|rep,REP COMMITTEEWOMEN 1-05,Precinct Committeewoman 1-5,county,,REP,REP,precinct,b9595aad2a5ced2707a252aaa59135acdaa96c8c2c5659b6ea6c65c7d5d40c42,2026-08-21T12:49:44Z,,county_summary_pdf_v1,1.1.5,1,verified,https://www.laramiecountywy.gov/County-Government/Elected-Officials/County-Clerk/Elections/Election-Results,,,county_complete,candidate,Laramie,,,STACEY LEACH,STACEY LEACH,,174,,wy|laramie|wy-2026-primary|county_local_summary|b9595aad2a5ced2707a252aaa59135acdaa96c8c2c5659b6ea6c65c7d5d40c42|wy-2026-primary|county|laramie|precinct-committeewoman-1-5|rep|candidate|STACEY LEACH|Laramie|COUNTY
wy-2026-primary,wy|laramie|wy-2026-primary|county_local_summary,Laramie,wy-2026-primary|county|laramie|precinct-committeewoman-1-5|rep,REP COMMITTEEWOMEN 1-05,Precinct Committeewoman 1-5,county,,REP,REP,precinct,b9595aad2a5ced2707a252aaa59135acdaa96c8c2c5659b6ea6c65c7d5d40c42,2026-08-21T12:49:44Z,,county_summary_pdf_v1,1.1.5,1,verified,https://www.laramiecountywy.gov/County-Government/Elected-Officials/County-Clerk/Elections/Election-Results,,,county_complete,candidate,Laramie,,,SUSAN BAUER,SUSAN BAUER,,160,,wy|laramie|wy-2026-primary|county_local_summary|b9595aad2a5ced2707a252aaa59135acdaa96c8c2c5659b6ea6c65c7d5d40c42|wy-2026-primary|county|laramie|precinct-committeewoman-1-5|rep|candidate|SUSAN BAUER|Laramie|COUNTY
wy-2026-primary,wy|laramie|wy-2026-primary|county_local_summary,Laramie,wy-2026-primary|county|laramie|precinct-committeewoman-1-5|rep,REP COMMITTEEWOMEN 1-05,Precinct Committeewoman 1-5,county,,REP,REP,precinct,b9595aad2a5ced2707a252aaa59135acdaa96c8c2c5659b6ea6c65c7d5d40c42,2026-08-21T12:49:44Z,,county_summary_pdf_v1,1.1.5,1,verified,https://www.laramiecountywy.gov/County-Government/Elected-Officials/County-Clerk/Elections/Election-Results,,,county_complete,candidate,Laramie,,,JESSIE RUBINO,JESSIE RUBINO,,125,,wy|laramie|wy-2026-primary|county_local_summary|b9595aad2a5ced2707a252aaa59135acdaa96c8c2c5659b6ea6c65c7d5d40c42|wy-2026-primary|county|laramie|precinct-committeewoman-1-5|rep|candidate|JESSIE RUBINO|Laramie|COUNTY
wy-2026-primary,wy|laramie|wy-2026-primary|county_local_summary,Laramie,wy-2026-primary|county|laramie|precinct-committeewoman-1-5|rep,REP COMMITTEEWOMEN 1-05,Precinct Committeewoman 1-5,county,,REP,REP,precinct,b9595aad2a5ced2707a252aaa59135acdaa96c8c2c5659b6ea6c65c7d5d40c42,2026-08-21T12:49:44Z,,county_summary_pdf_v1,1.1.5,1,verified,https://www.laramiecountywy.gov/County-Government/Elected-Officials/County-Clerk/Elections/Election-Results,,,county_complete,write_in_aggregate,Laramie,,,,,,15,,wy|laramie|wy-2026-primary|county_local_summary|b9595aad2a5ced2707a252aaa59135acdaa96c8c2c5659b6ea6c65c7d5d40c42|wy-2026-primary|county|laramie|precinct-committeewoman-1-5|rep|write_in_aggregate|write_in_aggregate|Laramie|COUNTY
wy-2026-primary,wy|laramie|wy-2026-primary|county_local_summary,Laramie,wy-2026-primary|county|laramie|precinct-committeewoman-1-5|rep,REP COMMITTEEWOMEN 1-05,Precinct Committeewoman 1-5,county,,REP,REP,precinct,b9595aad2a5ced2707a252aaa59135acdaa96c8c2c5659b6ea6c65c7d5d40c42,2026-08-21T12:49:44Z,,county_summary_pdf_v1,1.1.5,1,verified,https://www.laramiecountywy.gov/County-Government/Elected-Officials/County-Clerk/Elections/Election-Results,,,county_complete,overvote,Laramie,,,,,,0,,wy|laramie|wy-2026-primary|county_local_summary|b9595aad2a5ced2707a252aaa59135acdaa96c8c2c5659b6ea6c65c7d5d40c42|wy-2026-primary|county|laramie|precinct-committeewoman-1-5|rep|overvote|overvote|Laramie|COUNTY
wy-2026-primary,wy|laramie|wy-2026-primary|county_local_summary,Laramie,wy-2026-primary|county|laramie|precinct-committeewoman-1-5|rep,REP COMMITTEEWOMEN 1-05,Precinct Committeewoman 1-5,county,,REP,REP,precinct,b9595aad2a5ced2707a252aaa59135acdaa96c8c2c5659b6ea6c65c7d5d40c42,2026-08-21T12:49:44Z,,county_summary_pdf_v1,1.1.5,1,verified,https://www.laramiecountywy.gov/County-Government/Elected-Officials/County-Clerk/Elections/Election-Results,,,county_complete,undervote,Laramie,,,,,,696,,wy|laramie|wy-2026-primary|county_local_summary|b9595aad2a5ced2707a252aaa59135acdaa96c8c2c5659b6ea6c65c7d5d40c42|wy-2026-primary|county|laramie|precinct-committeewoman-1-5|rep|undervote|undervote|Laramie|COUNTY
wy-2026-primary,wy|laramie|wy-2026-primary|county_local_summary,Laramie,wy-2026-primary|county|laramie|precinct-committeeman-1-6|rep,REP COMMITTEEMEN 1-06,Precinct Committeeman 1-6,county,,REP,REP,precinct,b9595aad2a5ced2707a252aaa59135acdaa96c8c2c5659b6ea6c65c7d5d40c42,2026-08-21T12:49:44Z,,county_summary_pdf_v1,1.1.5,1,verified,https://www.laramiecountywy.gov/County-Government/Elected-Officials/County-Clerk/Elections/Election-Results,,,county_complete,candidate,Laramie,,,JASON MACGREGOR,JASON MACGREGOR,,358,,wy|laramie|wy-2026-primary|county_local_summary|b9595aad2a5ced2707a252aaa59135acdaa96c8c2c5659b6ea6c65c7d5d40c42|wy-2026-primary|county|laramie|precinct-committeeman-1-6|rep|candidate|JASON MACGREGOR|Laramie|COUNTY
wy-2026-primary,wy|laramie|wy-2026-primary|county_local_summary,Laramie,wy-2026-primary|county|laramie|precinct-committeeman-1-6|rep,REP COMMITTEEMEN 1-06,Precinct Committeeman 1-6,county,,REP,REP,precinct,b9595aad2a5ced2707a252aaa59135acdaa96c8c2c5659b6ea6c65c7d5d40c42,2026-08-21T12:49:44Z,,county_summary_pdf_v1,1.1.5,1,verified,https://www.laramiecountywy.gov/County-Government/Elected-Officials/County-Clerk/Elections/Election-Results,,,county_complete,candidate,Laramie,,,JOHN R. KAISER,JOHN R. KAISER,,350,,wy|laramie|wy-2026-primary|county_local_summary|b9595aad2a5ced2707a252aaa59135acdaa96c8c2c5659b6ea6c65c7d5d40c42|wy-2026-primary|county|laramie|precinct-committeeman-1-6|rep|candidate|JOHN R. KAISER|Laramie|COUNTY
wy-2026-primary,wy|laramie|wy-2026-primary|county_local_summary,Laramie,wy-2026-primary|county|laramie|precinct-committeeman-1-6|rep,REP COMMITTEEMEN 1-06,Precinct Committeeman 1-6,county,,REP,REP,precinct,b9595aad2a5ced2707a252aaa59135acdaa96c8c2c5659b6ea6c65c7d5d40c42,2026-08-21T12:49:44Z,,county_summary_pdf_v1,1.1.5,1,verified,https://www.laramiecountywy.gov/County-Government/Elected-Officials/County-Clerk/Elections/Election-Results,,,county_complete,candidate,Laramie,,,GARY BROWN,GARY BROWN,,258,,wy|laramie|wy-2026-primary|county_local_summary|b9595aad2a5ced2707a252aaa59135acdaa96c8c2c5659b6ea6c65c7d5d40c42|wy-2026-primary|county|laramie|precinct-committeeman-1-6|rep|candidate|GARY BROWN|Laramie|COUNTY
wy-2026-primary,wy|laramie|wy-2026-primary|county_local_summary,Laramie,wy-2026-primary|county|laramie|precinct-committeeman-1-6|rep,REP COMMITTEEMEN 1-06,Precinct Committeeman 1-6,county,,REP,REP,precinct,b9595aad2a5ced2707a252aaa59135acdaa96c8c2c5659b6ea6c65c7d5d40c42,2026-08-21T12:49:44Z,,county_summary_pdf_v1,1.1.5,1,verified,https://www.laramiecountywy.gov/County-Government/Elected-Officials/County-Clerk/Elections/Election-Results,,,county_complete,candidate,Laramie,,,CHARLIE ROLL,CHARLIE ROLL,,257,,wy|laramie|wy-2026-primary|county_local_summary|b9595aad2a5ced2707a252aaa59135acdaa96c8c2c5659b6ea6c65c7d5d40c42|wy-2026-primary|county|laramie|precinct-committeeman-1-6|rep|candidate|CHARLIE ROLL|Laramie|COUNTY
wy-2026-primary,wy|laramie|wy-2026-primary|county_local_summary,Laramie,wy-2026-primary|county|laramie|precinct-committeeman-1-6|rep,REP COMMITTEEMEN 1-06,Precinct Committeeman 1-6,county,,REP,REP,precinct,b9595aad2a5ced2707a252aaa59135acdaa96c8c2c5659b6ea6c65c7d5d40c42,2026-08-21T12:49:44Z,,county_summary_pdf_v1,1.1.5,1,verified,https://www.laramiecountywy.gov/County-Government/Elected-Officials/County-Clerk/Elections/Election-Results,,,county_complete,write_in_aggregate,Laramie,,,,,,33,,wy|laramie|wy-2026-primary|county_local_summary|b9595aad2a5ced2707a252aaa59135acdaa96c8c2c5659b6ea6c65c7d5d40c42|wy-2026-primary|county|laramie|precinct-committeeman-1-6|rep|write_in_aggregate|write_in_aggregate|Laramie|COUNTY
wy-2026-primary,wy|laramie|wy-2026-primary|county_local_summary,Laramie,wy-2026-primary|county|laramie|precinct-committeeman-1-6|rep,REP COMMITTEEMEN 1-06,Precinct Committeeman 1-6,county,,REP,REP,precinct,b9595aad2a5ced2707a252aaa59135acdaa96c8c2c5659b6ea6c65c7d5d40c42,2026-08-21T12:49:44Z,,county_summary_pdf_v1,1.1.5,1,verified,https://www.laramiecountywy.gov/County-Government/Elected-Officials/County-Clerk/Elections/Election-Results,,,county_complete,overvote,Laramie,,,,,,0,,wy|laramie|wy-2026-primary|county_local_summary|b9595aad2a5ced2707a252aaa59135acdaa96c8c2c5659b6ea6c65c7d5d40c42|wy-2026-primary|county|laramie|precinct-committeeman-1-6|rep|overvote|overvote|Laramie|COUNTY
wy-2026-primary,wy|laramie|wy-2026-primary|county_local_summary,Laramie,wy-2026-primary|county|laramie|precinct-committeeman-1-6|rep,REP COMMITTEEMEN 1-06,Precinct Committeeman 1-6,county,,REP,REP,precinct,b9595aad2a5ced2707a252aaa59135acdaa96c8c2c5659b6ea6c65c7d5d40c42,2026-08-21T12:49:44Z,,county_summary_pdf_v1,1.1.5,1,verified,https://www.laramiecountywy.gov/County-Government/Elected-Officials/County-Clerk/Elections/Election-Results,,,county_complete,undervote,Laramie,,,,,,532,,wy|laramie|wy-2026-primary|county_local_summary|b9595aad2a5ced2707a252aaa59135acdaa96c8c2c5659b6ea6c65c7d5d40c42|wy-2026-primary|county|laramie|precinct-committeeman-1-6|rep|undervote|undervote|Laramie|COUNTY
wy-2026-primary,wy|laramie|wy-2026-primary|county_local_summary,Laramie,wy-2026-primary|county|laramie|precinct-committeewoman-1-6|rep,REP COMMITTEEWOMEN 1-06,Precinct Committeewoman 1-6,county,,REP,REP,precinct,b9595aad2a5ced2707a252aaa59135acdaa96c8c2c5659b6ea6c65c7d5d40c42,2026-08-21T12:49:44Z,,county_summary_pdf_v1,1.1.5,1,verified,https://www.laramiecountywy.gov/County-Government/Elected-Officials/County-Clerk/Elections/Election-Results,,,county_complete,candidate,Laramie,,,DEBORA L. KAISER,DEBORA L. KAISER,,483,,wy|laramie|wy-2026-primary|county_local_summary|b9595aad2a5ced2707a252aaa59135acdaa96c8c2c5659b6ea6c65c7d5d40c42|wy-2026-primary|county|laramie|precinct-committeewoman-1-6|rep|candidate|DEBORA L. KAISER|Laramie|COUNTY
wy-2026-primary,wy|laramie|wy-2026-primary|county_local_summary,Laramie,wy-2026-primary|county|laramie|precinct-committeewoman-1-6|rep,REP COMMITTEEWOMEN 1-06,Precinct Committeewoman 1-6,county,,REP,REP,precinct,b9595aad2a5ced2707a252aaa59135acdaa96c8c2c5659b6ea6c65c7d5d40c42,2026-08-21T12:49:44Z,,county_summary_pdf_v1,1.1.5,1,verified,https://www.laramiecountywy.gov/County-Government/Elected-Officials/County-Clerk/Elections/Election-Results,,,county_complete,write_in_aggregate,Laramie,,,,,,124,,wy|laramie|wy-2026-primary|county_local_summary|b9595aad2a5ced2707a252aaa59135acdaa96c8c2c5659b6ea6c65c7d5d40c42|wy-2026-primary|county|laramie|precinct-committeewoman-1-6|rep|write_in_aggregate|write_in_aggregate|Laramie|COUNTY
wy-2026-primary,wy|laramie|wy-2026-primary|county_local_summary,Laramie,wy-2026-primary|county|laramie|precinct-committeewoman-1-6|rep,REP COMMITTEEWOMEN 1-06,Precinct Committeewoman 1-6,county,,REP,REP,precinct,b9595aad2a5ced2707a252aaa59135acdaa96c8c2c5659b6ea6c65c7d5d40c42,2026-08-21T12:49:44Z,,county_summary_pdf_v1,1.1.5,1,verified,https://www.laramiecountywy.gov/County-Government/Elected-Officials/County-Clerk/Elections/Election-Results,,,county_complete,overvote,Laramie,,,,,,0,,wy|laramie|wy-2026-primary|county_local_summary|b9595aad2a5ced2707a252aaa59135acdaa96c8c2c5659b6ea6c65c7d5d40c42|wy-2026-primary|county|laramie|precinct-committeewoman-1-6|rep|overvote|overvote|Laramie|COUNTY
wy-2026-primary,wy|laramie|wy-2026-primary|county_local_summary,Laramie,wy-2026-primary|county|laramie|precinct-committeewoman-1-6|rep,REP COMMITTEEWOMEN 1-06,Precinct Committeewoman 1-6,county,,REP,REP,precinct,b9595aad2a5ced2707a252aaa59135acdaa96c8c2c5659b6ea6c65c7d5d40c42,2026-08-21T12:49:44Z,,county_summary_pdf_v1,1.1.5,1,verified,https://www.laramiecountywy.gov/County-Government/Elected-Officials/County-Clerk/Elections/Election-Results,,,county_complete,undervote,Laramie,,,,,,1181,,wy|laramie|wy-2026-primary|county_local_summary|b9595aad2a5ced2707a252aaa59135acdaa96c8c2c5659b6ea6c65c7d5d40c42|wy-2026-primary|county|laramie|precinct-committeewoman-1-6|rep|undervote|undervote|Laramie|COUNTY
wy-2026-primary,wy|laramie|wy-2026-primary|county_local_summary,Laramie,wy-2026-primary|county|laramie|precinct-committeeman-1-7|rep,REP COMMITTEEMEN 1-07,Precinct Committeeman 1-7,county,,REP,REP,precinct,b9595aad2a5ced2707a252aaa59135acdaa96c8c2c5659b6ea6c65c7d5d40c42,2026-08-21T12:49:44Z,,county_summary_pdf_v1,1.1.5,1,verified,https://www.laramiecountywy.gov/County-Government/Elected-Officials/County-Clerk/Elections/Election-Results,,,county_complete,write_in_aggregate,Laramie,,,,,,6,,wy|laramie|wy-2026-primary|county_local_summary|b9595aad2a5ced2707a252aaa59135acdaa96c8c2c5659b6ea6c65c7d5d40c42|wy-2026-primary|county|laramie|precinct-committeeman-1-7|rep|write_in_aggregate|write_in_aggregate|Laramie|COUNTY
wy-2026-primary,wy|laramie|wy-2026-primary|county_local_summary,Laramie,wy-2026-primary|county|laramie|precinct-committeeman-1-7|rep,REP COMMITTEEMEN 1-07,Precinct Committeeman 1-7,county,,REP,REP,precinct,b9595aad2a5ced2707a252aaa59135acdaa96c8c2c5659b6ea6c65c7d5d40c42,2026-08-21T12:49:44Z,,county_summary_pdf_v1,1.1.5,1,verified,https://www.laramiecountywy.gov/County-Government/Elected-Officials/County-Clerk/Elections/Election-Results,,,county_complete,overvote,Laramie,,,,,,0,,wy|laramie|wy-2026-primary|county_local_summary|b9595aad2a5ced2707a252aaa59135acdaa96c8c2c5659b6ea6c65c7d5d40c42|wy-2026-primary|county|laramie|precinct-committeeman-1-7|rep|overvote|overvote|Laramie|COUNTY
wy-2026-primary,wy|laramie|wy-2026-primary|county_local_summary,Laramie,wy-2026-primary|county|laramie|precinct-committeeman-1-7|rep,REP COMMITTEEMEN 1-07,Precinct Committeeman 1-7,county,,REP,REP,precinct,b9595aad2a5ced2707a252aaa59135acdaa96c8c2c5659b6ea6c65c7d5d40c42,2026-08-21T12:49:44Z,,county_summary_pdf_v1,1.1.5,1,verified,https://www.laramiecountywy.gov/County-Government/Elected-Officials/County-Clerk/Elections/Election-Results,,,county_complete,undervote,Laramie,,,,,,18,,wy|laramie|wy-2026-primary|county_local_summary|b9595aad2a5ced2707a252aaa59135acdaa96c8c2c5659b6ea6c65c7d5d40c42|wy-2026-primary|county|laramie|precinct-committeeman-1-7|rep|undervote|undervote|Laramie|COUNTY
wy-2026-primary,wy|laramie|wy-2026-primary|county_local_summary,Laramie,wy-2026-primary|county|laramie|precinct-committeewoman-1-7|rep,REP COMMITTEEWOMEN 1-07,Precinct Committeewoman 1-7,county,,REP,REP,precinct,b9595aad2a5ced2707a252aaa59135acdaa96c8c2c5659b6ea6c65c7d5d40c42,2026-08-21T12:49:44Z,,county_summary_pdf_v1,1.1.5,1,verified,https://www.laramiecountywy.gov/County-Government/Elected-Officials/County-Clerk/Elections/Election-Results,,,county_complete,write_in_aggregate,Laramie,,,,,,7,,wy|laramie|wy-2026-primary|county_local_summary|b9595aad2a5ced2707a252aaa59135acdaa96c8c2c5659b6ea6c65c7d5d40c42|wy-2026-primary|county|laramie|precinct-committeewoman-1-7|rep|write_in_aggregate|write_in_aggregate|Laramie|COUNTY
wy-2026-primary,wy|laramie|wy-2026-primary|county_local_summary,Laramie,wy-2026-primary|county|laramie|precinct-committeewoman-1-7|rep,REP COMMITTEEWOMEN 1-07,Precinct Committeewoman 1-7,county,,REP,REP,precinct,b9595aad2a5ced2707a252aaa59135acdaa96c8c2c5659b6ea6c65c7d5d40c42,2026-08-21T12:49:44Z,,county_summary_pdf_v1,1.1.5,1,verified,https://www.laramiecountywy.gov/County-Government/Elected-Officials/County-Clerk/Elections/Election-Results,,,county_complete,overvote,Laramie,,,,,,0,,wy|laramie|wy-2026-primary|county_local_summary|b9595aad2a5ced2707a252aaa59135acdaa96c8c2c5659b6ea6c65c7d5d40c42|wy-2026-primary|county|laramie|precinct-committeewoman-1-7|rep|overvote|overvote|Laramie|COUNTY
wy-2026-primary,wy|laramie|wy-2026-primary|county_local_summary,Laramie,wy-2026-primary|county|laramie|precinct-committeewoman-1-7|rep,REP COMMITTEEWOMEN 1-07,Precinct Committeewoman 1-7,county,,REP,REP,precinct,b9595aad2a5ced2707a252aaa59135acdaa96c8c2c5659b6ea6c65c7d5d40c42,2026-08-21T12:49:44Z,,county_summary_pdf_v1,1.1.5,1,verified,https://www.laramiecountywy.gov/County-Government/Elected-Officials/County-Clerk/Elections/Election-Results,,,county_complete,undervote,Laramie,,,,,,17,,wy|laramie|wy-2026-primary|county_local_summary|b9595aad2a5ced2707a252aaa59135acdaa96c8c2c5659b6ea6c65c7d5d40c42|wy-2026-primary|county|laramie|precinct-committeewoman-1-7|rep|undervote|undervote|Laramie|COUNTY
wy-2026-primary,wy|laramie|wy-2026-primary|county_local_summary,Laramie,wy-2026-primary|county|laramie|precinct-committeeman-2-1|rep,REP COMMITTEEMEN 2-01,Precinct Committeeman 2-1,county,,REP,REP,precinct,b9595aad2a5ced2707a252aaa59135acdaa96c8c2c5659b6ea6c65c7d5d40c42,2026-08-21T12:49:44Z,,county_summary_pdf_v1,1.1.5,1,verified,https://www.laramiecountywy.gov/County-Government/Elected-Officials/County-Clerk/Elections/Election-Results,,,county_complete,candidate,Laramie,,,LEONARD GERINGER,LEONARD GERINGER,,625,,wy|laramie|wy-2026-primary|county_local_summary|b9595aad2a5ced2707a252aaa59135acdaa96c8c2c5659b6ea6c65c7d5d40c42|wy-2026-primary|county|laramie|precinct-committeeman-2-1|rep|candidate|LEONARD GERINGER|Laramie|COUNTY
wy-2026-primary,wy|laramie|wy-2026-primary|county_local_summary,Laramie,wy-2026-primary|county|laramie|precinct-committeeman-2-1|rep,REP COMMITTEEMEN 2-01,Precinct Committeeman 2-1,county,,REP,REP,precinct,b9595aad2a5ced2707a252aaa59135acdaa96c8c2c5659b6ea6c65c7d5d40c42,2026-08-21T12:49:44Z,,county_summary_pdf_v1,1.1.5,1,verified,https://www.laramiecountywy.gov/County-Government/Elected-Officials/County-Clerk/Elections/Election-Results,,,county_complete,candidate,Laramie,,,PETER SEEKELL,PETER SEEKELL,,534,,wy|laramie|wy-2026-primary|county_local_summary|b9595aad2a5ced2707a252aaa59135acdaa96c8c2c5659b6ea6c65c7d5d40c42|wy-2026-primary|county|laramie|precinct-committeeman-2-1|rep|candidate|PETER SEEKELL|Laramie|COUNTY
wy-2026-primary,wy|laramie|wy-2026-primary|county_local_summary,Laramie,wy-2026-primary|county|laramie|precinct-committeeman-2-1|rep,REP COMMITTEEMEN 2-01,Precinct Committeeman 2-1,county,,REP,REP,precinct,b9595aad2a5ced2707a252aaa59135acdaa96c8c2c5659b6ea6c65c7d5d40c42,2026-08-21T12:49:44Z,,county_summary_pdf_v1,1.1.5,1,verified,https://www.laramiecountywy.gov/County-Government/Elected-Officials/County-Clerk/Elections/Election-Results,,,county_complete,write_in_aggregate,Laramie,,,,,,104,,wy|laramie|wy-2026-primary|county_local_summary|b9595aad2a5ced2707a252aaa59135acdaa96c8c2c5659b6ea6c65c7d5d40c42|wy-2026-primary|county|laramie|precinct-committeeman-2-1|rep|write_in_aggregate|write_in_aggregate|Laramie|COUNTY
wy-2026-primary,wy|laramie|wy-2026-primary|county_local_summary,Laramie,wy-2026-primary|county|laramie|precinct-committeeman-2-1|rep,REP COMMITTEEMEN 2-01,Precinct Committeeman 2-1,county,,REP,REP,precinct,b9595aad2a5ced2707a252aaa59135acdaa96c8c2c5659b6ea6c65c7d5d40c42,2026-08-21T12:49:44Z,,county_summary_pdf_v1,1.1.5,1,verified,https://www.laramiecountywy.gov/County-Government/Elected-Officials/County-Clerk/Elections/Election-Results,,,county_complete,overvote,Laramie,,,,,,0,,wy|laramie|wy-2026-primary|county_local_summary|b9595aad2a5ced2707a252aaa59135acdaa96c8c2c5659b6ea6c65c7d5d40c42|wy-2026-primary|county|laramie|precinct-committeeman-2-1|rep|overvote|overvote|Laramie|COUNTY
wy-2026-primary,wy|laramie|wy-2026-primary|county_local_summary,Laramie,wy-2026-primary|county|laramie|precinct-committeeman-2-1|rep,REP COMMITTEEMEN 2-01,Precinct Committeeman 2-1,county,,REP,REP,precinct,b9595aad2a5ced2707a252aaa59135acdaa96c8c2c5659b6ea6c65c7d5d40c42,2026-08-21T12:49:44Z,,county_summary_pdf_v1,1.1.5,1,verified,https://www.laramiecountywy.gov/County-Government/Elected-Officials/County-Clerk/Elections/Election-Results,,,county_complete,undervote,Laramie,,,,,,2221,,wy|laramie|wy-2026-primary|county_local_summary|b9595aad2a5ced2707a252aaa59135acdaa96c8c2c5659b6ea6c65c7d5d40c42|wy-2026-primary|county|laramie|precinct-committeeman-2-1|rep|undervote|undervote|Laramie|COUNTY
wy-2026-primary,wy|laramie|wy-2026-primary|county_local_summary,Laramie,wy-2026-primary|county|laramie|precinct-committeewoman-2-1|rep,REP COMMITTEEWOMEN 2-01,Precinct Committeewoman 2-1,county,,REP,REP,precinct,b9595aad2a5ced2707a252aaa59135acdaa96c8c2c5659b6ea6c65c7d5d40c42,2026-08-21T12:49:44Z,,county_summary_pdf_v1,1.1.5,1,verified,https://www.laramiecountywy.gov/County-Government/Elected-Officials/County-Clerk/Elections/Election-Results,,,county_complete,candidate,Laramie,,,GALE GERINGER,GALE GERINGER,,612,,wy|laramie|wy-2026-primary|county_local_summary|b9595aad2a5ced2707a252aaa59135acdaa96c8c2c5659b6ea6c65c7d5d40c42|wy-2026-primary|county|laramie|precinct-committeewoman-2-1|rep|candidate|GALE GERINGER|Laramie|COUNTY
wy-2026-primary,wy|laramie|wy-2026-primary|county_local_summary,Laramie,wy-2026-primary|county|laramie|precinct-committeewoman-2-1|rep,REP COMMITTEEWOMEN 2-01,Precinct Committeewoman 2-1,county,,REP,REP,precinct,b9595aad2a5ced2707a252aaa59135acdaa96c8c2c5659b6ea6c65c7d5d40c42,2026-08-21T12:49:44Z,,county_summary_pdf_v1,1.1.5,1,verified,https://www.laramiecountywy.gov/County-Government/Elected-Officials/County-Clerk/Elections/Election-Results,,,county_complete,candidate,Laramie,,,BRENDA WILSON,BRENDA WILSON,,581,,wy|laramie|wy-2026-primary|county_local_summary|b9595aad2a5ced2707a252aaa59135acdaa96c8c2c5659b6ea6c65c7d5d40c42|wy-2026-primary|county|laramie|precinct-committeewoman-2-1|rep|candidate|BRENDA WILSON|Laramie|COUNTY
wy-2026-primary,wy|laramie|wy-2026-primary|county_local_summary,Laramie,wy-2026-primary|county|laramie|precinct-committeewoman-2-1|rep,REP COMMITTEEWOMEN 2-01,Precinct Committeewoman 2-1,county,,REP,REP,precinct,b9595aad2a5ced2707a252aaa59135acdaa96c8c2c5659b6ea6c65c7d5d40c42,2026-08-21T12:49:44Z,,county_summary_pdf_v1,1.1.5,1,verified,https://www.laramiecountywy.gov/County-Government/Elected-Officials/County-Clerk/Elections/Election-Results,,,county_complete,write_in_aggregate,Laramie,,,,,,89,,wy|laramie|wy-2026-primary|county_local_summary|b9595aad2a5ced2707a252aaa59135acdaa96c8c2c5659b6ea6c65c7d5d40c42|wy-2026-primary|county|laramie|precinct-committeewoman-2-1|rep|write_in_aggregate|write_in_aggregate|Laramie|COUNTY
wy-2026-primary,wy|laramie|wy-2026-primary|county_local_summary,Laramie,wy-2026-primary|county|laramie|precinct-committeewoman-2-1|rep,REP COMMITTEEWOMEN 2-01,Precinct Committeewoman 2-1,county,,REP,REP,precinct,b9595aad2a5ced2707a252aaa59135acdaa96c8c2c5659b6ea6c65c7d5d40c42,2026-08-21T12:49:44Z,,county_summary_pdf_v1,1.1.5,1,verified,https://www.laramiecountywy.gov/County-Government/Elected-Officials/County-Clerk/Elections/Election-Results,,,county_complete,overvote,Laramie,,,,,,0,,wy|laramie|wy-2026-primary|county_local_summary|b9595aad2a5ced2707a252aaa59135acdaa96c8c2c5659b6ea6c65c7d5d40c42|wy-2026-primary|county|laramie|precinct-committeewoman-2-1|rep|overvote|overvote|Laramie|COUNTY
wy-2026-primary,wy|laramie|wy-2026-primary|county_local_summary,Laramie,wy-2026-primary|county|laramie|precinct-committeewoman-2-1|rep,REP COMMITTEEWOMEN 2-01,Precinct Committeewoman 2-1,county,,REP,REP,precinct,b9595aad2a5ced2707a252aaa59135acdaa96c8c2c5659b6ea6c65c7d5d40c42,2026-08-21T12:49:44Z,,county_summary_pdf_v1,1.1.5,1,verified,https://www.laramiecountywy.gov/County-Government/Elected-Officials/County-Clerk/Elections/Election-Results,,,county_complete,undervote,Laramie,,,,,,2202,,wy|laramie|wy-2026-primary|county_local_summary|b9595aad2a5ced2707a252aaa59135acdaa96c8c2c5659b6ea6c65c7d5d40c42|wy-2026-primary|county|laramie|precinct-committeewoman-2-1|rep|undervote|undervote|Laramie|COUNTY
wy-2026-primary,wy|laramie|wy-2026-primary|county_local_summary,Laramie,wy-2026-primary|county|laramie|precinct-committeeman-2-2|rep,REP COMMITTEEMEN 2-02,Precinct Committeeman 2-2,county,,REP,REP,precinct,b9595aad2a5ced2707a252aaa59135acdaa96c8c2c5659b6ea6c65c7d5d40c42,2026-08-21T12:49:44Z,,county_summary_pdf_v1,1.1.5,1,verified,https://www.laramiecountywy.gov/County-Government/Elected-Officials/County-Clerk/Elections/Election-Results,,,county_complete,candidate,Laramie,,,FRED EMERICH,FRED EMERICH,,862,,wy|laramie|wy-2026-primary|county_local_summary|b9595aad2a5ced2707a252aaa59135acdaa96c8c2c5659b6ea6c65c7d5d40c42|wy-2026-primary|county|laramie|precinct-committeeman-2-2|rep|candidate|FRED EMERICH|Laramie|COUNTY
wy-2026-primary,wy|laramie|wy-2026-primary|county_local_summary,Laramie,wy-2026-primary|county|laramie|precinct-committeeman-2-2|rep,REP COMMITTEEMEN 2-02,Precinct Committeeman 2-2,county,,REP,REP,precinct,b9595aad2a5ced2707a252aaa59135acdaa96c8c2c5659b6ea6c65c7d5d40c42,2026-08-21T12:49:44Z,,county_summary_pdf_v1,1.1.5,1,verified,https://www.laramiecountywy.gov/County-Government/Elected-Officials/County-Clerk/Elections/Election-Results,,,county_complete,candidate,Laramie,,,BOB BUDD,BOB BUDD,,826,,wy|laramie|wy-2026-primary|county_local_summary|b9595aad2a5ced2707a252aaa59135acdaa96c8c2c5659b6ea6c65c7d5d40c42|wy-2026-primary|county|laramie|precinct-committeeman-2-2|rep|candidate|BOB BUDD|Laramie|COUNTY
wy-2026-primary,wy|laramie|wy-2026-primary|county_local_summary,Laramie,wy-2026-primary|county|laramie|precinct-committeeman-2-2|rep,REP COMMITTEEMEN 2-02,Precinct Committeeman 2-2,county,,REP,REP,precinct,b9595aad2a5ced2707a252aaa59135acdaa96c8c2c5659b6ea6c65c7d5d40c42,2026-08-21T12:49:44Z,,county_summary_pdf_v1,1.1.5,1,verified,https://www.laramiecountywy.gov/County-Government/Elected-Officials/County-Clerk/Elections/Election-Results,,,county_complete,candidate,Laramie,,,R. LARRY MEULI,R. LARRY MEULI,,781,,wy|laramie|wy-2026-primary|county_local_summary|b9595aad2a5ced2707a252aaa59135acdaa96c8c2c5659b6ea6c65c7d5d40c42|wy-2026-primary|county|laramie|precinct-committeeman-2-2|rep|candidate|R. LARRY MEULI|Laramie|COUNTY
wy-2026-primary,wy|laramie|wy-2026-primary|county_local_summary,Laramie,wy-2026-primary|county|laramie|precinct-committeeman-2-2|rep,REP COMMITTEEMEN 2-02,Precinct Committeeman 2-2,county,,REP,REP,precinct,b9595aad2a5ced2707a252aaa59135acdaa96c8c2c5659b6ea6c65c7d5d40c42,2026-08-21T12:49:44Z,,county_summary_pdf_v1,1.1.5,1,verified,https://www.laramiecountywy.gov/County-Government/Elected-Officials/County-Clerk/Elections/Election-Results,,,county_complete,candidate,Laramie,,,TROY HUNSUCKER,TROY HUNSUCKER,,698,,wy|laramie|wy-2026-primary|county_local_summary|b9595aad2a5ced2707a252aaa59135acdaa96c8c2c5659b6ea6c65c7d5d40c42|wy-2026-primary|county|laramie|precinct-committeeman-2-2|rep|candidate|TROY HUNSUCKER|Laramie|COUNTY
wy-2026-primary,wy|laramie|wy-2026-primary|county_local_summary,Laramie,wy-2026-primary|county|laramie|precinct-committeeman-2-2|rep,REP COMMITTEEMEN 2-02,Precinct Committeeman 2-2,county,,REP,REP,precinct,b9595aad2a5ced2707a252aaa59135acdaa96c8c2c5659b6ea6c65c7d5d40c42,2026-08-21T12:49:44Z,,county_summary_pdf_v1,1.1.5,1,verified,https://www.laramiecountywy.gov/County-Government/Elected-Officials/County-Clerk/Elections/Election-Results,,,county_complete,write_in_aggregate,Laramie,,,,,,151,,wy|laramie|wy-2026-primary|county_local_summary|b9595aad2a5ced2707a252aaa59135acdaa96c8c2c5659b6ea6c65c7d5d40c42|wy-2026-primary|county|laramie|precinct-committeeman-2-2|rep|write_in_aggregate|write_in_aggregate|Laramie|COUNTY
wy-2026-primary,wy|laramie|wy-2026-primary|county_local_summary,Laramie,wy-2026-primary|county|laramie|precinct-committeeman-2-2|rep,REP COMMITTEEMEN 2-02,Precinct Committeeman 2-2,county,,REP,REP,precinct,b9595aad2a5ced2707a252aaa59135acdaa96c8c2c5659b6ea6c65c7d5d40c42,2026-08-21T12:49:44Z,,county_summary_pdf_v1,1.1.5,1,verified,https://www.laramiecountywy.gov/County-Government/Elected-Officials/County-Clerk/Elections/Election-Results,,,county_complete,overvote,Laramie,,,,,,0,,wy|laramie|wy-2026-primary|county_local_summary|b9595aad2a5ced2707a252aaa59135acdaa96c8c2c5659b6ea6c65c7d5d40c42|wy-2026-primary|county|laramie|precinct-committeeman-2-2|rep|overvote|overvote|Laramie|COUNTY
wy-2026-primary,wy|laramie|wy-2026-primary|county_local_summary,Laramie,wy-2026-primary|county|laramie|precinct-committeeman-2-2|rep,REP COMMITTEEMEN 2-02,Precinct Committeeman 2-2,county,,REP,REP,precinct,b9595aad2a5ced2707a252aaa59135acdaa96c8c2c5659b6ea6c65c7d5d40c42,2026-08-21T12:49:44Z,,county_summary_pdf_v1,1.1.5,1,verified,https://www.laramiecountywy.gov/County-Government/Elected-Officials/County-Clerk/Elections/Election-Results,,,county_complete,undervote,Laramie,,,,,,4320,,wy|laramie|wy-2026-primary|county_local_summary|b9595aad2a5ced2707a252aaa59135acdaa96c8c2c5659b6ea6c65c7d5d40c42|wy-2026-primary|county|laramie|precinct-committeeman-2-2|rep|undervote|undervote|Laramie|COUNTY
wy-2026-primary,wy|laramie|wy-2026-primary|county_local_summary,Laramie,wy-2026-primary|county|laramie|precinct-committeewoman-2-2|rep,REP COMMITTEEWOMEN 2-02,Precinct Committeewoman 2-2,county,,REP,REP,precinct,b9595aad2a5ced2707a252aaa59135acdaa96c8c2c5659b6ea6c65c7d5d40c42,2026-08-21T12:49:44Z,,county_summary_pdf_v1,1.1.5,1,verified,https://www.laramiecountywy.gov/County-Government/Elected-Officials/County-Clerk/Elections/Election-Results,,,county_complete,candidate,Laramie,,,KEREN MEISTER-EMERICH,KEREN MEISTER-EMERICH,,785,,wy|laramie|wy-2026-primary|county_local_summary|b9595aad2a5ced2707a252aaa59135acdaa96c8c2c5659b6ea6c65c7d5d40c42|wy-2026-primary|county|laramie|precinct-committeewoman-2-2|rep|candidate|KEREN MEISTER-EMERICH|Laramie|COUNTY
wy-2026-primary,wy|laramie|wy-2026-primary|county_local_summary,Laramie,wy-2026-primary|county|laramie|precinct-committeewoman-2-2|rep,REP COMMITTEEWOMEN 2-02,Precinct Committeewoman 2-2,county,,REP,REP,precinct,b9595aad2a5ced2707a252aaa59135acdaa96c8c2c5659b6ea6c65c7d5d40c42,2026-08-21T12:49:44Z,,county_summary_pdf_v1,1.1.5,1,verified,https://www.laramiecountywy.gov/County-Government/Elected-Officials/County-Clerk/Elections/Election-Results,,,county_complete,candidate,Laramie,,,LYNN BUDD,LYNN BUDD,,766,,wy|laramie|wy-2026-primary|county_local_summary|b9595aad2a5ced2707a252aaa59135acdaa96c8c2c5659b6ea6c65c7d5d40c42|wy-2026-primary|county|laramie|precinct-committeewoman-2-2|rep|candidate|LYNN BUDD|Laramie|COUNTY
wy-2026-primary,wy|laramie|wy-2026-primary|county_local_summary,Laramie,wy-2026-primary|county|laramie|precinct-committeewoman-2-2|rep,REP COMMITTEEWOMEN 2-02,Precinct Committeewoman 2-2,county,,REP,REP,precinct,b9595aad2a5ced2707a252aaa59135acdaa96c8c2c5659b6ea6c65c7d5d40c42,2026-08-21T12:49:44Z,,county_summary_pdf_v1,1.1.5,1,verified,https://www.laramiecountywy.gov/County-Government/Elected-Officials/County-Clerk/Elections/Election-Results,,,county_complete,candidate,Laramie,,,DEB MUTTER SHAMLEY,DEB MUTTER SHAMLEY,,706,,wy|laramie|wy-2026-primary|county_local_summary|b9595aad2a5ced2707a252aaa59135acdaa96c8c2c5659b6ea6c65c7d5d40c42|wy-2026-primary|county|laramie|precinct-committeewoman-2-2|rep|candidate|DEB MUTTER SHAMLEY|Laramie|COUNTY
wy-2026-primary,wy|laramie|wy-2026-primary|county_local_summary,Laramie,wy-2026-primary|county|laramie|precinct-committeewoman-2-2|rep,REP COMMITTEEWOMEN 2-02,Precinct Committeewoman 2-2,county,,REP,REP,precinct,b9595aad2a5ced2707a252aaa59135acdaa96c8c2c5659b6ea6c65c7d5d40c42,2026-08-21T12:49:44Z,,county_summary_pdf_v1,1.1.5,1,verified,https://www.laramiecountywy.gov/County-Government/Elected-Officials/County-Clerk/Elections/Election-Results,,,county_complete,candidate,Laramie,,,KATHY RUSSELL,KATHY RUSSELL,,669,,wy|laramie|wy-2026-primary|county_local_summary|b9595aad2a5ced2707a252aaa59135acdaa96c8c2c5659b6ea6c65c7d5d40c42|wy-2026-primary|county|laramie|precinct-committeewoman-2-2|rep|candidate|KATHY RUSSELL|Laramie|COUNTY
wy-2026-primary,wy|laramie|wy-2026-primary|county_local_summary,Laramie,wy-2026-primary|county|laramie|precinct-committeewoman-2-2|rep,REP COMMITTEEWOMEN 2-02,Precinct Committeewoman 2-2,county,,REP,REP,precinct,b9595aad2a5ced2707a252aaa59135acdaa96c8c2c5659b6ea6c65c7d5d40c42,2026-08-21T12:49:44Z,,county_summary_pdf_v1,1.1.5,1,verified,https://www.laramiecountywy.gov/County-Government/Elected-Officials/County-Clerk/Elections/Election-Results,,,county_complete,candidate,Laramie,,,BRIANA BENNETT,BRIANA BENNETT,,646,,wy|laramie|wy-2026-primary|county_local_summary|b9595aad2a5ced2707a252aaa59135acdaa96c8c2c5659b6ea6c65c7d5d40c42|wy-2026-primary|county|laramie|precinct-committeewoman-2-2|rep|candidate|BRIANA BENNETT|Laramie|COUNTY
wy-2026-primary,wy|laramie|wy-2026-primary|county_local_summary,Laramie,wy-2026-primary|county|laramie|precinct-committeewoman-2-2|rep,REP COMMITTEEWOMEN 2-02,Precinct Committeewoman 2-2,county,,REP,REP,precinct,b9595aad2a5ced2707a252aaa59135acdaa96c8c2c5659b6ea6c65c7d5d40c42,2026-08-21T12:49:44Z,,county_summary_pdf_v1,1.1.5,1,verified,https://www.laramiecountywy.gov/County-Government/Elected-Officials/County-Clerk/Elections/Election-Results,,,county_complete,write_in_aggregate,Laramie,,,,,,85,,wy|laramie|wy-2026-primary|county_local_summary|b9595aad2a5ced2707a252aaa59135acdaa96c8c2c5659b6ea6c65c7d5d40c42|wy-2026-primary|county|laramie|precinct-committeewoman-2-2|rep|write_in_aggregate|write_in_aggregate|Laramie|COUNTY
wy-2026-primary,wy|laramie|wy-2026-primary|county_local_summary,Laramie,wy-2026-primary|county|laramie|precinct-committeewoman-2-2|rep,REP COMMITTEEWOMEN 2-02,Precinct Committeewoman 2-2,county,,REP,REP,precinct,b9595aad2a5ced2707a252aaa59135acdaa96c8c2c5659b6ea6c65c7d5d40c42,2026-08-21T12:49:44Z,,county_summary_pdf_v1,1.1.5,1,verified,https://www.laramiecountywy.gov/County-Government/Elected-Officials/County-Clerk/Elections/Election-Results,,,county_complete,overvote,Laramie,,,,,,0,,wy|laramie|wy-2026-primary|county_local_summary|b9595aad2a5ced2707a252aaa59135acdaa96c8c2c5659b6ea6c65c7d5d40c42|wy-2026-primary|county|laramie|precinct-committeewoman-2-2|rep|overvote|overvote|Laramie|COUNTY
wy-2026-primary,wy|laramie|wy-2026-primary|county_local_summary,Laramie,wy-2026-primary|county|laramie|precinct-committeewoman-2-2|rep,REP COMMITTEEWOMEN 2-02,Precinct Committeewoman 2-2,county,,REP,REP,precinct,b9595aad2a5ced2707a252aaa59135acdaa96c8c2c5659b6ea6c65c7d5d40c42,2026-08-21T12:49:44Z,,county_summary_pdf_v1,1.1.5,1,verified,https://www.laramiecountywy.gov/County-Government/Elected-Officials/County-Clerk/Elections/Election-Results,,,county_complete,undervote,Laramie,,,,,,3981,,wy|laramie|wy-2026-primary|county_local_summary|b9595aad2a5ced2707a252aaa59135acdaa96c8c2c5659b6ea6c65c7d5d40c42|wy-2026-primary|county|laramie|precinct-committeewoman-2-2|rep|undervote|undervote|Laramie|COUNTY
wy-2026-primary,wy|laramie|wy-2026-primary|county_local_summary,Laramie,wy-2026-primary|county|laramie|precinct-committeeman-2-3|rep,REP COMMITTEEMEN 2-03,Precinct Committeeman 2-3,county,,REP,REP,precinct,b9595aad2a5ced2707a252aaa59135acdaa96c8c2c5659b6ea6c65c7d5d40c42,2026-08-21T12:49:44Z,,county_summary_pdf_v1,1.1.5,1,verified,https://www.laramiecountywy.gov/County-Government/Elected-Officials/County-Clerk/Elections/Election-Results,,,county_complete,candidate,Laramie,,,DAVID BUSH,DAVID BUSH,,300,,wy|laramie|wy-2026-primary|county_local_summary|b9595aad2a5ced2707a252aaa59135acdaa96c8c2c5659b6ea6c65c7d5d40c42|wy-2026-primary|county|laramie|precinct-committeeman-2-3|rep|candidate|DAVID BUSH|Laramie|COUNTY
wy-2026-primary,wy|laramie|wy-2026-primary|county_local_summary,Laramie,wy-2026-primary|county|laramie|precinct-committeeman-2-3|rep,REP COMMITTEEMEN 2-03,Precinct Committeeman 2-3,county,,REP,REP,precinct,b9595aad2a5ced2707a252aaa59135acdaa96c8c2c5659b6ea6c65c7d5d40c42,2026-08-21T12:49:44Z,,county_summary_pdf_v1,1.1.5,1,verified,https://www.laramiecountywy.gov/County-Government/Elected-Officials/County-Clerk/Elections/Election-Results,,,county_complete,candidate,Laramie,,,MIKE SMITH,MIKE SMITH,,282,,wy|laramie|wy-2026-primary|county_local_summary|b9595aad2a5ced2707a252aaa59135acdaa96c8c2c5659b6ea6c65c7d5d40c42|wy-2026-primary|county|laramie|precinct-committeeman-2-3|rep|candidate|MIKE SMITH|Laramie|COUNTY
wy-2026-primary,wy|laramie|wy-2026-primary|county_local_summary,Laramie,wy-2026-primary|county|laramie|precinct-committeeman-2-3|rep,REP COMMITTEEMEN 2-03,Precinct Committeeman 2-3,county,,REP,REP,precinct,b9595aad2a5ced2707a252aaa59135acdaa96c8c2c5659b6ea6c65c7d5d40c42,2026-08-21T12:49:44Z,,county_summary_pdf_v1,1.1.5,1,verified,https://www.laramiecountywy.gov/County-Government/Elected-Officials/County-Clerk/Elections/Election-Results,,,county_complete,candidate,Laramie,,,NOAH SCOTT,NOAH SCOTT,,172,,wy|laramie|wy-2026-primary|county_local_summary|b9595aad2a5ced2707a252aaa59135acdaa96c8c2c5659b6ea6c65c7d5d40c42|wy-2026-primary|county|laramie|precinct-committeeman-2-3|rep|candidate|NOAH SCOTT|Laramie|COUNTY
wy-2026-primary,wy|laramie|wy-2026-primary|county_local_summary,Laramie,wy-2026-primary|county|laramie|precinct-committeeman-2-3|rep,REP COMMITTEEMEN 2-03,Precinct Committeeman 2-3,county,,REP,REP,precinct,b9595aad2a5ced2707a252aaa59135acdaa96c8c2c5659b6ea6c65c7d5d40c42,2026-08-21T12:49:44Z,,county_summary_pdf_v1,1.1.5,1,verified,https://www.laramiecountywy.gov/County-Government/Elected-Officials/County-Clerk/Elections/Election-Results,,,county_complete,write_in_aggregate,Laramie,,,,,,11,,wy|laramie|wy-2026-primary|county_local_summary|b9595aad2a5ced2707a252aaa59135acdaa96c8c2c5659b6ea6c65c7d5d40c42|wy-2026-primary|county|laramie|precinct-committeeman-2-3|rep|write_in_aggregate|write_in_aggregate|Laramie|COUNTY
wy-2026-primary,wy|laramie|wy-2026-primary|county_local_summary,Laramie,wy-2026-primary|county|laramie|precinct-committeeman-2-3|rep,REP COMMITTEEMEN 2-03,Precinct Committeeman 2-3,county,,REP,REP,precinct,b9595aad2a5ced2707a252aaa59135acdaa96c8c2c5659b6ea6c65c7d5d40c42,2026-08-21T12:49:44Z,,county_summary_pdf_v1,1.1.5,1,verified,https://www.laramiecountywy.gov/County-Government/Elected-Officials/County-Clerk/Elections/Election-Results,,,county_complete,overvote,Laramie,,,,,,0,,wy|laramie|wy-2026-primary|county_local_summary|b9595aad2a5ced2707a252aaa59135acdaa96c8c2c5659b6ea6c65c7d5d40c42|wy-2026-primary|county|laramie|precinct-committeeman-2-3|rep|overvote|overvote|Laramie|COUNTY
wy-2026-primary,wy|laramie|wy-2026-primary|county_local_summary,Laramie,wy-2026-primary|county|laramie|precinct-committeeman-2-3|rep,REP COMMITTEEMEN 2-03,Precinct Committeeman 2-3,county,,REP,REP,precinct,b9595aad2a5ced2707a252aaa59135acdaa96c8c2c5659b6ea6c65c7d5d40c42,2026-08-21T12:49:44Z,,county_summary_pdf_v1,1.1.5,1,verified,https://www.laramiecountywy.gov/County-Government/Elected-Officials/County-Clerk/Elections/Election-Results,,,county_complete,undervote,Laramie,,,,,,347,,wy|laramie|wy-2026-primary|county_local_summary|b9595aad2a5ced2707a252aaa59135acdaa96c8c2c5659b6ea6c65c7d5d40c42|wy-2026-primary|county|laramie|precinct-committeeman-2-3|rep|undervote|undervote|Laramie|COUNTY
wy-2026-primary,wy|laramie|wy-2026-primary|county_local_summary,Laramie,wy-2026-primary|county|laramie|precinct-committeewoman-2-3|rep,REP COMMITTEEWOMEN 2-03,Precinct Committeewoman 2-3,county,,REP,REP,precinct,b9595aad2a5ced2707a252aaa59135acdaa96c8c2c5659b6ea6c65c7d5d40c42,2026-08-21T12:49:44Z,,county_summary_pdf_v1,1.1.5,1,verified,https://www.laramiecountywy.gov/County-Government/Elected-Officials/County-Clerk/Elections/Election-Results,,,county_complete,candidate,Laramie,,,SHEILA BUSH,SHEILA BUSH,,404,,wy|laramie|wy-2026-primary|county_local_summary|b9595aad2a5ced2707a252aaa59135acdaa96c8c2c5659b6ea6c65c7d5d40c42|wy-2026-primary|county|laramie|precinct-committeewoman-2-3|rep|candidate|SHEILA BUSH|Laramie|COUNTY
wy-2026-primary,wy|laramie|wy-2026-primary|county_local_summary,Laramie,wy-2026-primary|county|laramie|precinct-committeewoman-2-3|rep,REP COMMITTEEWOMEN 2-03,Precinct Committeewoman 2-3,county,,REP,REP,precinct,b9595aad2a5ced2707a252aaa59135acdaa96c8c2c5659b6ea6c65c7d5d40c42,2026-08-21T12:49:44Z,,county_summary_pdf_v1,1.1.5,1,verified,https://www.laramiecountywy.gov/County-Government/Elected-Officials/County-Clerk/Elections/Election-Results,,,county_complete,candidate,Laramie,,,LYNN A STOREY-HUYLAR,LYNN A STOREY-HUYLAR,,365,,wy|laramie|wy-2026-primary|county_local_summary|b9595aad2a5ced2707a252aaa59135acdaa96c8c2c5659b6ea6c65c7d5d40c42|wy-2026-primary|county|laramie|precinct-committeewoman-2-3|rep|candidate|LYNN A STOREY-HUYLAR|Laramie|COUNTY
wy-2026-primary,wy|laramie|wy-2026-primary|county_local_summary,Laramie,wy-2026-primary|county|laramie|precinct-committeewoman-2-3|rep,REP COMMITTEEWOMEN 2-03,Precinct Committeewoman 2-3,county,,REP,REP,precinct,b9595aad2a5ced2707a252aaa59135acdaa96c8c2c5659b6ea6c65c7d5d40c42,2026-08-21T12:49:44Z,,county_summary_pdf_v1,1.1.5,1,verified,https://www.laramiecountywy.gov/County-Government/Elected-Officials/County-Clerk/Elections/Election-Results,,,county_complete,write_in_aggregate,Laramie,,,,,,13,,wy|laramie|wy-2026-primary|county_local_summary|b9595aad2a5ced2707a252aaa59135acdaa96c8c2c5659b6ea6c65c7d5d40c42|wy-2026-primary|county|laramie|precinct-committeewoman-2-3|rep|write_in_aggregate|write_in_aggregate|Laramie|COUNTY
wy-2026-primary,wy|laramie|wy-2026-primary|county_local_summary,Laramie,wy-2026-primary|county|laramie|precinct-committeewoman-2-3|rep,REP COMMITTEEWOMEN 2-03,Precinct Committeewoman 2-3,county,,REP,REP,precinct,b9595aad2a5ced2707a252aaa59135acdaa96c8c2c5659b6ea6c65c7d5d40c42,2026-08-21T12:49:44Z,,county_summary_pdf_v1,1.1.5,1,verified,https://www.laramiecountywy.gov/County-Government/Elected-Officials/County-Clerk/Elections/Election-Results,,,county_complete,overvote,Laramie,,,,,,0,,wy|laramie|wy-2026-primary|county_local_summary|b9595aad2a5ced2707a252aaa59135acdaa96c8c2c5659b6ea6c65c7d5d40c42|wy-2026-primary|county|laramie|precinct-committeewoman-2-3|rep|overvote|overvote|Laramie|COUNTY
wy-2026-primary,wy|laramie|wy-2026-primary|county_local_summary,Laramie,wy-2026-primary|county|laramie|precinct-committeewoman-2-3|rep,REP COMMITTEEWOMEN 2-03,Precinct Committeewoman 2-3,county,,REP,REP,precinct,b9595aad2a5ced2707a252aaa59135acdaa96c8c2c5659b6ea6c65c7d5d40c42,2026-08-21T12:49:44Z,,county_summary_pdf_v1,1.1.5,1,verified,https://www.laramiecountywy.gov/County-Government/Elected-Officials/County-Clerk/Elections/Election-Results,,,county_complete,undervote,Laramie,,,,,,330,,wy|laramie|wy-2026-primary|county_local_summary|b9595aad2a5ced2707a252aaa59135acdaa96c8c2c5659b6ea6c65c7d5d40c42|wy-2026-primary|county|laramie|precinct-committeewoman-2-3|rep|undervote|undervote|Laramie|COUNTY
wy-2026-primary,wy|laramie|wy-2026-primary|county_local_summary,Laramie,wy-2026-primary|county|laramie|precinct-committeeman-2-4|rep,REP COMMITTEEMEN 2-04,Precinct Committeeman 2-4,county,,REP,REP,precinct,b9595aad2a5ced2707a252aaa59135acdaa96c8c2c5659b6ea6c65c7d5d40c42,2026-08-21T12:49:44Z,,county_summary_pdf_v1,1.1.5,1,verified,https://www.laramiecountywy.gov/County-Government/Elected-Officials/County-Clerk/Elections/Election-Results,,,county_complete,candidate,Laramie,,,WILLIAM M. PATTERSON,WILLIAM M. PATTERSON,,501,,wy|laramie|wy-2026-primary|county_local_summary|b9595aad2a5ced2707a252aaa59135acdaa96c8c2c5659b6ea6c65c7d5d40c42|wy-2026-primary|county|laramie|precinct-committeeman-2-4|rep|candidate|WILLIAM M. PATTERSON|Laramie|COUNTY
wy-2026-primary,wy|laramie|wy-2026-primary|county_local_summary,Laramie,wy-2026-primary|county|laramie|precinct-committeeman-2-4|rep,REP COMMITTEEMEN 2-04,Precinct Committeeman 2-4,county,,REP,REP,precinct,b9595aad2a5ced2707a252aaa59135acdaa96c8c2c5659b6ea6c65c7d5d40c42,2026-08-21T12:49:44Z,,county_summary_pdf_v1,1.1.5,1,verified,https://www.laramiecountywy.gov/County-Government/Elected-Officials/County-Clerk/Elections/Election-Results,,,county_complete,candidate,Laramie,,,DALLAS W. TYRRELL,DALLAS W. TYRRELL,,489,,wy|laramie|wy-2026-primary|county_local_summary|b9595aad2a5ced2707a252aaa59135acdaa96c8c2c5659b6ea6c65c7d5d40c42|wy-2026-primary|county|laramie|precinct-committeeman-2-4|rep|candidate|DALLAS W. TYRRELL|Laramie|COUNTY
wy-2026-primary,wy|laramie|wy-2026-primary|county_local_summary,Laramie,wy-2026-primary|county|laramie|precinct-committeeman-2-4|rep,REP COMMITTEEMEN 2-04,Precinct Committeeman 2-4,county,,REP,REP,precinct,b9595aad2a5ced2707a252aaa59135acdaa96c8c2c5659b6ea6c65c7d5d40c42,2026-08-21T12:49:44Z,,county_summary_pdf_v1,1.1.5,1,verified,https://www.laramiecountywy.gov/County-Government/Elected-Officials/County-Clerk/Elections/Election-Results,,,county_complete,write_in_aggregate,Laramie,,,,,,77,,wy|laramie|wy-2026-primary|county_local_summary|b9595aad2a5ced2707a252aaa59135acdaa96c8c2c5659b6ea6c65c7d5d40c42|wy-2026-primary|county|laramie|precinct-committeeman-2-4|rep|write_in_aggregate|write_in_aggregate|Laramie|COUNTY
wy-2026-primary,wy|laramie|wy-2026-primary|county_local_summary,Laramie,wy-2026-primary|county|laramie|precinct-committeeman-2-4|rep,REP COMMITTEEMEN 2-04,Precinct Committeeman 2-4,county,,REP,REP,precinct,b9595aad2a5ced2707a252aaa59135acdaa96c8c2c5659b6ea6c65c7d5d40c42,2026-08-21T12:49:44Z,,county_summary_pdf_v1,1.1.5,1,verified,https://www.laramiecountywy.gov/County-Government/Elected-Officials/County-Clerk/Elections/Election-Results,,,county_complete,overvote,Laramie,,,,,,0,,wy|laramie|wy-2026-primary|county_local_summary|b9595aad2a5ced2707a252aaa59135acdaa96c8c2c5659b6ea6c65c7d5d40c42|wy-2026-primary|county|laramie|precinct-committeeman-2-4|rep|overvote|overvote|Laramie|COUNTY
wy-2026-primary,wy|laramie|wy-2026-primary|county_local_summary,Laramie,wy-2026-primary|county|laramie|precinct-committeeman-2-4|rep,REP COMMITTEEMEN 2-04,Precinct Committeeman 2-4,county,,REP,REP,precinct,b9595aad2a5ced2707a252aaa59135acdaa96c8c2c5659b6ea6c65c7d5d40c42,2026-08-21T12:49:44Z,,county_summary_pdf_v1,1.1.5,1,verified,https://www.laramiecountywy.gov/County-Government/Elected-Officials/County-Clerk/Elections/Election-Results,,,county_complete,undervote,Laramie,,,,,,1186,,wy|laramie|wy-2026-primary|county_local_summary|b9595aad2a5ced2707a252aaa59135acdaa96c8c2c5659b6ea6c65c7d5d40c42|wy-2026-primary|county|laramie|precinct-committeeman-2-4|rep|undervote|undervote|Laramie|COUNTY
wy-2026-primary,wy|laramie|wy-2026-primary|county_local_summary,Laramie,wy-2026-primary|county|laramie|precinct-committeewoman-2-4|rep,REP COMMITTEEWOMEN 2-04,Precinct Committeewoman 2-4,county,,REP,REP,precinct,b9595aad2a5ced2707a252aaa59135acdaa96c8c2c5659b6ea6c65c7d5d40c42,2026-08-21T12:49:44Z,,county_summary_pdf_v1,1.1.5,1,verified,https://www.laramiecountywy.gov/County-Government/Elected-Officials/County-Clerk/Elections/Election-Results,,,county_complete,write_in_aggregate,Laramie,,,,,,140,,wy|laramie|wy-2026-primary|county_local_summary|b9595aad2a5ced2707a252aaa59135acdaa96c8c2c5659b6ea6c65c7d5d40c42|wy-2026-primary|county|laramie|precinct-committeewoman-2-4|rep|write_in_aggregate|write_in_aggregate|Laramie|COUNTY
wy-2026-primary,wy|laramie|wy-2026-primary|county_local_summary,Laramie,wy-2026-primary|county|laramie|precinct-committeewoman-2-4|rep,REP COMMITTEEWOMEN 2-04,Precinct Committeewoman 2-4,county,,REP,REP,precinct,b9595aad2a5ced2707a252aaa59135acdaa96c8c2c5659b6ea6c65c7d5d40c42,2026-08-21T12:49:44Z,,county_summary_pdf_v1,1.1.5,1,verified,https://www.laramiecountywy.gov/County-Government/Elected-Officials/County-Clerk/Elections/Election-Results,,,county_complete,overvote,Laramie,,,,,,0,,wy|laramie|wy-2026-primary|county_local_summary|b9595aad2a5ced2707a252aaa59135acdaa96c8c2c5659b6ea6c65c7d5d40c42|wy-2026-primary|county|laramie|precinct-committeewoman-2-4|rep|overvote|overvote|Laramie|COUNTY
wy-2026-primary,wy|laramie|wy-2026-primary|county_local_summary,Laramie,wy-2026-primary|county|laramie|precinct-committeewoman-2-4|rep,REP COMMITTEEWOMEN 2-04,Precinct Committeewoman 2-4,county,,REP,REP,precinct,b9595aad2a5ced2707a252aaa59135acdaa96c8c2c5659b6ea6c65c7d5d40c42,2026-08-21T12:49:44Z,,county_summary_pdf_v1,1.1.5,1,verified,https://www.laramiecountywy.gov/County-Government/Elected-Officials/County-Clerk/Elections/Election-Results,,,county_complete,undervote,Laramie,,,,,,2113,,wy|laramie|wy-2026-primary|county_local_summary|b9595aad2a5ced2707a252aaa59135acdaa96c8c2c5659b6ea6c65c7d5d40c42|wy-2026-primary|county|laramie|precinct-committeewoman-2-4|rep|undervote|undervote|Laramie|COUNTY
wy-2026-primary,wy|laramie|wy-2026-primary|county_local_summary,Laramie,wy-2026-primary|county|laramie|precinct-committeeman-2-5|rep,REP COMMITTEEMEN 2-05,Precinct Committeeman 2-5,county,,REP,REP,precinct,b9595aad2a5ced2707a252aaa59135acdaa96c8c2c5659b6ea6c65c7d5d40c42,2026-08-21T12:49:44Z,,county_summary_pdf_v1,1.1.5,1,verified,https://www.laramiecountywy.gov/County-Government/Elected-Officials/County-Clerk/Elections/Election-Results,,,county_complete,write_in_aggregate,Laramie,,,,,,7,,wy|laramie|wy-2026-primary|county_local_summary|b9595aad2a5ced2707a252aaa59135acdaa96c8c2c5659b6ea6c65c7d5d40c42|wy-2026-primary|county|laramie|precinct-committeeman-2-5|rep|write_in_aggregate|write_in_aggregate|Laramie|COUNTY
wy-2026-primary,wy|laramie|wy-2026-primary|county_local_summary,Laramie,wy-2026-primary|county|laramie|precinct-committeeman-2-5|rep,REP COMMITTEEMEN 2-05,Precinct Committeeman 2-5,county,,REP,REP,precinct,b9595aad2a5ced2707a252aaa59135acdaa96c8c2c5659b6ea6c65c7d5d40c42,2026-08-21T12:49:44Z,,county_summary_pdf_v1,1.1.5,1,verified,https://www.laramiecountywy.gov/County-Government/Elected-Officials/County-Clerk/Elections/Election-Results,,,county_complete,overvote,Laramie,,,,,,0,,wy|laramie|wy-2026-primary|county_local_summary|b9595aad2a5ced2707a252aaa59135acdaa96c8c2c5659b6ea6c65c7d5d40c42|wy-2026-primary|county|laramie|precinct-committeeman-2-5|rep|overvote|overvote|Laramie|COUNTY
wy-2026-primary,wy|laramie|wy-2026-primary|county_local_summary,Laramie,wy-2026-primary|county|laramie|precinct-committeeman-2-5|rep,REP COMMITTEEMEN 2-05,Precinct Committeeman 2-5,county,,REP,REP,precinct,b9595aad2a5ced2707a252aaa59135acdaa96c8c2c5659b6ea6c65c7d5d40c42,2026-08-21T12:49:44Z,,county_summary_pdf_v1,1.1.5,1,verified,https://www.laramiecountywy.gov/County-Government/Elected-Officials/County-Clerk/Elections/Election-Results,,,county_complete,undervote,Laramie,,,,,,68,,wy|laramie|wy-2026-primary|county_local_summary|b9595aad2a5ced2707a252aaa59135acdaa96c8c2c5659b6ea6c65c7d5d40c42|wy-2026-primary|county|laramie|precinct-committeeman-2-5|rep|undervote|undervote|Laramie|COUNTY
wy-2026-primary,wy|laramie|wy-2026-primary|county_local_summary,Laramie,wy-2026-primary|county|laramie|precinct-committeewoman-2-5|rep,REP COMMITTEEWOMEN 2-05,Precinct Committeewoman 2-5,county,,REP,REP,precinct,b9595aad2a5ced2707a252aaa59135acdaa96c8c2c5659b6ea6c65c7d5d40c42,2026-08-21T12:49:44Z,,county_summary_pdf_v1,1.1.5,1,verified,https://www.laramiecountywy.gov/County-Government/Elected-Officials/County-Clerk/Elections/Election-Results,,,county_complete,write_in_aggregate,Laramie,,,,,,6,,wy|laramie|wy-2026-primary|county_local_summary|b9595aad2a5ced2707a252aaa59135acdaa96c8c2c5659b6ea6c65c7d5d40c42|wy-2026-primary|county|laramie|precinct-committeewoman-2-5|rep|write_in_aggregate|write_in_aggregate|Laramie|COUNTY
wy-2026-primary,wy|laramie|wy-2026-primary|county_local_summary,Laramie,wy-2026-primary|county|laramie|precinct-committeewoman-2-5|rep,REP COMMITTEEWOMEN 2-05,Precinct Committeewoman 2-5,county,,REP,REP,precinct,b9595aad2a5ced2707a252aaa59135acdaa96c8c2c5659b6ea6c65c7d5d40c42,2026-08-21T12:49:44Z,,county_summary_pdf_v1,1.1.5,1,verified,https://www.laramiecountywy.gov/County-Government/Elected-Officials/County-Clerk/Elections/Election-Results,,,county_complete,overvote,Laramie,,,,,,0,,wy|laramie|wy-2026-primary|county_local_summary|b9595aad2a5ced2707a252aaa59135acdaa96c8c2c5659b6ea6c65c7d5d40c42|wy-2026-primary|county|laramie|precinct-committeewoman-2-5|rep|overvote|overvote|Laramie|COUNTY
wy-2026-primary,wy|laramie|wy-2026-primary|county_local_summary,Laramie,wy-2026-primary|county|laramie|precinct-committeewoman-2-5|rep,REP COMMITTEEWOMEN 2-05,Precinct Committeewoman 2-5,county,,REP,REP,precinct,b9595aad2a5ced2707a252aaa59135acdaa96c8c2c5659b6ea6c65c7d5d40c42,2026-08-21T12:49:44Z,,county_summary_pdf_v1,1.1.5,1,verified,https://www.laramiecountywy.gov/County-Government/Elected-Officials/County-Clerk/Elections/Election-Results,,,county_complete,undervote,Laramie,,,,,,69,,wy|laramie|wy-2026-primary|county_local_summary|b9595aad2a5ced2707a252aaa59135acdaa96c8c2c5659b6ea6c65c7d5d40c42|wy-2026-primary|county|laramie|precinct-committeewoman-2-5|rep|undervote|undervote|Laramie|COUNTY
wy-2026-primary,wy|laramie|wy-2026-primary|county_local_summary,Laramie,wy-2026-primary|county|laramie|precinct-committeeman-2-6|rep,REP COMMITTEEMEN 2-06,Precinct Committeeman 2-6,county,,REP,REP,precinct,b9595aad2a5ced2707a252aaa59135acdaa96c8c2c5659b6ea6c65c7d5d40c42,2026-08-21T12:49:44Z,,county_summary_pdf_v1,1.1.5,1,verified,https://www.laramiecountywy.gov/County-Government/Elected-Officials/County-Clerk/Elections/Election-Results,,,county_complete,candidate,Laramie,,,MARK RINNE,MARK RINNE,,708,,wy|laramie|wy-2026-primary|county_local_summary|b9595aad2a5ced2707a252aaa59135acdaa96c8c2c5659b6ea6c65c7d5d40c42|wy-2026-primary|county|laramie|precinct-committeeman-2-6|rep|candidate|MARK RINNE|Laramie|COUNTY
wy-2026-primary,wy|laramie|wy-2026-primary|county_local_summary,Laramie,wy-2026-primary|county|laramie|precinct-committeeman-2-6|rep,REP COMMITTEEMEN 2-06,Precinct Committeeman 2-6,county,,REP,REP,precinct,b9595aad2a5ced2707a252aaa59135acdaa96c8c2c5659b6ea6c65c7d5d40c42,2026-08-21T12:49:44Z,,county_summary_pdf_v1,1.1.5,1,verified,https://www.laramiecountywy.gov/County-Government/Elected-Officials/County-Clerk/Elections/Election-Results,,,county_complete,candidate,Laramie,,,TOM GARRISON,TOM GARRISON,,696,,wy|laramie|wy-2026-primary|county_local_summary|b9595aad2a5ced2707a252aaa59135acdaa96c8c2c5659b6ea6c65c7d5d40c42|wy-2026-primary|county|laramie|precinct-committeeman-2-6|rep|candidate|TOM GARRISON|Laramie|COUNTY
wy-2026-primary,wy|laramie|wy-2026-primary|county_local_summary,Laramie,wy-2026-primary|county|laramie|precinct-committeeman-2-6|rep,REP COMMITTEEMEN 2-06,Precinct Committeeman 2-6,county,,REP,REP,precinct,b9595aad2a5ced2707a252aaa59135acdaa96c8c2c5659b6ea6c65c7d5d40c42,2026-08-21T12:49:44Z,,county_summary_pdf_v1,1.1.5,1,verified,https://www.laramiecountywy.gov/County-Government/Elected-Officials/County-Clerk/Elections/Election-Results,,,county_complete,write_in_aggregate,Laramie,,,,,,196,,wy|laramie|wy-2026-primary|county_local_summary|b9595aad2a5ced2707a252aaa59135acdaa96c8c2c5659b6ea6c65c7d5d40c42|wy-2026-primary|county|laramie|precinct-committeeman-2-6|rep|write_in_aggregate|write_in_aggregate|Laramie|COUNTY
wy-2026-primary,wy|laramie|wy-2026-primary|county_local_summary,Laramie,wy-2026-primary|county|laramie|precinct-committeeman-2-6|rep,REP COMMITTEEMEN 2-06,Precinct Committeeman 2-6,county,,REP,REP,precinct,b9595aad2a5ced2707a252aaa59135acdaa96c8c2c5659b6ea6c65c7d5d40c42,2026-08-21T12:49:44Z,,county_summary_pdf_v1,1.1.5,1,verified,https://www.laramiecountywy.gov/County-Government/Elected-Officials/County-Clerk/Elections/Election-Results,,,county_complete,overvote,Laramie,,,,,,0,,wy|laramie|wy-2026-primary|county_local_summary|b9595aad2a5ced2707a252aaa59135acdaa96c8c2c5659b6ea6c65c7d5d40c42|wy-2026-primary|county|laramie|precinct-committeeman-2-6|rep|overvote|overvote|Laramie|COUNTY
wy-2026-primary,wy|laramie|wy-2026-primary|county_local_summary,Laramie,wy-2026-primary|county|laramie|precinct-committeeman-2-6|rep,REP COMMITTEEMEN 2-06,Precinct Committeeman 2-6,county,,REP,REP,precinct,b9595aad2a5ced2707a252aaa59135acdaa96c8c2c5659b6ea6c65c7d5d40c42,2026-08-21T12:49:44Z,,county_summary_pdf_v1,1.1.5,1,verified,https://www.laramiecountywy.gov/County-Government/Elected-Officials/County-Clerk/Elections/Election-Results,,,county_complete,undervote,Laramie,,,,,,3345,,wy|laramie|wy-2026-primary|county_local_summary|b9595aad2a5ced2707a252aaa59135acdaa96c8c2c5659b6ea6c65c7d5d40c42|wy-2026-primary|county|laramie|precinct-committeeman-2-6|rep|undervote|undervote|Laramie|COUNTY
wy-2026-primary,wy|laramie|wy-2026-primary|county_local_summary,Laramie,wy-2026-primary|county|laramie|precinct-committeewoman-2-6|rep,REP COMMITTEEWOMEN 2-06,Precinct Committeewoman 2-6,county,,REP,REP,precinct,b9595aad2a5ced2707a252aaa59135acdaa96c8c2c5659b6ea6c65c7d5d40c42,2026-08-21T12:49:44Z,,county_summary_pdf_v1,1.1.5,1,verified,https://www.laramiecountywy.gov/County-Government/Elected-Officials/County-Clerk/Elections/Election-Results,,,county_complete,candidate,Laramie,,,KYLIE DORR,KYLIE DORR,,676,,wy|laramie|wy-2026-primary|county_local_summary|b9595aad2a5ced2707a252aaa59135acdaa96c8c2c5659b6ea6c65c7d5d40c42|wy-2026-primary|county|laramie|precinct-committeewoman-2-6|rep|candidate|KYLIE DORR|Laramie|COUNTY
wy-2026-primary,wy|laramie|wy-2026-primary|county_local_summary,Laramie,wy-2026-primary|county|laramie|precinct-committeewoman-2-6|rep,REP COMMITTEEWOMEN 2-06,Precinct Committeewoman 2-6,county,,REP,REP,precinct,b9595aad2a5ced2707a252aaa59135acdaa96c8c2c5659b6ea6c65c7d5d40c42,2026-08-21T12:49:44Z,,county_summary_pdf_v1,1.1.5,1,verified,https://www.laramiecountywy.gov/County-Government/Elected-Officials/County-Clerk/Elections/Election-Results,,,county_complete,candidate,Laramie,,,LORRAINE QUARBERG,LORRAINE QUARBERG,,656,,wy|laramie|wy-2026-primary|county_local_summary|b9595aad2a5ced2707a252aaa59135acdaa96c8c2c5659b6ea6c65c7d5d40c42|wy-2026-primary|county|laramie|precinct-committeewoman-2-6|rep|candidate|LORRAINE QUARBERG|Laramie|COUNTY
wy-2026-primary,wy|laramie|wy-2026-primary|county_local_summary,Laramie,wy-2026-primary|county|laramie|precinct-committeewoman-2-6|rep,REP COMMITTEEWOMEN 2-06,Precinct Committeewoman 2-6,county,,REP,REP,precinct,b9595aad2a5ced2707a252aaa59135acdaa96c8c2c5659b6ea6c65c7d5d40c42,2026-08-21T12:49:44Z,,county_summary_pdf_v1,1.1.5,1,verified,https://www.laramiecountywy.gov/County-Government/Elected-Officials/County-Clerk/Elections/Election-Results,,,county_complete,write_in_aggregate,Laramie,,,,,,155,,wy|laramie|wy-2026-primary|county_local_summary|b9595aad2a5ced2707a252aaa59135acdaa96c8c2c5659b6ea6c65c7d5d40c42|wy-2026-primary|county|laramie|precinct-committeewoman-2-6|rep|write_in_aggregate|write_in_aggregate|Laramie|COUNTY
wy-2026-primary,wy|laramie|wy-2026-primary|county_local_summary,Laramie,wy-2026-primary|county|laramie|precinct-committeewoman-2-6|rep,REP COMMITTEEWOMEN 2-06,Precinct Committeewoman 2-6,county,,REP,REP,precinct,b9595aad2a5ced2707a252aaa59135acdaa96c8c2c5659b6ea6c65c7d5d40c42,2026-08-21T12:49:44Z,,county_summary_pdf_v1,1.1.5,1,verified,https://www.laramiecountywy.gov/County-Government/Elected-Officials/County-Clerk/Elections/Election-Results,,,county_complete,overvote,Laramie,,,,,,0,,wy|laramie|wy-2026-primary|county_local_summary|b9595aad2a5ced2707a252aaa59135acdaa96c8c2c5659b6ea6c65c7d5d40c42|wy-2026-primary|county|laramie|precinct-committeewoman-2-6|rep|overvote|overvote|Laramie|COUNTY
wy-2026-primary,wy|laramie|wy-2026-primary|county_local_summary,Laramie,wy-2026-primary|county|laramie|precinct-committeewoman-2-6|rep,REP COMMITTEEWOMEN 2-06,Precinct Committeewoman 2-6,county,,REP,REP,precinct,b9595aad2a5ced2707a252aaa59135acdaa96c8c2c5659b6ea6c65c7d5d40c42,2026-08-21T12:49:44Z,,county_summary_pdf_v1,1.1.5,1,verified,https://www.laramiecountywy.gov/County-Government/Elected-Officials/County-Clerk/Elections/Election-Results,,,county_complete,undervote,Laramie,,,,,,3458,,wy|laramie|wy-2026-primary|county_local_summary|b9595aad2a5ced2707a252aaa59135acdaa96c8c2c5659b6ea6c65c7d5d40c42|wy-2026-primary|county|laramie|precinct-committeewoman-2-6|rep|undervote|undervote|Laramie|COUNTY
wy-2026-primary,wy|laramie|wy-2026-primary|county_local_summary,Laramie,wy-2026-primary|county|laramie|precinct-committeeman-2-7|rep,REP COMMITTEEMEN 2-07,Precinct Committeeman 2-7,county,,REP,REP,precinct,b9595aad2a5ced2707a252aaa59135acdaa96c8c2c5659b6ea6c65c7d5d40c42,2026-08-21T12:49:44Z,,county_summary_pdf_v1,1.1.5,1,verified,https://www.laramiecountywy.gov/County-Government/Elected-Officials/County-Clerk/Elections/Election-Results,,,county_complete,candidate,Laramie,,,LEONARD MOSHER,LEONARD MOSHER,,570,,wy|laramie|wy-2026-primary|county_local_summary|b9595aad2a5ced2707a252aaa59135acdaa96c8c2c5659b6ea6c65c7d5d40c42|wy-2026-primary|county|laramie|precinct-committeeman-2-7|rep|candidate|LEONARD MOSHER|Laramie|COUNTY
wy-2026-primary,wy|laramie|wy-2026-primary|county_local_summary,Laramie,wy-2026-primary|county|laramie|precinct-committeeman-2-7|rep,REP COMMITTEEMEN 2-07,Precinct Committeeman 2-7,county,,REP,REP,precinct,b9595aad2a5ced2707a252aaa59135acdaa96c8c2c5659b6ea6c65c7d5d40c42,2026-08-21T12:49:44Z,,county_summary_pdf_v1,1.1.5,1,verified,https://www.laramiecountywy.gov/County-Government/Elected-Officials/County-Clerk/Elections/Election-Results,,,county_complete,candidate,Laramie,,,"EXIE R. BROWN, JR.","EXIE R. BROWN, JR.",,477,,"wy|laramie|wy-2026-primary|county_local_summary|b9595aad2a5ced2707a252aaa59135acdaa96c8c2c5659b6ea6c65c7d5d40c42|wy-2026-primary|county|laramie|precinct-committeeman-2-7|rep|candidate|EXIE R. BROWN, JR.|Laramie|COUNTY"
wy-2026-primary,wy|laramie|wy-2026-primary|county_local_summary,Laramie,wy-2026-primary|county|laramie|precinct-committeeman-2-7|rep,REP COMMITTEEMEN 2-07,Precinct Committeeman 2-7,county,,REP,REP,precinct,b9595aad2a5ced2707a252aaa59135acdaa96c8c2c5659b6ea6c65c7d5d40c42,2026-08-21T12:49:44Z,,county_summary_pdf_v1,1.1.5,1,verified,https://www.laramiecountywy.gov/County-Government/Elected-Officials/County-Clerk/Elections/Election-Results,,,county_complete,write_in_aggregate,Laramie,,,,,,165,,wy|laramie|wy-2026-primary|county_local_summary|b9595aad2a5ced2707a252aaa59135acdaa96c8c2c5659b6ea6c65c7d5d40c42|wy-2026-primary|county|laramie|precinct-committeeman-2-7|rep|write_in_aggregate|write_in_aggregate|Laramie|COUNTY
wy-2026-primary,wy|laramie|wy-2026-primary|county_local_summary,Laramie,wy-2026-primary|county|laramie|precinct-committeeman-2-7|rep,REP COMMITTEEMEN 2-07,Precinct Committeeman 2-7,county,,REP,REP,precinct,b9595aad2a5ced2707a252aaa59135acdaa96c8c2c5659b6ea6c65c7d5d40c42,2026-08-21T12:49:44Z,,county_summary_pdf_v1,1.1.5,1,verified,https://www.laramiecountywy.gov/County-Government/Elected-Officials/County-Clerk/Elections/Election-Results,,,county_complete,overvote,Laramie,,,,,,0,,wy|laramie|wy-2026-primary|county_local_summary|b9595aad2a5ced2707a252aaa59135acdaa96c8c2c5659b6ea6c65c7d5d40c42|wy-2026-primary|county|laramie|precinct-committeeman-2-7|rep|overvote|overvote|Laramie|COUNTY
wy-2026-primary,wy|laramie|wy-2026-primary|county_local_summary,Laramie,wy-2026-primary|county|laramie|precinct-committeeman-2-7|rep,REP COMMITTEEMEN 2-07,Precinct Committeeman 2-7,county,,REP,REP,precinct,b9595aad2a5ced2707a252aaa59135acdaa96c8c2c5659b6ea6c65c7d5d40c42,2026-08-21T12:49:44Z,,county_summary_pdf_v1,1.1.5,1,verified,https://www.laramiecountywy.gov/County-Government/Elected-Officials/County-Clerk/Elections/Election-Results,,,county_complete,undervote,Laramie,,,,,,2028,,wy|laramie|wy-2026-primary|county_local_summary|b9595aad2a5ced2707a252aaa59135acdaa96c8c2c5659b6ea6c65c7d5d40c42|wy-2026-primary|county|laramie|precinct-committeeman-2-7|rep|undervote|undervote|Laramie|COUNTY
wy-2026-primary,wy|laramie|wy-2026-primary|county_local_summary,Laramie,wy-2026-primary|county|laramie|precinct-committeewoman-2-7|rep,REP COMMITTEEWOMEN 2-07,Precinct Committeewoman 2-7,county,,REP,REP,precinct,b9595aad2a5ced2707a252aaa59135acdaa96c8c2c5659b6ea6c65c7d5d40c42,2026-08-21T12:49:44Z,,county_summary_pdf_v1,1.1.5,1,verified,https://www.laramiecountywy.gov/County-Government/Elected-Officials/County-Clerk/Elections/Election-Results,,,county_complete,candidate,Laramie,,,KAYLIE BROWN,KAYLIE BROWN,,544,,wy|laramie|wy-2026-primary|county_local_summary|b9595aad2a5ced2707a252aaa59135acdaa96c8c2c5659b6ea6c65c7d5d40c42|wy-2026-primary|county|laramie|precinct-committeewoman-2-7|rep|candidate|KAYLIE BROWN|Laramie|COUNTY
wy-2026-primary,wy|laramie|wy-2026-primary|county_local_summary,Laramie,wy-2026-primary|county|laramie|precinct-committeewoman-2-7|rep,REP COMMITTEEWOMEN 2-07,Precinct Committeewoman 2-7,county,,REP,REP,precinct,b9595aad2a5ced2707a252aaa59135acdaa96c8c2c5659b6ea6c65c7d5d40c42,2026-08-21T12:49:44Z,,county_summary_pdf_v1,1.1.5,1,verified,https://www.laramiecountywy.gov/County-Government/Elected-Officials/County-Clerk/Elections/Election-Results,,,county_complete,candidate,Laramie,,,CHRISTINA K. BROWN,CHRISTINA K. BROWN,,543,,wy|laramie|wy-2026-primary|county_local_summary|b9595aad2a5ced2707a252aaa59135acdaa96c8c2c5659b6ea6c65c7d5d40c42|wy-2026-primary|county|laramie|precinct-committeewoman-2-7|rep|candidate|CHRISTINA K. BROWN|Laramie|COUNTY
wy-2026-primary,wy|laramie|wy-2026-primary|county_local_summary,Laramie,wy-2026-primary|county|laramie|precinct-committeewoman-2-7|rep,REP COMMITTEEWOMEN 2-07,Precinct Committeewoman 2-7,county,,REP,REP,precinct,b9595aad2a5ced2707a252aaa59135acdaa96c8c2c5659b6ea6c65c7d5d40c42,2026-08-21T12:49:44Z,,county_summary_pdf_v1,1.1.5,1,verified,https://www.laramiecountywy.gov/County-Government/Elected-Officials/County-Clerk/Elections/Election-Results,,,county_complete,write_in_aggregate,Laramie,,,,,,133,,wy|laramie|wy-2026-primary|county_local_summary|b9595aad2a5ced2707a252aaa59135acdaa96c8c2c5659b6ea6c65c7d5d40c42|wy-2026-primary|county|laramie|precinct-committeewoman-2-7|rep|write_in_aggregate|write_in_aggregate|Laramie|COUNTY
wy-2026-primary,wy|laramie|wy-2026-primary|county_local_summary,Laramie,wy-2026-primary|county|laramie|precinct-committeewoman-2-7|rep,REP COMMITTEEWOMEN 2-07,Precinct Committeewoman 2-7,county,,REP,REP,precinct,b9595aad2a5ced2707a252aaa59135acdaa96c8c2c5659b6ea6c65c7d5d40c42,2026-08-21T12:49:44Z,,county_summary_pdf_v1,1.1.5,1,verified,https://www.laramiecountywy.gov/County-Government/Elected-Officials/County-Clerk/Elections/Election-Results,,,county_complete,overvote,Laramie,,,,,,0,,wy|laramie|wy-2026-primary|county_local_summary|b9595aad2a5ced2707a252aaa59135acdaa96c8c2c5659b6ea6c65c7d5d40c42|wy-2026-primary|county|laramie|precinct-committeewoman-2-7|rep|overvote|overvote|Laramie|COUNTY
wy-2026-primary,wy|laramie|wy-2026-primary|county_local_summary,Laramie,wy-2026-primary|county|laramie|precinct-committeewoman-2-7|rep,REP COMMITTEEWOMEN 2-07,Precinct Committeewoman 2-7,county,,REP,REP,precinct,b9595aad2a5ced2707a252aaa59135acdaa96c8c2c5659b6ea6c65c7d5d40c42,2026-08-21T12:49:44Z,,county_summary_pdf_v1,1.1.5,1,verified,https://www.laramiecountywy.gov/County-Government/Elected-Officials/County-Clerk/Elections/Election-Results,,,county_complete,undervote,Laramie,,,,,,2020,,wy|laramie|wy-2026-primary|county_local_summary|b9595aad2a5ced2707a252aaa59135acdaa96c8c2c5659b6ea6c65c7d5d40c42|wy-2026-primary|county|laramie|precinct-committeewoman-2-7|rep|undervote|undervote|Laramie|COUNTY
wy-2026-primary,wy|laramie|wy-2026-primary|county_local_summary,Laramie,wy-2026-primary|county|laramie|precinct-committeeman-2-8|rep,REP COMMITTEEMEN 2-08,Precinct Committeeman 2-8,county,,REP,REP,precinct,b9595aad2a5ced2707a252aaa59135acdaa96c8c2c5659b6ea6c65c7d5d40c42,2026-08-21T12:49:44Z,,county_summary_pdf_v1,1.1.5,1,verified,https://www.laramiecountywy.gov/County-Government/Elected-Officials/County-Clerk/Elections/Election-Results,,,county_complete,candidate,Laramie,,,JOHN BALOW,JOHN BALOW,,166,,wy|laramie|wy-2026-primary|county_local_summary|b9595aad2a5ced2707a252aaa59135acdaa96c8c2c5659b6ea6c65c7d5d40c42|wy-2026-primary|county|laramie|precinct-committeeman-2-8|rep|candidate|JOHN BALOW|Laramie|COUNTY
wy-2026-primary,wy|laramie|wy-2026-primary|county_local_summary,Laramie,wy-2026-primary|county|laramie|precinct-committeeman-2-8|rep,REP COMMITTEEMEN 2-08,Precinct Committeeman 2-8,county,,REP,REP,precinct,b9595aad2a5ced2707a252aaa59135acdaa96c8c2c5659b6ea6c65c7d5d40c42,2026-08-21T12:49:44Z,,county_summary_pdf_v1,1.1.5,1,verified,https://www.laramiecountywy.gov/County-Government/Elected-Officials/County-Clerk/Elections/Election-Results,,,county_complete,write_in_aggregate,Laramie,,,,,,2,,wy|laramie|wy-2026-primary|county_local_summary|b9595aad2a5ced2707a252aaa59135acdaa96c8c2c5659b6ea6c65c7d5d40c42|wy-2026-primary|county|laramie|precinct-committeeman-2-8|rep|write_in_aggregate|write_in_aggregate|Laramie|COUNTY
wy-2026-primary,wy|laramie|wy-2026-primary|county_local_summary,Laramie,wy-2026-primary|county|laramie|precinct-committeeman-2-8|rep,REP COMMITTEEMEN 2-08,Precinct Committeeman 2-8,county,,REP,REP,precinct,b9595aad2a5ced2707a252aaa59135acdaa96c8c2c5659b6ea6c65c7d5d40c42,2026-08-21T12:49:44Z,,county_summary_pdf_v1,1.1.5,1,verified,https://www.laramiecountywy.gov/County-Government/Elected-Officials/County-Clerk/Elections/Election-Results,,,county_complete,overvote,Laramie,,,,,,0,,wy|laramie|wy-2026-primary|county_local_summary|b9595aad2a5ced2707a252aaa59135acdaa96c8c2c5659b6ea6c65c7d5d40c42|wy-2026-primary|county|laramie|precinct-committeeman-2-8|rep|overvote|overvote|Laramie|COUNTY
wy-2026-primary,wy|laramie|wy-2026-primary|county_local_summary,Laramie,wy-2026-primary|county|laramie|precinct-committeeman-2-8|rep,REP COMMITTEEMEN 2-08,Precinct Committeeman 2-8,county,,REP,REP,precinct,b9595aad2a5ced2707a252aaa59135acdaa96c8c2c5659b6ea6c65c7d5d40c42,2026-08-21T12:49:44Z,,county_summary_pdf_v1,1.1.5,1,verified,https://www.laramiecountywy.gov/County-Government/Elected-Officials/County-Clerk/Elections/Election-Results,,,county_complete,undervote,Laramie,,,,,,19,,wy|laramie|wy-2026-primary|county_local_summary|b9595aad2a5ced2707a252aaa59135acdaa96c8c2c5659b6ea6c65c7d5d40c42|wy-2026-primary|county|laramie|precinct-committeeman-2-8|rep|undervote|undervote|Laramie|COUNTY
wy-2026-primary,wy|laramie|wy-2026-primary|county_local_summary,Laramie,wy-2026-primary|county|laramie|precinct-committeewoman-2-8|rep,REP COMMITTEEWOMEN 2-08,Precinct Committeewoman 2-8,county,,REP,REP,precinct,b9595aad2a5ced2707a252aaa59135acdaa96c8c2c5659b6ea6c65c7d5d40c42,2026-08-21T12:49:44Z,,county_summary_pdf_v1,1.1.5,1,verified,https://www.laramiecountywy.gov/County-Government/Elected-Officials/County-Clerk/Elections/Election-Results,,,county_complete,write_in_aggregate,Laramie,,,,,,31,,wy|laramie|wy-2026-primary|county_local_summary|b9595aad2a5ced2707a252aaa59135acdaa96c8c2c5659b6ea6c65c7d5d40c42|wy-2026-primary|county|laramie|precinct-committeewoman-2-8|rep|write_in_aggregate|write_in_aggregate|Laramie|COUNTY
wy-2026-primary,wy|laramie|wy-2026-primary|county_local_summary,Laramie,wy-2026-primary|county|laramie|precinct-committeewoman-2-8|rep,REP COMMITTEEWOMEN 2-08,Precinct Committeewoman 2-8,county,,REP,REP,precinct,b9595aad2a5ced2707a252aaa59135acdaa96c8c2c5659b6ea6c65c7d5d40c42,2026-08-21T12:49:44Z,,county_summary_pdf_v1,1.1.5,1,verified,https://www.laramiecountywy.gov/County-Government/Elected-Officials/County-Clerk/Elections/Election-Results,,,county_complete,overvote,Laramie,,,,,,0,,wy|laramie|wy-2026-primary|county_local_summary|b9595aad2a5ced2707a252aaa59135acdaa96c8c2c5659b6ea6c65c7d5d40c42|wy-2026-primary|county|laramie|precinct-committeewoman-2-8|rep|overvote|overvote|Laramie|COUNTY
wy-2026-primary,wy|laramie|wy-2026-primary|county_local_summary,Laramie,wy-2026-primary|county|laramie|precinct-committeewoman-2-8|rep,REP COMMITTEEWOMEN 2-08,Precinct Committeewoman 2-8,county,,REP,REP,precinct,b9595aad2a5ced2707a252aaa59135acdaa96c8c2c5659b6ea6c65c7d5d40c42,2026-08-21T12:49:44Z,,county_summary_pdf_v1,1.1.5,1,verified,https://www.laramiecountywy.gov/County-Government/Elected-Officials/County-Clerk/Elections/Election-Results,,,county_complete,undervote,Laramie,,,,,,156,,wy|laramie|wy-2026-primary|county_local_summary|b9595aad2a5ced2707a252aaa59135acdaa96c8c2c5659b6ea6c65c7d5d40c42|wy-2026-primary|county|laramie|precinct-committeewoman-2-8|rep|undervote|undervote|Laramie|COUNTY
wy-2026-primary,wy|laramie|wy-2026-primary|county_local_summary,Laramie,wy-2026-primary|county|laramie|precinct-committeeman-3-1|rep,REP COMMITTEEMEN 3-01,Precinct Committeeman 3-1,county,,REP,REP,precinct,b9595aad2a5ced2707a252aaa59135acdaa96c8c2c5659b6ea6c65c7d5d40c42,2026-08-21T12:49:44Z,,county_summary_pdf_v1,1.1.5,1,verified,https://www.laramiecountywy.gov/County-Government/Elected-Officials/County-Clerk/Elections/Election-Results,,,county_complete,write_in_aggregate,Laramie,,,,,,93,,wy|laramie|wy-2026-primary|county_local_summary|b9595aad2a5ced2707a252aaa59135acdaa96c8c2c5659b6ea6c65c7d5d40c42|wy-2026-primary|county|laramie|precinct-committeeman-3-1|rep|write_in_aggregate|write_in_aggregate|Laramie|COUNTY
wy-2026-primary,wy|laramie|wy-2026-primary|county_local_summary,Laramie,wy-2026-primary|county|laramie|precinct-committeeman-3-1|rep,REP COMMITTEEMEN 3-01,Precinct Committeeman 3-1,county,,REP,REP,precinct,b9595aad2a5ced2707a252aaa59135acdaa96c8c2c5659b6ea6c65c7d5d40c42,2026-08-21T12:49:44Z,,county_summary_pdf_v1,1.1.5,1,verified,https://www.laramiecountywy.gov/County-Government/Elected-Officials/County-Clerk/Elections/Election-Results,,,county_complete,overvote,Laramie,,,,,,0,,wy|laramie|wy-2026-primary|county_local_summary|b9595aad2a5ced2707a252aaa59135acdaa96c8c2c5659b6ea6c65c7d5d40c42|wy-2026-primary|county|laramie|precinct-committeeman-3-1|rep|overvote|overvote|Laramie|COUNTY
wy-2026-primary,wy|laramie|wy-2026-primary|county_local_summary,Laramie,wy-2026-primary|county|laramie|precinct-committeeman-3-1|rep,REP COMMITTEEMEN 3-01,Precinct Committeeman 3-1,county,,REP,REP,precinct,b9595aad2a5ced2707a252aaa59135acdaa96c8c2c5659b6ea6c65c7d5d40c42,2026-08-21T12:49:44Z,,county_summary_pdf_v1,1.1.5,1,verified,https://www.laramiecountywy.gov/County-Government/Elected-Officials/County-Clerk/Elections/Election-Results,,,county_complete,undervote,Laramie,,,,,,635,,wy|laramie|wy-2026-primary|county_local_summary|b9595aad2a5ced2707a252aaa59135acdaa96c8c2c5659b6ea6c65c7d5d40c42|wy-2026-primary|county|laramie|precinct-committeeman-3-1|rep|undervote|undervote|Laramie|COUNTY
wy-2026-primary,wy|laramie|wy-2026-primary|county_local_summary,Laramie,wy-2026-primary|county|laramie|precinct-committeewoman-3-1|rep,REP COMMITTEEWOMEN 3-01,Precinct Committeewoman 3-1,county,,REP,REP,precinct,b9595aad2a5ced2707a252aaa59135acdaa96c8c2c5659b6ea6c65c7d5d40c42,2026-08-21T12:49:44Z,,county_summary_pdf_v1,1.1.5,1,verified,https://www.laramiecountywy.gov/County-Government/Elected-Officials/County-Clerk/Elections/Election-Results,,,county_complete,write_in_aggregate,Laramie,,,,,,90,,wy|laramie|wy-2026-primary|county_local_summary|b9595aad2a5ced2707a252aaa59135acdaa96c8c2c5659b6ea6c65c7d5d40c42|wy-2026-primary|county|laramie|precinct-committeewoman-3-1|rep|write_in_aggregate|write_in_aggregate|Laramie|COUNTY
wy-2026-primary,wy|laramie|wy-2026-primary|county_local_summary,Laramie,wy-2026-primary|county|laramie|precinct-committeewoman-3-1|rep,REP COMMITTEEWOMEN 3-01,Precinct Committeewoman 3-1,county,,REP,REP,precinct,b9595aad2a5ced2707a252aaa59135acdaa96c8c2c5659b6ea6c65c7d5d40c42,2026-08-21T12:49:44Z,,county_summary_pdf_v1,1.1.5,1,verified,https://www.laramiecountywy.gov/County-Government/Elected-Officials/County-Clerk/Elections/Election-Results,,,county_complete,overvote,Laramie,,,,,,0,,wy|laramie|wy-2026-primary|county_local_summary|b9595aad2a5ced2707a252aaa59135acdaa96c8c2c5659b6ea6c65c7d5d40c42|wy-2026-primary|county|laramie|precinct-committeewoman-3-1|rep|overvote|overvote|Laramie|COUNTY
wy-2026-primary,wy|laramie|wy-2026-primary|county_local_summary,Laramie,wy-2026-primary|county|laramie|precinct-committeewoman-3-1|rep,REP COMMITTEEWOMEN 3-01,Precinct Committeewoman 3-1,county,,REP,REP,precinct,b9595aad2a5ced2707a252aaa59135acdaa96c8c2c5659b6ea6c65c7d5d40c42,2026-08-21T12:49:44Z,,county_summary_pdf_v1,1.1.5,1,verified,https://www.laramiecountywy.gov/County-Government/Elected-Officials/County-Clerk/Elections/Election-Results,,,county_complete,undervote,Laramie,,,,,,638,,wy|laramie|wy-2026-primary|county_local_summary|b9595aad2a5ced2707a252aaa59135acdaa96c8c2c5659b6ea6c65c7d5d40c42|wy-2026-primary|county|laramie|precinct-committeewoman-3-1|rep|undervote|undervote|Laramie|COUNTY
wy-2026-primary,wy|laramie|wy-2026-primary|county_local_summary,Laramie,wy-2026-primary|county|laramie|precinct-committeeman-3-2|rep,REP COMMITTEEMEN 3-02,Precinct Committeeman 3-2,county,,REP,REP,precinct,b9595aad2a5ced2707a252aaa59135acdaa96c8c2c5659b6ea6c65c7d5d40c42,2026-08-21T12:49:44Z,,county_summary_pdf_v1,1.1.5,1,verified,https://www.laramiecountywy.gov/County-Government/Elected-Officials/County-Clerk/Elections/Election-Results,,,county_complete,candidate,Laramie,,,CHRIS J OSTRANDER,CHRIS J OSTRANDER,,311,,wy|laramie|wy-2026-primary|county_local_summary|b9595aad2a5ced2707a252aaa59135acdaa96c8c2c5659b6ea6c65c7d5d40c42|wy-2026-primary|county|laramie|precinct-committeeman-3-2|rep|candidate|CHRIS J OSTRANDER|Laramie|COUNTY
wy-2026-primary,wy|laramie|wy-2026-primary|county_local_summary,Laramie,wy-2026-primary|county|laramie|precinct-committeeman-3-2|rep,REP COMMITTEEMEN 3-02,Precinct Committeeman 3-2,county,,REP,REP,precinct,b9595aad2a5ced2707a252aaa59135acdaa96c8c2c5659b6ea6c65c7d5d40c42,2026-08-21T12:49:44Z,,county_summary_pdf_v1,1.1.5,1,verified,https://www.laramiecountywy.gov/County-Government/Elected-Officials/County-Clerk/Elections/Election-Results,,,county_complete,write_in_aggregate,Laramie,,,,,,72,,wy|laramie|wy-2026-primary|county_local_summary|b9595aad2a5ced2707a252aaa59135acdaa96c8c2c5659b6ea6c65c7d5d40c42|wy-2026-primary|county|laramie|precinct-committeeman-3-2|rep|write_in_aggregate|write_in_aggregate|Laramie|COUNTY
wy-2026-primary,wy|laramie|wy-2026-primary|county_local_summary,Laramie,wy-2026-primary|county|laramie|precinct-committeeman-3-2|rep,REP COMMITTEEMEN 3-02,Precinct Committeeman 3-2,county,,REP,REP,precinct,b9595aad2a5ced2707a252aaa59135acdaa96c8c2c5659b6ea6c65c7d5d40c42,2026-08-21T12:49:44Z,,county_summary_pdf_v1,1.1.5,1,verified,https://www.laramiecountywy.gov/County-Government/Elected-Officials/County-Clerk/Elections/Election-Results,,,county_complete,overvote,Laramie,,,,,,0,,wy|laramie|wy-2026-primary|county_local_summary|b9595aad2a5ced2707a252aaa59135acdaa96c8c2c5659b6ea6c65c7d5d40c42|wy-2026-primary|county|laramie|precinct-committeeman-3-2|rep|overvote|overvote|Laramie|COUNTY
wy-2026-primary,wy|laramie|wy-2026-primary|county_local_summary,Laramie,wy-2026-primary|county|laramie|precinct-committeeman-3-2|rep,REP COMMITTEEMEN 3-02,Precinct Committeeman 3-2,county,,REP,REP,precinct,b9595aad2a5ced2707a252aaa59135acdaa96c8c2c5659b6ea6c65c7d5d40c42,2026-08-21T12:49:44Z,,county_summary_pdf_v1,1.1.5,1,verified,https://www.laramiecountywy.gov/County-Government/Elected-Officials/County-Clerk/Elections/Election-Results,,,county_complete,undervote,Laramie,,,,,,409,,wy|laramie|wy-2026-primary|county_local_summary|b9595aad2a5ced2707a252aaa59135acdaa96c8c2c5659b6ea6c65c7d5d40c42|wy-2026-primary|county|laramie|precinct-committeeman-3-2|rep|undervote|undervote|Laramie|COUNTY
wy-2026-primary,wy|laramie|wy-2026-primary|county_local_summary,Laramie,wy-2026-primary|county|laramie|precinct-committeewoman-3-2|rep,REP COMMITTEEWOMEN 3-02,Precinct Committeewoman 3-2,county,,REP,REP,precinct,b9595aad2a5ced2707a252aaa59135acdaa96c8c2c5659b6ea6c65c7d5d40c42,2026-08-21T12:49:44Z,,county_summary_pdf_v1,1.1.5,1,verified,https://www.laramiecountywy.gov/County-Government/Elected-Officials/County-Clerk/Elections/Election-Results,,,county_complete,write_in_aggregate,Laramie,,,,,,110,,wy|laramie|wy-2026-primary|county_local_summary|b9595aad2a5ced2707a252aaa59135acdaa96c8c2c5659b6ea6c65c7d5d40c42|wy-2026-primary|county|laramie|precinct-committeewoman-3-2|rep|write_in_aggregate|write_in_aggregate|Laramie|COUNTY
wy-2026-primary,wy|laramie|wy-2026-primary|county_local_summary,Laramie,wy-2026-primary|county|laramie|precinct-committeewoman-3-2|rep,REP COMMITTEEWOMEN 3-02,Precinct Committeewoman 3-2,county,,REP,REP,precinct,b9595aad2a5ced2707a252aaa59135acdaa96c8c2c5659b6ea6c65c7d5d40c42,2026-08-21T12:49:44Z,,county_summary_pdf_v1,1.1.5,1,verified,https://www.laramiecountywy.gov/County-Government/Elected-Officials/County-Clerk/Elections/Election-Results,,,county_complete,overvote,Laramie,,,,,,0,,wy|laramie|wy-2026-primary|county_local_summary|b9595aad2a5ced2707a252aaa59135acdaa96c8c2c5659b6ea6c65c7d5d40c42|wy-2026-primary|county|laramie|precinct-committeewoman-3-2|rep|overvote|overvote|Laramie|COUNTY
wy-2026-primary,wy|laramie|wy-2026-primary|county_local_summary,Laramie,wy-2026-primary|county|laramie|precinct-committeewoman-3-2|rep,REP COMMITTEEWOMEN 3-02,Precinct Committeewoman 3-2,county,,REP,REP,precinct,b9595aad2a5ced2707a252aaa59135acdaa96c8c2c5659b6ea6c65c7d5d40c42,2026-08-21T12:49:44Z,,county_summary_pdf_v1,1.1.5,1,verified,https://www.laramiecountywy.gov/County-Government/Elected-Officials/County-Clerk/Elections/Election-Results,,,county_complete,undervote,Laramie,,,,,,682,,wy|laramie|wy-2026-primary|county_local_summary|b9595aad2a5ced2707a252aaa59135acdaa96c8c2c5659b6ea6c65c7d5d40c42|wy-2026-primary|county|laramie|precinct-committeewoman-3-2|rep|undervote|undervote|Laramie|COUNTY
wy-2026-primary,wy|laramie|wy-2026-primary|county_local_summary,Laramie,wy-2026-primary|county|laramie|precinct-committeeman-3-3|rep,REP COMMITTEEMEN 3-03,Precinct Committeeman 3-3,county,,REP,REP,precinct,b9595aad2a5ced2707a252aaa59135acdaa96c8c2c5659b6ea6c65c7d5d40c42,2026-08-21T12:49:44Z,,county_summary_pdf_v1,1.1.5,1,verified,https://www.laramiecountywy.gov/County-Government/Elected-Officials/County-Clerk/Elections/Election-Results,,,county_complete,candidate,Laramie,,,BILL J BRYANT,BILL J BRYANT,,426,,wy|laramie|wy-2026-primary|county_local_summary|b9595aad2a5ced2707a252aaa59135acdaa96c8c2c5659b6ea6c65c7d5d40c42|wy-2026-primary|county|laramie|precinct-committeeman-3-3|rep|candidate|BILL J BRYANT|Laramie|COUNTY
wy-2026-primary,wy|laramie|wy-2026-primary|county_local_summary,Laramie,wy-2026-primary|county|laramie|precinct-committeeman-3-3|rep,REP COMMITTEEMEN 3-03,Precinct Committeeman 3-3,county,,REP,REP,precinct,b9595aad2a5ced2707a252aaa59135acdaa96c8c2c5659b6ea6c65c7d5d40c42,2026-08-21T12:49:44Z,,county_summary_pdf_v1,1.1.5,1,verified,https://www.laramiecountywy.gov/County-Government/Elected-Officials/County-Clerk/Elections/Election-Results,,,county_complete,candidate,Laramie,,,DON ODOM,DON ODOM,,381,,wy|laramie|wy-2026-primary|county_local_summary|b9595aad2a5ced2707a252aaa59135acdaa96c8c2c5659b6ea6c65c7d5d40c42|wy-2026-primary|county|laramie|precinct-committeeman-3-3|rep|candidate|DON ODOM|Laramie|COUNTY
wy-2026-primary,wy|laramie|wy-2026-primary|county_local_summary,Laramie,wy-2026-primary|county|laramie|precinct-committeeman-3-3|rep,REP COMMITTEEMEN 3-03,Precinct Committeeman 3-3,county,,REP,REP,precinct,b9595aad2a5ced2707a252aaa59135acdaa96c8c2c5659b6ea6c65c7d5d40c42,2026-08-21T12:49:44Z,,county_summary_pdf_v1,1.1.5,1,verified,https://www.laramiecountywy.gov/County-Government/Elected-Officials/County-Clerk/Elections/Election-Results,,,county_complete,candidate,Laramie,,,DANIEL J. SINGH,DANIEL J. SINGH,,374,,wy|laramie|wy-2026-primary|county_local_summary|b9595aad2a5ced2707a252aaa59135acdaa96c8c2c5659b6ea6c65c7d5d40c42|wy-2026-primary|county|laramie|precinct-committeeman-3-3|rep|candidate|DANIEL J. SINGH|Laramie|COUNTY
wy-2026-primary,wy|laramie|wy-2026-primary|county_local_summary,Laramie,wy-2026-primary|county|laramie|precinct-committeeman-3-3|rep,REP COMMITTEEMEN 3-03,Precinct Committeeman 3-3,county,,REP,REP,precinct,b9595aad2a5ced2707a252aaa59135acdaa96c8c2c5659b6ea6c65c7d5d40c42,2026-08-21T12:49:44Z,,county_summary_pdf_v1,1.1.5,1,verified,https://www.laramiecountywy.gov/County-Government/Elected-Officials/County-Clerk/Elections/Election-Results,,,county_complete,write_in_aggregate,Laramie,,,,,,103,,wy|laramie|wy-2026-primary|county_local_summary|b9595aad2a5ced2707a252aaa59135acdaa96c8c2c5659b6ea6c65c7d5d40c42|wy-2026-primary|county|laramie|precinct-committeeman-3-3|rep|write_in_aggregate|write_in_aggregate|Laramie|COUNTY
wy-2026-primary,wy|laramie|wy-2026-primary|county_local_summary,Laramie,wy-2026-primary|county|laramie|precinct-committeeman-3-3|rep,REP COMMITTEEMEN 3-03,Precinct Committeeman 3-3,county,,REP,REP,precinct,b9595aad2a5ced2707a252aaa59135acdaa96c8c2c5659b6ea6c65c7d5d40c42,2026-08-21T12:49:44Z,,county_summary_pdf_v1,1.1.5,1,verified,https://www.laramiecountywy.gov/County-Government/Elected-Officials/County-Clerk/Elections/Election-Results,,,county_complete,overvote,Laramie,,,,,,0,,wy|laramie|wy-2026-primary|county_local_summary|b9595aad2a5ced2707a252aaa59135acdaa96c8c2c5659b6ea6c65c7d5d40c42|wy-2026-primary|county|laramie|precinct-committeeman-3-3|rep|overvote|overvote|Laramie|COUNTY
wy-2026-primary,wy|laramie|wy-2026-primary|county_local_summary,Laramie,wy-2026-primary|county|laramie|precinct-committeeman-3-3|rep,REP COMMITTEEMEN 3-03,Precinct Committeeman 3-3,county,,REP,REP,precinct,b9595aad2a5ced2707a252aaa59135acdaa96c8c2c5659b6ea6c65c7d5d40c42,2026-08-21T12:49:44Z,,county_summary_pdf_v1,1.1.5,1,verified,https://www.laramiecountywy.gov/County-Government/Elected-Officials/County-Clerk/Elections/Election-Results,,,county_complete,undervote,Laramie,,,,,,1108,,wy|laramie|wy-2026-primary|county_local_summary|b9595aad2a5ced2707a252aaa59135acdaa96c8c2c5659b6ea6c65c7d5d40c42|wy-2026-primary|county|laramie|precinct-committeeman-3-3|rep|undervote|undervote|Laramie|COUNTY
wy-2026-primary,wy|laramie|wy-2026-primary|county_local_summary,Laramie,wy-2026-primary|county|laramie|precinct-committeewoman-3-3|rep,REP COMMITTEEWOMEN 3-03,Precinct Committeewoman 3-3,county,,REP,REP,precinct,b9595aad2a5ced2707a252aaa59135acdaa96c8c2c5659b6ea6c65c7d5d40c42,2026-08-21T12:49:44Z,,county_summary_pdf_v1,1.1.5,1,verified,https://www.laramiecountywy.gov/County-Government/Elected-Officials/County-Clerk/Elections/Election-Results,,,county_complete,candidate,Laramie,,,TINA BRYANT,TINA BRYANT,,390,,wy|laramie|wy-2026-primary|county_local_summary|b9595aad2a5ced2707a252aaa59135acdaa96c8c2c5659b6ea6c65c7d5d40c42|wy-2026-primary|county|laramie|precinct-committeewoman-3-3|rep|candidate|TINA BRYANT|Laramie|COUNTY
wy-2026-primary,wy|laramie|wy-2026-primary|county_local_summary,Laramie,wy-2026-primary|county|laramie|precinct-committeewoman-3-3|rep,REP COMMITTEEWOMEN 3-03,Precinct Committeewoman 3-3,county,,REP,REP,precinct,b9595aad2a5ced2707a252aaa59135acdaa96c8c2c5659b6ea6c65c7d5d40c42,2026-08-21T12:49:44Z,,county_summary_pdf_v1,1.1.5,1,verified,https://www.laramiecountywy.gov/County-Government/Elected-Officials/County-Clerk/Elections/Election-Results,,,county_complete,candidate,Laramie,,,NICHOLE ODOM,NICHOLE ODOM,,387,,wy|laramie|wy-2026-primary|county_local_summary|b9595aad2a5ced2707a252aaa59135acdaa96c8c2c5659b6ea6c65c7d5d40c42|wy-2026-primary|county|laramie|precinct-committeewoman-3-3|rep|candidate|NICHOLE ODOM|Laramie|COUNTY
wy-2026-primary,wy|laramie|wy-2026-primary|county_local_summary,Laramie,wy-2026-primary|county|laramie|precinct-committeewoman-3-3|rep,REP COMMITTEEWOMEN 3-03,Precinct Committeewoman 3-3,county,,REP,REP,precinct,b9595aad2a5ced2707a252aaa59135acdaa96c8c2c5659b6ea6c65c7d5d40c42,2026-08-21T12:49:44Z,,county_summary_pdf_v1,1.1.5,1,verified,https://www.laramiecountywy.gov/County-Government/Elected-Officials/County-Clerk/Elections/Election-Results,,,county_complete,candidate,Laramie,,,SUSAN GRAHAM,SUSAN GRAHAM,,384,,wy|laramie|wy-2026-primary|county_local_summary|b9595aad2a5ced2707a252aaa59135acdaa96c8c2c5659b6ea6c65c7d5d40c42|wy-2026-primary|county|laramie|precinct-committeewoman-3-3|rep|candidate|SUSAN GRAHAM|Laramie|COUNTY
wy-2026-primary,wy|laramie|wy-2026-primary|county_local_summary,Laramie,wy-2026-primary|county|laramie|precinct-committeewoman-3-3|rep,REP COMMITTEEWOMEN 3-03,Precinct Committeewoman 3-3,county,,REP,REP,precinct,b9595aad2a5ced2707a252aaa59135acdaa96c8c2c5659b6ea6c65c7d5d40c42,2026-08-21T12:49:44Z,,county_summary_pdf_v1,1.1.5,1,verified,https://www.laramiecountywy.gov/County-Government/Elected-Officials/County-Clerk/Elections/Election-Results,,,county_complete,write_in_aggregate,Laramie,,,,,,68,,wy|laramie|wy-2026-primary|county_local_summary|b9595aad2a5ced2707a252aaa59135acdaa96c8c2c5659b6ea6c65c7d5d40c42|wy-2026-primary|county|laramie|precinct-committeewoman-3-3|rep|write_in_aggregate|write_in_aggregate|Laramie|COUNTY
wy-2026-primary,wy|laramie|wy-2026-primary|county_local_summary,Laramie,wy-2026-primary|county|laramie|precinct-committeewoman-3-3|rep,REP COMMITTEEWOMEN 3-03,Precinct Committeewoman 3-3,county,,REP,REP,precinct,b9595aad2a5ced2707a252aaa59135acdaa96c8c2c5659b6ea6c65c7d5d40c42,2026-08-21T12:49:44Z,,county_summary_pdf_v1,1.1.5,1,verified,https://www.laramiecountywy.gov/County-Government/Elected-Officials/County-Clerk/Elections/Election-Results,,,county_complete,overvote,Laramie,,,,,,0,,wy|laramie|wy-2026-primary|county_local_summary|b9595aad2a5ced2707a252aaa59135acdaa96c8c2c5659b6ea6c65c7d5d40c42|wy-2026-primary|county|laramie|precinct-committeewoman-3-3|rep|overvote|overvote|Laramie|COUNTY
wy-2026-primary,wy|laramie|wy-2026-primary|county_local_summary,Laramie,wy-2026-primary|county|laramie|precinct-committeewoman-3-3|rep,REP COMMITTEEWOMEN 3-03,Precinct Committeewoman 3-3,county,,REP,REP,precinct,b9595aad2a5ced2707a252aaa59135acdaa96c8c2c5659b6ea6c65c7d5d40c42,2026-08-21T12:49:44Z,,county_summary_pdf_v1,1.1.5,1,verified,https://www.laramiecountywy.gov/County-Government/Elected-Officials/County-Clerk/Elections/Election-Results,,,county_complete,undervote,Laramie,,,,,,1163,,wy|laramie|wy-2026-primary|county_local_summary|b9595aad2a5ced2707a252aaa59135acdaa96c8c2c5659b6ea6c65c7d5d40c42|wy-2026-primary|county|laramie|precinct-committeewoman-3-3|rep|undervote|undervote|Laramie|COUNTY
wy-2026-primary,wy|laramie|wy-2026-primary|county_local_summary,Laramie,wy-2026-primary|county|laramie|precinct-committeeman-3-4|rep,REP COMMITTEEMEN 3-04,Precinct Committeeman 3-4,county,,REP,REP,precinct,b9595aad2a5ced2707a252aaa59135acdaa96c8c2c5659b6ea6c65c7d5d40c42,2026-08-21T12:49:44Z,,county_summary_pdf_v1,1.1.5,1,verified,https://www.laramiecountywy.gov/County-Government/Elected-Officials/County-Clerk/Elections/Election-Results,,,county_complete,candidate,Laramie,,,ANDREW ALDRICH,ANDREW ALDRICH,,370,,wy|laramie|wy-2026-primary|county_local_summary|b9595aad2a5ced2707a252aaa59135acdaa96c8c2c5659b6ea6c65c7d5d40c42|wy-2026-primary|county|laramie|precinct-committeeman-3-4|rep|candidate|ANDREW ALDRICH|Laramie|COUNTY
wy-2026-primary,wy|laramie|wy-2026-primary|county_local_summary,Laramie,wy-2026-primary|county|laramie|precinct-committeeman-3-4|rep,REP COMMITTEEMEN 3-04,Precinct Committeeman 3-4,county,,REP,REP,precinct,b9595aad2a5ced2707a252aaa59135acdaa96c8c2c5659b6ea6c65c7d5d40c42,2026-08-21T12:49:44Z,,county_summary_pdf_v1,1.1.5,1,verified,https://www.laramiecountywy.gov/County-Government/Elected-Officials/County-Clerk/Elections/Election-Results,,,county_complete,write_in_aggregate,Laramie,,,,,,93,,wy|laramie|wy-2026-primary|county_local_summary|b9595aad2a5ced2707a252aaa59135acdaa96c8c2c5659b6ea6c65c7d5d40c42|wy-2026-primary|county|laramie|precinct-committeeman-3-4|rep|write_in_aggregate|write_in_aggregate|Laramie|COUNTY
wy-2026-primary,wy|laramie|wy-2026-primary|county_local_summary,Laramie,wy-2026-primary|county|laramie|precinct-committeeman-3-4|rep,REP COMMITTEEMEN 3-04,Precinct Committeeman 3-4,county,,REP,REP,precinct,b9595aad2a5ced2707a252aaa59135acdaa96c8c2c5659b6ea6c65c7d5d40c42,2026-08-21T12:49:44Z,,county_summary_pdf_v1,1.1.5,1,verified,https://www.laramiecountywy.gov/County-Government/Elected-Officials/County-Clerk/Elections/Election-Results,,,county_complete,overvote,Laramie,,,,,,0,,wy|laramie|wy-2026-primary|county_local_summary|b9595aad2a5ced2707a252aaa59135acdaa96c8c2c5659b6ea6c65c7d5d40c42|wy-2026-primary|county|laramie|precinct-committeeman-3-4|rep|overvote|overvote|Laramie|COUNTY
wy-2026-primary,wy|laramie|wy-2026-primary|county_local_summary,Laramie,wy-2026-primary|county|laramie|precinct-committeeman-3-4|rep,REP COMMITTEEMEN 3-04,Precinct Committeeman 3-4,county,,REP,REP,precinct,b9595aad2a5ced2707a252aaa59135acdaa96c8c2c5659b6ea6c65c7d5d40c42,2026-08-21T12:49:44Z,,county_summary_pdf_v1,1.1.5,1,verified,https://www.laramiecountywy.gov/County-Government/Elected-Officials/County-Clerk/Elections/Election-Results,,,county_complete,undervote,Laramie,,,,,,920,,wy|laramie|wy-2026-primary|county_local_summary|b9595aad2a5ced2707a252aaa59135acdaa96c8c2c5659b6ea6c65c7d5d40c42|wy-2026-primary|county|laramie|precinct-committeeman-3-4|rep|undervote|undervote|Laramie|COUNTY
wy-2026-primary,wy|laramie|wy-2026-primary|county_local_summary,Laramie,wy-2026-primary|county|laramie|precinct-committeewoman-3-4|rep,REP COMMITTEEWOMEN 3-04,Precinct Committeewoman 3-4,county,,REP,REP,precinct,b9595aad2a5ced2707a252aaa59135acdaa96c8c2c5659b6ea6c65c7d5d40c42,2026-08-21T12:49:44Z,,county_summary_pdf_v1,1.1.5,1,verified,https://www.laramiecountywy.gov/County-Government/Elected-Officials/County-Clerk/Elections/Election-Results,,,county_complete,candidate,Laramie,,,MICHELLE D. ALDRICH,MICHELLE D. ALDRICH,,342,,wy|laramie|wy-2026-primary|county_local_summary|b9595aad2a5ced2707a252aaa59135acdaa96c8c2c5659b6ea6c65c7d5d40c42|wy-2026-primary|county|laramie|precinct-committeewoman-3-4|rep|candidate|MICHELLE D. ALDRICH|Laramie|COUNTY
wy-2026-primary,wy|laramie|wy-2026-primary|county_local_summary,Laramie,wy-2026-primary|county|laramie|precinct-committeewoman-3-4|rep,REP COMMITTEEWOMEN 3-04,Precinct Committeewoman 3-4,county,,REP,REP,precinct,b9595aad2a5ced2707a252aaa59135acdaa96c8c2c5659b6ea6c65c7d5d40c42,2026-08-21T12:49:44Z,,county_summary_pdf_v1,1.1.5,1,verified,https://www.laramiecountywy.gov/County-Government/Elected-Officials/County-Clerk/Elections/Election-Results,,,county_complete,candidate,Laramie,,,ROBIN GOODSPEED,ROBIN GOODSPEED,,303,,wy|laramie|wy-2026-primary|county_local_summary|b9595aad2a5ced2707a252aaa59135acdaa96c8c2c5659b6ea6c65c7d5d40c42|wy-2026-primary|county|laramie|precinct-committeewoman-3-4|rep|candidate|ROBIN GOODSPEED|Laramie|COUNTY
wy-2026-primary,wy|laramie|wy-2026-primary|county_local_summary,Laramie,wy-2026-primary|county|laramie|precinct-committeewoman-3-4|rep,REP COMMITTEEWOMEN 3-04,Precinct Committeewoman 3-4,county,,REP,REP,precinct,b9595aad2a5ced2707a252aaa59135acdaa96c8c2c5659b6ea6c65c7d5d40c42,2026-08-21T12:49:44Z,,county_summary_pdf_v1,1.1.5,1,verified,https://www.laramiecountywy.gov/County-Government/Elected-Officials/County-Clerk/Elections/Election-Results,,,county_complete,write_in_aggregate,Laramie,,,,,,52,,wy|laramie|wy-2026-primary|county_local_summary|b9595aad2a5ced2707a252aaa59135acdaa96c8c2c5659b6ea6c65c7d5d40c42|wy-2026-primary|county|laramie|precinct-committeewoman-3-4|rep|write_in_aggregate|write_in_aggregate|Laramie|COUNTY
wy-2026-primary,wy|laramie|wy-2026-primary|county_local_summary,Laramie,wy-2026-primary|county|laramie|precinct-committeewoman-3-4|rep,REP COMMITTEEWOMEN 3-04,Precinct Committeewoman 3-4,county,,REP,REP,precinct,b9595aad2a5ced2707a252aaa59135acdaa96c8c2c5659b6ea6c65c7d5d40c42,2026-08-21T12:49:44Z,,county_summary_pdf_v1,1.1.5,1,verified,https://www.laramiecountywy.gov/County-Government/Elected-Officials/County-Clerk/Elections/Election-Results,,,county_complete,overvote,Laramie,,,,,,0,,wy|laramie|wy-2026-primary|county_local_summary|b9595aad2a5ced2707a252aaa59135acdaa96c8c2c5659b6ea6c65c7d5d40c42|wy-2026-primary|county|laramie|precinct-committeewoman-3-4|rep|overvote|overvote|Laramie|COUNTY
wy-2026-primary,wy|laramie|wy-2026-primary|county_local_summary,Laramie,wy-2026-primary|county|laramie|precinct-committeewoman-3-4|rep,REP COMMITTEEWOMEN 3-04,Precinct Committeewoman 3-4,county,,REP,REP,precinct,b9595aad2a5ced2707a252aaa59135acdaa96c8c2c5659b6ea6c65c7d5d40c42,2026-08-21T12:49:44Z,,county_summary_pdf_v1,1.1.5,1,verified,https://www.laramiecountywy.gov/County-Government/Elected-Officials/County-Clerk/Elections/Election-Results,,,county_complete,undervote,Laramie,,,,,,686,,wy|laramie|wy-2026-primary|county_local_summary|b9595aad2a5ced2707a252aaa59135acdaa96c8c2c5659b6ea6c65c7d5d40c42|wy-2026-primary|county|laramie|precinct-committeewoman-3-4|rep|undervote|undervote|Laramie|COUNTY
wy-2026-primary,wy|laramie|wy-2026-primary|county_local_summary,Laramie,wy-2026-primary|county|laramie|precinct-committeeman-3-5|rep,REP COMMITTEEMEN 3-05,Precinct Committeeman 3-5,county,,REP,REP,precinct,b9595aad2a5ced2707a252aaa59135acdaa96c8c2c5659b6ea6c65c7d5d40c42,2026-08-21T12:49:44Z,,county_summary_pdf_v1,1.1.5,1,verified,https://www.laramiecountywy.gov/County-Government/Elected-Officials/County-Clerk/Elections/Election-Results,,,county_complete,candidate,Laramie,,,ERIC CROSBY,ERIC CROSBY,,362,,wy|laramie|wy-2026-primary|county_local_summary|b9595aad2a5ced2707a252aaa59135acdaa96c8c2c5659b6ea6c65c7d5d40c42|wy-2026-primary|county|laramie|precinct-committeeman-3-5|rep|candidate|ERIC CROSBY|Laramie|COUNTY
wy-2026-primary,wy|laramie|wy-2026-primary|county_local_summary,Laramie,wy-2026-primary|county|laramie|precinct-committeeman-3-5|rep,REP COMMITTEEMEN 3-05,Precinct Committeeman 3-5,county,,REP,REP,precinct,b9595aad2a5ced2707a252aaa59135acdaa96c8c2c5659b6ea6c65c7d5d40c42,2026-08-21T12:49:44Z,,county_summary_pdf_v1,1.1.5,1,verified,https://www.laramiecountywy.gov/County-Government/Elected-Officials/County-Clerk/Elections/Election-Results,,,county_complete,candidate,Laramie,,,ROBERT SCIGLIANO,ROBERT SCIGLIANO,,324,,wy|laramie|wy-2026-primary|county_local_summary|b9595aad2a5ced2707a252aaa59135acdaa96c8c2c5659b6ea6c65c7d5d40c42|wy-2026-primary|county|laramie|precinct-committeeman-3-5|rep|candidate|ROBERT SCIGLIANO|Laramie|COUNTY
wy-2026-primary,wy|laramie|wy-2026-primary|county_local_summary,Laramie,wy-2026-primary|county|laramie|precinct-committeeman-3-5|rep,REP COMMITTEEMEN 3-05,Precinct Committeeman 3-5,county,,REP,REP,precinct,b9595aad2a5ced2707a252aaa59135acdaa96c8c2c5659b6ea6c65c7d5d40c42,2026-08-21T12:49:44Z,,county_summary_pdf_v1,1.1.5,1,verified,https://www.laramiecountywy.gov/County-Government/Elected-Officials/County-Clerk/Elections/Election-Results,,,county_complete,write_in_aggregate,Laramie,,,,,,79,,wy|laramie|wy-2026-primary|county_local_summary|b9595aad2a5ced2707a252aaa59135acdaa96c8c2c5659b6ea6c65c7d5d40c42|wy-2026-primary|county|laramie|precinct-committeeman-3-5|rep|write_in_aggregate|write_in_aggregate|Laramie|COUNTY
wy-2026-primary,wy|laramie|wy-2026-primary|county_local_summary,Laramie,wy-2026-primary|county|laramie|precinct-committeeman-3-5|rep,REP COMMITTEEMEN 3-05,Precinct Committeeman 3-5,county,,REP,REP,precinct,b9595aad2a5ced2707a252aaa59135acdaa96c8c2c5659b6ea6c65c7d5d40c42,2026-08-21T12:49:44Z,,county_summary_pdf_v1,1.1.5,1,verified,https://www.laramiecountywy.gov/County-Government/Elected-Officials/County-Clerk/Elections/Election-Results,,,county_complete,overvote,Laramie,,,,,,0,,wy|laramie|wy-2026-primary|county_local_summary|b9595aad2a5ced2707a252aaa59135acdaa96c8c2c5659b6ea6c65c7d5d40c42|wy-2026-primary|county|laramie|precinct-committeeman-3-5|rep|overvote|overvote|Laramie|COUNTY
wy-2026-primary,wy|laramie|wy-2026-primary|county_local_summary,Laramie,wy-2026-primary|county|laramie|precinct-committeeman-3-5|rep,REP COMMITTEEMEN 3-05,Precinct Committeeman 3-5,county,,REP,REP,precinct,b9595aad2a5ced2707a252aaa59135acdaa96c8c2c5659b6ea6c65c7d5d40c42,2026-08-21T12:49:44Z,,county_summary_pdf_v1,1.1.5,1,verified,https://www.laramiecountywy.gov/County-Government/Elected-Officials/County-Clerk/Elections/Election-Results,,,county_complete,undervote,Laramie,,,,,,693,,wy|laramie|wy-2026-primary|county_local_summary|b9595aad2a5ced2707a252aaa59135acdaa96c8c2c5659b6ea6c65c7d5d40c42|wy-2026-primary|county|laramie|precinct-committeeman-3-5|rep|undervote|undervote|Laramie|COUNTY
wy-2026-primary,wy|laramie|wy-2026-primary|county_local_summary,Laramie,wy-2026-primary|county|laramie|precinct-committeewoman-3-5|rep,REP COMMITTEEWOMEN 3-05,Precinct Committeewoman 3-5,county,,REP,REP,precinct,b9595aad2a5ced2707a252aaa59135acdaa96c8c2c5659b6ea6c65c7d5d40c42,2026-08-21T12:49:44Z,,county_summary_pdf_v1,1.1.5,1,verified,https://www.laramiecountywy.gov/County-Government/Elected-Officials/County-Clerk/Elections/Election-Results,,,county_complete,candidate,Laramie,,,KATHY SCIGLIANO,KATHY SCIGLIANO,,372,,wy|laramie|wy-2026-primary|county_local_summary|b9595aad2a5ced2707a252aaa59135acdaa96c8c2c5659b6ea6c65c7d5d40c42|wy-2026-primary|county|laramie|precinct-committeewoman-3-5|rep|candidate|KATHY SCIGLIANO|Laramie|COUNTY
wy-2026-primary,wy|laramie|wy-2026-primary|county_local_summary,Laramie,wy-2026-primary|county|laramie|precinct-committeewoman-3-5|rep,REP COMMITTEEWOMEN 3-05,Precinct Committeewoman 3-5,county,,REP,REP,precinct,b9595aad2a5ced2707a252aaa59135acdaa96c8c2c5659b6ea6c65c7d5d40c42,2026-08-21T12:49:44Z,,county_summary_pdf_v1,1.1.5,1,verified,https://www.laramiecountywy.gov/County-Government/Elected-Officials/County-Clerk/Elections/Election-Results,,,county_complete,write_in_aggregate,Laramie,,,,,,97,,wy|laramie|wy-2026-primary|county_local_summary|b9595aad2a5ced2707a252aaa59135acdaa96c8c2c5659b6ea6c65c7d5d40c42|wy-2026-primary|county|laramie|precinct-committeewoman-3-5|rep|write_in_aggregate|write_in_aggregate|Laramie|COUNTY
wy-2026-primary,wy|laramie|wy-2026-primary|county_local_summary,Laramie,wy-2026-primary|county|laramie|precinct-committeewoman-3-5|rep,REP COMMITTEEWOMEN 3-05,Precinct Committeewoman 3-5,county,,REP,REP,precinct,b9595aad2a5ced2707a252aaa59135acdaa96c8c2c5659b6ea6c65c7d5d40c42,2026-08-21T12:49:44Z,,county_summary_pdf_v1,1.1.5,1,verified,https://www.laramiecountywy.gov/County-Government/Elected-Officials/County-Clerk/Elections/Election-Results,,,county_complete,overvote,Laramie,,,,,,0,,wy|laramie|wy-2026-primary|county_local_summary|b9595aad2a5ced2707a252aaa59135acdaa96c8c2c5659b6ea6c65c7d5d40c42|wy-2026-primary|county|laramie|precinct-committeewoman-3-5|rep|overvote|overvote|Laramie|COUNTY
wy-2026-primary,wy|laramie|wy-2026-primary|county_local_summary,Laramie,wy-2026-primary|county|laramie|precinct-committeewoman-3-5|rep,REP COMMITTEEWOMEN 3-05,Precinct Committeewoman 3-5,county,,REP,REP,precinct,b9595aad2a5ced2707a252aaa59135acdaa96c8c2c5659b6ea6c65c7d5d40c42,2026-08-21T12:49:44Z,,county_summary_pdf_v1,1.1.5,1,verified,https://www.laramiecountywy.gov/County-Government/Elected-Officials/County-Clerk/Elections/Election-Results,,,county_complete,undervote,Laramie,,,,,,989,,wy|laramie|wy-2026-primary|county_local_summary|b9595aad2a5ced2707a252aaa59135acdaa96c8c2c5659b6ea6c65c7d5d40c42|wy-2026-primary|county|laramie|precinct-committeewoman-3-5|rep|undervote|undervote|Laramie|COUNTY
wy-2026-primary,wy|laramie|wy-2026-primary|county_local_summary,Laramie,wy-2026-primary|county|laramie|precinct-committeeman-3-6|rep,REP COMMITTEEMEN 3-06,Precinct Committeeman 3-6,county,,REP,REP,precinct,b9595aad2a5ced2707a252aaa59135acdaa96c8c2c5659b6ea6c65c7d5d40c42,2026-08-21T12:49:44Z,,county_summary_pdf_v1,1.1.5,1,verified,https://www.laramiecountywy.gov/County-Government/Elected-Officials/County-Clerk/Elections/Election-Results,,,county_complete,candidate,Laramie,,,JOHN YOUNG,JOHN YOUNG,,427,,wy|laramie|wy-2026-primary|county_local_summary|b9595aad2a5ced2707a252aaa59135acdaa96c8c2c5659b6ea6c65c7d5d40c42|wy-2026-primary|county|laramie|precinct-committeeman-3-6|rep|candidate|JOHN YOUNG|Laramie|COUNTY
wy-2026-primary,wy|laramie|wy-2026-primary|county_local_summary,Laramie,wy-2026-primary|county|laramie|precinct-committeeman-3-6|rep,REP COMMITTEEMEN 3-06,Precinct Committeeman 3-6,county,,REP,REP,precinct,b9595aad2a5ced2707a252aaa59135acdaa96c8c2c5659b6ea6c65c7d5d40c42,2026-08-21T12:49:44Z,,county_summary_pdf_v1,1.1.5,1,verified,https://www.laramiecountywy.gov/County-Government/Elected-Officials/County-Clerk/Elections/Election-Results,,,county_complete,candidate,Laramie,,,JOHN C. FRANK,JOHN C. FRANK,,409,,wy|laramie|wy-2026-primary|county_local_summary|b9595aad2a5ced2707a252aaa59135acdaa96c8c2c5659b6ea6c65c7d5d40c42|wy-2026-primary|county|laramie|precinct-committeeman-3-6|rep|candidate|JOHN C. FRANK|Laramie|COUNTY
wy-2026-primary,wy|laramie|wy-2026-primary|county_local_summary,Laramie,wy-2026-primary|county|laramie|precinct-committeeman-3-6|rep,REP COMMITTEEMEN 3-06,Precinct Committeeman 3-6,county,,REP,REP,precinct,b9595aad2a5ced2707a252aaa59135acdaa96c8c2c5659b6ea6c65c7d5d40c42,2026-08-21T12:49:44Z,,county_summary_pdf_v1,1.1.5,1,verified,https://www.laramiecountywy.gov/County-Government/Elected-Officials/County-Clerk/Elections/Election-Results,,,county_complete,write_in_aggregate,Laramie,,,,,,78,,wy|laramie|wy-2026-primary|county_local_summary|b9595aad2a5ced2707a252aaa59135acdaa96c8c2c5659b6ea6c65c7d5d40c42|wy-2026-primary|county|laramie|precinct-committeeman-3-6|rep|write_in_aggregate|write_in_aggregate|Laramie|COUNTY
wy-2026-primary,wy|laramie|wy-2026-primary|county_local_summary,Laramie,wy-2026-primary|county|laramie|precinct-committeeman-3-6|rep,REP COMMITTEEMEN 3-06,Precinct Committeeman 3-6,county,,REP,REP,precinct,b9595aad2a5ced2707a252aaa59135acdaa96c8c2c5659b6ea6c65c7d5d40c42,2026-08-21T12:49:44Z,,county_summary_pdf_v1,1.1.5,1,verified,https://www.laramiecountywy.gov/County-Government/Elected-Officials/County-Clerk/Elections/Election-Results,,,county_complete,overvote,Laramie,,,,,,0,,wy|laramie|wy-2026-primary|county_local_summary|b9595aad2a5ced2707a252aaa59135acdaa96c8c2c5659b6ea6c65c7d5d40c42|wy-2026-primary|county|laramie|precinct-committeeman-3-6|rep|overvote|overvote|Laramie|COUNTY
wy-2026-primary,wy|laramie|wy-2026-primary|county_local_summary,Laramie,wy-2026-primary|county|laramie|precinct-committeeman-3-6|rep,REP COMMITTEEMEN 3-06,Precinct Committeeman 3-6,county,,REP,REP,precinct,b9595aad2a5ced2707a252aaa59135acdaa96c8c2c5659b6ea6c65c7d5d40c42,2026-08-21T12:49:44Z,,county_summary_pdf_v1,1.1.5,1,verified,https://www.laramiecountywy.gov/County-Government/Elected-Officials/County-Clerk/Elections/Election-Results,,,county_complete,undervote,Laramie,,,,,,1442,,wy|laramie|wy-2026-primary|county_local_summary|b9595aad2a5ced2707a252aaa59135acdaa96c8c2c5659b6ea6c65c7d5d40c42|wy-2026-primary|county|laramie|precinct-committeeman-3-6|rep|undervote|undervote|Laramie|COUNTY
wy-2026-primary,wy|laramie|wy-2026-primary|county_local_summary,Laramie,wy-2026-primary|county|laramie|precinct-committeewoman-3-6|rep,REP COMMITTEEWOMEN 3-06,Precinct Committeewoman 3-6,county,,REP,REP,precinct,b9595aad2a5ced2707a252aaa59135acdaa96c8c2c5659b6ea6c65c7d5d40c42,2026-08-21T12:49:44Z,,county_summary_pdf_v1,1.1.5,1,verified,https://www.laramiecountywy.gov/County-Government/Elected-Officials/County-Clerk/Elections/Election-Results,,,county_complete,candidate,Laramie,,,GAIL YOUNG,GAIL YOUNG,,420,,wy|laramie|wy-2026-primary|county_local_summary|b9595aad2a5ced2707a252aaa59135acdaa96c8c2c5659b6ea6c65c7d5d40c42|wy-2026-primary|county|laramie|precinct-committeewoman-3-6|rep|candidate|GAIL YOUNG|Laramie|COUNTY
wy-2026-primary,wy|laramie|wy-2026-primary|county_local_summary,Laramie,wy-2026-primary|county|laramie|precinct-committeewoman-3-6|rep,REP COMMITTEEWOMEN 3-06,Precinct Committeewoman 3-6,county,,REP,REP,precinct,b9595aad2a5ced2707a252aaa59135acdaa96c8c2c5659b6ea6c65c7d5d40c42,2026-08-21T12:49:44Z,,county_summary_pdf_v1,1.1.5,1,verified,https://www.laramiecountywy.gov/County-Government/Elected-Officials/County-Clerk/Elections/Election-Results,,,county_complete,candidate,Laramie,,,KALEIGH REHM,KALEIGH REHM,,403,,wy|laramie|wy-2026-primary|county_local_summary|b9595aad2a5ced2707a252aaa59135acdaa96c8c2c5659b6ea6c65c7d5d40c42|wy-2026-primary|county|laramie|precinct-committeewoman-3-6|rep|candidate|KALEIGH REHM|Laramie|COUNTY
wy-2026-primary,wy|laramie|wy-2026-primary|county_local_summary,Laramie,wy-2026-primary|county|laramie|precinct-committeewoman-3-6|rep,REP COMMITTEEWOMEN 3-06,Precinct Committeewoman 3-6,county,,REP,REP,precinct,b9595aad2a5ced2707a252aaa59135acdaa96c8c2c5659b6ea6c65c7d5d40c42,2026-08-21T12:49:44Z,,county_summary_pdf_v1,1.1.5,1,verified,https://www.laramiecountywy.gov/County-Government/Elected-Officials/County-Clerk/Elections/Election-Results,,,county_complete,write_in_aggregate,Laramie,,,,,,67,,wy|laramie|wy-2026-primary|county_local_summary|b9595aad2a5ced2707a252aaa59135acdaa96c8c2c5659b6ea6c65c7d5d40c42|wy-2026-primary|county|laramie|precinct-committeewoman-3-6|rep|write_in_aggregate|write_in_aggregate|Laramie|COUNTY
wy-2026-primary,wy|laramie|wy-2026-primary|county_local_summary,Laramie,wy-2026-primary|county|laramie|precinct-committeewoman-3-6|rep,REP COMMITTEEWOMEN 3-06,Precinct Committeewoman 3-6,county,,REP,REP,precinct,b9595aad2a5ced2707a252aaa59135acdaa96c8c2c5659b6ea6c65c7d5d40c42,2026-08-21T12:49:44Z,,county_summary_pdf_v1,1.1.5,1,verified,https://www.laramiecountywy.gov/County-Government/Elected-Officials/County-Clerk/Elections/Election-Results,,,county_complete,overvote,Laramie,,,,,,0,,wy|laramie|wy-2026-primary|county_local_summary|b9595aad2a5ced2707a252aaa59135acdaa96c8c2c5659b6ea6c65c7d5d40c42|wy-2026-primary|county|laramie|precinct-committeewoman-3-6|rep|overvote|overvote|Laramie|COUNTY
wy-2026-primary,wy|laramie|wy-2026-primary|county_local_summary,Laramie,wy-2026-primary|county|laramie|precinct-committeewoman-3-6|rep,REP COMMITTEEWOMEN 3-06,Precinct Committeewoman 3-6,county,,REP,REP,precinct,b9595aad2a5ced2707a252aaa59135acdaa96c8c2c5659b6ea6c65c7d5d40c42,2026-08-21T12:49:44Z,,county_summary_pdf_v1,1.1.5,1,verified,https://www.laramiecountywy.gov/County-Government/Elected-Officials/County-Clerk/Elections/Election-Results,,,county_complete,undervote,Laramie,,,,,,1466,,wy|laramie|wy-2026-primary|county_local_summary|b9595aad2a5ced2707a252aaa59135acdaa96c8c2c5659b6ea6c65c7d5d40c42|wy-2026-primary|county|laramie|precinct-committeewoman-3-6|rep|undervote|undervote|Laramie|COUNTY
wy-2026-primary,wy|laramie|wy-2026-primary|county_local_summary,Laramie,wy-2026-primary|county|laramie|precinct-committeeman-3-7|rep,REP COMMITTEEMEN 3-07,Precinct Committeeman 3-7,county,,REP,REP,precinct,b9595aad2a5ced2707a252aaa59135acdaa96c8c2c5659b6ea6c65c7d5d40c42,2026-08-21T12:49:44Z,,county_summary_pdf_v1,1.1.5,1,verified,https://www.laramiecountywy.gov/County-Government/Elected-Officials/County-Clerk/Elections/Election-Results,,,county_complete,candidate,Laramie,,,MARK A. MOODY,MARK A. MOODY,,96,,wy|laramie|wy-2026-primary|county_local_summary|b9595aad2a5ced2707a252aaa59135acdaa96c8c2c5659b6ea6c65c7d5d40c42|wy-2026-primary|county|laramie|precinct-committeeman-3-7|rep|candidate|MARK A. MOODY|Laramie|COUNTY
wy-2026-primary,wy|laramie|wy-2026-primary|county_local_summary,Laramie,wy-2026-primary|county|laramie|precinct-committeeman-3-7|rep,REP COMMITTEEMEN 3-07,Precinct Committeeman 3-7,county,,REP,REP,precinct,b9595aad2a5ced2707a252aaa59135acdaa96c8c2c5659b6ea6c65c7d5d40c42,2026-08-21T12:49:44Z,,county_summary_pdf_v1,1.1.5,1,verified,https://www.laramiecountywy.gov/County-Government/Elected-Officials/County-Clerk/Elections/Election-Results,,,county_complete,write_in_aggregate,Laramie,,,,,,2,,wy|laramie|wy-2026-primary|county_local_summary|b9595aad2a5ced2707a252aaa59135acdaa96c8c2c5659b6ea6c65c7d5d40c42|wy-2026-primary|county|laramie|precinct-committeeman-3-7|rep|write_in_aggregate|write_in_aggregate|Laramie|COUNTY
wy-2026-primary,wy|laramie|wy-2026-primary|county_local_summary,Laramie,wy-2026-primary|county|laramie|precinct-committeeman-3-7|rep,REP COMMITTEEMEN 3-07,Precinct Committeeman 3-7,county,,REP,REP,precinct,b9595aad2a5ced2707a252aaa59135acdaa96c8c2c5659b6ea6c65c7d5d40c42,2026-08-21T12:49:44Z,,county_summary_pdf_v1,1.1.5,1,verified,https://www.laramiecountywy.gov/County-Government/Elected-Officials/County-Clerk/Elections/Election-Results,,,county_complete,overvote,Laramie,,,,,,0,,wy|laramie|wy-2026-primary|county_local_summary|b9595aad2a5ced2707a252aaa59135acdaa96c8c2c5659b6ea6c65c7d5d40c42|wy-2026-primary|county|laramie|precinct-committeeman-3-7|rep|overvote|overvote|Laramie|COUNTY
wy-2026-primary,wy|laramie|wy-2026-primary|county_local_summary,Laramie,wy-2026-primary|county|laramie|precinct-committeeman-3-7|rep,REP COMMITTEEMEN 3-07,Precinct Committeeman 3-7,county,,REP,REP,precinct,b9595aad2a5ced2707a252aaa59135acdaa96c8c2c5659b6ea6c65c7d5d40c42,2026-08-21T12:49:44Z,,county_summary_pdf_v1,1.1.5,1,verified,https://www.laramiecountywy.gov/County-Government/Elected-Officials/County-Clerk/Elections/Election-Results,,,county_complete,undervote,Laramie,,,,,,17,,wy|laramie|wy-2026-primary|county_local_summary|b9595aad2a5ced2707a252aaa59135acdaa96c8c2c5659b6ea6c65c7d5d40c42|wy-2026-primary|county|laramie|precinct-committeeman-3-7|rep|undervote|undervote|Laramie|COUNTY
wy-2026-primary,wy|laramie|wy-2026-primary|county_local_summary,Laramie,wy-2026-primary|county|laramie|precinct-committeewoman-3-7|rep,REP COMMITTEEWOMEN 3-07,Precinct Committeewoman 3-7,county,,REP,REP,precinct,b9595aad2a5ced2707a252aaa59135acdaa96c8c2c5659b6ea6c65c7d5d40c42,2026-08-21T12:49:44Z,,county_summary_pdf_v1,1.1.5,1,verified,https://www.laramiecountywy.gov/County-Government/Elected-Officials/County-Clerk/Elections/Election-Results,,,county_complete,candidate,Laramie,,,ROBIN J. KELLEY,ROBIN J. KELLEY,,95,,wy|laramie|wy-2026-primary|county_local_summary|b9595aad2a5ced2707a252aaa59135acdaa96c8c2c5659b6ea6c65c7d5d40c42|wy-2026-primary|county|laramie|precinct-committeewoman-3-7|rep|candidate|ROBIN J. KELLEY|Laramie|COUNTY
wy-2026-primary,wy|laramie|wy-2026-primary|county_local_summary,Laramie,wy-2026-primary|county|laramie|precinct-committeewoman-3-7|rep,REP COMMITTEEWOMEN 3-07,Precinct Committeewoman 3-7,county,,REP,REP,precinct,b9595aad2a5ced2707a252aaa59135acdaa96c8c2c5659b6ea6c65c7d5d40c42,2026-08-21T12:49:44Z,,county_summary_pdf_v1,1.1.5,1,verified,https://www.laramiecountywy.gov/County-Government/Elected-Officials/County-Clerk/Elections/Election-Results,,,county_complete,write_in_aggregate,Laramie,,,,,,1,,wy|laramie|wy-2026-primary|county_local_summary|b9595aad2a5ced2707a252aaa59135acdaa96c8c2c5659b6ea6c65c7d5d40c42|wy-2026-primary|county|laramie|precinct-committeewoman-3-7|rep|write_in_aggregate|write_in_aggregate|Laramie|COUNTY
wy-2026-primary,wy|laramie|wy-2026-primary|county_local_summary,Laramie,wy-2026-primary|county|laramie|precinct-committeewoman-3-7|rep,REP COMMITTEEWOMEN 3-07,Precinct Committeewoman 3-7,county,,REP,REP,precinct,b9595aad2a5ced2707a252aaa59135acdaa96c8c2c5659b6ea6c65c7d5d40c42,2026-08-21T12:49:44Z,,county_summary_pdf_v1,1.1.5,1,verified,https://www.laramiecountywy.gov/County-Government/Elected-Officials/County-Clerk/Elections/Election-Results,,,county_complete,overvote,Laramie,,,,,,0,,wy|laramie|wy-2026-primary|county_local_summary|b9595aad2a5ced2707a252aaa59135acdaa96c8c2c5659b6ea6c65c7d5d40c42|wy-2026-primary|county|laramie|precinct-committeewoman-3-7|rep|overvote|overvote|Laramie|COUNTY
wy-2026-primary,wy|laramie|wy-2026-primary|county_local_summary,Laramie,wy-2026-primary|county|laramie|precinct-committeewoman-3-7|rep,REP COMMITTEEWOMEN 3-07,Precinct Committeewoman 3-7,county,,REP,REP,precinct,b9595aad2a5ced2707a252aaa59135acdaa96c8c2c5659b6ea6c65c7d5d40c42,2026-08-21T12:49:44Z,,county_summary_pdf_v1,1.1.5,1,verified,https://www.laramiecountywy.gov/County-Government/Elected-Officials/County-Clerk/Elections/Election-Results,,,county_complete,undervote,Laramie,,,,,,19,,wy|laramie|wy-2026-primary|county_local_summary|b9595aad2a5ced2707a252aaa59135acdaa96c8c2c5659b6ea6c65c7d5d40c42|wy-2026-primary|county|laramie|precinct-committeewoman-3-7|rep|undervote|undervote|Laramie|COUNTY
wy-2026-primary,wy|laramie|wy-2026-primary|county_local_summary,Laramie,wy-2026-primary|county|laramie|precinct-committeeman-4-1|rep,REP COMMITTEEMEN 4-01,Precinct Committeeman 4-1,county,,REP,REP,precinct,b9595aad2a5ced2707a252aaa59135acdaa96c8c2c5659b6ea6c65c7d5d40c42,2026-08-21T12:49:44Z,,county_summary_pdf_v1,1.1.5,1,verified,https://www.laramiecountywy.gov/County-Government/Elected-Officials/County-Clerk/Elections/Election-Results,,,county_complete,candidate,Laramie,,,BEN HORNOK,BEN HORNOK,,217,,wy|laramie|wy-2026-primary|county_local_summary|b9595aad2a5ced2707a252aaa59135acdaa96c8c2c5659b6ea6c65c7d5d40c42|wy-2026-primary|county|laramie|precinct-committeeman-4-1|rep|candidate|BEN HORNOK|Laramie|COUNTY
wy-2026-primary,wy|laramie|wy-2026-primary|county_local_summary,Laramie,wy-2026-primary|county|laramie|precinct-committeeman-4-1|rep,REP COMMITTEEMEN 4-01,Precinct Committeeman 4-1,county,,REP,REP,precinct,b9595aad2a5ced2707a252aaa59135acdaa96c8c2c5659b6ea6c65c7d5d40c42,2026-08-21T12:49:44Z,,county_summary_pdf_v1,1.1.5,1,verified,https://www.laramiecountywy.gov/County-Government/Elected-Officials/County-Clerk/Elections/Election-Results,,,county_complete,write_in_aggregate,Laramie,,,,,,13,,wy|laramie|wy-2026-primary|county_local_summary|b9595aad2a5ced2707a252aaa59135acdaa96c8c2c5659b6ea6c65c7d5d40c42|wy-2026-primary|county|laramie|precinct-committeeman-4-1|rep|write_in_aggregate|write_in_aggregate|Laramie|COUNTY
wy-2026-primary,wy|laramie|wy-2026-primary|county_local_summary,Laramie,wy-2026-primary|county|laramie|precinct-committeeman-4-1|rep,REP COMMITTEEMEN 4-01,Precinct Committeeman 4-1,county,,REP,REP,precinct,b9595aad2a5ced2707a252aaa59135acdaa96c8c2c5659b6ea6c65c7d5d40c42,2026-08-21T12:49:44Z,,county_summary_pdf_v1,1.1.5,1,verified,https://www.laramiecountywy.gov/County-Government/Elected-Officials/County-Clerk/Elections/Election-Results,,,county_complete,overvote,Laramie,,,,,,0,,wy|laramie|wy-2026-primary|county_local_summary|b9595aad2a5ced2707a252aaa59135acdaa96c8c2c5659b6ea6c65c7d5d40c42|wy-2026-primary|county|laramie|precinct-committeeman-4-1|rep|overvote|overvote|Laramie|COUNTY
wy-2026-primary,wy|laramie|wy-2026-primary|county_local_summary,Laramie,wy-2026-primary|county|laramie|precinct-committeeman-4-1|rep,REP COMMITTEEMEN 4-01,Precinct Committeeman 4-1,county,,REP,REP,precinct,b9595aad2a5ced2707a252aaa59135acdaa96c8c2c5659b6ea6c65c7d5d40c42,2026-08-21T12:49:44Z,,county_summary_pdf_v1,1.1.5,1,verified,https://www.laramiecountywy.gov/County-Government/Elected-Officials/County-Clerk/Elections/Election-Results,,,county_complete,undervote,Laramie,,,,,,23,,wy|laramie|wy-2026-primary|county_local_summary|b9595aad2a5ced2707a252aaa59135acdaa96c8c2c5659b6ea6c65c7d5d40c42|wy-2026-primary|county|laramie|precinct-committeeman-4-1|rep|undervote|undervote|Laramie|COUNTY
wy-2026-primary,wy|laramie|wy-2026-primary|county_local_summary,Laramie,wy-2026-primary|county|laramie|precinct-committeewoman-4-1|rep,REP COMMITTEEWOMEN 4-01,Precinct Committeewoman 4-1,county,,REP,REP,precinct,b9595aad2a5ced2707a252aaa59135acdaa96c8c2c5659b6ea6c65c7d5d40c42,2026-08-21T12:49:44Z,,county_summary_pdf_v1,1.1.5,1,verified,https://www.laramiecountywy.gov/County-Government/Elected-Officials/County-Clerk/Elections/Election-Results,,,county_complete,candidate,Laramie,,,MEAGAN HERRINGTON,MEAGAN HERRINGTON,,217,,wy|laramie|wy-2026-primary|county_local_summary|b9595aad2a5ced2707a252aaa59135acdaa96c8c2c5659b6ea6c65c7d5d40c42|wy-2026-primary|county|laramie|precinct-committeewoman-4-1|rep|candidate|MEAGAN HERRINGTON|Laramie|COUNTY
wy-2026-primary,wy|laramie|wy-2026-primary|county_local_summary,Laramie,wy-2026-primary|county|laramie|precinct-committeewoman-4-1|rep,REP COMMITTEEWOMEN 4-01,Precinct Committeewoman 4-1,county,,REP,REP,precinct,b9595aad2a5ced2707a252aaa59135acdaa96c8c2c5659b6ea6c65c7d5d40c42,2026-08-21T12:49:44Z,,county_summary_pdf_v1,1.1.5,1,verified,https://www.laramiecountywy.gov/County-Government/Elected-Officials/County-Clerk/Elections/Election-Results,,,county_complete,write_in_aggregate,Laramie,,,,,,13,,wy|laramie|wy-2026-primary|county_local_summary|b9595aad2a5ced2707a252aaa59135acdaa96c8c2c5659b6ea6c65c7d5d40c42|wy-2026-primary|county|laramie|precinct-committeewoman-4-1|rep|write_in_aggregate|write_in_aggregate|Laramie|COUNTY
wy-2026-primary,wy|laramie|wy-2026-primary|county_local_summary,Laramie,wy-2026-primary|county|laramie|precinct-committeewoman-4-1|rep,REP COMMITTEEWOMEN 4-01,Precinct Committeewoman 4-1,county,,REP,REP,precinct,b9595aad2a5ced2707a252aaa59135acdaa96c8c2c5659b6ea6c65c7d5d40c42,2026-08-21T12:49:44Z,,county_summary_pdf_v1,1.1.5,1,verified,https://www.laramiecountywy.gov/County-Government/Elected-Officials/County-Clerk/Elections/Election-Results,,,county_complete,overvote,Laramie,,,,,,0,,wy|laramie|wy-2026-primary|county_local_summary|b9595aad2a5ced2707a252aaa59135acdaa96c8c2c5659b6ea6c65c7d5d40c42|wy-2026-primary|county|laramie|precinct-committeewoman-4-1|rep|overvote|overvote|Laramie|COUNTY
wy-2026-primary,wy|laramie|wy-2026-primary|county_local_summary,Laramie,wy-2026-primary|county|laramie|precinct-committeewoman-4-1|rep,REP COMMITTEEWOMEN 4-01,Precinct Committeewoman 4-1,county,,REP,REP,precinct,b9595aad2a5ced2707a252aaa59135acdaa96c8c2c5659b6ea6c65c7d5d40c42,2026-08-21T12:49:44Z,,county_summary_pdf_v1,1.1.5,1,verified,https://www.laramiecountywy.gov/County-Government/Elected-Officials/County-Clerk/Elections/Election-Results,,,county_complete,undervote,Laramie,,,,,,23,,wy|laramie|wy-2026-primary|county_local_summary|b9595aad2a5ced2707a252aaa59135acdaa96c8c2c5659b6ea6c65c7d5d40c42|wy-2026-primary|county|laramie|precinct-committeewoman-4-1|rep|undervote|undervote|Laramie|COUNTY
wy-2026-primary,wy|laramie|wy-2026-primary|county_local_summary,Laramie,wy-2026-primary|county|laramie|precinct-committeeman-4-2|rep,REP COMMITTEEMEN 4-02,Precinct Committeeman 4-2,county,,REP,REP,precinct,b9595aad2a5ced2707a252aaa59135acdaa96c8c2c5659b6ea6c65c7d5d40c42,2026-08-21T12:49:44Z,,county_summary_pdf_v1,1.1.5,1,verified,https://www.laramiecountywy.gov/County-Government/Elected-Officials/County-Clerk/Elections/Election-Results,,,county_complete,candidate,Laramie,,,ROB GERINGER,ROB GERINGER,,942,,wy|laramie|wy-2026-primary|county_local_summary|b9595aad2a5ced2707a252aaa59135acdaa96c8c2c5659b6ea6c65c7d5d40c42|wy-2026-primary|county|laramie|precinct-committeeman-4-2|rep|candidate|ROB GERINGER|Laramie|COUNTY
wy-2026-primary,wy|laramie|wy-2026-primary|county_local_summary,Laramie,wy-2026-primary|county|laramie|precinct-committeeman-4-2|rep,REP COMMITTEEMEN 4-02,Precinct Committeeman 4-2,county,,REP,REP,precinct,b9595aad2a5ced2707a252aaa59135acdaa96c8c2c5659b6ea6c65c7d5d40c42,2026-08-21T12:49:44Z,,county_summary_pdf_v1,1.1.5,1,verified,https://www.laramiecountywy.gov/County-Government/Elected-Officials/County-Clerk/Elections/Election-Results,,,county_complete,candidate,Laramie,,,SAM E. GALEOTOS,SAM E. GALEOTOS,,835,,wy|laramie|wy-2026-primary|county_local_summary|b9595aad2a5ced2707a252aaa59135acdaa96c8c2c5659b6ea6c65c7d5d40c42|wy-2026-primary|county|laramie|precinct-committeeman-4-2|rep|candidate|SAM E. GALEOTOS|Laramie|COUNTY
wy-2026-primary,wy|laramie|wy-2026-primary|county_local_summary,Laramie,wy-2026-primary|county|laramie|precinct-committeeman-4-2|rep,REP COMMITTEEMEN 4-02,Precinct Committeeman 4-2,county,,REP,REP,precinct,b9595aad2a5ced2707a252aaa59135acdaa96c8c2c5659b6ea6c65c7d5d40c42,2026-08-21T12:49:44Z,,county_summary_pdf_v1,1.1.5,1,verified,https://www.laramiecountywy.gov/County-Government/Elected-Officials/County-Clerk/Elections/Election-Results,,,county_complete,candidate,Laramie,,,HARLAN EDMONDS,HARLAN EDMONDS,,697,,wy|laramie|wy-2026-primary|county_local_summary|b9595aad2a5ced2707a252aaa59135acdaa96c8c2c5659b6ea6c65c7d5d40c42|wy-2026-primary|county|laramie|precinct-committeeman-4-2|rep|candidate|HARLAN EDMONDS|Laramie|COUNTY
wy-2026-primary,wy|laramie|wy-2026-primary|county_local_summary,Laramie,wy-2026-primary|county|laramie|precinct-committeeman-4-2|rep,REP COMMITTEEMEN 4-02,Precinct Committeeman 4-2,county,,REP,REP,precinct,b9595aad2a5ced2707a252aaa59135acdaa96c8c2c5659b6ea6c65c7d5d40c42,2026-08-21T12:49:44Z,,county_summary_pdf_v1,1.1.5,1,verified,https://www.laramiecountywy.gov/County-Government/Elected-Officials/County-Clerk/Elections/Election-Results,,,county_complete,candidate,Laramie,,,RONALD GROVES,RONALD GROVES,,647,,wy|laramie|wy-2026-primary|county_local_summary|b9595aad2a5ced2707a252aaa59135acdaa96c8c2c5659b6ea6c65c7d5d40c42|wy-2026-primary|county|laramie|precinct-committeeman-4-2|rep|candidate|RONALD GROVES|Laramie|COUNTY
wy-2026-primary,wy|laramie|wy-2026-primary|county_local_summary,Laramie,wy-2026-primary|county|laramie|precinct-committeeman-4-2|rep,REP COMMITTEEMEN 4-02,Precinct Committeeman 4-2,county,,REP,REP,precinct,b9595aad2a5ced2707a252aaa59135acdaa96c8c2c5659b6ea6c65c7d5d40c42,2026-08-21T12:49:44Z,,county_summary_pdf_v1,1.1.5,1,verified,https://www.laramiecountywy.gov/County-Government/Elected-Officials/County-Clerk/Elections/Election-Results,,,county_complete,candidate,Laramie,,,ROBERT JOHN,ROBERT JOHN,,638,,wy|laramie|wy-2026-primary|county_local_summary|b9595aad2a5ced2707a252aaa59135acdaa96c8c2c5659b6ea6c65c7d5d40c42|wy-2026-primary|county|laramie|precinct-committeeman-4-2|rep|candidate|ROBERT JOHN|Laramie|COUNTY
wy-2026-primary,wy|laramie|wy-2026-primary|county_local_summary,Laramie,wy-2026-primary|county|laramie|precinct-committeeman-4-2|rep,REP COMMITTEEMEN 4-02,Precinct Committeeman 4-2,county,,REP,REP,precinct,b9595aad2a5ced2707a252aaa59135acdaa96c8c2c5659b6ea6c65c7d5d40c42,2026-08-21T12:49:44Z,,county_summary_pdf_v1,1.1.5,1,verified,https://www.laramiecountywy.gov/County-Government/Elected-Officials/County-Clerk/Elections/Election-Results,,,county_complete,candidate,Laramie,,,STEVE LUPIEN,STEVE LUPIEN,,635,,wy|laramie|wy-2026-primary|county_local_summary|b9595aad2a5ced2707a252aaa59135acdaa96c8c2c5659b6ea6c65c7d5d40c42|wy-2026-primary|county|laramie|precinct-committeeman-4-2|rep|candidate|STEVE LUPIEN|Laramie|COUNTY
wy-2026-primary,wy|laramie|wy-2026-primary|county_local_summary,Laramie,wy-2026-primary|county|laramie|precinct-committeeman-4-2|rep,REP COMMITTEEMEN 4-02,Precinct Committeeman 4-2,county,,REP,REP,precinct,b9595aad2a5ced2707a252aaa59135acdaa96c8c2c5659b6ea6c65c7d5d40c42,2026-08-21T12:49:44Z,,county_summary_pdf_v1,1.1.5,1,verified,https://www.laramiecountywy.gov/County-Government/Elected-Officials/County-Clerk/Elections/Election-Results,,,county_complete,write_in_aggregate,Laramie,,,,,,219,,wy|laramie|wy-2026-primary|county_local_summary|b9595aad2a5ced2707a252aaa59135acdaa96c8c2c5659b6ea6c65c7d5d40c42|wy-2026-primary|county|laramie|precinct-committeeman-4-2|rep|write_in_aggregate|write_in_aggregate|Laramie|COUNTY
wy-2026-primary,wy|laramie|wy-2026-primary|county_local_summary,Laramie,wy-2026-primary|county|laramie|precinct-committeeman-4-2|rep,REP COMMITTEEMEN 4-02,Precinct Committeeman 4-2,county,,REP,REP,precinct,b9595aad2a5ced2707a252aaa59135acdaa96c8c2c5659b6ea6c65c7d5d40c42,2026-08-21T12:49:44Z,,county_summary_pdf_v1,1.1.5,1,verified,https://www.laramiecountywy.gov/County-Government/Elected-Officials/County-Clerk/Elections/Election-Results,,,county_complete,overvote,Laramie,,,,,,0,,wy|laramie|wy-2026-primary|county_local_summary|b9595aad2a5ced2707a252aaa59135acdaa96c8c2c5659b6ea6c65c7d5d40c42|wy-2026-primary|county|laramie|precinct-committeeman-4-2|rep|overvote|overvote|Laramie|COUNTY
wy-2026-primary,wy|laramie|wy-2026-primary|county_local_summary,Laramie,wy-2026-primary|county|laramie|precinct-committeeman-4-2|rep,REP COMMITTEEMEN 4-02,Precinct Committeeman 4-2,county,,REP,REP,precinct,b9595aad2a5ced2707a252aaa59135acdaa96c8c2c5659b6ea6c65c7d5d40c42,2026-08-21T12:49:44Z,,county_summary_pdf_v1,1.1.5,1,verified,https://www.laramiecountywy.gov/County-Government/Elected-Officials/County-Clerk/Elections/Election-Results,,,county_complete,undervote,Laramie,,,,,,6395,,wy|laramie|wy-2026-primary|county_local_summary|b9595aad2a5ced2707a252aaa59135acdaa96c8c2c5659b6ea6c65c7d5d40c42|wy-2026-primary|county|laramie|precinct-committeeman-4-2|rep|undervote|undervote|Laramie|COUNTY
wy-2026-primary,wy|laramie|wy-2026-primary|county_local_summary,Laramie,wy-2026-primary|county|laramie|precinct-committeewoman-4-2|rep,REP COMMITTEEWOMEN 4-02,Precinct Committeewoman 4-2,county,,REP,REP,precinct,b9595aad2a5ced2707a252aaa59135acdaa96c8c2c5659b6ea6c65c7d5d40c42,2026-08-21T12:49:44Z,,county_summary_pdf_v1,1.1.5,1,verified,https://www.laramiecountywy.gov/County-Government/Elected-Officials/County-Clerk/Elections/Election-Results,,,county_complete,candidate,Laramie,,,AMY EDMONDS,AMY EDMONDS,,815,,wy|laramie|wy-2026-primary|county_local_summary|b9595aad2a5ced2707a252aaa59135acdaa96c8c2c5659b6ea6c65c7d5d40c42|wy-2026-primary|county|laramie|precinct-committeewoman-4-2|rep|candidate|AMY EDMONDS|Laramie|COUNTY
wy-2026-primary,wy|laramie|wy-2026-primary|county_local_summary,Laramie,wy-2026-primary|county|laramie|precinct-committeewoman-4-2|rep,REP COMMITTEEWOMEN 4-02,Precinct Committeewoman 4-2,county,,REP,REP,precinct,b9595aad2a5ced2707a252aaa59135acdaa96c8c2c5659b6ea6c65c7d5d40c42,2026-08-21T12:49:44Z,,county_summary_pdf_v1,1.1.5,1,verified,https://www.laramiecountywy.gov/County-Government/Elected-Officials/County-Clerk/Elections/Election-Results,,,county_complete,candidate,Laramie,,,STACEY GALEOTOS,STACEY GALEOTOS,,780,,wy|laramie|wy-2026-primary|county_local_summary|b9595aad2a5ced2707a252aaa59135acdaa96c8c2c5659b6ea6c65c7d5d40c42|wy-2026-primary|county|laramie|precinct-committeewoman-4-2|rep|candidate|STACEY GALEOTOS|Laramie|COUNTY
wy-2026-primary,wy|laramie|wy-2026-primary|county_local_summary,Laramie,wy-2026-primary|county|laramie|precinct-committeewoman-4-2|rep,REP COMMITTEEWOMEN 4-02,Precinct Committeewoman 4-2,county,,REP,REP,precinct,b9595aad2a5ced2707a252aaa59135acdaa96c8c2c5659b6ea6c65c7d5d40c42,2026-08-21T12:49:44Z,,county_summary_pdf_v1,1.1.5,1,verified,https://www.laramiecountywy.gov/County-Government/Elected-Officials/County-Clerk/Elections/Election-Results,,,county_complete,candidate,Laramie,,,CAITLIN LONG,CAITLIN LONG,,728,,wy|laramie|wy-2026-primary|county_local_summary|b9595aad2a5ced2707a252aaa59135acdaa96c8c2c5659b6ea6c65c7d5d40c42|wy-2026-primary|county|laramie|precinct-committeewoman-4-2|rep|candidate|CAITLIN LONG|Laramie|COUNTY
wy-2026-primary,wy|laramie|wy-2026-primary|county_local_summary,Laramie,wy-2026-primary|county|laramie|precinct-committeewoman-4-2|rep,REP COMMITTEEWOMEN 4-02,Precinct Committeewoman 4-2,county,,REP,REP,precinct,b9595aad2a5ced2707a252aaa59135acdaa96c8c2c5659b6ea6c65c7d5d40c42,2026-08-21T12:49:44Z,,county_summary_pdf_v1,1.1.5,1,verified,https://www.laramiecountywy.gov/County-Government/Elected-Officials/County-Clerk/Elections/Election-Results,,,county_complete,candidate,Laramie,,,KIMBERLY GROVES,KIMBERLY GROVES,,721,,wy|laramie|wy-2026-primary|county_local_summary|b9595aad2a5ced2707a252aaa59135acdaa96c8c2c5659b6ea6c65c7d5d40c42|wy-2026-primary|county|laramie|precinct-committeewoman-4-2|rep|candidate|KIMBERLY GROVES|Laramie|COUNTY
wy-2026-primary,wy|laramie|wy-2026-primary|county_local_summary,Laramie,wy-2026-primary|county|laramie|precinct-committeewoman-4-2|rep,REP COMMITTEEWOMEN 4-02,Precinct Committeewoman 4-2,county,,REP,REP,precinct,b9595aad2a5ced2707a252aaa59135acdaa96c8c2c5659b6ea6c65c7d5d40c42,2026-08-21T12:49:44Z,,county_summary_pdf_v1,1.1.5,1,verified,https://www.laramiecountywy.gov/County-Government/Elected-Officials/County-Clerk/Elections/Election-Results,,,county_complete,write_in_aggregate,Laramie,,,,,,251,,wy|laramie|wy-2026-primary|county_local_summary|b9595aad2a5ced2707a252aaa59135acdaa96c8c2c5659b6ea6c65c7d5d40c42|wy-2026-primary|county|laramie|precinct-committeewoman-4-2|rep|write_in_aggregate|write_in_aggregate|Laramie|COUNTY
wy-2026-primary,wy|laramie|wy-2026-primary|county_local_summary,Laramie,wy-2026-primary|county|laramie|precinct-committeewoman-4-2|rep,REP COMMITTEEWOMEN 4-02,Precinct Committeewoman 4-2,county,,REP,REP,precinct,b9595aad2a5ced2707a252aaa59135acdaa96c8c2c5659b6ea6c65c7d5d40c42,2026-08-21T12:49:44Z,,county_summary_pdf_v1,1.1.5,1,verified,https://www.laramiecountywy.gov/County-Government/Elected-Officials/County-Clerk/Elections/Election-Results,,,county_complete,overvote,Laramie,,,,,,0,,wy|laramie|wy-2026-primary|county_local_summary|b9595aad2a5ced2707a252aaa59135acdaa96c8c2c5659b6ea6c65c7d5d40c42|wy-2026-primary|county|laramie|precinct-committeewoman-4-2|rep|overvote|overvote|Laramie|COUNTY
wy-2026-primary,wy|laramie|wy-2026-primary|county_local_summary,Laramie,wy-2026-primary|county|laramie|precinct-committeewoman-4-2|rep,REP COMMITTEEWOMEN 4-02,Precinct Committeewoman 4-2,county,,REP,REP,precinct,b9595aad2a5ced2707a252aaa59135acdaa96c8c2c5659b6ea6c65c7d5d40c42,2026-08-21T12:49:44Z,,county_summary_pdf_v1,1.1.5,1,verified,https://www.laramiecountywy.gov/County-Government/Elected-Officials/County-Clerk/Elections/Election-Results,,,county_complete,undervote,Laramie,,,,,,7713,,wy|laramie|wy-2026-primary|county_local_summary|b9595aad2a5ced2707a252aaa59135acdaa96c8c2c5659b6ea6c65c7d5d40c42|wy-2026-primary|county|laramie|precinct-committeewoman-4-2|rep|undervote|undervote|Laramie|COUNTY
wy-2026-primary,wy|laramie|wy-2026-primary|county_local_summary,Laramie,wy-2026-primary|county|laramie|precinct-committeeman-4-3|rep,REP COMMITTEEMEN 4-03,Precinct Committeeman 4-3,county,,REP,REP,precinct,b9595aad2a5ced2707a252aaa59135acdaa96c8c2c5659b6ea6c65c7d5d40c42,2026-08-21T12:49:44Z,,county_summary_pdf_v1,1.1.5,1,verified,https://www.laramiecountywy.gov/County-Government/Elected-Officials/County-Clerk/Elections/Election-Results,,,county_complete,candidate,Laramie,,,PHILIP M ELLIS,PHILIP M ELLIS,,41,,wy|laramie|wy-2026-primary|county_local_summary|b9595aad2a5ced2707a252aaa59135acdaa96c8c2c5659b6ea6c65c7d5d40c42|wy-2026-primary|county|laramie|precinct-committeeman-4-3|rep|candidate|PHILIP M ELLIS|Laramie|COUNTY
wy-2026-primary,wy|laramie|wy-2026-primary|county_local_summary,Laramie,wy-2026-primary|county|laramie|precinct-committeeman-4-3|rep,REP COMMITTEEMEN 4-03,Precinct Committeeman 4-3,county,,REP,REP,precinct,b9595aad2a5ced2707a252aaa59135acdaa96c8c2c5659b6ea6c65c7d5d40c42,2026-08-21T12:49:44Z,,county_summary_pdf_v1,1.1.5,1,verified,https://www.laramiecountywy.gov/County-Government/Elected-Officials/County-Clerk/Elections/Election-Results,,,county_complete,write_in_aggregate,Laramie,,,,,,0,,wy|laramie|wy-2026-primary|county_local_summary|b9595aad2a5ced2707a252aaa59135acdaa96c8c2c5659b6ea6c65c7d5d40c42|wy-2026-primary|county|laramie|precinct-committeeman-4-3|rep|write_in_aggregate|write_in_aggregate|Laramie|COUNTY
wy-2026-primary,wy|laramie|wy-2026-primary|county_local_summary,Laramie,wy-2026-primary|county|laramie|precinct-committeeman-4-3|rep,REP COMMITTEEMEN 4-03,Precinct Committeeman 4-3,county,,REP,REP,precinct,b9595aad2a5ced2707a252aaa59135acdaa96c8c2c5659b6ea6c65c7d5d40c42,2026-08-21T12:49:44Z,,county_summary_pdf_v1,1.1.5,1,verified,https://www.laramiecountywy.gov/County-Government/Elected-Officials/County-Clerk/Elections/Election-Results,,,county_complete,overvote,Laramie,,,,,,0,,wy|laramie|wy-2026-primary|county_local_summary|b9595aad2a5ced2707a252aaa59135acdaa96c8c2c5659b6ea6c65c7d5d40c42|wy-2026-primary|county|laramie|precinct-committeeman-4-3|rep|overvote|overvote|Laramie|COUNTY
wy-2026-primary,wy|laramie|wy-2026-primary|county_local_summary,Laramie,wy-2026-primary|county|laramie|precinct-committeeman-4-3|rep,REP COMMITTEEMEN 4-03,Precinct Committeeman 4-3,county,,REP,REP,precinct,b9595aad2a5ced2707a252aaa59135acdaa96c8c2c5659b6ea6c65c7d5d40c42,2026-08-21T12:49:44Z,,county_summary_pdf_v1,1.1.5,1,verified,https://www.laramiecountywy.gov/County-Government/Elected-Officials/County-Clerk/Elections/Election-Results,,,county_complete,undervote,Laramie,,,,,,3,,wy|laramie|wy-2026-primary|county_local_summary|b9595aad2a5ced2707a252aaa59135acdaa96c8c2c5659b6ea6c65c7d5d40c42|wy-2026-primary|county|laramie|precinct-committeeman-4-3|rep|undervote|undervote|Laramie|COUNTY
wy-2026-primary,wy|laramie|wy-2026-primary|county_local_summary,Laramie,wy-2026-primary|county|laramie|precinct-committeewoman-4-3|rep,REP COMMITTEEWOMEN 4-03,Precinct Committeewoman 4-3,county,,REP,REP,precinct,b9595aad2a5ced2707a252aaa59135acdaa96c8c2c5659b6ea6c65c7d5d40c42,2026-08-21T12:49:44Z,,county_summary_pdf_v1,1.1.5,1,verified,https://www.laramiecountywy.gov/County-Government/Elected-Officials/County-Clerk/Elections/Election-Results,,,county_complete,candidate,Laramie,,,FRANCES L. CASTER,FRANCES L. CASTER,,42,,wy|laramie|wy-2026-primary|county_local_summary|b9595aad2a5ced2707a252aaa59135acdaa96c8c2c5659b6ea6c65c7d5d40c42|wy-2026-primary|county|laramie|precinct-committeewoman-4-3|rep|candidate|FRANCES L. CASTER|Laramie|COUNTY
wy-2026-primary,wy|laramie|wy-2026-primary|county_local_summary,Laramie,wy-2026-primary|county|laramie|precinct-committeewoman-4-3|rep,REP COMMITTEEWOMEN 4-03,Precinct Committeewoman 4-3,county,,REP,REP,precinct,b9595aad2a5ced2707a252aaa59135acdaa96c8c2c5659b6ea6c65c7d5d40c42,2026-08-21T12:49:44Z,,county_summary_pdf_v1,1.1.5,1,verified,https://www.laramiecountywy.gov/County-Government/Elected-Officials/County-Clerk/Elections/Election-Results,,,county_complete,write_in_aggregate,Laramie,,,,,,0,,wy|laramie|wy-2026-primary|county_local_summary|b9595aad2a5ced2707a252aaa59135acdaa96c8c2c5659b6ea6c65c7d5d40c42|wy-2026-primary|county|laramie|precinct-committeewoman-4-3|rep|write_in_aggregate|write_in_aggregate|Laramie|COUNTY
wy-2026-primary,wy|laramie|wy-2026-primary|county_local_summary,Laramie,wy-2026-primary|county|laramie|precinct-committeewoman-4-3|rep,REP COMMITTEEWOMEN 4-03,Precinct Committeewoman 4-3,county,,REP,REP,precinct,b9595aad2a5ced2707a252aaa59135acdaa96c8c2c5659b6ea6c65c7d5d40c42,2026-08-21T12:49:44Z,,county_summary_pdf_v1,1.1.5,1,verified,https://www.laramiecountywy.gov/County-Government/Elected-Officials/County-Clerk/Elections/Election-Results,,,county_complete,overvote,Laramie,,,,,,0,,wy|laramie|wy-2026-primary|county_local_summary|b9595aad2a5ced2707a252aaa59135acdaa96c8c2c5659b6ea6c65c7d5d40c42|wy-2026-primary|county|laramie|precinct-committeewoman-4-3|rep|overvote|overvote|Laramie|COUNTY
wy-2026-primary,wy|laramie|wy-2026-primary|county_local_summary,Laramie,wy-2026-primary|county|laramie|precinct-committeewoman-4-3|rep,REP COMMITTEEWOMEN 4-03,Precinct Committeewoman 4-3,county,,REP,REP,precinct,b9595aad2a5ced2707a252aaa59135acdaa96c8c2c5659b6ea6c65c7d5d40c42,2026-08-21T12:49:44Z,,county_summary_pdf_v1,1.1.5,1,verified,https://www.laramiecountywy.gov/County-Government/Elected-Officials/County-Clerk/Elections/Election-Results,,,county_complete,undervote,Laramie,,,,,,2,,wy|laramie|wy-2026-primary|county_local_summary|b9595aad2a5ced2707a252aaa59135acdaa96c8c2c5659b6ea6c65c7d5d40c42|wy-2026-primary|county|laramie|precinct-committeewoman-4-3|rep|undervote|undervote|Laramie|COUNTY
wy-2026-primary,wy|laramie|wy-2026-primary|county_local_summary,Laramie,wy-2026-primary|county|laramie|precinct-committeeman-4-4|rep,REP COMMITTEEMEN 4-04,Precinct Committeeman 4-4,county,,REP,REP,precinct,b9595aad2a5ced2707a252aaa59135acdaa96c8c2c5659b6ea6c65c7d5d40c42,2026-08-21T12:49:44Z,,county_summary_pdf_v1,1.1.5,1,verified,https://www.laramiecountywy.gov/County-Government/Elected-Officials/County-Clerk/Elections/Election-Results,,,county_complete,candidate,Laramie,,,DAVID DELANCEY,DAVID DELANCEY,,208,,wy|laramie|wy-2026-primary|county_local_summary|b9595aad2a5ced2707a252aaa59135acdaa96c8c2c5659b6ea6c65c7d5d40c42|wy-2026-primary|county|laramie|precinct-committeeman-4-4|rep|candidate|DAVID DELANCEY|Laramie|COUNTY
wy-2026-primary,wy|laramie|wy-2026-primary|county_local_summary,Laramie,wy-2026-primary|county|laramie|precinct-committeeman-4-4|rep,REP COMMITTEEMEN 4-04,Precinct Committeeman 4-4,county,,REP,REP,precinct,b9595aad2a5ced2707a252aaa59135acdaa96c8c2c5659b6ea6c65c7d5d40c42,2026-08-21T12:49:44Z,,county_summary_pdf_v1,1.1.5,1,verified,https://www.laramiecountywy.gov/County-Government/Elected-Officials/County-Clerk/Elections/Election-Results,,,county_complete,candidate,Laramie,,,STEVEN COOKE,STEVEN COOKE,,198,,wy|laramie|wy-2026-primary|county_local_summary|b9595aad2a5ced2707a252aaa59135acdaa96c8c2c5659b6ea6c65c7d5d40c42|wy-2026-primary|county|laramie|precinct-committeeman-4-4|rep|candidate|STEVEN COOKE|Laramie|COUNTY
wy-2026-primary,wy|laramie|wy-2026-primary|county_local_summary,Laramie,wy-2026-primary|county|laramie|precinct-committeeman-4-4|rep,REP COMMITTEEMEN 4-04,Precinct Committeeman 4-4,county,,REP,REP,precinct,b9595aad2a5ced2707a252aaa59135acdaa96c8c2c5659b6ea6c65c7d5d40c42,2026-08-21T12:49:44Z,,county_summary_pdf_v1,1.1.5,1,verified,https://www.laramiecountywy.gov/County-Government/Elected-Officials/County-Clerk/Elections/Election-Results,,,county_complete,candidate,Laramie,,,JOE SHOGRIN,JOE SHOGRIN,,165,,wy|laramie|wy-2026-primary|county_local_summary|b9595aad2a5ced2707a252aaa59135acdaa96c8c2c5659b6ea6c65c7d5d40c42|wy-2026-primary|county|laramie|precinct-committeeman-4-4|rep|candidate|JOE SHOGRIN|Laramie|COUNTY
wy-2026-primary,wy|laramie|wy-2026-primary|county_local_summary,Laramie,wy-2026-primary|county|laramie|precinct-committeeman-4-4|rep,REP COMMITTEEMEN 4-04,Precinct Committeeman 4-4,county,,REP,REP,precinct,b9595aad2a5ced2707a252aaa59135acdaa96c8c2c5659b6ea6c65c7d5d40c42,2026-08-21T12:49:44Z,,county_summary_pdf_v1,1.1.5,1,verified,https://www.laramiecountywy.gov/County-Government/Elected-Officials/County-Clerk/Elections/Election-Results,,,county_complete,write_in_aggregate,Laramie,,,,,,4,,wy|laramie|wy-2026-primary|county_local_summary|b9595aad2a5ced2707a252aaa59135acdaa96c8c2c5659b6ea6c65c7d5d40c42|wy-2026-primary|county|laramie|precinct-committeeman-4-4|rep|write_in_aggregate|write_in_aggregate|Laramie|COUNTY
wy-2026-primary,wy|laramie|wy-2026-primary|county_local_summary,Laramie,wy-2026-primary|county|laramie|precinct-committeeman-4-4|rep,REP COMMITTEEMEN 4-04,Precinct Committeeman 4-4,county,,REP,REP,precinct,b9595aad2a5ced2707a252aaa59135acdaa96c8c2c5659b6ea6c65c7d5d40c42,2026-08-21T12:49:44Z,,county_summary_pdf_v1,1.1.5,1,verified,https://www.laramiecountywy.gov/County-Government/Elected-Officials/County-Clerk/Elections/Election-Results,,,county_complete,overvote,Laramie,,,,,,0,,wy|laramie|wy-2026-primary|county_local_summary|b9595aad2a5ced2707a252aaa59135acdaa96c8c2c5659b6ea6c65c7d5d40c42|wy-2026-primary|county|laramie|precinct-committeeman-4-4|rep|overvote|overvote|Laramie|COUNTY
wy-2026-primary,wy|laramie|wy-2026-primary|county_local_summary,Laramie,wy-2026-primary|county|laramie|precinct-committeeman-4-4|rep,REP COMMITTEEMEN 4-04,Precinct Committeeman 4-4,county,,REP,REP,precinct,b9595aad2a5ced2707a252aaa59135acdaa96c8c2c5659b6ea6c65c7d5d40c42,2026-08-21T12:49:44Z,,county_summary_pdf_v1,1.1.5,1,verified,https://www.laramiecountywy.gov/County-Government/Elected-Officials/County-Clerk/Elections/Election-Results,,,county_complete,undervote,Laramie,,,,,,211,,wy|laramie|wy-2026-primary|county_local_summary|b9595aad2a5ced2707a252aaa59135acdaa96c8c2c5659b6ea6c65c7d5d40c42|wy-2026-primary|county|laramie|precinct-committeeman-4-4|rep|undervote|undervote|Laramie|COUNTY
wy-2026-primary,wy|laramie|wy-2026-primary|county_local_summary,Laramie,wy-2026-primary|county|laramie|precinct-committeewoman-4-4|rep,REP COMMITTEEWOMEN 4-04,Precinct Committeewoman 4-4,county,,REP,REP,precinct,b9595aad2a5ced2707a252aaa59135acdaa96c8c2c5659b6ea6c65c7d5d40c42,2026-08-21T12:49:44Z,,county_summary_pdf_v1,1.1.5,1,verified,https://www.laramiecountywy.gov/County-Government/Elected-Officials/County-Clerk/Elections/Election-Results,,,county_complete,candidate,Laramie,,,CINDY DELANCEY,CINDY DELANCEY,,295,,wy|laramie|wy-2026-primary|county_local_summary|b9595aad2a5ced2707a252aaa59135acdaa96c8c2c5659b6ea6c65c7d5d40c42|wy-2026-primary|county|laramie|precinct-committeewoman-4-4|rep|candidate|CINDY DELANCEY|Laramie|COUNTY
wy-2026-primary,wy|laramie|wy-2026-primary|county_local_summary,Laramie,wy-2026-primary|county|laramie|precinct-committeewoman-4-4|rep,REP COMMITTEEWOMEN 4-04,Precinct Committeewoman 4-4,county,,REP,REP,precinct,b9595aad2a5ced2707a252aaa59135acdaa96c8c2c5659b6ea6c65c7d5d40c42,2026-08-21T12:49:44Z,,county_summary_pdf_v1,1.1.5,1,verified,https://www.laramiecountywy.gov/County-Government/Elected-Officials/County-Clerk/Elections/Election-Results,,,county_complete,candidate,Laramie,,,ASHLEY HARPSTREITH,ASHLEY HARPSTREITH,,288,,wy|laramie|wy-2026-primary|county_local_summary|b9595aad2a5ced2707a252aaa59135acdaa96c8c2c5659b6ea6c65c7d5d40c42|wy-2026-primary|county|laramie|precinct-committeewoman-4-4|rep|candidate|ASHLEY HARPSTREITH|Laramie|COUNTY
wy-2026-primary,wy|laramie|wy-2026-primary|county_local_summary,Laramie,wy-2026-primary|county|laramie|precinct-committeewoman-4-4|rep,REP COMMITTEEWOMEN 4-04,Precinct Committeewoman 4-4,county,,REP,REP,precinct,b9595aad2a5ced2707a252aaa59135acdaa96c8c2c5659b6ea6c65c7d5d40c42,2026-08-21T12:49:44Z,,county_summary_pdf_v1,1.1.5,1,verified,https://www.laramiecountywy.gov/County-Government/Elected-Officials/County-Clerk/Elections/Election-Results,,,county_complete,write_in_aggregate,Laramie,,,,,,9,,wy|laramie|wy-2026-primary|county_local_summary|b9595aad2a5ced2707a252aaa59135acdaa96c8c2c5659b6ea6c65c7d5d40c42|wy-2026-primary|county|laramie|precinct-committeewoman-4-4|rep|write_in_aggregate|write_in_aggregate|Laramie|COUNTY
wy-2026-primary,wy|laramie|wy-2026-primary|county_local_summary,Laramie,wy-2026-primary|county|laramie|precinct-committeewoman-4-4|rep,REP COMMITTEEWOMEN 4-04,Precinct Committeewoman 4-4,county,,REP,REP,precinct,b9595aad2a5ced2707a252aaa59135acdaa96c8c2c5659b6ea6c65c7d5d40c42,2026-08-21T12:49:44Z,,county_summary_pdf_v1,1.1.5,1,verified,https://www.laramiecountywy.gov/County-Government/Elected-Officials/County-Clerk/Elections/Election-Results,,,county_complete,overvote,Laramie,,,,,,0,,wy|laramie|wy-2026-primary|county_local_summary|b9595aad2a5ced2707a252aaa59135acdaa96c8c2c5659b6ea6c65c7d5d40c42|wy-2026-primary|county|laramie|precinct-committeewoman-4-4|rep|overvote|overvote|Laramie|COUNTY
wy-2026-primary,wy|laramie|wy-2026-primary|county_local_summary,Laramie,wy-2026-primary|county|laramie|precinct-committeewoman-4-4|rep,REP COMMITTEEWOMEN 4-04,Precinct Committeewoman 4-4,county,,REP,REP,precinct,b9595aad2a5ced2707a252aaa59135acdaa96c8c2c5659b6ea6c65c7d5d40c42,2026-08-21T12:49:44Z,,county_summary_pdf_v1,1.1.5,1,verified,https://www.laramiecountywy.gov/County-Government/Elected-Officials/County-Clerk/Elections/Election-Results,,,county_complete,undervote,Laramie,,,,,,194,,wy|laramie|wy-2026-primary|county_local_summary|b9595aad2a5ced2707a252aaa59135acdaa96c8c2c5659b6ea6c65c7d5d40c42|wy-2026-primary|county|laramie|precinct-committeewoman-4-4|rep|undervote|undervote|Laramie|COUNTY
wy-2026-primary,wy|laramie|wy-2026-primary|county_local_summary,Laramie,wy-2026-primary|county|laramie|precinct-committeeman-4-5|rep,REP COMMITTEEMEN 4-05,Precinct Committeeman 4-5,county,,REP,REP,precinct,b9595aad2a5ced2707a252aaa59135acdaa96c8c2c5659b6ea6c65c7d5d40c42,2026-08-21T12:49:44Z,,county_summary_pdf_v1,1.1.5,1,verified,https://www.laramiecountywy.gov/County-Government/Elected-Officials/County-Clerk/Elections/Election-Results,,,county_complete,candidate,Laramie,,,KEVIN LEWIS,KEVIN LEWIS,,571,,wy|laramie|wy-2026-primary|county_local_summary|b9595aad2a5ced2707a252aaa59135acdaa96c8c2c5659b6ea6c65c7d5d40c42|wy-2026-primary|county|laramie|precinct-committeeman-4-5|rep|candidate|KEVIN LEWIS|Laramie|COUNTY
wy-2026-primary,wy|laramie|wy-2026-primary|county_local_summary,Laramie,wy-2026-primary|county|laramie|precinct-committeeman-4-5|rep,REP COMMITTEEMEN 4-05,Precinct Committeeman 4-5,county,,REP,REP,precinct,b9595aad2a5ced2707a252aaa59135acdaa96c8c2c5659b6ea6c65c7d5d40c42,2026-08-21T12:49:44Z,,county_summary_pdf_v1,1.1.5,1,verified,https://www.laramiecountywy.gov/County-Government/Elected-Officials/County-Clerk/Elections/Election-Results,,,county_complete,candidate,Laramie,,,THOMAS J. PIERSCH,THOMAS J. PIERSCH,,569,,wy|laramie|wy-2026-primary|county_local_summary|b9595aad2a5ced2707a252aaa59135acdaa96c8c2c5659b6ea6c65c7d5d40c42|wy-2026-primary|county|laramie|precinct-committeeman-4-5|rep|candidate|THOMAS J. PIERSCH|Laramie|COUNTY
wy-2026-primary,wy|laramie|wy-2026-primary|county_local_summary,Laramie,wy-2026-primary|county|laramie|precinct-committeeman-4-5|rep,REP COMMITTEEMEN 4-05,Precinct Committeeman 4-5,county,,REP,REP,precinct,b9595aad2a5ced2707a252aaa59135acdaa96c8c2c5659b6ea6c65c7d5d40c42,2026-08-21T12:49:44Z,,county_summary_pdf_v1,1.1.5,1,verified,https://www.laramiecountywy.gov/County-Government/Elected-Officials/County-Clerk/Elections/Election-Results,,,county_complete,candidate,Laramie,,,STEVE JOHNSON,STEVE JOHNSON,,529,,wy|laramie|wy-2026-primary|county_local_summary|b9595aad2a5ced2707a252aaa59135acdaa96c8c2c5659b6ea6c65c7d5d40c42|wy-2026-primary|county|laramie|precinct-committeeman-4-5|rep|candidate|STEVE JOHNSON|Laramie|COUNTY
wy-2026-primary,wy|laramie|wy-2026-primary|county_local_summary,Laramie,wy-2026-primary|county|laramie|precinct-committeeman-4-5|rep,REP COMMITTEEMEN 4-05,Precinct Committeeman 4-5,county,,REP,REP,precinct,b9595aad2a5ced2707a252aaa59135acdaa96c8c2c5659b6ea6c65c7d5d40c42,2026-08-21T12:49:44Z,,county_summary_pdf_v1,1.1.5,1,verified,https://www.laramiecountywy.gov/County-Government/Elected-Officials/County-Clerk/Elections/Election-Results,,,county_complete,candidate,Laramie,,,M. LEE HASENAUER,M. LEE HASENAUER,,487,,wy|laramie|wy-2026-primary|county_local_summary|b9595aad2a5ced2707a252aaa59135acdaa96c8c2c5659b6ea6c65c7d5d40c42|wy-2026-primary|county|laramie|precinct-committeeman-4-5|rep|candidate|M. LEE HASENAUER|Laramie|COUNTY
wy-2026-primary,wy|laramie|wy-2026-primary|county_local_summary,Laramie,wy-2026-primary|county|laramie|precinct-committeeman-4-5|rep,REP COMMITTEEMEN 4-05,Precinct Committeeman 4-5,county,,REP,REP,precinct,b9595aad2a5ced2707a252aaa59135acdaa96c8c2c5659b6ea6c65c7d5d40c42,2026-08-21T12:49:44Z,,county_summary_pdf_v1,1.1.5,1,verified,https://www.laramiecountywy.gov/County-Government/Elected-Officials/County-Clerk/Elections/Election-Results,,,county_complete,write_in_aggregate,Laramie,,,,,,146,,wy|laramie|wy-2026-primary|county_local_summary|b9595aad2a5ced2707a252aaa59135acdaa96c8c2c5659b6ea6c65c7d5d40c42|wy-2026-primary|county|laramie|precinct-committeeman-4-5|rep|write_in_aggregate|write_in_aggregate|Laramie|COUNTY
wy-2026-primary,wy|laramie|wy-2026-primary|county_local_summary,Laramie,wy-2026-primary|county|laramie|precinct-committeeman-4-5|rep,REP COMMITTEEMEN 4-05,Precinct Committeeman 4-5,county,,REP,REP,precinct,b9595aad2a5ced2707a252aaa59135acdaa96c8c2c5659b6ea6c65c7d5d40c42,2026-08-21T12:49:44Z,,county_summary_pdf_v1,1.1.5,1,verified,https://www.laramiecountywy.gov/County-Government/Elected-Officials/County-Clerk/Elections/Election-Results,,,county_complete,overvote,Laramie,,,,,,0,,wy|laramie|wy-2026-primary|county_local_summary|b9595aad2a5ced2707a252aaa59135acdaa96c8c2c5659b6ea6c65c7d5d40c42|wy-2026-primary|county|laramie|precinct-committeeman-4-5|rep|overvote|overvote|Laramie|COUNTY
wy-2026-primary,wy|laramie|wy-2026-primary|county_local_summary,Laramie,wy-2026-primary|county|laramie|precinct-committeeman-4-5|rep,REP COMMITTEEMEN 4-05,Precinct Committeeman 4-5,county,,REP,REP,precinct,b9595aad2a5ced2707a252aaa59135acdaa96c8c2c5659b6ea6c65c7d5d40c42,2026-08-21T12:49:44Z,,county_summary_pdf_v1,1.1.5,1,verified,https://www.laramiecountywy.gov/County-Government/Elected-Officials/County-Clerk/Elections/Election-Results,,,county_complete,undervote,Laramie,,,,,,2903,,wy|laramie|wy-2026-primary|county_local_summary|b9595aad2a5ced2707a252aaa59135acdaa96c8c2c5659b6ea6c65c7d5d40c42|wy-2026-primary|county|laramie|precinct-committeeman-4-5|rep|undervote|undervote|Laramie|COUNTY
wy-2026-primary,wy|laramie|wy-2026-primary|county_local_summary,Laramie,wy-2026-primary|county|laramie|precinct-committeewoman-4-5|rep,REP COMMITTEEWOMEN 4-05,Precinct Committeewoman 4-5,county,,REP,REP,precinct,b9595aad2a5ced2707a252aaa59135acdaa96c8c2c5659b6ea6c65c7d5d40c42,2026-08-21T12:49:44Z,,county_summary_pdf_v1,1.1.5,1,verified,https://www.laramiecountywy.gov/County-Government/Elected-Officials/County-Clerk/Elections/Election-Results,,,county_complete,candidate,Laramie,,,LILY NICHOLAS SHARPE,LILY NICHOLAS SHARPE,,679,,wy|laramie|wy-2026-primary|county_local_summary|b9595aad2a5ced2707a252aaa59135acdaa96c8c2c5659b6ea6c65c7d5d40c42|wy-2026-primary|county|laramie|precinct-committeewoman-4-5|rep|candidate|LILY NICHOLAS SHARPE|Laramie|COUNTY
wy-2026-primary,wy|laramie|wy-2026-primary|county_local_summary,Laramie,wy-2026-primary|county|laramie|precinct-committeewoman-4-5|rep,REP COMMITTEEWOMEN 4-05,Precinct Committeewoman 4-5,county,,REP,REP,precinct,b9595aad2a5ced2707a252aaa59135acdaa96c8c2c5659b6ea6c65c7d5d40c42,2026-08-21T12:49:44Z,,county_summary_pdf_v1,1.1.5,1,verified,https://www.laramiecountywy.gov/County-Government/Elected-Officials/County-Clerk/Elections/Election-Results,,,county_complete,candidate,Laramie,,,CHRISTINE L JOHNSON,CHRISTINE L JOHNSON,,593,,wy|laramie|wy-2026-primary|county_local_summary|b9595aad2a5ced2707a252aaa59135acdaa96c8c2c5659b6ea6c65c7d5d40c42|wy-2026-primary|county|laramie|precinct-committeewoman-4-5|rep|candidate|CHRISTINE L JOHNSON|Laramie|COUNTY
wy-2026-primary,wy|laramie|wy-2026-primary|county_local_summary,Laramie,wy-2026-primary|county|laramie|precinct-committeewoman-4-5|rep,REP COMMITTEEWOMEN 4-05,Precinct Committeewoman 4-5,county,,REP,REP,precinct,b9595aad2a5ced2707a252aaa59135acdaa96c8c2c5659b6ea6c65c7d5d40c42,2026-08-21T12:49:44Z,,county_summary_pdf_v1,1.1.5,1,verified,https://www.laramiecountywy.gov/County-Government/Elected-Officials/County-Clerk/Elections/Election-Results,,,county_complete,write_in_aggregate,Laramie,,,,,,118,,wy|laramie|wy-2026-primary|county_local_summary|b9595aad2a5ced2707a252aaa59135acdaa96c8c2c5659b6ea6c65c7d5d40c42|wy-2026-primary|county|laramie|precinct-committeewoman-4-5|rep|write_in_aggregate|write_in_aggregate|Laramie|COUNTY
wy-2026-primary,wy|laramie|wy-2026-primary|county_local_summary,Laramie,wy-2026-primary|county|laramie|precinct-committeewoman-4-5|rep,REP COMMITTEEWOMEN 4-05,Precinct Committeewoman 4-5,county,,REP,REP,precinct,b9595aad2a5ced2707a252aaa59135acdaa96c8c2c5659b6ea6c65c7d5d40c42,2026-08-21T12:49:44Z,,county_summary_pdf_v1,1.1.5,1,verified,https://www.laramiecountywy.gov/County-Government/Elected-Officials/County-Clerk/Elections/Election-Results,,,county_complete,overvote,Laramie,,,,,,0,,wy|laramie|wy-2026-primary|county_local_summary|b9595aad2a5ced2707a252aaa59135acdaa96c8c2c5659b6ea6c65c7d5d40c42|wy-2026-primary|county|laramie|precinct-committeewoman-4-5|rep|overvote|overvote|Laramie|COUNTY
wy-2026-primary,wy|laramie|wy-2026-primary|county_local_summary,Laramie,wy-2026-primary|county|laramie|precinct-committeewoman-4-5|rep,REP COMMITTEEWOMEN 4-05,Precinct Committeewoman 4-5,county,,REP,REP,precinct,b9595aad2a5ced2707a252aaa59135acdaa96c8c2c5659b6ea6c65c7d5d40c42,2026-08-21T12:49:44Z,,county_summary_pdf_v1,1.1.5,1,verified,https://www.laramiecountywy.gov/County-Government/Elected-Officials/County-Clerk/Elections/Election-Results,,,county_complete,undervote,Laramie,,,,,,3815,,wy|laramie|wy-2026-primary|county_local_summary|b9595aad2a5ced2707a252aaa59135acdaa96c8c2c5659b6ea6c65c7d5d40c42|wy-2026-primary|county|laramie|precinct-committeewoman-4-5|rep|undervote|undervote|Laramie|COUNTY
wy-2026-primary,wy|laramie|wy-2026-primary|county_local_summary,Laramie,wy-2026-primary|county|laramie|precinct-committeeman-4-6|rep,REP COMMITTEEMEN 4-06,Precinct Committeeman 4-6,county,,REP,REP,precinct,b9595aad2a5ced2707a252aaa59135acdaa96c8c2c5659b6ea6c65c7d5d40c42,2026-08-21T12:49:44Z,,county_summary_pdf_v1,1.1.5,1,verified,https://www.laramiecountywy.gov/County-Government/Elected-Officials/County-Clerk/Elections/Election-Results,,,county_complete,candidate,Laramie,,,LUKE REINER,LUKE REINER,,868,,wy|laramie|wy-2026-primary|county_local_summary|b9595aad2a5ced2707a252aaa59135acdaa96c8c2c5659b6ea6c65c7d5d40c42|wy-2026-primary|county|laramie|precinct-committeeman-4-6|rep|candidate|LUKE REINER|Laramie|COUNTY
wy-2026-primary,wy|laramie|wy-2026-primary|county_local_summary,Laramie,wy-2026-primary|county|laramie|precinct-committeeman-4-6|rep,REP COMMITTEEMEN 4-06,Precinct Committeeman 4-6,county,,REP,REP,precinct,b9595aad2a5ced2707a252aaa59135acdaa96c8c2c5659b6ea6c65c7d5d40c42,2026-08-21T12:49:44Z,,county_summary_pdf_v1,1.1.5,1,verified,https://www.laramiecountywy.gov/County-Government/Elected-Officials/County-Clerk/Elections/Election-Results,,,county_complete,write_in_aggregate,Laramie,,,,,,208,,wy|laramie|wy-2026-primary|county_local_summary|b9595aad2a5ced2707a252aaa59135acdaa96c8c2c5659b6ea6c65c7d5d40c42|wy-2026-primary|county|laramie|precinct-committeeman-4-6|rep|write_in_aggregate|write_in_aggregate|Laramie|COUNTY
wy-2026-primary,wy|laramie|wy-2026-primary|county_local_summary,Laramie,wy-2026-primary|county|laramie|precinct-committeeman-4-6|rep,REP COMMITTEEMEN 4-06,Precinct Committeeman 4-6,county,,REP,REP,precinct,b9595aad2a5ced2707a252aaa59135acdaa96c8c2c5659b6ea6c65c7d5d40c42,2026-08-21T12:49:44Z,,county_summary_pdf_v1,1.1.5,1,verified,https://www.laramiecountywy.gov/County-Government/Elected-Officials/County-Clerk/Elections/Election-Results,,,county_complete,overvote,Laramie,,,,,,0,,wy|laramie|wy-2026-primary|county_local_summary|b9595aad2a5ced2707a252aaa59135acdaa96c8c2c5659b6ea6c65c7d5d40c42|wy-2026-primary|county|laramie|precinct-committeeman-4-6|rep|overvote|overvote|Laramie|COUNTY
wy-2026-primary,wy|laramie|wy-2026-primary|county_local_summary,Laramie,wy-2026-primary|county|laramie|precinct-committeeman-4-6|rep,REP COMMITTEEMEN 4-06,Precinct Committeeman 4-6,county,,REP,REP,precinct,b9595aad2a5ced2707a252aaa59135acdaa96c8c2c5659b6ea6c65c7d5d40c42,2026-08-21T12:49:44Z,,county_summary_pdf_v1,1.1.5,1,verified,https://www.laramiecountywy.gov/County-Government/Elected-Officials/County-Clerk/Elections/Election-Results,,,county_complete,undervote,Laramie,,,,,,4159,,wy|laramie|wy-2026-primary|county_local_summary|b9595aad2a5ced2707a252aaa59135acdaa96c8c2c5659b6ea6c65c7d5d40c42|wy-2026-primary|county|laramie|precinct-committeeman-4-6|rep|undervote|undervote|Laramie|COUNTY
wy-2026-primary,wy|laramie|wy-2026-primary|county_local_summary,Laramie,wy-2026-primary|county|laramie|precinct-committeewoman-4-6|rep,REP COMMITTEEWOMEN 4-06,Precinct Committeewoman 4-6,county,,REP,REP,precinct,b9595aad2a5ced2707a252aaa59135acdaa96c8c2c5659b6ea6c65c7d5d40c42,2026-08-21T12:49:44Z,,county_summary_pdf_v1,1.1.5,1,verified,https://www.laramiecountywy.gov/County-Government/Elected-Officials/County-Clerk/Elections/Election-Results,,,county_complete,candidate,Laramie,,,DEVONNA J. REINER,DEVONNA J. REINER,,717,,wy|laramie|wy-2026-primary|county_local_summary|b9595aad2a5ced2707a252aaa59135acdaa96c8c2c5659b6ea6c65c7d5d40c42|wy-2026-primary|county|laramie|precinct-committeewoman-4-6|rep|candidate|DEVONNA J. REINER|Laramie|COUNTY
wy-2026-primary,wy|laramie|wy-2026-primary|county_local_summary,Laramie,wy-2026-primary|county|laramie|precinct-committeewoman-4-6|rep,REP COMMITTEEWOMEN 4-06,Precinct Committeewoman 4-6,county,,REP,REP,precinct,b9595aad2a5ced2707a252aaa59135acdaa96c8c2c5659b6ea6c65c7d5d40c42,2026-08-21T12:49:44Z,,county_summary_pdf_v1,1.1.5,1,verified,https://www.laramiecountywy.gov/County-Government/Elected-Officials/County-Clerk/Elections/Election-Results,,,county_complete,candidate,Laramie,,,LISA HAY,LISA HAY,,665,,wy|laramie|wy-2026-primary|county_local_summary|b9595aad2a5ced2707a252aaa59135acdaa96c8c2c5659b6ea6c65c7d5d40c42|wy-2026-primary|county|laramie|precinct-committeewoman-4-6|rep|candidate|LISA HAY|Laramie|COUNTY
wy-2026-primary,wy|laramie|wy-2026-primary|county_local_summary,Laramie,wy-2026-primary|county|laramie|precinct-committeewoman-4-6|rep,REP COMMITTEEWOMEN 4-06,Precinct Committeewoman 4-6,county,,REP,REP,precinct,b9595aad2a5ced2707a252aaa59135acdaa96c8c2c5659b6ea6c65c7d5d40c42,2026-08-21T12:49:44Z,,county_summary_pdf_v1,1.1.5,1,verified,https://www.laramiecountywy.gov/County-Government/Elected-Officials/County-Clerk/Elections/Election-Results,,,county_complete,write_in_aggregate,Laramie,,,,,,105,,wy|laramie|wy-2026-primary|county_local_summary|b9595aad2a5ced2707a252aaa59135acdaa96c8c2c5659b6ea6c65c7d5d40c42|wy-2026-primary|county|laramie|precinct-committeewoman-4-6|rep|write_in_aggregate|write_in_aggregate|Laramie|COUNTY
wy-2026-primary,wy|laramie|wy-2026-primary|county_local_summary,Laramie,wy-2026-primary|county|laramie|precinct-committeewoman-4-6|rep,REP COMMITTEEWOMEN 4-06,Precinct Committeewoman 4-6,county,,REP,REP,precinct,b9595aad2a5ced2707a252aaa59135acdaa96c8c2c5659b6ea6c65c7d5d40c42,2026-08-21T12:49:44Z,,county_summary_pdf_v1,1.1.5,1,verified,https://www.laramiecountywy.gov/County-Government/Elected-Officials/County-Clerk/Elections/Election-Results,,,county_complete,overvote,Laramie,,,,,,0,,wy|laramie|wy-2026-primary|county_local_summary|b9595aad2a5ced2707a252aaa59135acdaa96c8c2c5659b6ea6c65c7d5d40c42|wy-2026-primary|county|laramie|precinct-committeewoman-4-6|rep|overvote|overvote|Laramie|COUNTY
wy-2026-primary,wy|laramie|wy-2026-primary|county_local_summary,Laramie,wy-2026-primary|county|laramie|precinct-committeewoman-4-6|rep,REP COMMITTEEWOMEN 4-06,Precinct Committeewoman 4-6,county,,REP,REP,precinct,b9595aad2a5ced2707a252aaa59135acdaa96c8c2c5659b6ea6c65c7d5d40c42,2026-08-21T12:49:44Z,,county_summary_pdf_v1,1.1.5,1,verified,https://www.laramiecountywy.gov/County-Government/Elected-Officials/County-Clerk/Elections/Election-Results,,,county_complete,undervote,Laramie,,,,,,3748,,wy|laramie|wy-2026-primary|county_local_summary|b9595aad2a5ced2707a252aaa59135acdaa96c8c2c5659b6ea6c65c7d5d40c42|wy-2026-primary|county|laramie|precinct-committeewoman-4-6|rep|undervote|undervote|Laramie|COUNTY
wy-2026-primary,wy|laramie|wy-2026-primary|county_local_summary,Laramie,wy-2026-primary|county|laramie|precinct-committeeman-4-7|rep,REP COMMITTEEMEN 4-07,Precinct Committeeman 4-7,county,,REP,REP,precinct,b9595aad2a5ced2707a252aaa59135acdaa96c8c2c5659b6ea6c65c7d5d40c42,2026-08-21T12:49:44Z,,county_summary_pdf_v1,1.1.5,1,verified,https://www.laramiecountywy.gov/County-Government/Elected-Officials/County-Clerk/Elections/Election-Results,,,county_complete,candidate,Laramie,,,ERIC L JOHNSON,ERIC L JOHNSON,,540,,wy|laramie|wy-2026-primary|county_local_summary|b9595aad2a5ced2707a252aaa59135acdaa96c8c2c5659b6ea6c65c7d5d40c42|wy-2026-primary|county|laramie|precinct-committeeman-4-7|rep|candidate|ERIC L JOHNSON|Laramie|COUNTY
wy-2026-primary,wy|laramie|wy-2026-primary|county_local_summary,Laramie,wy-2026-primary|county|laramie|precinct-committeeman-4-7|rep,REP COMMITTEEMEN 4-07,Precinct Committeeman 4-7,county,,REP,REP,precinct,b9595aad2a5ced2707a252aaa59135acdaa96c8c2c5659b6ea6c65c7d5d40c42,2026-08-21T12:49:44Z,,county_summary_pdf_v1,1.1.5,1,verified,https://www.laramiecountywy.gov/County-Government/Elected-Officials/County-Clerk/Elections/Election-Results,,,county_complete,candidate,Laramie,,,STEVEN KISTLER,STEVEN KISTLER,,516,,wy|laramie|wy-2026-primary|county_local_summary|b9595aad2a5ced2707a252aaa59135acdaa96c8c2c5659b6ea6c65c7d5d40c42|wy-2026-primary|county|laramie|precinct-committeeman-4-7|rep|candidate|STEVEN KISTLER|Laramie|COUNTY
wy-2026-primary,wy|laramie|wy-2026-primary|county_local_summary,Laramie,wy-2026-primary|county|laramie|precinct-committeeman-4-7|rep,REP COMMITTEEMEN 4-07,Precinct Committeeman 4-7,county,,REP,REP,precinct,b9595aad2a5ced2707a252aaa59135acdaa96c8c2c5659b6ea6c65c7d5d40c42,2026-08-21T12:49:44Z,,county_summary_pdf_v1,1.1.5,1,verified,https://www.laramiecountywy.gov/County-Government/Elected-Officials/County-Clerk/Elections/Election-Results,,,county_complete,write_in_aggregate,Laramie,,,,,,102,,wy|laramie|wy-2026-primary|county_local_summary|b9595aad2a5ced2707a252aaa59135acdaa96c8c2c5659b6ea6c65c7d5d40c42|wy-2026-primary|county|laramie|precinct-committeeman-4-7|rep|write_in_aggregate|write_in_aggregate|Laramie|COUNTY
wy-2026-primary,wy|laramie|wy-2026-primary|county_local_summary,Laramie,wy-2026-primary|county|laramie|precinct-committeeman-4-7|rep,REP COMMITTEEMEN 4-07,Precinct Committeeman 4-7,county,,REP,REP,precinct,b9595aad2a5ced2707a252aaa59135acdaa96c8c2c5659b6ea6c65c7d5d40c42,2026-08-21T12:49:44Z,,county_summary_pdf_v1,1.1.5,1,verified,https://www.laramiecountywy.gov/County-Government/Elected-Officials/County-Clerk/Elections/Election-Results,,,county_complete,overvote,Laramie,,,,,,0,,wy|laramie|wy-2026-primary|county_local_summary|b9595aad2a5ced2707a252aaa59135acdaa96c8c2c5659b6ea6c65c7d5d40c42|wy-2026-primary|county|laramie|precinct-committeeman-4-7|rep|overvote|overvote|Laramie|COUNTY
wy-2026-primary,wy|laramie|wy-2026-primary|county_local_summary,Laramie,wy-2026-primary|county|laramie|precinct-committeeman-4-7|rep,REP COMMITTEEMEN 4-07,Precinct Committeeman 4-7,county,,REP,REP,precinct,b9595aad2a5ced2707a252aaa59135acdaa96c8c2c5659b6ea6c65c7d5d40c42,2026-08-21T12:49:44Z,,county_summary_pdf_v1,1.1.5,1,verified,https://www.laramiecountywy.gov/County-Government/Elected-Officials/County-Clerk/Elections/Election-Results,,,county_complete,undervote,Laramie,,,,,,1594,,wy|laramie|wy-2026-primary|county_local_summary|b9595aad2a5ced2707a252aaa59135acdaa96c8c2c5659b6ea6c65c7d5d40c42|wy-2026-primary|county|laramie|precinct-committeeman-4-7|rep|undervote|undervote|Laramie|COUNTY
wy-2026-primary,wy|laramie|wy-2026-primary|county_local_summary,Laramie,wy-2026-primary|county|laramie|precinct-committeewoman-4-7|rep,REP COMMITTEEWOMEN 4-07,Precinct Committeewoman 4-7,county,,REP,REP,precinct,b9595aad2a5ced2707a252aaa59135acdaa96c8c2c5659b6ea6c65c7d5d40c42,2026-08-21T12:49:44Z,,county_summary_pdf_v1,1.1.5,1,verified,https://www.laramiecountywy.gov/County-Government/Elected-Officials/County-Clerk/Elections/Election-Results,,,county_complete,candidate,Laramie,,,ERIN JOHNSON,ERIN JOHNSON,,528,,wy|laramie|wy-2026-primary|county_local_summary|b9595aad2a5ced2707a252aaa59135acdaa96c8c2c5659b6ea6c65c7d5d40c42|wy-2026-primary|county|laramie|precinct-committeewoman-4-7|rep|candidate|ERIN JOHNSON|Laramie|COUNTY
wy-2026-primary,wy|laramie|wy-2026-primary|county_local_summary,Laramie,wy-2026-primary|county|laramie|precinct-committeewoman-4-7|rep,REP COMMITTEEWOMEN 4-07,Precinct Committeewoman 4-7,county,,REP,REP,precinct,b9595aad2a5ced2707a252aaa59135acdaa96c8c2c5659b6ea6c65c7d5d40c42,2026-08-21T12:49:44Z,,county_summary_pdf_v1,1.1.5,1,verified,https://www.laramiecountywy.gov/County-Government/Elected-Officials/County-Clerk/Elections/Election-Results,,,county_complete,candidate,Laramie,,,SHELIA KISTLER,SHELIA KISTLER,,500,,wy|laramie|wy-2026-primary|county_local_summary|b9595aad2a5ced2707a252aaa59135acdaa96c8c2c5659b6ea6c65c7d5d40c42|wy-2026-primary|county|laramie|precinct-committeewoman-4-7|rep|candidate|SHELIA KISTLER|Laramie|COUNTY
wy-2026-primary,wy|laramie|wy-2026-primary|county_local_summary,Laramie,wy-2026-primary|county|laramie|precinct-committeewoman-4-7|rep,REP COMMITTEEWOMEN 4-07,Precinct Committeewoman 4-7,county,,REP,REP,precinct,b9595aad2a5ced2707a252aaa59135acdaa96c8c2c5659b6ea6c65c7d5d40c42,2026-08-21T12:49:44Z,,county_summary_pdf_v1,1.1.5,1,verified,https://www.laramiecountywy.gov/County-Government/Elected-Officials/County-Clerk/Elections/Election-Results,,,county_complete,write_in_aggregate,Laramie,,,,,,100,,wy|laramie|wy-2026-primary|county_local_summary|b9595aad2a5ced2707a252aaa59135acdaa96c8c2c5659b6ea6c65c7d5d40c42|wy-2026-primary|county|laramie|precinct-committeewoman-4-7|rep|write_in_aggregate|write_in_aggregate|Laramie|COUNTY
wy-2026-primary,wy|laramie|wy-2026-primary|county_local_summary,Laramie,wy-2026-primary|county|laramie|precinct-committeewoman-4-7|rep,REP COMMITTEEWOMEN 4-07,Precinct Committeewoman 4-7,county,,REP,REP,precinct,b9595aad2a5ced2707a252aaa59135acdaa96c8c2c5659b6ea6c65c7d5d40c42,2026-08-21T12:49:44Z,,county_summary_pdf_v1,1.1.5,1,verified,https://www.laramiecountywy.gov/County-Government/Elected-Officials/County-Clerk/Elections/Election-Results,,,county_complete,overvote,Laramie,,,,,,0,,wy|laramie|wy-2026-primary|county_local_summary|b9595aad2a5ced2707a252aaa59135acdaa96c8c2c5659b6ea6c65c7d5d40c42|wy-2026-primary|county|laramie|precinct-committeewoman-4-7|rep|overvote|overvote|Laramie|COUNTY
wy-2026-primary,wy|laramie|wy-2026-primary|county_local_summary,Laramie,wy-2026-primary|county|laramie|precinct-committeewoman-4-7|rep,REP COMMITTEEWOMEN 4-07,Precinct Committeewoman 4-7,county,,REP,REP,precinct,b9595aad2a5ced2707a252aaa59135acdaa96c8c2c5659b6ea6c65c7d5d40c42,2026-08-21T12:49:44Z,,county_summary_pdf_v1,1.1.5,1,verified,https://www.laramiecountywy.gov/County-Government/Elected-Officials/County-Clerk/Elections/Election-Results,,,county_complete,undervote,Laramie,,,,,,1624,,wy|laramie|wy-2026-primary|county_local_summary|b9595aad2a5ced2707a252aaa59135acdaa96c8c2c5659b6ea6c65c7d5d40c42|wy-2026-primary|county|laramie|precinct-committeewoman-4-7|rep|undervote|undervote|Laramie|COUNTY
wy-2026-primary,wy|laramie|wy-2026-primary|county_local_summary,Laramie,wy-2026-primary|county|laramie|precinct-committeeman-4-8|rep,REP COMMITTEEMEN 4-08,Precinct Committeeman 4-8,county,,REP,REP,precinct,b9595aad2a5ced2707a252aaa59135acdaa96c8c2c5659b6ea6c65c7d5d40c42,2026-08-21T12:49:44Z,,county_summary_pdf_v1,1.1.5,1,verified,https://www.laramiecountywy.gov/County-Government/Elected-Officials/County-Clerk/Elections/Election-Results,,,county_complete,candidate,Laramie,,,BEN MAHRLE,BEN MAHRLE,,284,,wy|laramie|wy-2026-primary|county_local_summary|b9595aad2a5ced2707a252aaa59135acdaa96c8c2c5659b6ea6c65c7d5d40c42|wy-2026-primary|county|laramie|precinct-committeeman-4-8|rep|candidate|BEN MAHRLE|Laramie|COUNTY
wy-2026-primary,wy|laramie|wy-2026-primary|county_local_summary,Laramie,wy-2026-primary|county|laramie|precinct-committeeman-4-8|rep,REP COMMITTEEMEN 4-08,Precinct Committeeman 4-8,county,,REP,REP,precinct,b9595aad2a5ced2707a252aaa59135acdaa96c8c2c5659b6ea6c65c7d5d40c42,2026-08-21T12:49:44Z,,county_summary_pdf_v1,1.1.5,1,verified,https://www.laramiecountywy.gov/County-Government/Elected-Officials/County-Clerk/Elections/Election-Results,,,county_complete,candidate,Laramie,,,CHRIS SELF,CHRIS SELF,,283,,wy|laramie|wy-2026-primary|county_local_summary|b9595aad2a5ced2707a252aaa59135acdaa96c8c2c5659b6ea6c65c7d5d40c42|wy-2026-primary|county|laramie|precinct-committeeman-4-8|rep|candidate|CHRIS SELF|Laramie|COUNTY
wy-2026-primary,wy|laramie|wy-2026-primary|county_local_summary,Laramie,wy-2026-primary|county|laramie|precinct-committeeman-4-8|rep,REP COMMITTEEMEN 4-08,Precinct Committeeman 4-8,county,,REP,REP,precinct,b9595aad2a5ced2707a252aaa59135acdaa96c8c2c5659b6ea6c65c7d5d40c42,2026-08-21T12:49:44Z,,county_summary_pdf_v1,1.1.5,1,verified,https://www.laramiecountywy.gov/County-Government/Elected-Officials/County-Clerk/Elections/Election-Results,,,county_complete,candidate,Laramie,,,PATRICK LUCAS,PATRICK LUCAS,,277,,wy|laramie|wy-2026-primary|county_local_summary|b9595aad2a5ced2707a252aaa59135acdaa96c8c2c5659b6ea6c65c7d5d40c42|wy-2026-primary|county|laramie|precinct-committeeman-4-8|rep|candidate|PATRICK LUCAS|Laramie|COUNTY
wy-2026-primary,wy|laramie|wy-2026-primary|county_local_summary,Laramie,wy-2026-primary|county|laramie|precinct-committeeman-4-8|rep,REP COMMITTEEMEN 4-08,Precinct Committeeman 4-8,county,,REP,REP,precinct,b9595aad2a5ced2707a252aaa59135acdaa96c8c2c5659b6ea6c65c7d5d40c42,2026-08-21T12:49:44Z,,county_summary_pdf_v1,1.1.5,1,verified,https://www.laramiecountywy.gov/County-Government/Elected-Officials/County-Clerk/Elections/Election-Results,,,county_complete,write_in_aggregate,Laramie,,,,,,13,,wy|laramie|wy-2026-primary|county_local_summary|b9595aad2a5ced2707a252aaa59135acdaa96c8c2c5659b6ea6c65c7d5d40c42|wy-2026-primary|county|laramie|precinct-committeeman-4-8|rep|write_in_aggregate|write_in_aggregate|Laramie|COUNTY
wy-2026-primary,wy|laramie|wy-2026-primary|county_local_summary,Laramie,wy-2026-primary|county|laramie|precinct-committeeman-4-8|rep,REP COMMITTEEMEN 4-08,Precinct Committeeman 4-8,county,,REP,REP,precinct,b9595aad2a5ced2707a252aaa59135acdaa96c8c2c5659b6ea6c65c7d5d40c42,2026-08-21T12:49:44Z,,county_summary_pdf_v1,1.1.5,1,verified,https://www.laramiecountywy.gov/County-Government/Elected-Officials/County-Clerk/Elections/Election-Results,,,county_complete,overvote,Laramie,,,,,,0,,wy|laramie|wy-2026-primary|county_local_summary|b9595aad2a5ced2707a252aaa59135acdaa96c8c2c5659b6ea6c65c7d5d40c42|wy-2026-primary|county|laramie|precinct-committeeman-4-8|rep|overvote|overvote|Laramie|COUNTY
wy-2026-primary,wy|laramie|wy-2026-primary|county_local_summary,Laramie,wy-2026-primary|county|laramie|precinct-committeeman-4-8|rep,REP COMMITTEEMEN 4-08,Precinct Committeeman 4-8,county,,REP,REP,precinct,b9595aad2a5ced2707a252aaa59135acdaa96c8c2c5659b6ea6c65c7d5d40c42,2026-08-21T12:49:44Z,,county_summary_pdf_v1,1.1.5,1,verified,https://www.laramiecountywy.gov/County-Government/Elected-Officials/County-Clerk/Elections/Election-Results,,,county_complete,undervote,Laramie,,,,,,340,,wy|laramie|wy-2026-primary|county_local_summary|b9595aad2a5ced2707a252aaa59135acdaa96c8c2c5659b6ea6c65c7d5d40c42|wy-2026-primary|county|laramie|precinct-committeeman-4-8|rep|undervote|undervote|Laramie|COUNTY
wy-2026-primary,wy|laramie|wy-2026-primary|county_local_summary,Laramie,wy-2026-primary|county|laramie|precinct-committeewoman-4-8|rep,REP COMMITTEEWOMEN 4-08,Precinct Committeewoman 4-8,county,,REP,REP,precinct,b9595aad2a5ced2707a252aaa59135acdaa96c8c2c5659b6ea6c65c7d5d40c42,2026-08-21T12:49:44Z,,county_summary_pdf_v1,1.1.5,1,verified,https://www.laramiecountywy.gov/County-Government/Elected-Officials/County-Clerk/Elections/Election-Results,,,county_complete,candidate,Laramie,,,MELODY SELF,MELODY SELF,,287,,wy|laramie|wy-2026-primary|county_local_summary|b9595aad2a5ced2707a252aaa59135acdaa96c8c2c5659b6ea6c65c7d5d40c42|wy-2026-primary|county|laramie|precinct-committeewoman-4-8|rep|candidate|MELODY SELF|Laramie|COUNTY
wy-2026-primary,wy|laramie|wy-2026-primary|county_local_summary,Laramie,wy-2026-primary|county|laramie|precinct-committeewoman-4-8|rep,REP COMMITTEEWOMEN 4-08,Precinct Committeewoman 4-8,county,,REP,REP,precinct,b9595aad2a5ced2707a252aaa59135acdaa96c8c2c5659b6ea6c65c7d5d40c42,2026-08-21T12:49:44Z,,county_summary_pdf_v1,1.1.5,1,verified,https://www.laramiecountywy.gov/County-Government/Elected-Officials/County-Clerk/Elections/Election-Results,,,county_complete,candidate,Laramie,,,NANCY FOREMAN MAHRLE,NANCY FOREMAN MAHRLE,,276,,wy|laramie|wy-2026-primary|county_local_summary|b9595aad2a5ced2707a252aaa59135acdaa96c8c2c5659b6ea6c65c7d5d40c42|wy-2026-primary|county|laramie|precinct-committeewoman-4-8|rep|candidate|NANCY FOREMAN MAHRLE|Laramie|COUNTY
wy-2026-primary,wy|laramie|wy-2026-primary|county_local_summary,Laramie,wy-2026-primary|county|laramie|precinct-committeewoman-4-8|rep,REP COMMITTEEWOMEN 4-08,Precinct Committeewoman 4-8,county,,REP,REP,precinct,b9595aad2a5ced2707a252aaa59135acdaa96c8c2c5659b6ea6c65c7d5d40c42,2026-08-21T12:49:44Z,,county_summary_pdf_v1,1.1.5,1,verified,https://www.laramiecountywy.gov/County-Government/Elected-Officials/County-Clerk/Elections/Election-Results,,,county_complete,candidate,Laramie,,,ANN LUCAS,ANN LUCAS,,259,,wy|laramie|wy-2026-primary|county_local_summary|b9595aad2a5ced2707a252aaa59135acdaa96c8c2c5659b6ea6c65c7d5d40c42|wy-2026-primary|county|laramie|precinct-committeewoman-4-8|rep|candidate|ANN LUCAS|Laramie|COUNTY
wy-2026-primary,wy|laramie|wy-2026-primary|county_local_summary,Laramie,wy-2026-primary|county|laramie|precinct-committeewoman-4-8|rep,REP COMMITTEEWOMEN 4-08,Precinct Committeewoman 4-8,county,,REP,REP,precinct,b9595aad2a5ced2707a252aaa59135acdaa96c8c2c5659b6ea6c65c7d5d40c42,2026-08-21T12:49:44Z,,county_summary_pdf_v1,1.1.5,1,verified,https://www.laramiecountywy.gov/County-Government/Elected-Officials/County-Clerk/Elections/Election-Results,,,county_complete,write_in_aggregate,Laramie,,,,,,19,,wy|laramie|wy-2026-primary|county_local_summary|b9595aad2a5ced2707a252aaa59135acdaa96c8c2c5659b6ea6c65c7d5d40c42|wy-2026-primary|county|laramie|precinct-committeewoman-4-8|rep|write_in_aggregate|write_in_aggregate|Laramie|COUNTY
wy-2026-primary,wy|laramie|wy-2026-primary|county_local_summary,Laramie,wy-2026-primary|county|laramie|precinct-committeewoman-4-8|rep,REP COMMITTEEWOMEN 4-08,Precinct Committeewoman 4-8,county,,REP,REP,precinct,b9595aad2a5ced2707a252aaa59135acdaa96c8c2c5659b6ea6c65c7d5d40c42,2026-08-21T12:49:44Z,,county_summary_pdf_v1,1.1.5,1,verified,https://www.laramiecountywy.gov/County-Government/Elected-Officials/County-Clerk/Elections/Election-Results,,,county_complete,overvote,Laramie,,,,,,0,,wy|laramie|wy-2026-primary|county_local_summary|b9595aad2a5ced2707a252aaa59135acdaa96c8c2c5659b6ea6c65c7d5d40c42|wy-2026-primary|county|laramie|precinct-committeewoman-4-8|rep|overvote|overvote|Laramie|COUNTY
wy-2026-primary,wy|laramie|wy-2026-primary|county_local_summary,Laramie,wy-2026-primary|county|laramie|precinct-committeewoman-4-8|rep,REP COMMITTEEWOMEN 4-08,Precinct Committeewoman 4-8,county,,REP,REP,precinct,b9595aad2a5ced2707a252aaa59135acdaa96c8c2c5659b6ea6c65c7d5d40c42,2026-08-21T12:49:44Z,,county_summary_pdf_v1,1.1.5,1,verified,https://www.laramiecountywy.gov/County-Government/Elected-Officials/County-Clerk/Elections/Election-Results,,,county_complete,undervote,Laramie,,,,,,356,,wy|laramie|wy-2026-primary|county_local_summary|b9595aad2a5ced2707a252aaa59135acdaa96c8c2c5659b6ea6c65c7d5d40c42|wy-2026-primary|county|laramie|precinct-committeewoman-4-8|rep|undervote|undervote|Laramie|COUNTY
wy-2026-primary,wy|laramie|wy-2026-primary|county_local_summary,Laramie,wy-2026-primary|county|laramie|precinct-committeeman-4-9|rep,REP COMMITTEEMEN 4-09,Precinct Committeeman 4-9,county,,REP,REP,precinct,b9595aad2a5ced2707a252aaa59135acdaa96c8c2c5659b6ea6c65c7d5d40c42,2026-08-21T12:49:44Z,,county_summary_pdf_v1,1.1.5,1,verified,https://www.laramiecountywy.gov/County-Government/Elected-Officials/County-Clerk/Elections/Election-Results,,,county_complete,candidate,Laramie,,,CLARENCE STYVAR,CLARENCE STYVAR,,328,,wy|laramie|wy-2026-primary|county_local_summary|b9595aad2a5ced2707a252aaa59135acdaa96c8c2c5659b6ea6c65c7d5d40c42|wy-2026-primary|county|laramie|precinct-committeeman-4-9|rep|candidate|CLARENCE STYVAR|Laramie|COUNTY
wy-2026-primary,wy|laramie|wy-2026-primary|county_local_summary,Laramie,wy-2026-primary|county|laramie|precinct-committeeman-4-9|rep,REP COMMITTEEMEN 4-09,Precinct Committeeman 4-9,county,,REP,REP,precinct,b9595aad2a5ced2707a252aaa59135acdaa96c8c2c5659b6ea6c65c7d5d40c42,2026-08-21T12:49:44Z,,county_summary_pdf_v1,1.1.5,1,verified,https://www.laramiecountywy.gov/County-Government/Elected-Officials/County-Clerk/Elections/Election-Results,,,county_complete,candidate,Laramie,,,RICK POACH,RICK POACH,,271,,wy|laramie|wy-2026-primary|county_local_summary|b9595aad2a5ced2707a252aaa59135acdaa96c8c2c5659b6ea6c65c7d5d40c42|wy-2026-primary|county|laramie|precinct-committeeman-4-9|rep|candidate|RICK POACH|Laramie|COUNTY
wy-2026-primary,wy|laramie|wy-2026-primary|county_local_summary,Laramie,wy-2026-primary|county|laramie|precinct-committeeman-4-9|rep,REP COMMITTEEMEN 4-09,Precinct Committeeman 4-9,county,,REP,REP,precinct,b9595aad2a5ced2707a252aaa59135acdaa96c8c2c5659b6ea6c65c7d5d40c42,2026-08-21T12:49:44Z,,county_summary_pdf_v1,1.1.5,1,verified,https://www.laramiecountywy.gov/County-Government/Elected-Officials/County-Clerk/Elections/Election-Results,,,county_complete,write_in_aggregate,Laramie,,,,,,62,,wy|laramie|wy-2026-primary|county_local_summary|b9595aad2a5ced2707a252aaa59135acdaa96c8c2c5659b6ea6c65c7d5d40c42|wy-2026-primary|county|laramie|precinct-committeeman-4-9|rep|write_in_aggregate|write_in_aggregate|Laramie|COUNTY
wy-2026-primary,wy|laramie|wy-2026-primary|county_local_summary,Laramie,wy-2026-primary|county|laramie|precinct-committeeman-4-9|rep,REP COMMITTEEMEN 4-09,Precinct Committeeman 4-9,county,,REP,REP,precinct,b9595aad2a5ced2707a252aaa59135acdaa96c8c2c5659b6ea6c65c7d5d40c42,2026-08-21T12:49:44Z,,county_summary_pdf_v1,1.1.5,1,verified,https://www.laramiecountywy.gov/County-Government/Elected-Officials/County-Clerk/Elections/Election-Results,,,county_complete,overvote,Laramie,,,,,,0,,wy|laramie|wy-2026-primary|county_local_summary|b9595aad2a5ced2707a252aaa59135acdaa96c8c2c5659b6ea6c65c7d5d40c42|wy-2026-primary|county|laramie|precinct-committeeman-4-9|rep|overvote|overvote|Laramie|COUNTY
wy-2026-primary,wy|laramie|wy-2026-primary|county_local_summary,Laramie,wy-2026-primary|county|laramie|precinct-committeeman-4-9|rep,REP COMMITTEEMEN 4-09,Precinct Committeeman 4-9,county,,REP,REP,precinct,b9595aad2a5ced2707a252aaa59135acdaa96c8c2c5659b6ea6c65c7d5d40c42,2026-08-21T12:49:44Z,,county_summary_pdf_v1,1.1.5,1,verified,https://www.laramiecountywy.gov/County-Government/Elected-Officials/County-Clerk/Elections/Election-Results,,,county_complete,undervote,Laramie,,,,,,638,,wy|laramie|wy-2026-primary|county_local_summary|b9595aad2a5ced2707a252aaa59135acdaa96c8c2c5659b6ea6c65c7d5d40c42|wy-2026-primary|county|laramie|precinct-committeeman-4-9|rep|undervote|undervote|Laramie|COUNTY
wy-2026-primary,wy|laramie|wy-2026-primary|county_local_summary,Laramie,wy-2026-primary|county|laramie|precinct-committeewoman-4-9|rep,REP COMMITTEEWOMEN 4-09,Precinct Committeewoman 4-9,county,,REP,REP,precinct,b9595aad2a5ced2707a252aaa59135acdaa96c8c2c5659b6ea6c65c7d5d40c42,2026-08-21T12:49:44Z,,county_summary_pdf_v1,1.1.5,1,verified,https://www.laramiecountywy.gov/County-Government/Elected-Officials/County-Clerk/Elections/Election-Results,,,county_complete,candidate,Laramie,,,PATRICIA MCCOY,PATRICIA MCCOY,,280,,wy|laramie|wy-2026-primary|county_local_summary|b9595aad2a5ced2707a252aaa59135acdaa96c8c2c5659b6ea6c65c7d5d40c42|wy-2026-primary|county|laramie|precinct-committeewoman-4-9|rep|candidate|PATRICIA MCCOY|Laramie|COUNTY
wy-2026-primary,wy|laramie|wy-2026-primary|county_local_summary,Laramie,wy-2026-primary|county|laramie|precinct-committeewoman-4-9|rep,REP COMMITTEEWOMEN 4-09,Precinct Committeewoman 4-9,county,,REP,REP,precinct,b9595aad2a5ced2707a252aaa59135acdaa96c8c2c5659b6ea6c65c7d5d40c42,2026-08-21T12:49:44Z,,county_summary_pdf_v1,1.1.5,1,verified,https://www.laramiecountywy.gov/County-Government/Elected-Officials/County-Clerk/Elections/Election-Results,,,county_complete,candidate,Laramie,,,BRENDA HENSON,BRENDA HENSON,,276,,wy|laramie|wy-2026-primary|county_local_summary|b9595aad2a5ced2707a252aaa59135acdaa96c8c2c5659b6ea6c65c7d5d40c42|wy-2026-primary|county|laramie|precinct-committeewoman-4-9|rep|candidate|BRENDA HENSON|Laramie|COUNTY
wy-2026-primary,wy|laramie|wy-2026-primary|county_local_summary,Laramie,wy-2026-primary|county|laramie|precinct-committeewoman-4-9|rep,REP COMMITTEEWOMEN 4-09,Precinct Committeewoman 4-9,county,,REP,REP,precinct,b9595aad2a5ced2707a252aaa59135acdaa96c8c2c5659b6ea6c65c7d5d40c42,2026-08-21T12:49:44Z,,county_summary_pdf_v1,1.1.5,1,verified,https://www.laramiecountywy.gov/County-Government/Elected-Officials/County-Clerk/Elections/Election-Results,,,county_complete,candidate,Laramie,,,JOAN POACH,JOAN POACH,,261,,wy|laramie|wy-2026-primary|county_local_summary|b9595aad2a5ced2707a252aaa59135acdaa96c8c2c5659b6ea6c65c7d5d40c42|wy-2026-primary|county|laramie|precinct-committeewoman-4-9|rep|candidate|JOAN POACH|Laramie|COUNTY
wy-2026-primary,wy|laramie|wy-2026-primary|county_local_summary,Laramie,wy-2026-primary|county|laramie|precinct-committeewoman-4-9|rep,REP COMMITTEEWOMEN 4-09,Precinct Committeewoman 4-9,county,,REP,REP,precinct,b9595aad2a5ced2707a252aaa59135acdaa96c8c2c5659b6ea6c65c7d5d40c42,2026-08-21T12:49:44Z,,county_summary_pdf_v1,1.1.5,1,verified,https://www.laramiecountywy.gov/County-Government/Elected-Officials/County-Clerk/Elections/Election-Results,,,county_complete,write_in_aggregate,Laramie,,,,,,16,,wy|laramie|wy-2026-primary|county_local_summary|b9595aad2a5ced2707a252aaa59135acdaa96c8c2c5659b6ea6c65c7d5d40c42|wy-2026-primary|county|laramie|precinct-committeewoman-4-9|rep|write_in_aggregate|write_in_aggregate|Laramie|COUNTY
wy-2026-primary,wy|laramie|wy-2026-primary|county_local_summary,Laramie,wy-2026-primary|county|laramie|precinct-committeewoman-4-9|rep,REP COMMITTEEWOMEN 4-09,Precinct Committeewoman 4-9,county,,REP,REP,precinct,b9595aad2a5ced2707a252aaa59135acdaa96c8c2c5659b6ea6c65c7d5d40c42,2026-08-21T12:49:44Z,,county_summary_pdf_v1,1.1.5,1,verified,https://www.laramiecountywy.gov/County-Government/Elected-Officials/County-Clerk/Elections/Election-Results,,,county_complete,overvote,Laramie,,,,,,0,,wy|laramie|wy-2026-primary|county_local_summary|b9595aad2a5ced2707a252aaa59135acdaa96c8c2c5659b6ea6c65c7d5d40c42|wy-2026-primary|county|laramie|precinct-committeewoman-4-9|rep|overvote|overvote|Laramie|COUNTY
wy-2026-primary,wy|laramie|wy-2026-primary|county_local_summary,Laramie,wy-2026-primary|county|laramie|precinct-committeewoman-4-9|rep,REP COMMITTEEWOMEN 4-09,Precinct Committeewoman 4-9,county,,REP,REP,precinct,b9595aad2a5ced2707a252aaa59135acdaa96c8c2c5659b6ea6c65c7d5d40c42,2026-08-21T12:49:44Z,,county_summary_pdf_v1,1.1.5,1,verified,https://www.laramiecountywy.gov/County-Government/Elected-Officials/County-Clerk/Elections/Election-Results,,,county_complete,undervote,Laramie,,,,,,466,,wy|laramie|wy-2026-primary|county_local_summary|b9595aad2a5ced2707a252aaa59135acdaa96c8c2c5659b6ea6c65c7d5d40c42|wy-2026-primary|county|laramie|precinct-committeewoman-4-9|rep|undervote|undervote|Laramie|COUNTY
wy-2026-primary,wy|laramie|wy-2026-primary|county_local_summary,Laramie,wy-2026-primary|county|laramie|precinct-committeeman-4-10|rep,REP COMMITTEEMEN 4-10,Precinct Committeeman 4-10,county,,REP,REP,precinct,b9595aad2a5ced2707a252aaa59135acdaa96c8c2c5659b6ea6c65c7d5d40c42,2026-08-21T12:49:44Z,,county_summary_pdf_v1,1.1.5,1,verified,https://www.laramiecountywy.gov/County-Government/Elected-Officials/County-Clerk/Elections/Election-Results,,,county_complete,candidate,Laramie,,,FRED SCHLACHTER,FRED SCHLACHTER,,31,,wy|laramie|wy-2026-primary|county_local_summary|b9595aad2a5ced2707a252aaa59135acdaa96c8c2c5659b6ea6c65c7d5d40c42|wy-2026-primary|county|laramie|precinct-committeeman-4-10|rep|candidate|FRED SCHLACHTER|Laramie|COUNTY
wy-2026-primary,wy|laramie|wy-2026-primary|county_local_summary,Laramie,wy-2026-primary|county|laramie|precinct-committeeman-4-10|rep,REP COMMITTEEMEN 4-10,Precinct Committeeman 4-10,county,,REP,REP,precinct,b9595aad2a5ced2707a252aaa59135acdaa96c8c2c5659b6ea6c65c7d5d40c42,2026-08-21T12:49:44Z,,county_summary_pdf_v1,1.1.5,1,verified,https://www.laramiecountywy.gov/County-Government/Elected-Officials/County-Clerk/Elections/Election-Results,,,county_complete,write_in_aggregate,Laramie,,,,,,0,,wy|laramie|wy-2026-primary|county_local_summary|b9595aad2a5ced2707a252aaa59135acdaa96c8c2c5659b6ea6c65c7d5d40c42|wy-2026-primary|county|laramie|precinct-committeeman-4-10|rep|write_in_aggregate|write_in_aggregate|Laramie|COUNTY
wy-2026-primary,wy|laramie|wy-2026-primary|county_local_summary,Laramie,wy-2026-primary|county|laramie|precinct-committeeman-4-10|rep,REP COMMITTEEMEN 4-10,Precinct Committeeman 4-10,county,,REP,REP,precinct,b9595aad2a5ced2707a252aaa59135acdaa96c8c2c5659b6ea6c65c7d5d40c42,2026-08-21T12:49:44Z,,county_summary_pdf_v1,1.1.5,1,verified,https://www.laramiecountywy.gov/County-Government/Elected-Officials/County-Clerk/Elections/Election-Results,,,county_complete,overvote,Laramie,,,,,,0,,wy|laramie|wy-2026-primary|county_local_summary|b9595aad2a5ced2707a252aaa59135acdaa96c8c2c5659b6ea6c65c7d5d40c42|wy-2026-primary|county|laramie|precinct-committeeman-4-10|rep|overvote|overvote|Laramie|COUNTY
wy-2026-primary,wy|laramie|wy-2026-primary|county_local_summary,Laramie,wy-2026-primary|county|laramie|precinct-committeeman-4-10|rep,REP COMMITTEEMEN 4-10,Precinct Committeeman 4-10,county,,REP,REP,precinct,b9595aad2a5ced2707a252aaa59135acdaa96c8c2c5659b6ea6c65c7d5d40c42,2026-08-21T12:49:44Z,,county_summary_pdf_v1,1.1.5,1,verified,https://www.laramiecountywy.gov/County-Government/Elected-Officials/County-Clerk/Elections/Election-Results,,,county_complete,undervote,Laramie,,,,,,9,,wy|laramie|wy-2026-primary|county_local_summary|b9595aad2a5ced2707a252aaa59135acdaa96c8c2c5659b6ea6c65c7d5d40c42|wy-2026-primary|county|laramie|precinct-committeeman-4-10|rep|undervote|undervote|Laramie|COUNTY
wy-2026-primary,wy|laramie|wy-2026-primary|county_local_summary,Laramie,wy-2026-primary|county|laramie|precinct-committeewoman-4-10|rep,REP COMMITTEEWOMEN 4-10,Precinct Committeewoman 4-10,county,,REP,REP,precinct,b9595aad2a5ced2707a252aaa59135acdaa96c8c2c5659b6ea6c65c7d5d40c42,2026-08-21T12:49:44Z,,county_summary_pdf_v1,1.1.5,1,verified,https://www.laramiecountywy.gov/County-Government/Elected-Officials/County-Clerk/Elections/Election-Results,,,county_complete,write_in_aggregate,Laramie,,,,,,6,,wy|laramie|wy-2026-primary|county_local_summary|b9595aad2a5ced2707a252aaa59135acdaa96c8c2c5659b6ea6c65c7d5d40c42|wy-2026-primary|county|laramie|precinct-committeewoman-4-10|rep|write_in_aggregate|write_in_aggregate|Laramie|COUNTY
wy-2026-primary,wy|laramie|wy-2026-primary|county_local_summary,Laramie,wy-2026-primary|county|laramie|precinct-committeewoman-4-10|rep,REP COMMITTEEWOMEN 4-10,Precinct Committeewoman 4-10,county,,REP,REP,precinct,b9595aad2a5ced2707a252aaa59135acdaa96c8c2c5659b6ea6c65c7d5d40c42,2026-08-21T12:49:44Z,,county_summary_pdf_v1,1.1.5,1,verified,https://www.laramiecountywy.gov/County-Government/Elected-Officials/County-Clerk/Elections/Election-Results,,,county_complete,overvote,Laramie,,,,,,0,,wy|laramie|wy-2026-primary|county_local_summary|b9595aad2a5ced2707a252aaa59135acdaa96c8c2c5659b6ea6c65c7d5d40c42|wy-2026-primary|county|laramie|precinct-committeewoman-4-10|rep|overvote|overvote|Laramie|COUNTY
wy-2026-primary,wy|laramie|wy-2026-primary|county_local_summary,Laramie,wy-2026-primary|county|laramie|precinct-committeewoman-4-10|rep,REP COMMITTEEWOMEN 4-10,Precinct Committeewoman 4-10,county,,REP,REP,precinct,b9595aad2a5ced2707a252aaa59135acdaa96c8c2c5659b6ea6c65c7d5d40c42,2026-08-21T12:49:44Z,,county_summary_pdf_v1,1.1.5,1,verified,https://www.laramiecountywy.gov/County-Government/Elected-Officials/County-Clerk/Elections/Election-Results,,,county_complete,undervote,Laramie,,,,,,34,,wy|laramie|wy-2026-primary|county_local_summary|b9595aad2a5ced2707a252aaa59135acdaa96c8c2c5659b6ea6c65c7d5d40c42|wy-2026-primary|county|laramie|precinct-committeewoman-4-10|rep|undervote|undervote|Laramie|COUNTY
wy-2026-primary,wy|laramie|wy-2026-primary|county_local_summary,Laramie,wy-2026-primary|county|laramie|precinct-committeeman-4-11|rep,REP COMMITTEEMEN 4-11,Precinct Committeeman 4-11,county,,REP,REP,precinct,b9595aad2a5ced2707a252aaa59135acdaa96c8c2c5659b6ea6c65c7d5d40c42,2026-08-21T12:49:44Z,,county_summary_pdf_v1,1.1.5,1,verified,https://www.laramiecountywy.gov/County-Government/Elected-Officials/County-Clerk/Elections/Election-Results,,,county_complete,candidate,Laramie,,,DOUGLAS PIETERSMA,DOUGLAS PIETERSMA,,362,,wy|laramie|wy-2026-primary|county_local_summary|b9595aad2a5ced2707a252aaa59135acdaa96c8c2c5659b6ea6c65c7d5d40c42|wy-2026-primary|county|laramie|precinct-committeeman-4-11|rep|candidate|DOUGLAS PIETERSMA|Laramie|COUNTY
wy-2026-primary,wy|laramie|wy-2026-primary|county_local_summary,Laramie,wy-2026-primary|county|laramie|precinct-committeeman-4-11|rep,REP COMMITTEEMEN 4-11,Precinct Committeeman 4-11,county,,REP,REP,precinct,b9595aad2a5ced2707a252aaa59135acdaa96c8c2c5659b6ea6c65c7d5d40c42,2026-08-21T12:49:44Z,,county_summary_pdf_v1,1.1.5,1,verified,https://www.laramiecountywy.gov/County-Government/Elected-Officials/County-Clerk/Elections/Election-Results,,,county_complete,candidate,Laramie,,,CHEP DAY,CHEP DAY,,357,,wy|laramie|wy-2026-primary|county_local_summary|b9595aad2a5ced2707a252aaa59135acdaa96c8c2c5659b6ea6c65c7d5d40c42|wy-2026-primary|county|laramie|precinct-committeeman-4-11|rep|candidate|CHEP DAY|Laramie|COUNTY
wy-2026-primary,wy|laramie|wy-2026-primary|county_local_summary,Laramie,wy-2026-primary|county|laramie|precinct-committeeman-4-11|rep,REP COMMITTEEMEN 4-11,Precinct Committeeman 4-11,county,,REP,REP,precinct,b9595aad2a5ced2707a252aaa59135acdaa96c8c2c5659b6ea6c65c7d5d40c42,2026-08-21T12:49:44Z,,county_summary_pdf_v1,1.1.5,1,verified,https://www.laramiecountywy.gov/County-Government/Elected-Officials/County-Clerk/Elections/Election-Results,,,county_complete,write_in_aggregate,Laramie,,,,,,73,,wy|laramie|wy-2026-primary|county_local_summary|b9595aad2a5ced2707a252aaa59135acdaa96c8c2c5659b6ea6c65c7d5d40c42|wy-2026-primary|county|laramie|precinct-committeeman-4-11|rep|write_in_aggregate|write_in_aggregate|Laramie|COUNTY
wy-2026-primary,wy|laramie|wy-2026-primary|county_local_summary,Laramie,wy-2026-primary|county|laramie|precinct-committeeman-4-11|rep,REP COMMITTEEMEN 4-11,Precinct Committeeman 4-11,county,,REP,REP,precinct,b9595aad2a5ced2707a252aaa59135acdaa96c8c2c5659b6ea6c65c7d5d40c42,2026-08-21T12:49:44Z,,county_summary_pdf_v1,1.1.5,1,verified,https://www.laramiecountywy.gov/County-Government/Elected-Officials/County-Clerk/Elections/Election-Results,,,county_complete,overvote,Laramie,,,,,,0,,wy|laramie|wy-2026-primary|county_local_summary|b9595aad2a5ced2707a252aaa59135acdaa96c8c2c5659b6ea6c65c7d5d40c42|wy-2026-primary|county|laramie|precinct-committeeman-4-11|rep|overvote|overvote|Laramie|COUNTY
wy-2026-primary,wy|laramie|wy-2026-primary|county_local_summary,Laramie,wy-2026-primary|county|laramie|precinct-committeeman-4-11|rep,REP COMMITTEEMEN 4-11,Precinct Committeeman 4-11,county,,REP,REP,precinct,b9595aad2a5ced2707a252aaa59135acdaa96c8c2c5659b6ea6c65c7d5d40c42,2026-08-21T12:49:44Z,,county_summary_pdf_v1,1.1.5,1,verified,https://www.laramiecountywy.gov/County-Government/Elected-Officials/County-Clerk/Elections/Election-Results,,,county_complete,undervote,Laramie,,,,,,1148,,wy|laramie|wy-2026-primary|county_local_summary|b9595aad2a5ced2707a252aaa59135acdaa96c8c2c5659b6ea6c65c7d5d40c42|wy-2026-primary|county|laramie|precinct-committeeman-4-11|rep|undervote|undervote|Laramie|COUNTY
wy-2026-primary,wy|laramie|wy-2026-primary|county_local_summary,Laramie,wy-2026-primary|county|laramie|precinct-committeewoman-4-11|rep,REP COMMITTEEWOMEN 4-11,Precinct Committeewoman 4-11,county,,REP,REP,precinct,b9595aad2a5ced2707a252aaa59135acdaa96c8c2c5659b6ea6c65c7d5d40c42,2026-08-21T12:49:44Z,,county_summary_pdf_v1,1.1.5,1,verified,https://www.laramiecountywy.gov/County-Government/Elected-Officials/County-Clerk/Elections/Election-Results,,,county_complete,candidate,Laramie,,,KRISTEN JENNINGS,KRISTEN JENNINGS,,408,,wy|laramie|wy-2026-primary|county_local_summary|b9595aad2a5ced2707a252aaa59135acdaa96c8c2c5659b6ea6c65c7d5d40c42|wy-2026-primary|county|laramie|precinct-committeewoman-4-11|rep|candidate|KRISTEN JENNINGS|Laramie|COUNTY
wy-2026-primary,wy|laramie|wy-2026-primary|county_local_summary,Laramie,wy-2026-primary|county|laramie|precinct-committeewoman-4-11|rep,REP COMMITTEEWOMEN 4-11,Precinct Committeewoman 4-11,county,,REP,REP,precinct,b9595aad2a5ced2707a252aaa59135acdaa96c8c2c5659b6ea6c65c7d5d40c42,2026-08-21T12:49:44Z,,county_summary_pdf_v1,1.1.5,1,verified,https://www.laramiecountywy.gov/County-Government/Elected-Officials/County-Clerk/Elections/Election-Results,,,county_complete,write_in_aggregate,Laramie,,,,,,87,,wy|laramie|wy-2026-primary|county_local_summary|b9595aad2a5ced2707a252aaa59135acdaa96c8c2c5659b6ea6c65c7d5d40c42|wy-2026-primary|county|laramie|precinct-committeewoman-4-11|rep|write_in_aggregate|write_in_aggregate|Laramie|COUNTY
wy-2026-primary,wy|laramie|wy-2026-primary|county_local_summary,Laramie,wy-2026-primary|county|laramie|precinct-committeewoman-4-11|rep,REP COMMITTEEWOMEN 4-11,Precinct Committeewoman 4-11,county,,REP,REP,precinct,b9595aad2a5ced2707a252aaa59135acdaa96c8c2c5659b6ea6c65c7d5d40c42,2026-08-21T12:49:44Z,,county_summary_pdf_v1,1.1.5,1,verified,https://www.laramiecountywy.gov/County-Government/Elected-Officials/County-Clerk/Elections/Election-Results,,,county_complete,overvote,Laramie,,,,,,0,,wy|laramie|wy-2026-primary|county_local_summary|b9595aad2a5ced2707a252aaa59135acdaa96c8c2c5659b6ea6c65c7d5d40c42|wy-2026-primary|county|laramie|precinct-committeewoman-4-11|rep|overvote|overvote|Laramie|COUNTY
wy-2026-primary,wy|laramie|wy-2026-primary|county_local_summary,Laramie,wy-2026-primary|county|laramie|precinct-committeewoman-4-11|rep,REP COMMITTEEWOMEN 4-11,Precinct Committeewoman 4-11,county,,REP,REP,precinct,b9595aad2a5ced2707a252aaa59135acdaa96c8c2c5659b6ea6c65c7d5d40c42,2026-08-21T12:49:44Z,,county_summary_pdf_v1,1.1.5,1,verified,https://www.laramiecountywy.gov/County-Government/Elected-Officials/County-Clerk/Elections/Election-Results,,,county_complete,undervote,Laramie,,,,,,1445,,wy|laramie|wy-2026-primary|county_local_summary|b9595aad2a5ced2707a252aaa59135acdaa96c8c2c5659b6ea6c65c7d5d40c42|wy-2026-primary|county|laramie|precinct-committeewoman-4-11|rep|undervote|undervote|Laramie|COUNTY
wy-2026-primary,wy|laramie|wy-2026-primary|county_local_summary,Laramie,wy-2026-primary|county|laramie|precinct-committeeman-5-1|rep,REP COMMITTEEMEN 5-01,Precinct Committeeman 5-1,county,,REP,REP,precinct,b9595aad2a5ced2707a252aaa59135acdaa96c8c2c5659b6ea6c65c7d5d40c42,2026-08-21T12:49:44Z,,county_summary_pdf_v1,1.1.5,1,verified,https://www.laramiecountywy.gov/County-Government/Elected-Officials/County-Clerk/Elections/Election-Results,,,county_complete,candidate,Laramie,,,DON TAYLOR,DON TAYLOR,,96,,wy|laramie|wy-2026-primary|county_local_summary|b9595aad2a5ced2707a252aaa59135acdaa96c8c2c5659b6ea6c65c7d5d40c42|wy-2026-primary|county|laramie|precinct-committeeman-5-1|rep|candidate|DON TAYLOR|Laramie|COUNTY
wy-2026-primary,wy|laramie|wy-2026-primary|county_local_summary,Laramie,wy-2026-primary|county|laramie|precinct-committeeman-5-1|rep,REP COMMITTEEMEN 5-01,Precinct Committeeman 5-1,county,,REP,REP,precinct,b9595aad2a5ced2707a252aaa59135acdaa96c8c2c5659b6ea6c65c7d5d40c42,2026-08-21T12:49:44Z,,county_summary_pdf_v1,1.1.5,1,verified,https://www.laramiecountywy.gov/County-Government/Elected-Officials/County-Clerk/Elections/Election-Results,,,county_complete,write_in_aggregate,Laramie,,,,,,3,,wy|laramie|wy-2026-primary|county_local_summary|b9595aad2a5ced2707a252aaa59135acdaa96c8c2c5659b6ea6c65c7d5d40c42|wy-2026-primary|county|laramie|precinct-committeeman-5-1|rep|write_in_aggregate|write_in_aggregate|Laramie|COUNTY
wy-2026-primary,wy|laramie|wy-2026-primary|county_local_summary,Laramie,wy-2026-primary|county|laramie|precinct-committeeman-5-1|rep,REP COMMITTEEMEN 5-01,Precinct Committeeman 5-1,county,,REP,REP,precinct,b9595aad2a5ced2707a252aaa59135acdaa96c8c2c5659b6ea6c65c7d5d40c42,2026-08-21T12:49:44Z,,county_summary_pdf_v1,1.1.5,1,verified,https://www.laramiecountywy.gov/County-Government/Elected-Officials/County-Clerk/Elections/Election-Results,,,county_complete,overvote,Laramie,,,,,,0,,wy|laramie|wy-2026-primary|county_local_summary|b9595aad2a5ced2707a252aaa59135acdaa96c8c2c5659b6ea6c65c7d5d40c42|wy-2026-primary|county|laramie|precinct-committeeman-5-1|rep|overvote|overvote|Laramie|COUNTY
wy-2026-primary,wy|laramie|wy-2026-primary|county_local_summary,Laramie,wy-2026-primary|county|laramie|precinct-committeeman-5-1|rep,REP COMMITTEEMEN 5-01,Precinct Committeeman 5-1,county,,REP,REP,precinct,b9595aad2a5ced2707a252aaa59135acdaa96c8c2c5659b6ea6c65c7d5d40c42,2026-08-21T12:49:44Z,,county_summary_pdf_v1,1.1.5,1,verified,https://www.laramiecountywy.gov/County-Government/Elected-Officials/County-Clerk/Elections/Election-Results,,,county_complete,undervote,Laramie,,,,,,21,,wy|laramie|wy-2026-primary|county_local_summary|b9595aad2a5ced2707a252aaa59135acdaa96c8c2c5659b6ea6c65c7d5d40c42|wy-2026-primary|county|laramie|precinct-committeeman-5-1|rep|undervote|undervote|Laramie|COUNTY
wy-2026-primary,wy|laramie|wy-2026-primary|county_local_summary,Laramie,wy-2026-primary|county|laramie|precinct-committeewoman-5-1|rep,REP COMMITTEEWOMEN 5-01,Precinct Committeewoman 5-1,county,,REP,REP,precinct,b9595aad2a5ced2707a252aaa59135acdaa96c8c2c5659b6ea6c65c7d5d40c42,2026-08-21T12:49:44Z,,county_summary_pdf_v1,1.1.5,1,verified,https://www.laramiecountywy.gov/County-Government/Elected-Officials/County-Clerk/Elections/Election-Results,,,county_complete,candidate,Laramie,,,JESSICA CROWDER,JESSICA CROWDER,,69,,wy|laramie|wy-2026-primary|county_local_summary|b9595aad2a5ced2707a252aaa59135acdaa96c8c2c5659b6ea6c65c7d5d40c42|wy-2026-primary|county|laramie|precinct-committeewoman-5-1|rep|candidate|JESSICA CROWDER|Laramie|COUNTY
wy-2026-primary,wy|laramie|wy-2026-primary|county_local_summary,Laramie,wy-2026-primary|county|laramie|precinct-committeewoman-5-1|rep,REP COMMITTEEWOMEN 5-01,Precinct Committeewoman 5-1,county,,REP,REP,precinct,b9595aad2a5ced2707a252aaa59135acdaa96c8c2c5659b6ea6c65c7d5d40c42,2026-08-21T12:49:44Z,,county_summary_pdf_v1,1.1.5,1,verified,https://www.laramiecountywy.gov/County-Government/Elected-Officials/County-Clerk/Elections/Election-Results,,,county_complete,candidate,Laramie,,,JOANN TAYLOR,JOANN TAYLOR,,37,,wy|laramie|wy-2026-primary|county_local_summary|b9595aad2a5ced2707a252aaa59135acdaa96c8c2c5659b6ea6c65c7d5d40c42|wy-2026-primary|county|laramie|precinct-committeewoman-5-1|rep|candidate|JOANN TAYLOR|Laramie|COUNTY
wy-2026-primary,wy|laramie|wy-2026-primary|county_local_summary,Laramie,wy-2026-primary|county|laramie|precinct-committeewoman-5-1|rep,REP COMMITTEEWOMEN 5-01,Precinct Committeewoman 5-1,county,,REP,REP,precinct,b9595aad2a5ced2707a252aaa59135acdaa96c8c2c5659b6ea6c65c7d5d40c42,2026-08-21T12:49:44Z,,county_summary_pdf_v1,1.1.5,1,verified,https://www.laramiecountywy.gov/County-Government/Elected-Officials/County-Clerk/Elections/Election-Results,,,county_complete,write_in_aggregate,Laramie,,,,,,3,,wy|laramie|wy-2026-primary|county_local_summary|b9595aad2a5ced2707a252aaa59135acdaa96c8c2c5659b6ea6c65c7d5d40c42|wy-2026-primary|county|laramie|precinct-committeewoman-5-1|rep|write_in_aggregate|write_in_aggregate|Laramie|COUNTY
wy-2026-primary,wy|laramie|wy-2026-primary|county_local_summary,Laramie,wy-2026-primary|county|laramie|precinct-committeewoman-5-1|rep,REP COMMITTEEWOMEN 5-01,Precinct Committeewoman 5-1,county,,REP,REP,precinct,b9595aad2a5ced2707a252aaa59135acdaa96c8c2c5659b6ea6c65c7d5d40c42,2026-08-21T12:49:44Z,,county_summary_pdf_v1,1.1.5,1,verified,https://www.laramiecountywy.gov/County-Government/Elected-Officials/County-Clerk/Elections/Election-Results,,,county_complete,overvote,Laramie,,,,,,0,,wy|laramie|wy-2026-primary|county_local_summary|b9595aad2a5ced2707a252aaa59135acdaa96c8c2c5659b6ea6c65c7d5d40c42|wy-2026-primary|county|laramie|precinct-committeewoman-5-1|rep|overvote|overvote|Laramie|COUNTY
wy-2026-primary,wy|laramie|wy-2026-primary|county_local_summary,Laramie,wy-2026-primary|county|laramie|precinct-committeewoman-5-1|rep,REP COMMITTEEWOMEN 5-01,Precinct Committeewoman 5-1,county,,REP,REP,precinct,b9595aad2a5ced2707a252aaa59135acdaa96c8c2c5659b6ea6c65c7d5d40c42,2026-08-21T12:49:44Z,,county_summary_pdf_v1,1.1.5,1,verified,https://www.laramiecountywy.gov/County-Government/Elected-Officials/County-Clerk/Elections/Election-Results,,,county_complete,undervote,Laramie,,,,,,11,,wy|laramie|wy-2026-primary|county_local_summary|b9595aad2a5ced2707a252aaa59135acdaa96c8c2c5659b6ea6c65c7d5d40c42|wy-2026-primary|county|laramie|precinct-committeewoman-5-1|rep|undervote|undervote|Laramie|COUNTY
wy-2026-primary,wy|laramie|wy-2026-primary|county_local_summary,Laramie,wy-2026-primary|county|laramie|precinct-committeeman-5-2|rep,REP COMMITTEEMEN 5-02,Precinct Committeeman 5-2,county,,REP,REP,precinct,b9595aad2a5ced2707a252aaa59135acdaa96c8c2c5659b6ea6c65c7d5d40c42,2026-08-21T12:49:44Z,,county_summary_pdf_v1,1.1.5,1,verified,https://www.laramiecountywy.gov/County-Government/Elected-Officials/County-Clerk/Elections/Election-Results,,,county_complete,candidate,Laramie,,,JEFF KIRKBRIDE,JEFF KIRKBRIDE,,537,,wy|laramie|wy-2026-primary|county_local_summary|b9595aad2a5ced2707a252aaa59135acdaa96c8c2c5659b6ea6c65c7d5d40c42|wy-2026-primary|county|laramie|precinct-committeeman-5-2|rep|candidate|JEFF KIRKBRIDE|Laramie|COUNTY
wy-2026-primary,wy|laramie|wy-2026-primary|county_local_summary,Laramie,wy-2026-primary|county|laramie|precinct-committeeman-5-2|rep,REP COMMITTEEMEN 5-02,Precinct Committeeman 5-2,county,,REP,REP,precinct,b9595aad2a5ced2707a252aaa59135acdaa96c8c2c5659b6ea6c65c7d5d40c42,2026-08-21T12:49:44Z,,county_summary_pdf_v1,1.1.5,1,verified,https://www.laramiecountywy.gov/County-Government/Elected-Officials/County-Clerk/Elections/Election-Results,,,county_complete,candidate,Laramie,,,MICHAEL LERWICK,MICHAEL LERWICK,,417,,wy|laramie|wy-2026-primary|county_local_summary|b9595aad2a5ced2707a252aaa59135acdaa96c8c2c5659b6ea6c65c7d5d40c42|wy-2026-primary|county|laramie|precinct-committeeman-5-2|rep|candidate|MICHAEL LERWICK|Laramie|COUNTY
wy-2026-primary,wy|laramie|wy-2026-primary|county_local_summary,Laramie,wy-2026-primary|county|laramie|precinct-committeeman-5-2|rep,REP COMMITTEEMEN 5-02,Precinct Committeeman 5-2,county,,REP,REP,precinct,b9595aad2a5ced2707a252aaa59135acdaa96c8c2c5659b6ea6c65c7d5d40c42,2026-08-21T12:49:44Z,,county_summary_pdf_v1,1.1.5,1,verified,https://www.laramiecountywy.gov/County-Government/Elected-Officials/County-Clerk/Elections/Election-Results,,,county_complete,candidate,Laramie,,,DAVE KEITER,DAVE KEITER,,396,,wy|laramie|wy-2026-primary|county_local_summary|b9595aad2a5ced2707a252aaa59135acdaa96c8c2c5659b6ea6c65c7d5d40c42|wy-2026-primary|county|laramie|precinct-committeeman-5-2|rep|candidate|DAVE KEITER|Laramie|COUNTY
wy-2026-primary,wy|laramie|wy-2026-primary|county_local_summary,Laramie,wy-2026-primary|county|laramie|precinct-committeeman-5-2|rep,REP COMMITTEEMEN 5-02,Precinct Committeeman 5-2,county,,REP,REP,precinct,b9595aad2a5ced2707a252aaa59135acdaa96c8c2c5659b6ea6c65c7d5d40c42,2026-08-21T12:49:44Z,,county_summary_pdf_v1,1.1.5,1,verified,https://www.laramiecountywy.gov/County-Government/Elected-Officials/County-Clerk/Elections/Election-Results,,,county_complete,candidate,Laramie,,,ROY YOUNG,ROY YOUNG,,317,,wy|laramie|wy-2026-primary|county_local_summary|b9595aad2a5ced2707a252aaa59135acdaa96c8c2c5659b6ea6c65c7d5d40c42|wy-2026-primary|county|laramie|precinct-committeeman-5-2|rep|candidate|ROY YOUNG|Laramie|COUNTY
wy-2026-primary,wy|laramie|wy-2026-primary|county_local_summary,Laramie,wy-2026-primary|county|laramie|precinct-committeeman-5-2|rep,REP COMMITTEEMEN 5-02,Precinct Committeeman 5-2,county,,REP,REP,precinct,b9595aad2a5ced2707a252aaa59135acdaa96c8c2c5659b6ea6c65c7d5d40c42,2026-08-21T12:49:44Z,,county_summary_pdf_v1,1.1.5,1,verified,https://www.laramiecountywy.gov/County-Government/Elected-Officials/County-Clerk/Elections/Election-Results,,,county_complete,candidate,Laramie,,,RICK KINKADE,RICK KINKADE,,271,,wy|laramie|wy-2026-primary|county_local_summary|b9595aad2a5ced2707a252aaa59135acdaa96c8c2c5659b6ea6c65c7d5d40c42|wy-2026-primary|county|laramie|precinct-committeeman-5-2|rep|candidate|RICK KINKADE|Laramie|COUNTY
wy-2026-primary,wy|laramie|wy-2026-primary|county_local_summary,Laramie,wy-2026-primary|county|laramie|precinct-committeeman-5-2|rep,REP COMMITTEEMEN 5-02,Precinct Committeeman 5-2,county,,REP,REP,precinct,b9595aad2a5ced2707a252aaa59135acdaa96c8c2c5659b6ea6c65c7d5d40c42,2026-08-21T12:49:44Z,,county_summary_pdf_v1,1.1.5,1,verified,https://www.laramiecountywy.gov/County-Government/Elected-Officials/County-Clerk/Elections/Election-Results,,,county_complete,candidate,Laramie,,,DUANE MERZ,DUANE MERZ,,175,,wy|laramie|wy-2026-primary|county_local_summary|b9595aad2a5ced2707a252aaa59135acdaa96c8c2c5659b6ea6c65c7d5d40c42|wy-2026-primary|county|laramie|precinct-committeeman-5-2|rep|candidate|DUANE MERZ|Laramie|COUNTY
wy-2026-primary,wy|laramie|wy-2026-primary|county_local_summary,Laramie,wy-2026-primary|county|laramie|precinct-committeeman-5-2|rep,REP COMMITTEEMEN 5-02,Precinct Committeeman 5-2,county,,REP,REP,precinct,b9595aad2a5ced2707a252aaa59135acdaa96c8c2c5659b6ea6c65c7d5d40c42,2026-08-21T12:49:44Z,,county_summary_pdf_v1,1.1.5,1,verified,https://www.laramiecountywy.gov/County-Government/Elected-Officials/County-Clerk/Elections/Election-Results,,,county_complete,write_in_aggregate,Laramie,,,,,,27,,wy|laramie|wy-2026-primary|county_local_summary|b9595aad2a5ced2707a252aaa59135acdaa96c8c2c5659b6ea6c65c7d5d40c42|wy-2026-primary|county|laramie|precinct-committeeman-5-2|rep|write_in_aggregate|write_in_aggregate|Laramie|COUNTY
wy-2026-primary,wy|laramie|wy-2026-primary|county_local_summary,Laramie,wy-2026-primary|county|laramie|precinct-committeeman-5-2|rep,REP COMMITTEEMEN 5-02,Precinct Committeeman 5-2,county,,REP,REP,precinct,b9595aad2a5ced2707a252aaa59135acdaa96c8c2c5659b6ea6c65c7d5d40c42,2026-08-21T12:49:44Z,,county_summary_pdf_v1,1.1.5,1,verified,https://www.laramiecountywy.gov/County-Government/Elected-Officials/County-Clerk/Elections/Election-Results,,,county_complete,overvote,Laramie,,,,,,0,,wy|laramie|wy-2026-primary|county_local_summary|b9595aad2a5ced2707a252aaa59135acdaa96c8c2c5659b6ea6c65c7d5d40c42|wy-2026-primary|county|laramie|precinct-committeeman-5-2|rep|overvote|overvote|Laramie|COUNTY
wy-2026-primary,wy|laramie|wy-2026-primary|county_local_summary,Laramie,wy-2026-primary|county|laramie|precinct-committeeman-5-2|rep,REP COMMITTEEMEN 5-02,Precinct Committeeman 5-2,county,,REP,REP,precinct,b9595aad2a5ced2707a252aaa59135acdaa96c8c2c5659b6ea6c65c7d5d40c42,2026-08-21T12:49:44Z,,county_summary_pdf_v1,1.1.5,1,verified,https://www.laramiecountywy.gov/County-Government/Elected-Officials/County-Clerk/Elections/Election-Results,,,county_complete,undervote,Laramie,,,,,,888,,wy|laramie|wy-2026-primary|county_local_summary|b9595aad2a5ced2707a252aaa59135acdaa96c8c2c5659b6ea6c65c7d5d40c42|wy-2026-primary|county|laramie|precinct-committeeman-5-2|rep|undervote|undervote|Laramie|COUNTY
wy-2026-primary,wy|laramie|wy-2026-primary|county_local_summary,Laramie,wy-2026-primary|county|laramie|precinct-committeewoman-5-2|rep,REP COMMITTEEWOMEN 5-02,Precinct Committeewoman 5-2,county,,REP,REP,precinct,b9595aad2a5ced2707a252aaa59135acdaa96c8c2c5659b6ea6c65c7d5d40c42,2026-08-21T12:49:44Z,,county_summary_pdf_v1,1.1.5,1,verified,https://www.laramiecountywy.gov/County-Government/Elected-Officials/County-Clerk/Elections/Election-Results,,,county_complete,candidate,Laramie,,,HATTIE LERWICK,HATTIE LERWICK,,445,,wy|laramie|wy-2026-primary|county_local_summary|b9595aad2a5ced2707a252aaa59135acdaa96c8c2c5659b6ea6c65c7d5d40c42|wy-2026-primary|county|laramie|precinct-committeewoman-5-2|rep|candidate|HATTIE LERWICK|Laramie|COUNTY
wy-2026-primary,wy|laramie|wy-2026-primary|county_local_summary,Laramie,wy-2026-primary|county|laramie|precinct-committeewoman-5-2|rep,REP COMMITTEEWOMEN 5-02,Precinct Committeewoman 5-2,county,,REP,REP,precinct,b9595aad2a5ced2707a252aaa59135acdaa96c8c2c5659b6ea6c65c7d5d40c42,2026-08-21T12:49:44Z,,county_summary_pdf_v1,1.1.5,1,verified,https://www.laramiecountywy.gov/County-Government/Elected-Officials/County-Clerk/Elections/Election-Results,,,county_complete,candidate,Laramie,,,AMY L. BONNER,AMY L. BONNER,,389,,wy|laramie|wy-2026-primary|county_local_summary|b9595aad2a5ced2707a252aaa59135acdaa96c8c2c5659b6ea6c65c7d5d40c42|wy-2026-primary|county|laramie|precinct-committeewoman-5-2|rep|candidate|AMY L. BONNER|Laramie|COUNTY
wy-2026-primary,wy|laramie|wy-2026-primary|county_local_summary,Laramie,wy-2026-primary|county|laramie|precinct-committeewoman-5-2|rep,REP COMMITTEEWOMEN 5-02,Precinct Committeewoman 5-2,county,,REP,REP,precinct,b9595aad2a5ced2707a252aaa59135acdaa96c8c2c5659b6ea6c65c7d5d40c42,2026-08-21T12:49:44Z,,county_summary_pdf_v1,1.1.5,1,verified,https://www.laramiecountywy.gov/County-Government/Elected-Officials/County-Clerk/Elections/Election-Results,,,county_complete,candidate,Laramie,,,CONNIE CZARNECKI,CONNIE CZARNECKI,,360,,wy|laramie|wy-2026-primary|county_local_summary|b9595aad2a5ced2707a252aaa59135acdaa96c8c2c5659b6ea6c65c7d5d40c42|wy-2026-primary|county|laramie|precinct-committeewoman-5-2|rep|candidate|CONNIE CZARNECKI|Laramie|COUNTY
wy-2026-primary,wy|laramie|wy-2026-primary|county_local_summary,Laramie,wy-2026-primary|county|laramie|precinct-committeewoman-5-2|rep,REP COMMITTEEWOMEN 5-02,Precinct Committeewoman 5-2,county,,REP,REP,precinct,b9595aad2a5ced2707a252aaa59135acdaa96c8c2c5659b6ea6c65c7d5d40c42,2026-08-21T12:49:44Z,,county_summary_pdf_v1,1.1.5,1,verified,https://www.laramiecountywy.gov/County-Government/Elected-Officials/County-Clerk/Elections/Election-Results,,,county_complete,candidate,Laramie,,,SHERI MERZ,SHERI MERZ,,335,,wy|laramie|wy-2026-primary|county_local_summary|b9595aad2a5ced2707a252aaa59135acdaa96c8c2c5659b6ea6c65c7d5d40c42|wy-2026-primary|county|laramie|precinct-committeewoman-5-2|rep|candidate|SHERI MERZ|Laramie|COUNTY
wy-2026-primary,wy|laramie|wy-2026-primary|county_local_summary,Laramie,wy-2026-primary|county|laramie|precinct-committeewoman-5-2|rep,REP COMMITTEEWOMEN 5-02,Precinct Committeewoman 5-2,county,,REP,REP,precinct,b9595aad2a5ced2707a252aaa59135acdaa96c8c2c5659b6ea6c65c7d5d40c42,2026-08-21T12:49:44Z,,county_summary_pdf_v1,1.1.5,1,verified,https://www.laramiecountywy.gov/County-Government/Elected-Officials/County-Clerk/Elections/Election-Results,,,county_complete,candidate,Laramie,,,SHERRILL KAY ZAKIS,SHERRILL KAY ZAKIS,,258,,wy|laramie|wy-2026-primary|county_local_summary|b9595aad2a5ced2707a252aaa59135acdaa96c8c2c5659b6ea6c65c7d5d40c42|wy-2026-primary|county|laramie|precinct-committeewoman-5-2|rep|candidate|SHERRILL KAY ZAKIS|Laramie|COUNTY
wy-2026-primary,wy|laramie|wy-2026-primary|county_local_summary,Laramie,wy-2026-primary|county|laramie|precinct-committeewoman-5-2|rep,REP COMMITTEEWOMEN 5-02,Precinct Committeewoman 5-2,county,,REP,REP,precinct,b9595aad2a5ced2707a252aaa59135acdaa96c8c2c5659b6ea6c65c7d5d40c42,2026-08-21T12:49:44Z,,county_summary_pdf_v1,1.1.5,1,verified,https://www.laramiecountywy.gov/County-Government/Elected-Officials/County-Clerk/Elections/Election-Results,,,county_complete,write_in_aggregate,Laramie,,,,,,29,,wy|laramie|wy-2026-primary|county_local_summary|b9595aad2a5ced2707a252aaa59135acdaa96c8c2c5659b6ea6c65c7d5d40c42|wy-2026-primary|county|laramie|precinct-committeewoman-5-2|rep|write_in_aggregate|write_in_aggregate|Laramie|COUNTY
wy-2026-primary,wy|laramie|wy-2026-primary|county_local_summary,Laramie,wy-2026-primary|county|laramie|precinct-committeewoman-5-2|rep,REP COMMITTEEWOMEN 5-02,Precinct Committeewoman 5-2,county,,REP,REP,precinct,b9595aad2a5ced2707a252aaa59135acdaa96c8c2c5659b6ea6c65c7d5d40c42,2026-08-21T12:49:44Z,,county_summary_pdf_v1,1.1.5,1,verified,https://www.laramiecountywy.gov/County-Government/Elected-Officials/County-Clerk/Elections/Election-Results,,,county_complete,overvote,Laramie,,,,,,0,,wy|laramie|wy-2026-primary|county_local_summary|b9595aad2a5ced2707a252aaa59135acdaa96c8c2c5659b6ea6c65c7d5d40c42|wy-2026-primary|county|laramie|precinct-committeewoman-5-2|rep|overvote|overvote|Laramie|COUNTY
wy-2026-primary,wy|laramie|wy-2026-primary|county_local_summary,Laramie,wy-2026-primary|county|laramie|precinct-committeewoman-5-2|rep,REP COMMITTEEWOMEN 5-02,Precinct Committeewoman 5-2,county,,REP,REP,precinct,b9595aad2a5ced2707a252aaa59135acdaa96c8c2c5659b6ea6c65c7d5d40c42,2026-08-21T12:49:44Z,,county_summary_pdf_v1,1.1.5,1,verified,https://www.laramiecountywy.gov/County-Government/Elected-Officials/County-Clerk/Elections/Election-Results,,,county_complete,undervote,Laramie,,,,,,1212,,wy|laramie|wy-2026-primary|county_local_summary|b9595aad2a5ced2707a252aaa59135acdaa96c8c2c5659b6ea6c65c7d5d40c42|wy-2026-primary|county|laramie|precinct-committeewoman-5-2|rep|undervote|undervote|Laramie|COUNTY
wy-2026-primary,wy|laramie|wy-2026-primary|county_local_summary,Laramie,wy-2026-primary|county|laramie|precinct-committeeman-5-3|rep,REP COMMITTEEMEN 5-03,Precinct Committeeman 5-3,county,,REP,REP,precinct,b9595aad2a5ced2707a252aaa59135acdaa96c8c2c5659b6ea6c65c7d5d40c42,2026-08-21T12:49:44Z,,county_summary_pdf_v1,1.1.5,1,verified,https://www.laramiecountywy.gov/County-Government/Elected-Officials/County-Clerk/Elections/Election-Results,,,county_complete,candidate,Laramie,,,JACK BOMHOFF,JACK BOMHOFF,,267,,wy|laramie|wy-2026-primary|county_local_summary|b9595aad2a5ced2707a252aaa59135acdaa96c8c2c5659b6ea6c65c7d5d40c42|wy-2026-primary|county|laramie|precinct-committeeman-5-3|rep|candidate|JACK BOMHOFF|Laramie|COUNTY
wy-2026-primary,wy|laramie|wy-2026-primary|county_local_summary,Laramie,wy-2026-primary|county|laramie|precinct-committeeman-5-3|rep,REP COMMITTEEMEN 5-03,Precinct Committeeman 5-3,county,,REP,REP,precinct,b9595aad2a5ced2707a252aaa59135acdaa96c8c2c5659b6ea6c65c7d5d40c42,2026-08-21T12:49:44Z,,county_summary_pdf_v1,1.1.5,1,verified,https://www.laramiecountywy.gov/County-Government/Elected-Officials/County-Clerk/Elections/Election-Results,,,county_complete,candidate,Laramie,,,KURT L. WILSON,KURT L. WILSON,,266,,wy|laramie|wy-2026-primary|county_local_summary|b9595aad2a5ced2707a252aaa59135acdaa96c8c2c5659b6ea6c65c7d5d40c42|wy-2026-primary|county|laramie|precinct-committeeman-5-3|rep|candidate|KURT L. WILSON|Laramie|COUNTY
wy-2026-primary,wy|laramie|wy-2026-primary|county_local_summary,Laramie,wy-2026-primary|county|laramie|precinct-committeeman-5-3|rep,REP COMMITTEEMEN 5-03,Precinct Committeeman 5-3,county,,REP,REP,precinct,b9595aad2a5ced2707a252aaa59135acdaa96c8c2c5659b6ea6c65c7d5d40c42,2026-08-21T12:49:44Z,,county_summary_pdf_v1,1.1.5,1,verified,https://www.laramiecountywy.gov/County-Government/Elected-Officials/County-Clerk/Elections/Election-Results,,,county_complete,candidate,Laramie,,,MIKE HEATH,MIKE HEATH,,192,,wy|laramie|wy-2026-primary|county_local_summary|b9595aad2a5ced2707a252aaa59135acdaa96c8c2c5659b6ea6c65c7d5d40c42|wy-2026-primary|county|laramie|precinct-committeeman-5-3|rep|candidate|MIKE HEATH|Laramie|COUNTY
wy-2026-primary,wy|laramie|wy-2026-primary|county_local_summary,Laramie,wy-2026-primary|county|laramie|precinct-committeeman-5-3|rep,REP COMMITTEEMEN 5-03,Precinct Committeeman 5-3,county,,REP,REP,precinct,b9595aad2a5ced2707a252aaa59135acdaa96c8c2c5659b6ea6c65c7d5d40c42,2026-08-21T12:49:44Z,,county_summary_pdf_v1,1.1.5,1,verified,https://www.laramiecountywy.gov/County-Government/Elected-Officials/County-Clerk/Elections/Election-Results,,,county_complete,candidate,Laramie,,,DALE STEENBERGEN,DALE STEENBERGEN,,185,,wy|laramie|wy-2026-primary|county_local_summary|b9595aad2a5ced2707a252aaa59135acdaa96c8c2c5659b6ea6c65c7d5d40c42|wy-2026-primary|county|laramie|precinct-committeeman-5-3|rep|candidate|DALE STEENBERGEN|Laramie|COUNTY
wy-2026-primary,wy|laramie|wy-2026-primary|county_local_summary,Laramie,wy-2026-primary|county|laramie|precinct-committeeman-5-3|rep,REP COMMITTEEMEN 5-03,Precinct Committeeman 5-3,county,,REP,REP,precinct,b9595aad2a5ced2707a252aaa59135acdaa96c8c2c5659b6ea6c65c7d5d40c42,2026-08-21T12:49:44Z,,county_summary_pdf_v1,1.1.5,1,verified,https://www.laramiecountywy.gov/County-Government/Elected-Officials/County-Clerk/Elections/Election-Results,,,county_complete,candidate,Laramie,,,PAUL H MISTARKA,PAUL H MISTARKA,,166,,wy|laramie|wy-2026-primary|county_local_summary|b9595aad2a5ced2707a252aaa59135acdaa96c8c2c5659b6ea6c65c7d5d40c42|wy-2026-primary|county|laramie|precinct-committeeman-5-3|rep|candidate|PAUL H MISTARKA|Laramie|COUNTY
wy-2026-primary,wy|laramie|wy-2026-primary|county_local_summary,Laramie,wy-2026-primary|county|laramie|precinct-committeeman-5-3|rep,REP COMMITTEEMEN 5-03,Precinct Committeeman 5-3,county,,REP,REP,precinct,b9595aad2a5ced2707a252aaa59135acdaa96c8c2c5659b6ea6c65c7d5d40c42,2026-08-21T12:49:44Z,,county_summary_pdf_v1,1.1.5,1,verified,https://www.laramiecountywy.gov/County-Government/Elected-Officials/County-Clerk/Elections/Election-Results,,,county_complete,write_in_aggregate,Laramie,,,,,,18,,wy|laramie|wy-2026-primary|county_local_summary|b9595aad2a5ced2707a252aaa59135acdaa96c8c2c5659b6ea6c65c7d5d40c42|wy-2026-primary|county|laramie|precinct-committeeman-5-3|rep|write_in_aggregate|write_in_aggregate|Laramie|COUNTY
wy-2026-primary,wy|laramie|wy-2026-primary|county_local_summary,Laramie,wy-2026-primary|county|laramie|precinct-committeeman-5-3|rep,REP COMMITTEEMEN 5-03,Precinct Committeeman 5-3,county,,REP,REP,precinct,b9595aad2a5ced2707a252aaa59135acdaa96c8c2c5659b6ea6c65c7d5d40c42,2026-08-21T12:49:44Z,,county_summary_pdf_v1,1.1.5,1,verified,https://www.laramiecountywy.gov/County-Government/Elected-Officials/County-Clerk/Elections/Election-Results,,,county_complete,overvote,Laramie,,,,,,0,,wy|laramie|wy-2026-primary|county_local_summary|b9595aad2a5ced2707a252aaa59135acdaa96c8c2c5659b6ea6c65c7d5d40c42|wy-2026-primary|county|laramie|precinct-committeeman-5-3|rep|overvote|overvote|Laramie|COUNTY
wy-2026-primary,wy|laramie|wy-2026-primary|county_local_summary,Laramie,wy-2026-primary|county|laramie|precinct-committeeman-5-3|rep,REP COMMITTEEMEN 5-03,Precinct Committeeman 5-3,county,,REP,REP,precinct,b9595aad2a5ced2707a252aaa59135acdaa96c8c2c5659b6ea6c65c7d5d40c42,2026-08-21T12:49:44Z,,county_summary_pdf_v1,1.1.5,1,verified,https://www.laramiecountywy.gov/County-Government/Elected-Officials/County-Clerk/Elections/Election-Results,,,county_complete,undervote,Laramie,,,,,,355,,wy|laramie|wy-2026-primary|county_local_summary|b9595aad2a5ced2707a252aaa59135acdaa96c8c2c5659b6ea6c65c7d5d40c42|wy-2026-primary|county|laramie|precinct-committeeman-5-3|rep|undervote|undervote|Laramie|COUNTY
wy-2026-primary,wy|laramie|wy-2026-primary|county_local_summary,Laramie,wy-2026-primary|county|laramie|precinct-committeewoman-5-3|rep,REP COMMITTEEWOMEN 5-03,Precinct Committeewoman 5-3,county,,REP,REP,precinct,b9595aad2a5ced2707a252aaa59135acdaa96c8c2c5659b6ea6c65c7d5d40c42,2026-08-21T12:49:44Z,,county_summary_pdf_v1,1.1.5,1,verified,https://www.laramiecountywy.gov/County-Government/Elected-Officials/County-Clerk/Elections/Election-Results,,,county_complete,candidate,Laramie,,,DEB FAIRCHILD,DEB FAIRCHILD,,241,,wy|laramie|wy-2026-primary|county_local_summary|b9595aad2a5ced2707a252aaa59135acdaa96c8c2c5659b6ea6c65c7d5d40c42|wy-2026-primary|county|laramie|precinct-committeewoman-5-3|rep|candidate|DEB FAIRCHILD|Laramie|COUNTY
wy-2026-primary,wy|laramie|wy-2026-primary|county_local_summary,Laramie,wy-2026-primary|county|laramie|precinct-committeewoman-5-3|rep,REP COMMITTEEWOMEN 5-03,Precinct Committeewoman 5-3,county,,REP,REP,precinct,b9595aad2a5ced2707a252aaa59135acdaa96c8c2c5659b6ea6c65c7d5d40c42,2026-08-21T12:49:44Z,,county_summary_pdf_v1,1.1.5,1,verified,https://www.laramiecountywy.gov/County-Government/Elected-Officials/County-Clerk/Elections/Election-Results,,,county_complete,candidate,Laramie,,,BILLIE WILSON,BILLIE WILSON,,217,,wy|laramie|wy-2026-primary|county_local_summary|b9595aad2a5ced2707a252aaa59135acdaa96c8c2c5659b6ea6c65c7d5d40c42|wy-2026-primary|county|laramie|precinct-committeewoman-5-3|rep|candidate|BILLIE WILSON|Laramie|COUNTY
wy-2026-primary,wy|laramie|wy-2026-primary|county_local_summary,Laramie,wy-2026-primary|county|laramie|precinct-committeewoman-5-3|rep,REP COMMITTEEWOMEN 5-03,Precinct Committeewoman 5-3,county,,REP,REP,precinct,b9595aad2a5ced2707a252aaa59135acdaa96c8c2c5659b6ea6c65c7d5d40c42,2026-08-21T12:49:44Z,,county_summary_pdf_v1,1.1.5,1,verified,https://www.laramiecountywy.gov/County-Government/Elected-Officials/County-Clerk/Elections/Election-Results,,,county_complete,candidate,Laramie,,,SHARON FAIN,SHARON FAIN,,216,,wy|laramie|wy-2026-primary|county_local_summary|b9595aad2a5ced2707a252aaa59135acdaa96c8c2c5659b6ea6c65c7d5d40c42|wy-2026-primary|county|laramie|precinct-committeewoman-5-3|rep|candidate|SHARON FAIN|Laramie|COUNTY
wy-2026-primary,wy|laramie|wy-2026-primary|county_local_summary,Laramie,wy-2026-primary|county|laramie|precinct-committeewoman-5-3|rep,REP COMMITTEEWOMEN 5-03,Precinct Committeewoman 5-3,county,,REP,REP,precinct,b9595aad2a5ced2707a252aaa59135acdaa96c8c2c5659b6ea6c65c7d5d40c42,2026-08-21T12:49:44Z,,county_summary_pdf_v1,1.1.5,1,verified,https://www.laramiecountywy.gov/County-Government/Elected-Officials/County-Clerk/Elections/Election-Results,,,county_complete,candidate,Laramie,,,LINDA M HEATH,LINDA M HEATH,,203,,wy|laramie|wy-2026-primary|county_local_summary|b9595aad2a5ced2707a252aaa59135acdaa96c8c2c5659b6ea6c65c7d5d40c42|wy-2026-primary|county|laramie|precinct-committeewoman-5-3|rep|candidate|LINDA M HEATH|Laramie|COUNTY
wy-2026-primary,wy|laramie|wy-2026-primary|county_local_summary,Laramie,wy-2026-primary|county|laramie|precinct-committeewoman-5-3|rep,REP COMMITTEEWOMEN 5-03,Precinct Committeewoman 5-3,county,,REP,REP,precinct,b9595aad2a5ced2707a252aaa59135acdaa96c8c2c5659b6ea6c65c7d5d40c42,2026-08-21T12:49:44Z,,county_summary_pdf_v1,1.1.5,1,verified,https://www.laramiecountywy.gov/County-Government/Elected-Officials/County-Clerk/Elections/Election-Results,,,county_complete,candidate,Laramie,,,VICKIE D MISTARKA,VICKIE D MISTARKA,,171,,wy|laramie|wy-2026-primary|county_local_summary|b9595aad2a5ced2707a252aaa59135acdaa96c8c2c5659b6ea6c65c7d5d40c42|wy-2026-primary|county|laramie|precinct-committeewoman-5-3|rep|candidate|VICKIE D MISTARKA|Laramie|COUNTY
wy-2026-primary,wy|laramie|wy-2026-primary|county_local_summary,Laramie,wy-2026-primary|county|laramie|precinct-committeewoman-5-3|rep,REP COMMITTEEWOMEN 5-03,Precinct Committeewoman 5-3,county,,REP,REP,precinct,b9595aad2a5ced2707a252aaa59135acdaa96c8c2c5659b6ea6c65c7d5d40c42,2026-08-21T12:49:44Z,,county_summary_pdf_v1,1.1.5,1,verified,https://www.laramiecountywy.gov/County-Government/Elected-Officials/County-Clerk/Elections/Election-Results,,,county_complete,write_in_aggregate,Laramie,,,,,,15,,wy|laramie|wy-2026-primary|county_local_summary|b9595aad2a5ced2707a252aaa59135acdaa96c8c2c5659b6ea6c65c7d5d40c42|wy-2026-primary|county|laramie|precinct-committeewoman-5-3|rep|write_in_aggregate|write_in_aggregate|Laramie|COUNTY
wy-2026-primary,wy|laramie|wy-2026-primary|county_local_summary,Laramie,wy-2026-primary|county|laramie|precinct-committeewoman-5-3|rep,REP COMMITTEEWOMEN 5-03,Precinct Committeewoman 5-3,county,,REP,REP,precinct,b9595aad2a5ced2707a252aaa59135acdaa96c8c2c5659b6ea6c65c7d5d40c42,2026-08-21T12:49:44Z,,county_summary_pdf_v1,1.1.5,1,verified,https://www.laramiecountywy.gov/County-Government/Elected-Officials/County-Clerk/Elections/Election-Results,,,county_complete,overvote,Laramie,,,,,,0,,wy|laramie|wy-2026-primary|county_local_summary|b9595aad2a5ced2707a252aaa59135acdaa96c8c2c5659b6ea6c65c7d5d40c42|wy-2026-primary|county|laramie|precinct-committeewoman-5-3|rep|overvote|overvote|Laramie|COUNTY
wy-2026-primary,wy|laramie|wy-2026-primary|county_local_summary,Laramie,wy-2026-primary|county|laramie|precinct-committeewoman-5-3|rep,REP COMMITTEEWOMEN 5-03,Precinct Committeewoman 5-3,county,,REP,REP,precinct,b9595aad2a5ced2707a252aaa59135acdaa96c8c2c5659b6ea6c65c7d5d40c42,2026-08-21T12:49:44Z,,county_summary_pdf_v1,1.1.5,1,verified,https://www.laramiecountywy.gov/County-Government/Elected-Officials/County-Clerk/Elections/Election-Results,,,county_complete,undervote,Laramie,,,,,,386,,wy|laramie|wy-2026-primary|county_local_summary|b9595aad2a5ced2707a252aaa59135acdaa96c8c2c5659b6ea6c65c7d5d40c42|wy-2026-primary|county|laramie|precinct-committeewoman-5-3|rep|undervote|undervote|Laramie|COUNTY
wy-2026-primary,wy|laramie|wy-2026-primary|county_local_summary,Laramie,wy-2026-primary|county|laramie|precinct-committeeman-5-4|rep,REP COMMITTEEMEN 5-04,Precinct Committeeman 5-4,county,,REP,REP,precinct,b9595aad2a5ced2707a252aaa59135acdaa96c8c2c5659b6ea6c65c7d5d40c42,2026-08-21T12:49:44Z,,county_summary_pdf_v1,1.1.5,1,verified,https://www.laramiecountywy.gov/County-Government/Elected-Officials/County-Clerk/Elections/Election-Results,,,county_complete,candidate,Laramie,,,JUSTIN FORNSTROM,JUSTIN FORNSTROM,,235,,wy|laramie|wy-2026-primary|county_local_summary|b9595aad2a5ced2707a252aaa59135acdaa96c8c2c5659b6ea6c65c7d5d40c42|wy-2026-primary|county|laramie|precinct-committeeman-5-4|rep|candidate|JUSTIN FORNSTROM|Laramie|COUNTY
wy-2026-primary,wy|laramie|wy-2026-primary|county_local_summary,Laramie,wy-2026-primary|county|laramie|precinct-committeeman-5-4|rep,REP COMMITTEEMEN 5-04,Precinct Committeeman 5-4,county,,REP,REP,precinct,b9595aad2a5ced2707a252aaa59135acdaa96c8c2c5659b6ea6c65c7d5d40c42,2026-08-21T12:49:44Z,,county_summary_pdf_v1,1.1.5,1,verified,https://www.laramiecountywy.gov/County-Government/Elected-Officials/County-Clerk/Elections/Election-Results,,,county_complete,candidate,Laramie,,,WADE SPICKLEMIRE,WADE SPICKLEMIRE,,191,,wy|laramie|wy-2026-primary|county_local_summary|b9595aad2a5ced2707a252aaa59135acdaa96c8c2c5659b6ea6c65c7d5d40c42|wy-2026-primary|county|laramie|precinct-committeeman-5-4|rep|candidate|WADE SPICKLEMIRE|Laramie|COUNTY
wy-2026-primary,wy|laramie|wy-2026-primary|county_local_summary,Laramie,wy-2026-primary|county|laramie|precinct-committeeman-5-4|rep,REP COMMITTEEMEN 5-04,Precinct Committeeman 5-4,county,,REP,REP,precinct,b9595aad2a5ced2707a252aaa59135acdaa96c8c2c5659b6ea6c65c7d5d40c42,2026-08-21T12:49:44Z,,county_summary_pdf_v1,1.1.5,1,verified,https://www.laramiecountywy.gov/County-Government/Elected-Officials/County-Clerk/Elections/Election-Results,,,county_complete,write_in_aggregate,Laramie,,,,,,20,,wy|laramie|wy-2026-primary|county_local_summary|b9595aad2a5ced2707a252aaa59135acdaa96c8c2c5659b6ea6c65c7d5d40c42|wy-2026-primary|county|laramie|precinct-committeeman-5-4|rep|write_in_aggregate|write_in_aggregate|Laramie|COUNTY
wy-2026-primary,wy|laramie|wy-2026-primary|county_local_summary,Laramie,wy-2026-primary|county|laramie|precinct-committeeman-5-4|rep,REP COMMITTEEMEN 5-04,Precinct Committeeman 5-4,county,,REP,REP,precinct,b9595aad2a5ced2707a252aaa59135acdaa96c8c2c5659b6ea6c65c7d5d40c42,2026-08-21T12:49:44Z,,county_summary_pdf_v1,1.1.5,1,verified,https://www.laramiecountywy.gov/County-Government/Elected-Officials/County-Clerk/Elections/Election-Results,,,county_complete,overvote,Laramie,,,,,,0,,wy|laramie|wy-2026-primary|county_local_summary|b9595aad2a5ced2707a252aaa59135acdaa96c8c2c5659b6ea6c65c7d5d40c42|wy-2026-primary|county|laramie|precinct-committeeman-5-4|rep|overvote|overvote|Laramie|COUNTY
wy-2026-primary,wy|laramie|wy-2026-primary|county_local_summary,Laramie,wy-2026-primary|county|laramie|precinct-committeeman-5-4|rep,REP COMMITTEEMEN 5-04,Precinct Committeeman 5-4,county,,REP,REP,precinct,b9595aad2a5ced2707a252aaa59135acdaa96c8c2c5659b6ea6c65c7d5d40c42,2026-08-21T12:49:44Z,,county_summary_pdf_v1,1.1.5,1,verified,https://www.laramiecountywy.gov/County-Government/Elected-Officials/County-Clerk/Elections/Election-Results,,,county_complete,undervote,Laramie,,,,,,118,,wy|laramie|wy-2026-primary|county_local_summary|b9595aad2a5ced2707a252aaa59135acdaa96c8c2c5659b6ea6c65c7d5d40c42|wy-2026-primary|county|laramie|precinct-committeeman-5-4|rep|undervote|undervote|Laramie|COUNTY
wy-2026-primary,wy|laramie|wy-2026-primary|county_local_summary,Laramie,wy-2026-primary|county|laramie|precinct-committeewoman-5-4|rep,REP COMMITTEEWOMEN 5-04,Precinct Committeewoman 5-4,county,,REP,REP,precinct,b9595aad2a5ced2707a252aaa59135acdaa96c8c2c5659b6ea6c65c7d5d40c42,2026-08-21T12:49:44Z,,county_summary_pdf_v1,1.1.5,1,verified,https://www.laramiecountywy.gov/County-Government/Elected-Officials/County-Clerk/Elections/Election-Results,,,county_complete,candidate,Laramie,,,KARA B. FORNSTROM,KARA B. FORNSTROM,,229,,wy|laramie|wy-2026-primary|county_local_summary|b9595aad2a5ced2707a252aaa59135acdaa96c8c2c5659b6ea6c65c7d5d40c42|wy-2026-primary|county|laramie|precinct-committeewoman-5-4|rep|candidate|KARA B. FORNSTROM|Laramie|COUNTY
wy-2026-primary,wy|laramie|wy-2026-primary|county_local_summary,Laramie,wy-2026-primary|county|laramie|precinct-committeewoman-5-4|rep,REP COMMITTEEWOMEN 5-04,Precinct Committeewoman 5-4,county,,REP,REP,precinct,b9595aad2a5ced2707a252aaa59135acdaa96c8c2c5659b6ea6c65c7d5d40c42,2026-08-21T12:49:44Z,,county_summary_pdf_v1,1.1.5,1,verified,https://www.laramiecountywy.gov/County-Government/Elected-Officials/County-Clerk/Elections/Election-Results,,,county_complete,candidate,Laramie,,,NELLIE S HASENKAMP,NELLIE S HASENKAMP,,210,,wy|laramie|wy-2026-primary|county_local_summary|b9595aad2a5ced2707a252aaa59135acdaa96c8c2c5659b6ea6c65c7d5d40c42|wy-2026-primary|county|laramie|precinct-committeewoman-5-4|rep|candidate|NELLIE S HASENKAMP|Laramie|COUNTY
wy-2026-primary,wy|laramie|wy-2026-primary|county_local_summary,Laramie,wy-2026-primary|county|laramie|precinct-committeewoman-5-4|rep,REP COMMITTEEWOMEN 5-04,Precinct Committeewoman 5-4,county,,REP,REP,precinct,b9595aad2a5ced2707a252aaa59135acdaa96c8c2c5659b6ea6c65c7d5d40c42,2026-08-21T12:49:44Z,,county_summary_pdf_v1,1.1.5,1,verified,https://www.laramiecountywy.gov/County-Government/Elected-Officials/County-Clerk/Elections/Election-Results,,,county_complete,write_in_aggregate,Laramie,,,,,,13,,wy|laramie|wy-2026-primary|county_local_summary|b9595aad2a5ced2707a252aaa59135acdaa96c8c2c5659b6ea6c65c7d5d40c42|wy-2026-primary|county|laramie|precinct-committeewoman-5-4|rep|write_in_aggregate|write_in_aggregate|Laramie|COUNTY
wy-2026-primary,wy|laramie|wy-2026-primary|county_local_summary,Laramie,wy-2026-primary|county|laramie|precinct-committeewoman-5-4|rep,REP COMMITTEEWOMEN 5-04,Precinct Committeewoman 5-4,county,,REP,REP,precinct,b9595aad2a5ced2707a252aaa59135acdaa96c8c2c5659b6ea6c65c7d5d40c42,2026-08-21T12:49:44Z,,county_summary_pdf_v1,1.1.5,1,verified,https://www.laramiecountywy.gov/County-Government/Elected-Officials/County-Clerk/Elections/Election-Results,,,county_complete,overvote,Laramie,,,,,,0,,wy|laramie|wy-2026-primary|county_local_summary|b9595aad2a5ced2707a252aaa59135acdaa96c8c2c5659b6ea6c65c7d5d40c42|wy-2026-primary|county|laramie|precinct-committeewoman-5-4|rep|overvote|overvote|Laramie|COUNTY
wy-2026-primary,wy|laramie|wy-2026-primary|county_local_summary,Laramie,wy-2026-primary|county|laramie|precinct-committeewoman-5-4|rep,REP COMMITTEEWOMEN 5-04,Precinct Committeewoman 5-4,county,,REP,REP,precinct,b9595aad2a5ced2707a252aaa59135acdaa96c8c2c5659b6ea6c65c7d5d40c42,2026-08-21T12:49:44Z,,county_summary_pdf_v1,1.1.5,1,verified,https://www.laramiecountywy.gov/County-Government/Elected-Officials/County-Clerk/Elections/Election-Results,,,county_complete,undervote,Laramie,,,,,,112,,wy|laramie|wy-2026-primary|county_local_summary|b9595aad2a5ced2707a252aaa59135acdaa96c8c2c5659b6ea6c65c7d5d40c42|wy-2026-primary|county|laramie|precinct-committeewoman-5-4|rep|undervote|undervote|Laramie|COUNTY
wy-2026-primary,wy|laramie|wy-2026-primary|county_local_summary,Laramie,wy-2026-primary|county|laramie|precinct-committeeman-6-1|rep,REP COMMITTEEMEN 6-01,Precinct Committeeman 6-1,county,,REP,REP,precinct,b9595aad2a5ced2707a252aaa59135acdaa96c8c2c5659b6ea6c65c7d5d40c42,2026-08-21T12:49:44Z,,county_summary_pdf_v1,1.1.5,1,verified,https://www.laramiecountywy.gov/County-Government/Elected-Officials/County-Clerk/Elections/Election-Results,,,county_complete,write_in_aggregate,Laramie,,,,,,0,,wy|laramie|wy-2026-primary|county_local_summary|b9595aad2a5ced2707a252aaa59135acdaa96c8c2c5659b6ea6c65c7d5d40c42|wy-2026-primary|county|laramie|precinct-committeeman-6-1|rep|write_in_aggregate|write_in_aggregate|Laramie|COUNTY
wy-2026-primary,wy|laramie|wy-2026-primary|county_local_summary,Laramie,wy-2026-primary|county|laramie|precinct-committeeman-6-1|rep,REP COMMITTEEMEN 6-01,Precinct Committeeman 6-1,county,,REP,REP,precinct,b9595aad2a5ced2707a252aaa59135acdaa96c8c2c5659b6ea6c65c7d5d40c42,2026-08-21T12:49:44Z,,county_summary_pdf_v1,1.1.5,1,verified,https://www.laramiecountywy.gov/County-Government/Elected-Officials/County-Clerk/Elections/Election-Results,,,county_complete,overvote,Laramie,,,,,,0,,wy|laramie|wy-2026-primary|county_local_summary|b9595aad2a5ced2707a252aaa59135acdaa96c8c2c5659b6ea6c65c7d5d40c42|wy-2026-primary|county|laramie|precinct-committeeman-6-1|rep|overvote|overvote|Laramie|COUNTY
wy-2026-primary,wy|laramie|wy-2026-primary|county_local_summary,Laramie,wy-2026-primary|county|laramie|precinct-committeeman-6-1|rep,REP COMMITTEEMEN 6-01,Precinct Committeeman 6-1,county,,REP,REP,precinct,b9595aad2a5ced2707a252aaa59135acdaa96c8c2c5659b6ea6c65c7d5d40c42,2026-08-21T12:49:44Z,,county_summary_pdf_v1,1.1.5,1,verified,https://www.laramiecountywy.gov/County-Government/Elected-Officials/County-Clerk/Elections/Election-Results,,,county_complete,undervote,Laramie,,,,,,0,,wy|laramie|wy-2026-primary|county_local_summary|b9595aad2a5ced2707a252aaa59135acdaa96c8c2c5659b6ea6c65c7d5d40c42|wy-2026-primary|county|laramie|precinct-committeeman-6-1|rep|undervote|undervote|Laramie|COUNTY
wy-2026-primary,wy|laramie|wy-2026-primary|county_local_summary,Laramie,wy-2026-primary|county|laramie|precinct-committeewoman-6-1|rep,REP COMMITTEEWOMEN 6-01,Precinct Committeewoman 6-1,county,,REP,REP,precinct,b9595aad2a5ced2707a252aaa59135acdaa96c8c2c5659b6ea6c65c7d5d40c42,2026-08-21T12:49:44Z,,county_summary_pdf_v1,1.1.5,1,verified,https://www.laramiecountywy.gov/County-Government/Elected-Officials/County-Clerk/Elections/Election-Results,,,county_complete,write_in_aggregate,Laramie,,,,,,0,,wy|laramie|wy-2026-primary|county_local_summary|b9595aad2a5ced2707a252aaa59135acdaa96c8c2c5659b6ea6c65c7d5d40c42|wy-2026-primary|county|laramie|precinct-committeewoman-6-1|rep|write_in_aggregate|write_in_aggregate|Laramie|COUNTY
wy-2026-primary,wy|laramie|wy-2026-primary|county_local_summary,Laramie,wy-2026-primary|county|laramie|precinct-committeewoman-6-1|rep,REP COMMITTEEWOMEN 6-01,Precinct Committeewoman 6-1,county,,REP,REP,precinct,b9595aad2a5ced2707a252aaa59135acdaa96c8c2c5659b6ea6c65c7d5d40c42,2026-08-21T12:49:44Z,,county_summary_pdf_v1,1.1.5,1,verified,https://www.laramiecountywy.gov/County-Government/Elected-Officials/County-Clerk/Elections/Election-Results,,,county_complete,overvote,Laramie,,,,,,0,,wy|laramie|wy-2026-primary|county_local_summary|b9595aad2a5ced2707a252aaa59135acdaa96c8c2c5659b6ea6c65c7d5d40c42|wy-2026-primary|county|laramie|precinct-committeewoman-6-1|rep|overvote|overvote|Laramie|COUNTY
wy-2026-primary,wy|laramie|wy-2026-primary|county_local_summary,Laramie,wy-2026-primary|county|laramie|precinct-committeewoman-6-1|rep,REP COMMITTEEWOMEN 6-01,Precinct Committeewoman 6-1,county,,REP,REP,precinct,b9595aad2a5ced2707a252aaa59135acdaa96c8c2c5659b6ea6c65c7d5d40c42,2026-08-21T12:49:44Z,,county_summary_pdf_v1,1.1.5,1,verified,https://www.laramiecountywy.gov/County-Government/Elected-Officials/County-Clerk/Elections/Election-Results,,,county_complete,undervote,Laramie,,,,,,0,,wy|laramie|wy-2026-primary|county_local_summary|b9595aad2a5ced2707a252aaa59135acdaa96c8c2c5659b6ea6c65c7d5d40c42|wy-2026-primary|county|laramie|precinct-committeewoman-6-1|rep|undervote|undervote|Laramie|COUNTY
wy-2026-primary,wy|laramie|wy-2026-primary|county_local_summary,Laramie,wy-2026-primary|county|laramie|precinct-committeeman-6-3|rep,REP COMMITTEEMEN 6-03,Precinct Committeeman 6-3,county,,REP,REP,precinct,b9595aad2a5ced2707a252aaa59135acdaa96c8c2c5659b6ea6c65c7d5d40c42,2026-08-21T12:49:44Z,,county_summary_pdf_v1,1.1.5,1,verified,https://www.laramiecountywy.gov/County-Government/Elected-Officials/County-Clerk/Elections/Election-Results,,,county_complete,write_in_aggregate,Laramie,,,,,,0,,wy|laramie|wy-2026-primary|county_local_summary|b9595aad2a5ced2707a252aaa59135acdaa96c8c2c5659b6ea6c65c7d5d40c42|wy-2026-primary|county|laramie|precinct-committeeman-6-3|rep|write_in_aggregate|write_in_aggregate|Laramie|COUNTY
wy-2026-primary,wy|laramie|wy-2026-primary|county_local_summary,Laramie,wy-2026-primary|county|laramie|precinct-committeeman-6-3|rep,REP COMMITTEEMEN 6-03,Precinct Committeeman 6-3,county,,REP,REP,precinct,b9595aad2a5ced2707a252aaa59135acdaa96c8c2c5659b6ea6c65c7d5d40c42,2026-08-21T12:49:44Z,,county_summary_pdf_v1,1.1.5,1,verified,https://www.laramiecountywy.gov/County-Government/Elected-Officials/County-Clerk/Elections/Election-Results,,,county_complete,overvote,Laramie,,,,,,0,,wy|laramie|wy-2026-primary|county_local_summary|b9595aad2a5ced2707a252aaa59135acdaa96c8c2c5659b6ea6c65c7d5d40c42|wy-2026-primary|county|laramie|precinct-committeeman-6-3|rep|overvote|overvote|Laramie|COUNTY
wy-2026-primary,wy|laramie|wy-2026-primary|county_local_summary,Laramie,wy-2026-primary|county|laramie|precinct-committeeman-6-3|rep,REP COMMITTEEMEN 6-03,Precinct Committeeman 6-3,county,,REP,REP,precinct,b9595aad2a5ced2707a252aaa59135acdaa96c8c2c5659b6ea6c65c7d5d40c42,2026-08-21T12:49:44Z,,county_summary_pdf_v1,1.1.5,1,verified,https://www.laramiecountywy.gov/County-Government/Elected-Officials/County-Clerk/Elections/Election-Results,,,county_complete,undervote,Laramie,,,,,,1,,wy|laramie|wy-2026-primary|county_local_summary|b9595aad2a5ced2707a252aaa59135acdaa96c8c2c5659b6ea6c65c7d5d40c42|wy-2026-primary|county|laramie|precinct-committeeman-6-3|rep|undervote|undervote|Laramie|COUNTY
wy-2026-primary,wy|laramie|wy-2026-primary|county_local_summary,Laramie,wy-2026-primary|county|laramie|precinct-committeewoman-6-3|rep,REP COMMITTEEWOMEN 6-03,Precinct Committeewoman 6-3,county,,REP,REP,precinct,b9595aad2a5ced2707a252aaa59135acdaa96c8c2c5659b6ea6c65c7d5d40c42,2026-08-21T12:49:44Z,,county_summary_pdf_v1,1.1.5,1,verified,https://www.laramiecountywy.gov/County-Government/Elected-Officials/County-Clerk/Elections/Election-Results,,,county_complete,write_in_aggregate,Laramie,,,,,,0,,wy|laramie|wy-2026-primary|county_local_summary|b9595aad2a5ced2707a252aaa59135acdaa96c8c2c5659b6ea6c65c7d5d40c42|wy-2026-primary|county|laramie|precinct-committeewoman-6-3|rep|write_in_aggregate|write_in_aggregate|Laramie|COUNTY
wy-2026-primary,wy|laramie|wy-2026-primary|county_local_summary,Laramie,wy-2026-primary|county|laramie|precinct-committeewoman-6-3|rep,REP COMMITTEEWOMEN 6-03,Precinct Committeewoman 6-3,county,,REP,REP,precinct,b9595aad2a5ced2707a252aaa59135acdaa96c8c2c5659b6ea6c65c7d5d40c42,2026-08-21T12:49:44Z,,county_summary_pdf_v1,1.1.5,1,verified,https://www.laramiecountywy.gov/County-Government/Elected-Officials/County-Clerk/Elections/Election-Results,,,county_complete,overvote,Laramie,,,,,,0,,wy|laramie|wy-2026-primary|county_local_summary|b9595aad2a5ced2707a252aaa59135acdaa96c8c2c5659b6ea6c65c7d5d40c42|wy-2026-primary|county|laramie|precinct-committeewoman-6-3|rep|overvote|overvote|Laramie|COUNTY
wy-2026-primary,wy|laramie|wy-2026-primary|county_local_summary,Laramie,wy-2026-primary|county|laramie|precinct-committeewoman-6-3|rep,REP COMMITTEEWOMEN 6-03,Precinct Committeewoman 6-3,county,,REP,REP,precinct,b9595aad2a5ced2707a252aaa59135acdaa96c8c2c5659b6ea6c65c7d5d40c42,2026-08-21T12:49:44Z,,county_summary_pdf_v1,1.1.5,1,verified,https://www.laramiecountywy.gov/County-Government/Elected-Officials/County-Clerk/Elections/Election-Results,,,county_complete,undervote,Laramie,,,,,,1,,wy|laramie|wy-2026-primary|county_local_summary|b9595aad2a5ced2707a252aaa59135acdaa96c8c2c5659b6ea6c65c7d5d40c42|wy-2026-primary|county|laramie|precinct-committeewoman-6-3|rep|undervote|undervote|Laramie|COUNTY
wy-2026-primary,wy|laramie|wy-2026-primary|county_local_summary,Laramie,wy-2026-primary|county|laramie|precinct-committeeman-6-4|rep,REP COMMITTEEMEN 6-04,Precinct Committeeman 6-4,county,,REP,REP,precinct,b9595aad2a5ced2707a252aaa59135acdaa96c8c2c5659b6ea6c65c7d5d40c42,2026-08-21T12:49:44Z,,county_summary_pdf_v1,1.1.5,1,verified,https://www.laramiecountywy.gov/County-Government/Elected-Officials/County-Clerk/Elections/Election-Results,,,county_complete,write_in_aggregate,Laramie,,,,,,0,,wy|laramie|wy-2026-primary|county_local_summary|b9595aad2a5ced2707a252aaa59135acdaa96c8c2c5659b6ea6c65c7d5d40c42|wy-2026-primary|county|laramie|precinct-committeeman-6-4|rep|write_in_aggregate|write_in_aggregate|Laramie|COUNTY
wy-2026-primary,wy|laramie|wy-2026-primary|county_local_summary,Laramie,wy-2026-primary|county|laramie|precinct-committeeman-6-4|rep,REP COMMITTEEMEN 6-04,Precinct Committeeman 6-4,county,,REP,REP,precinct,b9595aad2a5ced2707a252aaa59135acdaa96c8c2c5659b6ea6c65c7d5d40c42,2026-08-21T12:49:44Z,,county_summary_pdf_v1,1.1.5,1,verified,https://www.laramiecountywy.gov/County-Government/Elected-Officials/County-Clerk/Elections/Election-Results,,,county_complete,overvote,Laramie,,,,,,0,,wy|laramie|wy-2026-primary|county_local_summary|b9595aad2a5ced2707a252aaa59135acdaa96c8c2c5659b6ea6c65c7d5d40c42|wy-2026-primary|county|laramie|precinct-committeeman-6-4|rep|overvote|overvote|Laramie|COUNTY
wy-2026-primary,wy|laramie|wy-2026-primary|county_local_summary,Laramie,wy-2026-primary|county|laramie|precinct-committeeman-6-4|rep,REP COMMITTEEMEN 6-04,Precinct Committeeman 6-4,county,,REP,REP,precinct,b9595aad2a5ced2707a252aaa59135acdaa96c8c2c5659b6ea6c65c7d5d40c42,2026-08-21T12:49:44Z,,county_summary_pdf_v1,1.1.5,1,verified,https://www.laramiecountywy.gov/County-Government/Elected-Officials/County-Clerk/Elections/Election-Results,,,county_complete,undervote,Laramie,,,,,,12,,wy|laramie|wy-2026-primary|county_local_summary|b9595aad2a5ced2707a252aaa59135acdaa96c8c2c5659b6ea6c65c7d5d40c42|wy-2026-primary|county|laramie|precinct-committeeman-6-4|rep|undervote|undervote|Laramie|COUNTY
wy-2026-primary,wy|laramie|wy-2026-primary|county_local_summary,Laramie,wy-2026-primary|county|laramie|precinct-committeewoman-6-4|rep,REP COMMITTEEWOMEN 6-04,Precinct Committeewoman 6-4,county,,REP,REP,precinct,b9595aad2a5ced2707a252aaa59135acdaa96c8c2c5659b6ea6c65c7d5d40c42,2026-08-21T12:49:44Z,,county_summary_pdf_v1,1.1.5,1,verified,https://www.laramiecountywy.gov/County-Government/Elected-Officials/County-Clerk/Elections/Election-Results,,,county_complete,write_in_aggregate,Laramie,,,,,,1,,wy|laramie|wy-2026-primary|county_local_summary|b9595aad2a5ced2707a252aaa59135acdaa96c8c2c5659b6ea6c65c7d5d40c42|wy-2026-primary|county|laramie|precinct-committeewoman-6-4|rep|write_in_aggregate|write_in_aggregate|Laramie|COUNTY
wy-2026-primary,wy|laramie|wy-2026-primary|county_local_summary,Laramie,wy-2026-primary|county|laramie|precinct-committeewoman-6-4|rep,REP COMMITTEEWOMEN 6-04,Precinct Committeewoman 6-4,county,,REP,REP,precinct,b9595aad2a5ced2707a252aaa59135acdaa96c8c2c5659b6ea6c65c7d5d40c42,2026-08-21T12:49:44Z,,county_summary_pdf_v1,1.1.5,1,verified,https://www.laramiecountywy.gov/County-Government/Elected-Officials/County-Clerk/Elections/Election-Results,,,county_complete,overvote,Laramie,,,,,,0,,wy|laramie|wy-2026-primary|county_local_summary|b9595aad2a5ced2707a252aaa59135acdaa96c8c2c5659b6ea6c65c7d5d40c42|wy-2026-primary|county|laramie|precinct-committeewoman-6-4|rep|overvote|overvote|Laramie|COUNTY
wy-2026-primary,wy|laramie|wy-2026-primary|county_local_summary,Laramie,wy-2026-primary|county|laramie|precinct-committeewoman-6-4|rep,REP COMMITTEEWOMEN 6-04,Precinct Committeewoman 6-4,county,,REP,REP,precinct,b9595aad2a5ced2707a252aaa59135acdaa96c8c2c5659b6ea6c65c7d5d40c42,2026-08-21T12:49:44Z,,county_summary_pdf_v1,1.1.5,1,verified,https://www.laramiecountywy.gov/County-Government/Elected-Officials/County-Clerk/Elections/Election-Results,,,county_complete,undervote,Laramie,,,,,,11,,wy|laramie|wy-2026-primary|county_local_summary|b9595aad2a5ced2707a252aaa59135acdaa96c8c2c5659b6ea6c65c7d5d40c42|wy-2026-primary|county|laramie|precinct-committeewoman-6-4|rep|undervote|undervote|Laramie|COUNTY
wy-2026-primary,wy|laramie|wy-2026-primary|county_local_summary,Laramie,wy-2026-primary|county|laramie|county-commissioner|dem,DEM COUNTY COMMISSIONER,County Commissioner,county,,DEM,DEM,county,b9595aad2a5ced2707a252aaa59135acdaa96c8c2c5659b6ea6c65c7d5d40c42,2026-08-21T12:49:44Z,,county_summary_pdf_v1,1.1.5,1,verified,https://www.laramiecountywy.gov/County-Government/Elected-Officials/County-Clerk/Elections/Election-Results,,,county_complete,candidate,Laramie,,,LYNNE K. DAVIS,LYNNE K. DAVIS,,2327,,wy|laramie|wy-2026-primary|county_local_summary|b9595aad2a5ced2707a252aaa59135acdaa96c8c2c5659b6ea6c65c7d5d40c42|wy-2026-primary|county|laramie|county-commissioner|dem|candidate|LYNNE K. DAVIS|Laramie|COUNTY
wy-2026-primary,wy|laramie|wy-2026-primary|county_local_summary,Laramie,wy-2026-primary|county|laramie|county-commissioner|dem,DEM COUNTY COMMISSIONER,County Commissioner,county,,DEM,DEM,county,b9595aad2a5ced2707a252aaa59135acdaa96c8c2c5659b6ea6c65c7d5d40c42,2026-08-21T12:49:44Z,,county_summary_pdf_v1,1.1.5,1,verified,https://www.laramiecountywy.gov/County-Government/Elected-Officials/County-Clerk/Elections/Election-Results,,,county_complete,candidate,Laramie,,,BARBARA CABOT,BARBARA CABOT,,2112,,wy|laramie|wy-2026-primary|county_local_summary|b9595aad2a5ced2707a252aaa59135acdaa96c8c2c5659b6ea6c65c7d5d40c42|wy-2026-primary|county|laramie|county-commissioner|dem|candidate|BARBARA CABOT|Laramie|COUNTY
wy-2026-primary,wy|laramie|wy-2026-primary|county_local_summary,Laramie,wy-2026-primary|county|laramie|county-commissioner|dem,DEM COUNTY COMMISSIONER,County Commissioner,county,,DEM,DEM,county,b9595aad2a5ced2707a252aaa59135acdaa96c8c2c5659b6ea6c65c7d5d40c42,2026-08-21T12:49:44Z,,county_summary_pdf_v1,1.1.5,1,verified,https://www.laramiecountywy.gov/County-Government/Elected-Officials/County-Clerk/Elections/Election-Results,,,county_complete,write_in_aggregate,Laramie,,,,,,495,,wy|laramie|wy-2026-primary|county_local_summary|b9595aad2a5ced2707a252aaa59135acdaa96c8c2c5659b6ea6c65c7d5d40c42|wy-2026-primary|county|laramie|county-commissioner|dem|write_in_aggregate|write_in_aggregate|Laramie|COUNTY
wy-2026-primary,wy|laramie|wy-2026-primary|county_local_summary,Laramie,wy-2026-primary|county|laramie|county-commissioner|dem,DEM COUNTY COMMISSIONER,County Commissioner,county,,DEM,DEM,county,b9595aad2a5ced2707a252aaa59135acdaa96c8c2c5659b6ea6c65c7d5d40c42,2026-08-21T12:49:44Z,,county_summary_pdf_v1,1.1.5,1,verified,https://www.laramiecountywy.gov/County-Government/Elected-Officials/County-Clerk/Elections/Election-Results,,,county_complete,overvote,Laramie,,,,,,0,,wy|laramie|wy-2026-primary|county_local_summary|b9595aad2a5ced2707a252aaa59135acdaa96c8c2c5659b6ea6c65c7d5d40c42|wy-2026-primary|county|laramie|county-commissioner|dem|overvote|overvote|Laramie|COUNTY
wy-2026-primary,wy|laramie|wy-2026-primary|county_local_summary,Laramie,wy-2026-primary|county|laramie|county-commissioner|dem,DEM COUNTY COMMISSIONER,County Commissioner,county,,DEM,DEM,county,b9595aad2a5ced2707a252aaa59135acdaa96c8c2c5659b6ea6c65c7d5d40c42,2026-08-21T12:49:44Z,,county_summary_pdf_v1,1.1.5,1,verified,https://www.laramiecountywy.gov/County-Government/Elected-Officials/County-Clerk/Elections/Election-Results,,,county_complete,undervote,Laramie,,,,,,4066,,wy|laramie|wy-2026-primary|county_local_summary|b9595aad2a5ced2707a252aaa59135acdaa96c8c2c5659b6ea6c65c7d5d40c42|wy-2026-primary|county|laramie|county-commissioner|dem|undervote|undervote|Laramie|COUNTY
wy-2026-primary,wy|laramie|wy-2026-primary|county_local_summary,Laramie,wy-2026-primary|county|laramie|county-coroner|dem,DEM COUNTY CORONER,County Coroner,county,,DEM,DEM,county,b9595aad2a5ced2707a252aaa59135acdaa96c8c2c5659b6ea6c65c7d5d40c42,2026-08-21T12:49:44Z,,county_summary_pdf_v1,1.1.5,1,verified,https://www.laramiecountywy.gov/County-Government/Elected-Officials/County-Clerk/Elections/Election-Results,,,county_complete,write_in_aggregate,Laramie,,,,,,493,,wy|laramie|wy-2026-primary|county_local_summary|b9595aad2a5ced2707a252aaa59135acdaa96c8c2c5659b6ea6c65c7d5d40c42|wy-2026-primary|county|laramie|county-coroner|dem|write_in_aggregate|write_in_aggregate|Laramie|COUNTY
wy-2026-primary,wy|laramie|wy-2026-primary|county_local_summary,Laramie,wy-2026-primary|county|laramie|county-coroner|dem,DEM COUNTY CORONER,County Coroner,county,,DEM,DEM,county,b9595aad2a5ced2707a252aaa59135acdaa96c8c2c5659b6ea6c65c7d5d40c42,2026-08-21T12:49:44Z,,county_summary_pdf_v1,1.1.5,1,verified,https://www.laramiecountywy.gov/County-Government/Elected-Officials/County-Clerk/Elections/Election-Results,,,county_complete,overvote,Laramie,,,,,,0,,wy|laramie|wy-2026-primary|county_local_summary|b9595aad2a5ced2707a252aaa59135acdaa96c8c2c5659b6ea6c65c7d5d40c42|wy-2026-primary|county|laramie|county-coroner|dem|overvote|overvote|Laramie|COUNTY
wy-2026-primary,wy|laramie|wy-2026-primary|county_local_summary,Laramie,wy-2026-primary|county|laramie|county-coroner|dem,DEM COUNTY CORONER,County Coroner,county,,DEM,DEM,county,b9595aad2a5ced2707a252aaa59135acdaa96c8c2c5659b6ea6c65c7d5d40c42,2026-08-21T12:49:44Z,,county_summary_pdf_v1,1.1.5,1,verified,https://www.laramiecountywy.gov/County-Government/Elected-Officials/County-Clerk/Elections/Election-Results,,,county_complete,undervote,Laramie,,,,,,2507,,wy|laramie|wy-2026-primary|county_local_summary|b9595aad2a5ced2707a252aaa59135acdaa96c8c2c5659b6ea6c65c7d5d40c42|wy-2026-primary|county|laramie|county-coroner|dem|undervote|undervote|Laramie|COUNTY
wy-2026-primary,wy|laramie|wy-2026-primary|county_local_summary,Laramie,wy-2026-primary|county|laramie|district-attorney|dem,DEM DISTRICT ATTORNEY,District Attorney,county,,DEM,DEM,county,b9595aad2a5ced2707a252aaa59135acdaa96c8c2c5659b6ea6c65c7d5d40c42,2026-08-21T12:49:44Z,,county_summary_pdf_v1,1.1.5,1,verified,https://www.laramiecountywy.gov/County-Government/Elected-Officials/County-Clerk/Elections/Election-Results,,,county_complete,write_in_aggregate,Laramie,,,,,,452,,wy|laramie|wy-2026-primary|county_local_summary|b9595aad2a5ced2707a252aaa59135acdaa96c8c2c5659b6ea6c65c7d5d40c42|wy-2026-primary|county|laramie|district-attorney|dem|write_in_aggregate|write_in_aggregate|Laramie|COUNTY
wy-2026-primary,wy|laramie|wy-2026-primary|county_local_summary,Laramie,wy-2026-primary|county|laramie|district-attorney|dem,DEM DISTRICT ATTORNEY,District Attorney,county,,DEM,DEM,county,b9595aad2a5ced2707a252aaa59135acdaa96c8c2c5659b6ea6c65c7d5d40c42,2026-08-21T12:49:44Z,,county_summary_pdf_v1,1.1.5,1,verified,https://www.laramiecountywy.gov/County-Government/Elected-Officials/County-Clerk/Elections/Election-Results,,,county_complete,overvote,Laramie,,,,,,0,,wy|laramie|wy-2026-primary|county_local_summary|b9595aad2a5ced2707a252aaa59135acdaa96c8c2c5659b6ea6c65c7d5d40c42|wy-2026-primary|county|laramie|district-attorney|dem|overvote|overvote|Laramie|COUNTY
wy-2026-primary,wy|laramie|wy-2026-primary|county_local_summary,Laramie,wy-2026-primary|county|laramie|district-attorney|dem,DEM DISTRICT ATTORNEY,District Attorney,county,,DEM,DEM,county,b9595aad2a5ced2707a252aaa59135acdaa96c8c2c5659b6ea6c65c7d5d40c42,2026-08-21T12:49:44Z,,county_summary_pdf_v1,1.1.5,1,verified,https://www.laramiecountywy.gov/County-Government/Elected-Officials/County-Clerk/Elections/Election-Results,,,county_complete,undervote,Laramie,,,,,,2548,,wy|laramie|wy-2026-primary|county_local_summary|b9595aad2a5ced2707a252aaa59135acdaa96c8c2c5659b6ea6c65c7d5d40c42|wy-2026-primary|county|laramie|district-attorney|dem|undervote|undervote|Laramie|COUNTY
wy-2026-primary,wy|laramie|wy-2026-primary|county_local_summary,Laramie,wy-2026-primary|county|laramie|county-sheriff|dem,DEM COUNTY SHERIFF,County Sheriff,county,,DEM,DEM,county,b9595aad2a5ced2707a252aaa59135acdaa96c8c2c5659b6ea6c65c7d5d40c42,2026-08-21T12:49:44Z,,county_summary_pdf_v1,1.1.5,1,verified,https://www.laramiecountywy.gov/County-Government/Elected-Officials/County-Clerk/Elections/Election-Results,,,county_complete,candidate,Laramie,,,ROBIN COZAD,ROBIN COZAD,,2406,,wy|laramie|wy-2026-primary|county_local_summary|b9595aad2a5ced2707a252aaa59135acdaa96c8c2c5659b6ea6c65c7d5d40c42|wy-2026-primary|county|laramie|county-sheriff|dem|candidate|ROBIN COZAD|Laramie|COUNTY
wy-2026-primary,wy|laramie|wy-2026-primary|county_local_summary,Laramie,wy-2026-primary|county|laramie|county-sheriff|dem,DEM COUNTY SHERIFF,County Sheriff,county,,DEM,DEM,county,b9595aad2a5ced2707a252aaa59135acdaa96c8c2c5659b6ea6c65c7d5d40c42,2026-08-21T12:49:44Z,,county_summary_pdf_v1,1.1.5,1,verified,https://www.laramiecountywy.gov/County-Government/Elected-Officials/County-Clerk/Elections/Election-Results,,,county_complete,write_in_aggregate,Laramie,,,,,,150,,wy|laramie|wy-2026-primary|county_local_summary|b9595aad2a5ced2707a252aaa59135acdaa96c8c2c5659b6ea6c65c7d5d40c42|wy-2026-primary|county|laramie|county-sheriff|dem|write_in_aggregate|write_in_aggregate|Laramie|COUNTY
wy-2026-primary,wy|laramie|wy-2026-primary|county_local_summary,Laramie,wy-2026-primary|county|laramie|county-sheriff|dem,DEM COUNTY SHERIFF,County Sheriff,county,,DEM,DEM,county,b9595aad2a5ced2707a252aaa59135acdaa96c8c2c5659b6ea6c65c7d5d40c42,2026-08-21T12:49:44Z,,county_summary_pdf_v1,1.1.5,1,verified,https://www.laramiecountywy.gov/County-Government/Elected-Officials/County-Clerk/Elections/Election-Results,,,county_complete,overvote,Laramie,,,,,,1,,wy|laramie|wy-2026-primary|county_local_summary|b9595aad2a5ced2707a252aaa59135acdaa96c8c2c5659b6ea6c65c7d5d40c42|wy-2026-primary|county|laramie|county-sheriff|dem|overvote|overvote|Laramie|COUNTY
wy-2026-primary,wy|laramie|wy-2026-primary|county_local_summary,Laramie,wy-2026-primary|county|laramie|county-sheriff|dem,DEM COUNTY SHERIFF,County Sheriff,county,,DEM,DEM,county,b9595aad2a5ced2707a252aaa59135acdaa96c8c2c5659b6ea6c65c7d5d40c42,2026-08-21T12:49:44Z,,county_summary_pdf_v1,1.1.5,1,verified,https://www.laramiecountywy.gov/County-Government/Elected-Officials/County-Clerk/Elections/Election-Results,,,county_complete,undervote,Laramie,,,,,,443,,wy|laramie|wy-2026-primary|county_local_summary|b9595aad2a5ced2707a252aaa59135acdaa96c8c2c5659b6ea6c65c7d5d40c42|wy-2026-primary|county|laramie|county-sheriff|dem|undervote|undervote|Laramie|COUNTY
wy-2026-primary,wy|laramie|wy-2026-primary|county_local_summary,Laramie,wy-2026-primary|county|laramie|county-clerk|dem,DEM COUNTY CLERK,County Clerk,county,,DEM,DEM,county,b9595aad2a5ced2707a252aaa59135acdaa96c8c2c5659b6ea6c65c7d5d40c42,2026-08-21T12:49:44Z,,county_summary_pdf_v1,1.1.5,1,verified,https://www.laramiecountywy.gov/County-Government/Elected-Officials/County-Clerk/Elections/Election-Results,,,county_complete,write_in_aggregate,Laramie,,,,,,472,,wy|laramie|wy-2026-primary|county_local_summary|b9595aad2a5ced2707a252aaa59135acdaa96c8c2c5659b6ea6c65c7d5d40c42|wy-2026-primary|county|laramie|county-clerk|dem|write_in_aggregate|write_in_aggregate|Laramie|COUNTY
wy-2026-primary,wy|laramie|wy-2026-primary|county_local_summary,Laramie,wy-2026-primary|county|laramie|county-clerk|dem,DEM COUNTY CLERK,County Clerk,county,,DEM,DEM,county,b9595aad2a5ced2707a252aaa59135acdaa96c8c2c5659b6ea6c65c7d5d40c42,2026-08-21T12:49:44Z,,county_summary_pdf_v1,1.1.5,1,verified,https://www.laramiecountywy.gov/County-Government/Elected-Officials/County-Clerk/Elections/Election-Results,,,county_complete,overvote,Laramie,,,,,,0,,wy|laramie|wy-2026-primary|county_local_summary|b9595aad2a5ced2707a252aaa59135acdaa96c8c2c5659b6ea6c65c7d5d40c42|wy-2026-primary|county|laramie|county-clerk|dem|overvote|overvote|Laramie|COUNTY
wy-2026-primary,wy|laramie|wy-2026-primary|county_local_summary,Laramie,wy-2026-primary|county|laramie|county-clerk|dem,DEM COUNTY CLERK,County Clerk,county,,DEM,DEM,county,b9595aad2a5ced2707a252aaa59135acdaa96c8c2c5659b6ea6c65c7d5d40c42,2026-08-21T12:49:44Z,,county_summary_pdf_v1,1.1.5,1,verified,https://www.laramiecountywy.gov/County-Government/Elected-Officials/County-Clerk/Elections/Election-Results,,,county_complete,undervote,Laramie,,,,,,2528,,wy|laramie|wy-2026-primary|county_local_summary|b9595aad2a5ced2707a252aaa59135acdaa96c8c2c5659b6ea6c65c7d5d40c42|wy-2026-primary|county|laramie|county-clerk|dem|undervote|undervote|Laramie|COUNTY
wy-2026-primary,wy|laramie|wy-2026-primary|county_local_summary,Laramie,wy-2026-primary|county|laramie|county-treasurer|dem,DEM COUNTY TREASURER,County Treasurer,county,,DEM,DEM,county,b9595aad2a5ced2707a252aaa59135acdaa96c8c2c5659b6ea6c65c7d5d40c42,2026-08-21T12:49:44Z,,county_summary_pdf_v1,1.1.5,1,verified,https://www.laramiecountywy.gov/County-Government/Elected-Officials/County-Clerk/Elections/Election-Results,,,county_complete,write_in_aggregate,Laramie,,,,,,438,,wy|laramie|wy-2026-primary|county_local_summary|b9595aad2a5ced2707a252aaa59135acdaa96c8c2c5659b6ea6c65c7d5d40c42|wy-2026-primary|county|laramie|county-treasurer|dem|write_in_aggregate|write_in_aggregate|Laramie|COUNTY
wy-2026-primary,wy|laramie|wy-2026-primary|county_local_summary,Laramie,wy-2026-primary|county|laramie|county-treasurer|dem,DEM COUNTY TREASURER,County Treasurer,county,,DEM,DEM,county,b9595aad2a5ced2707a252aaa59135acdaa96c8c2c5659b6ea6c65c7d5d40c42,2026-08-21T12:49:44Z,,county_summary_pdf_v1,1.1.5,1,verified,https://www.laramiecountywy.gov/County-Government/Elected-Officials/County-Clerk/Elections/Election-Results,,,county_complete,overvote,Laramie,,,,,,0,,wy|laramie|wy-2026-primary|county_local_summary|b9595aad2a5ced2707a252aaa59135acdaa96c8c2c5659b6ea6c65c7d5d40c42|wy-2026-primary|county|laramie|county-treasurer|dem|overvote|overvote|Laramie|COUNTY
wy-2026-primary,wy|laramie|wy-2026-primary|county_local_summary,Laramie,wy-2026-primary|county|laramie|county-treasurer|dem,DEM COUNTY TREASURER,County Treasurer,county,,DEM,DEM,county,b9595aad2a5ced2707a252aaa59135acdaa96c8c2c5659b6ea6c65c7d5d40c42,2026-08-21T12:49:44Z,,county_summary_pdf_v1,1.1.5,1,verified,https://www.laramiecountywy.gov/County-Government/Elected-Officials/County-Clerk/Elections/Election-Results,,,county_complete,undervote,Laramie,,,,,,2562,,wy|laramie|wy-2026-primary|county_local_summary|b9595aad2a5ced2707a252aaa59135acdaa96c8c2c5659b6ea6c65c7d5d40c42|wy-2026-primary|county|laramie|county-treasurer|dem|undervote|undervote|Laramie|COUNTY
wy-2026-primary,wy|laramie|wy-2026-primary|county_local_summary,Laramie,wy-2026-primary|county|laramie|county-assessor|dem,DEM COUNTY ASSESSOR,County Assessor,county,,DEM,DEM,county,b9595aad2a5ced2707a252aaa59135acdaa96c8c2c5659b6ea6c65c7d5d40c42,2026-08-21T12:49:44Z,,county_summary_pdf_v1,1.1.5,1,verified,https://www.laramiecountywy.gov/County-Government/Elected-Officials/County-Clerk/Elections/Election-Results,,,county_complete,write_in_aggregate,Laramie,,,,,,423,,wy|laramie|wy-2026-primary|county_local_summary|b9595aad2a5ced2707a252aaa59135acdaa96c8c2c5659b6ea6c65c7d5d40c42|wy-2026-primary|county|laramie|county-assessor|dem|write_in_aggregate|write_in_aggregate|Laramie|COUNTY
wy-2026-primary,wy|laramie|wy-2026-primary|county_local_summary,Laramie,wy-2026-primary|county|laramie|county-assessor|dem,DEM COUNTY ASSESSOR,County Assessor,county,,DEM,DEM,county,b9595aad2a5ced2707a252aaa59135acdaa96c8c2c5659b6ea6c65c7d5d40c42,2026-08-21T12:49:44Z,,county_summary_pdf_v1,1.1.5,1,verified,https://www.laramiecountywy.gov/County-Government/Elected-Officials/County-Clerk/Elections/Election-Results,,,county_complete,overvote,Laramie,,,,,,0,,wy|laramie|wy-2026-primary|county_local_summary|b9595aad2a5ced2707a252aaa59135acdaa96c8c2c5659b6ea6c65c7d5d40c42|wy-2026-primary|county|laramie|county-assessor|dem|overvote|overvote|Laramie|COUNTY
wy-2026-primary,wy|laramie|wy-2026-primary|county_local_summary,Laramie,wy-2026-primary|county|laramie|county-assessor|dem,DEM COUNTY ASSESSOR,County Assessor,county,,DEM,DEM,county,b9595aad2a5ced2707a252aaa59135acdaa96c8c2c5659b6ea6c65c7d5d40c42,2026-08-21T12:49:44Z,,county_summary_pdf_v1,1.1.5,1,verified,https://www.laramiecountywy.gov/County-Government/Elected-Officials/County-Clerk/Elections/Election-Results,,,county_complete,undervote,Laramie,,,,,,2577,,wy|laramie|wy-2026-primary|county_local_summary|b9595aad2a5ced2707a252aaa59135acdaa96c8c2c5659b6ea6c65c7d5d40c42|wy-2026-primary|county|laramie|county-assessor|dem|undervote|undervote|Laramie|COUNTY
wy-2026-primary,wy|laramie|wy-2026-primary|county_local_summary,Laramie,wy-2026-primary|county|laramie|clerk-of-district-court|dem,DEM CLERK OF DISTRICT COURT,Clerk Of District Court,county,,DEM,DEM,county,b9595aad2a5ced2707a252aaa59135acdaa96c8c2c5659b6ea6c65c7d5d40c42,2026-08-21T12:49:44Z,,county_summary_pdf_v1,1.1.5,1,verified,https://www.laramiecountywy.gov/County-Government/Elected-Officials/County-Clerk/Elections/Election-Results,,,county_complete,write_in_aggregate,Laramie,,,,,,428,,wy|laramie|wy-2026-primary|county_local_summary|b9595aad2a5ced2707a252aaa59135acdaa96c8c2c5659b6ea6c65c7d5d40c42|wy-2026-primary|county|laramie|clerk-of-district-court|dem|write_in_aggregate|write_in_aggregate|Laramie|COUNTY
wy-2026-primary,wy|laramie|wy-2026-primary|county_local_summary,Laramie,wy-2026-primary|county|laramie|clerk-of-district-court|dem,DEM CLERK OF DISTRICT COURT,Clerk Of District Court,county,,DEM,DEM,county,b9595aad2a5ced2707a252aaa59135acdaa96c8c2c5659b6ea6c65c7d5d40c42,2026-08-21T12:49:44Z,,county_summary_pdf_v1,1.1.5,1,verified,https://www.laramiecountywy.gov/County-Government/Elected-Officials/County-Clerk/Elections/Election-Results,,,county_complete,overvote,Laramie,,,,,,0,,wy|laramie|wy-2026-primary|county_local_summary|b9595aad2a5ced2707a252aaa59135acdaa96c8c2c5659b6ea6c65c7d5d40c42|wy-2026-primary|county|laramie|clerk-of-district-court|dem|overvote|overvote|Laramie|COUNTY
wy-2026-primary,wy|laramie|wy-2026-primary|county_local_summary,Laramie,wy-2026-primary|county|laramie|clerk-of-district-court|dem,DEM CLERK OF DISTRICT COURT,Clerk Of District Court,county,,DEM,DEM,county,b9595aad2a5ced2707a252aaa59135acdaa96c8c2c5659b6ea6c65c7d5d40c42,2026-08-21T12:49:44Z,,county_summary_pdf_v1,1.1.5,1,verified,https://www.laramiecountywy.gov/County-Government/Elected-Officials/County-Clerk/Elections/Election-Results,,,county_complete,undervote,Laramie,,,,,,2572,,wy|laramie|wy-2026-primary|county_local_summary|b9595aad2a5ced2707a252aaa59135acdaa96c8c2c5659b6ea6c65c7d5d40c42|wy-2026-primary|county|laramie|clerk-of-district-court|dem|undervote|undervote|Laramie|COUNTY
wy-2026-primary,wy|laramie|wy-2026-primary|county_local_summary,Laramie,wy-2026-primary|county|laramie|precinct-committeeman-1-1|dem,DEM COMMITTEEMEN 1-01,Precinct Committeeman 1-1,county,,DEM,DEM,precinct,b9595aad2a5ced2707a252aaa59135acdaa96c8c2c5659b6ea6c65c7d5d40c42,2026-08-21T12:49:44Z,,county_summary_pdf_v1,1.1.5,1,verified,https://www.laramiecountywy.gov/County-Government/Elected-Officials/County-Clerk/Elections/Election-Results,,,county_complete,write_in_aggregate,Laramie,,,,,,31,,wy|laramie|wy-2026-primary|county_local_summary|b9595aad2a5ced2707a252aaa59135acdaa96c8c2c5659b6ea6c65c7d5d40c42|wy-2026-primary|county|laramie|precinct-committeeman-1-1|dem|write_in_aggregate|write_in_aggregate|Laramie|COUNTY
wy-2026-primary,wy|laramie|wy-2026-primary|county_local_summary,Laramie,wy-2026-primary|county|laramie|precinct-committeeman-1-1|dem,DEM COMMITTEEMEN 1-01,Precinct Committeeman 1-1,county,,DEM,DEM,precinct,b9595aad2a5ced2707a252aaa59135acdaa96c8c2c5659b6ea6c65c7d5d40c42,2026-08-21T12:49:44Z,,county_summary_pdf_v1,1.1.5,1,verified,https://www.laramiecountywy.gov/County-Government/Elected-Officials/County-Clerk/Elections/Election-Results,,,county_complete,overvote,Laramie,,,,,,0,,wy|laramie|wy-2026-primary|county_local_summary|b9595aad2a5ced2707a252aaa59135acdaa96c8c2c5659b6ea6c65c7d5d40c42|wy-2026-primary|county|laramie|precinct-committeeman-1-1|dem|overvote|overvote|Laramie|COUNTY
wy-2026-primary,wy|laramie|wy-2026-primary|county_local_summary,Laramie,wy-2026-primary|county|laramie|precinct-committeeman-1-1|dem,DEM COMMITTEEMEN 1-01,Precinct Committeeman 1-1,county,,DEM,DEM,precinct,b9595aad2a5ced2707a252aaa59135acdaa96c8c2c5659b6ea6c65c7d5d40c42,2026-08-21T12:49:44Z,,county_summary_pdf_v1,1.1.5,1,verified,https://www.laramiecountywy.gov/County-Government/Elected-Officials/County-Clerk/Elections/Election-Results,,,county_complete,undervote,Laramie,,,,,,199,,wy|laramie|wy-2026-primary|county_local_summary|b9595aad2a5ced2707a252aaa59135acdaa96c8c2c5659b6ea6c65c7d5d40c42|wy-2026-primary|county|laramie|precinct-committeeman-1-1|dem|undervote|undervote|Laramie|COUNTY
wy-2026-primary,wy|laramie|wy-2026-primary|county_local_summary,Laramie,wy-2026-primary|county|laramie|precinct-committeewoman-1-1|dem,DEM COMMITTEEWOMEN 1-01,Precinct Committeewoman 1-1,county,,DEM,DEM,precinct,b9595aad2a5ced2707a252aaa59135acdaa96c8c2c5659b6ea6c65c7d5d40c42,2026-08-21T12:49:44Z,,county_summary_pdf_v1,1.1.5,1,verified,https://www.laramiecountywy.gov/County-Government/Elected-Officials/County-Clerk/Elections/Election-Results,,,county_complete,write_in_aggregate,Laramie,,,,,,34,,wy|laramie|wy-2026-primary|county_local_summary|b9595aad2a5ced2707a252aaa59135acdaa96c8c2c5659b6ea6c65c7d5d40c42|wy-2026-primary|county|laramie|precinct-committeewoman-1-1|dem|write_in_aggregate|write_in_aggregate|Laramie|COUNTY
wy-2026-primary,wy|laramie|wy-2026-primary|county_local_summary,Laramie,wy-2026-primary|county|laramie|precinct-committeewoman-1-1|dem,DEM COMMITTEEWOMEN 1-01,Precinct Committeewoman 1-1,county,,DEM,DEM,precinct,b9595aad2a5ced2707a252aaa59135acdaa96c8c2c5659b6ea6c65c7d5d40c42,2026-08-21T12:49:44Z,,county_summary_pdf_v1,1.1.5,1,verified,https://www.laramiecountywy.gov/County-Government/Elected-Officials/County-Clerk/Elections/Election-Results,,,county_complete,overvote,Laramie,,,,,,0,,wy|laramie|wy-2026-primary|county_local_summary|b9595aad2a5ced2707a252aaa59135acdaa96c8c2c5659b6ea6c65c7d5d40c42|wy-2026-primary|county|laramie|precinct-committeewoman-1-1|dem|overvote|overvote|Laramie|COUNTY
wy-2026-primary,wy|laramie|wy-2026-primary|county_local_summary,Laramie,wy-2026-primary|county|laramie|precinct-committeewoman-1-1|dem,DEM COMMITTEEWOMEN 1-01,Precinct Committeewoman 1-1,county,,DEM,DEM,precinct,b9595aad2a5ced2707a252aaa59135acdaa96c8c2c5659b6ea6c65c7d5d40c42,2026-08-21T12:49:44Z,,county_summary_pdf_v1,1.1.5,1,verified,https://www.laramiecountywy.gov/County-Government/Elected-Officials/County-Clerk/Elections/Election-Results,,,county_complete,undervote,Laramie,,,,,,196,,wy|laramie|wy-2026-primary|county_local_summary|b9595aad2a5ced2707a252aaa59135acdaa96c8c2c5659b6ea6c65c7d5d40c42|wy-2026-primary|county|laramie|precinct-committeewoman-1-1|dem|undervote|undervote|Laramie|COUNTY
wy-2026-primary,wy|laramie|wy-2026-primary|county_local_summary,Laramie,wy-2026-primary|county|laramie|precinct-committeeman-1-2|dem,DEM COMMITTEEMEN 1-02,Precinct Committeeman 1-2,county,,DEM,DEM,precinct,b9595aad2a5ced2707a252aaa59135acdaa96c8c2c5659b6ea6c65c7d5d40c42,2026-08-21T12:49:44Z,,county_summary_pdf_v1,1.1.5,1,verified,https://www.laramiecountywy.gov/County-Government/Elected-Officials/County-Clerk/Elections/Election-Results,,,county_complete,write_in_aggregate,Laramie,,,,,,39,,wy|laramie|wy-2026-primary|county_local_summary|b9595aad2a5ced2707a252aaa59135acdaa96c8c2c5659b6ea6c65c7d5d40c42|wy-2026-primary|county|laramie|precinct-committeeman-1-2|dem|write_in_aggregate|write_in_aggregate|Laramie|COUNTY
wy-2026-primary,wy|laramie|wy-2026-primary|county_local_summary,Laramie,wy-2026-primary|county|laramie|precinct-committeeman-1-2|dem,DEM COMMITTEEMEN 1-02,Precinct Committeeman 1-2,county,,DEM,DEM,precinct,b9595aad2a5ced2707a252aaa59135acdaa96c8c2c5659b6ea6c65c7d5d40c42,2026-08-21T12:49:44Z,,county_summary_pdf_v1,1.1.5,1,verified,https://www.laramiecountywy.gov/County-Government/Elected-Officials/County-Clerk/Elections/Election-Results,,,county_complete,overvote,Laramie,,,,,,0,,wy|laramie|wy-2026-primary|county_local_summary|b9595aad2a5ced2707a252aaa59135acdaa96c8c2c5659b6ea6c65c7d5d40c42|wy-2026-primary|county|laramie|precinct-committeeman-1-2|dem|overvote|overvote|Laramie|COUNTY
wy-2026-primary,wy|laramie|wy-2026-primary|county_local_summary,Laramie,wy-2026-primary|county|laramie|precinct-committeeman-1-2|dem,DEM COMMITTEEMEN 1-02,Precinct Committeeman 1-2,county,,DEM,DEM,precinct,b9595aad2a5ced2707a252aaa59135acdaa96c8c2c5659b6ea6c65c7d5d40c42,2026-08-21T12:49:44Z,,county_summary_pdf_v1,1.1.5,1,verified,https://www.laramiecountywy.gov/County-Government/Elected-Officials/County-Clerk/Elections/Election-Results,,,county_complete,undervote,Laramie,,,,,,229,,wy|laramie|wy-2026-primary|county_local_summary|b9595aad2a5ced2707a252aaa59135acdaa96c8c2c5659b6ea6c65c7d5d40c42|wy-2026-primary|county|laramie|precinct-committeeman-1-2|dem|undervote|undervote|Laramie|COUNTY
wy-2026-primary,wy|laramie|wy-2026-primary|county_local_summary,Laramie,wy-2026-primary|county|laramie|precinct-committeewoman-1-2|dem,DEM COMMITTEEWOMEN 1-02,Precinct Committeewoman 1-2,county,,DEM,DEM,precinct,b9595aad2a5ced2707a252aaa59135acdaa96c8c2c5659b6ea6c65c7d5d40c42,2026-08-21T12:49:44Z,,county_summary_pdf_v1,1.1.5,1,verified,https://www.laramiecountywy.gov/County-Government/Elected-Officials/County-Clerk/Elections/Election-Results,,,county_complete,write_in_aggregate,Laramie,,,,,,39,,wy|laramie|wy-2026-primary|county_local_summary|b9595aad2a5ced2707a252aaa59135acdaa96c8c2c5659b6ea6c65c7d5d40c42|wy-2026-primary|county|laramie|precinct-committeewoman-1-2|dem|write_in_aggregate|write_in_aggregate|Laramie|COUNTY
wy-2026-primary,wy|laramie|wy-2026-primary|county_local_summary,Laramie,wy-2026-primary|county|laramie|precinct-committeewoman-1-2|dem,DEM COMMITTEEWOMEN 1-02,Precinct Committeewoman 1-2,county,,DEM,DEM,precinct,b9595aad2a5ced2707a252aaa59135acdaa96c8c2c5659b6ea6c65c7d5d40c42,2026-08-21T12:49:44Z,,county_summary_pdf_v1,1.1.5,1,verified,https://www.laramiecountywy.gov/County-Government/Elected-Officials/County-Clerk/Elections/Election-Results,,,county_complete,overvote,Laramie,,,,,,0,,wy|laramie|wy-2026-primary|county_local_summary|b9595aad2a5ced2707a252aaa59135acdaa96c8c2c5659b6ea6c65c7d5d40c42|wy-2026-primary|county|laramie|precinct-committeewoman-1-2|dem|overvote|overvote|Laramie|COUNTY
wy-2026-primary,wy|laramie|wy-2026-primary|county_local_summary,Laramie,wy-2026-primary|county|laramie|precinct-committeewoman-1-2|dem,DEM COMMITTEEWOMEN 1-02,Precinct Committeewoman 1-2,county,,DEM,DEM,precinct,b9595aad2a5ced2707a252aaa59135acdaa96c8c2c5659b6ea6c65c7d5d40c42,2026-08-21T12:49:44Z,,county_summary_pdf_v1,1.1.5,1,verified,https://www.laramiecountywy.gov/County-Government/Elected-Officials/County-Clerk/Elections/Election-Results,,,county_complete,undervote,Laramie,,,,,,229,,wy|laramie|wy-2026-primary|county_local_summary|b9595aad2a5ced2707a252aaa59135acdaa96c8c2c5659b6ea6c65c7d5d40c42|wy-2026-primary|county|laramie|precinct-committeewoman-1-2|dem|undervote|undervote|Laramie|COUNTY
wy-2026-primary,wy|laramie|wy-2026-primary|county_local_summary,Laramie,wy-2026-primary|county|laramie|precinct-committeeman-1-3|dem,DEM COMMITTEEMEN 1-03,Precinct Committeeman 1-3,county,,DEM,DEM,precinct,b9595aad2a5ced2707a252aaa59135acdaa96c8c2c5659b6ea6c65c7d5d40c42,2026-08-21T12:49:44Z,,county_summary_pdf_v1,1.1.5,1,verified,https://www.laramiecountywy.gov/County-Government/Elected-Officials/County-Clerk/Elections/Election-Results,,,county_complete,write_in_aggregate,Laramie,,,,,,56,,wy|laramie|wy-2026-primary|county_local_summary|b9595aad2a5ced2707a252aaa59135acdaa96c8c2c5659b6ea6c65c7d5d40c42|wy-2026-primary|county|laramie|precinct-committeeman-1-3|dem|write_in_aggregate|write_in_aggregate|Laramie|COUNTY
wy-2026-primary,wy|laramie|wy-2026-primary|county_local_summary,Laramie,wy-2026-primary|county|laramie|precinct-committeeman-1-3|dem,DEM COMMITTEEMEN 1-03,Precinct Committeeman 1-3,county,,DEM,DEM,precinct,b9595aad2a5ced2707a252aaa59135acdaa96c8c2c5659b6ea6c65c7d5d40c42,2026-08-21T12:49:44Z,,county_summary_pdf_v1,1.1.5,1,verified,https://www.laramiecountywy.gov/County-Government/Elected-Officials/County-Clerk/Elections/Election-Results,,,county_complete,overvote,Laramie,,,,,,0,,wy|laramie|wy-2026-primary|county_local_summary|b9595aad2a5ced2707a252aaa59135acdaa96c8c2c5659b6ea6c65c7d5d40c42|wy-2026-primary|county|laramie|precinct-committeeman-1-3|dem|overvote|overvote|Laramie|COUNTY
wy-2026-primary,wy|laramie|wy-2026-primary|county_local_summary,Laramie,wy-2026-primary|county|laramie|precinct-committeeman-1-3|dem,DEM COMMITTEEMEN 1-03,Precinct Committeeman 1-3,county,,DEM,DEM,precinct,b9595aad2a5ced2707a252aaa59135acdaa96c8c2c5659b6ea6c65c7d5d40c42,2026-08-21T12:49:44Z,,county_summary_pdf_v1,1.1.5,1,verified,https://www.laramiecountywy.gov/County-Government/Elected-Officials/County-Clerk/Elections/Election-Results,,,county_complete,undervote,Laramie,,,,,,430,,wy|laramie|wy-2026-primary|county_local_summary|b9595aad2a5ced2707a252aaa59135acdaa96c8c2c5659b6ea6c65c7d5d40c42|wy-2026-primary|county|laramie|precinct-committeeman-1-3|dem|undervote|undervote|Laramie|COUNTY
wy-2026-primary,wy|laramie|wy-2026-primary|county_local_summary,Laramie,wy-2026-primary|county|laramie|precinct-committeewoman-1-3|dem,DEM COMMITTEEWOMEN 1-03,Precinct Committeewoman 1-3,county,,DEM,DEM,precinct,b9595aad2a5ced2707a252aaa59135acdaa96c8c2c5659b6ea6c65c7d5d40c42,2026-08-21T12:49:44Z,,county_summary_pdf_v1,1.1.5,1,verified,https://www.laramiecountywy.gov/County-Government/Elected-Officials/County-Clerk/Elections/Election-Results,,,county_complete,write_in_aggregate,Laramie,,,,,,50,,wy|laramie|wy-2026-primary|county_local_summary|b9595aad2a5ced2707a252aaa59135acdaa96c8c2c5659b6ea6c65c7d5d40c42|wy-2026-primary|county|laramie|precinct-committeewoman-1-3|dem|write_in_aggregate|write_in_aggregate|Laramie|COUNTY
wy-2026-primary,wy|laramie|wy-2026-primary|county_local_summary,Laramie,wy-2026-primary|county|laramie|precinct-committeewoman-1-3|dem,DEM COMMITTEEWOMEN 1-03,Precinct Committeewoman 1-3,county,,DEM,DEM,precinct,b9595aad2a5ced2707a252aaa59135acdaa96c8c2c5659b6ea6c65c7d5d40c42,2026-08-21T12:49:44Z,,county_summary_pdf_v1,1.1.5,1,verified,https://www.laramiecountywy.gov/County-Government/Elected-Officials/County-Clerk/Elections/Election-Results,,,county_complete,overvote,Laramie,,,,,,0,,wy|laramie|wy-2026-primary|county_local_summary|b9595aad2a5ced2707a252aaa59135acdaa96c8c2c5659b6ea6c65c7d5d40c42|wy-2026-primary|county|laramie|precinct-committeewoman-1-3|dem|overvote|overvote|Laramie|COUNTY
wy-2026-primary,wy|laramie|wy-2026-primary|county_local_summary,Laramie,wy-2026-primary|county|laramie|precinct-committeewoman-1-3|dem,DEM COMMITTEEWOMEN 1-03,Precinct Committeewoman 1-3,county,,DEM,DEM,precinct,b9595aad2a5ced2707a252aaa59135acdaa96c8c2c5659b6ea6c65c7d5d40c42,2026-08-21T12:49:44Z,,county_summary_pdf_v1,1.1.5,1,verified,https://www.laramiecountywy.gov/County-Government/Elected-Officials/County-Clerk/Elections/Election-Results,,,county_complete,undervote,Laramie,,,,,,436,,wy|laramie|wy-2026-primary|county_local_summary|b9595aad2a5ced2707a252aaa59135acdaa96c8c2c5659b6ea6c65c7d5d40c42|wy-2026-primary|county|laramie|precinct-committeewoman-1-3|dem|undervote|undervote|Laramie|COUNTY
wy-2026-primary,wy|laramie|wy-2026-primary|county_local_summary,Laramie,wy-2026-primary|county|laramie|precinct-committeeman-1-4|dem,DEM COMMITTEEMEN 1-04,Precinct Committeeman 1-4,county,,DEM,DEM,precinct,b9595aad2a5ced2707a252aaa59135acdaa96c8c2c5659b6ea6c65c7d5d40c42,2026-08-21T12:49:44Z,,county_summary_pdf_v1,1.1.5,1,verified,https://www.laramiecountywy.gov/County-Government/Elected-Officials/County-Clerk/Elections/Election-Results,,,county_complete,write_in_aggregate,Laramie,,,,,,17,,wy|laramie|wy-2026-primary|county_local_summary|b9595aad2a5ced2707a252aaa59135acdaa96c8c2c5659b6ea6c65c7d5d40c42|wy-2026-primary|county|laramie|precinct-committeeman-1-4|dem|write_in_aggregate|write_in_aggregate|Laramie|COUNTY
wy-2026-primary,wy|laramie|wy-2026-primary|county_local_summary,Laramie,wy-2026-primary|county|laramie|precinct-committeeman-1-4|dem,DEM COMMITTEEMEN 1-04,Precinct Committeeman 1-4,county,,DEM,DEM,precinct,b9595aad2a5ced2707a252aaa59135acdaa96c8c2c5659b6ea6c65c7d5d40c42,2026-08-21T12:49:44Z,,county_summary_pdf_v1,1.1.5,1,verified,https://www.laramiecountywy.gov/County-Government/Elected-Officials/County-Clerk/Elections/Election-Results,,,county_complete,overvote,Laramie,,,,,,0,,wy|laramie|wy-2026-primary|county_local_summary|b9595aad2a5ced2707a252aaa59135acdaa96c8c2c5659b6ea6c65c7d5d40c42|wy-2026-primary|county|laramie|precinct-committeeman-1-4|dem|overvote|overvote|Laramie|COUNTY
wy-2026-primary,wy|laramie|wy-2026-primary|county_local_summary,Laramie,wy-2026-primary|county|laramie|precinct-committeeman-1-4|dem,DEM COMMITTEEMEN 1-04,Precinct Committeeman 1-4,county,,DEM,DEM,precinct,b9595aad2a5ced2707a252aaa59135acdaa96c8c2c5659b6ea6c65c7d5d40c42,2026-08-21T12:49:44Z,,county_summary_pdf_v1,1.1.5,1,verified,https://www.laramiecountywy.gov/County-Government/Elected-Officials/County-Clerk/Elections/Election-Results,,,county_complete,undervote,Laramie,,,,,,57,,wy|laramie|wy-2026-primary|county_local_summary|b9595aad2a5ced2707a252aaa59135acdaa96c8c2c5659b6ea6c65c7d5d40c42|wy-2026-primary|county|laramie|precinct-committeeman-1-4|dem|undervote|undervote|Laramie|COUNTY
wy-2026-primary,wy|laramie|wy-2026-primary|county_local_summary,Laramie,wy-2026-primary|county|laramie|precinct-committeewoman-1-4|dem,DEM COMMITTEEWOMEN 1-04,Precinct Committeewoman 1-4,county,,DEM,DEM,precinct,b9595aad2a5ced2707a252aaa59135acdaa96c8c2c5659b6ea6c65c7d5d40c42,2026-08-21T12:49:44Z,,county_summary_pdf_v1,1.1.5,1,verified,https://www.laramiecountywy.gov/County-Government/Elected-Officials/County-Clerk/Elections/Election-Results,,,county_complete,write_in_aggregate,Laramie,,,,,,17,,wy|laramie|wy-2026-primary|county_local_summary|b9595aad2a5ced2707a252aaa59135acdaa96c8c2c5659b6ea6c65c7d5d40c42|wy-2026-primary|county|laramie|precinct-committeewoman-1-4|dem|write_in_aggregate|write_in_aggregate|Laramie|COUNTY
wy-2026-primary,wy|laramie|wy-2026-primary|county_local_summary,Laramie,wy-2026-primary|county|laramie|precinct-committeewoman-1-4|dem,DEM COMMITTEEWOMEN 1-04,Precinct Committeewoman 1-4,county,,DEM,DEM,precinct,b9595aad2a5ced2707a252aaa59135acdaa96c8c2c5659b6ea6c65c7d5d40c42,2026-08-21T12:49:44Z,,county_summary_pdf_v1,1.1.5,1,verified,https://www.laramiecountywy.gov/County-Government/Elected-Officials/County-Clerk/Elections/Election-Results,,,county_complete,overvote,Laramie,,,,,,0,,wy|laramie|wy-2026-primary|county_local_summary|b9595aad2a5ced2707a252aaa59135acdaa96c8c2c5659b6ea6c65c7d5d40c42|wy-2026-primary|county|laramie|precinct-committeewoman-1-4|dem|overvote|overvote|Laramie|COUNTY
wy-2026-primary,wy|laramie|wy-2026-primary|county_local_summary,Laramie,wy-2026-primary|county|laramie|precinct-committeewoman-1-4|dem,DEM COMMITTEEWOMEN 1-04,Precinct Committeewoman 1-4,county,,DEM,DEM,precinct,b9595aad2a5ced2707a252aaa59135acdaa96c8c2c5659b6ea6c65c7d5d40c42,2026-08-21T12:49:44Z,,county_summary_pdf_v1,1.1.5,1,verified,https://www.laramiecountywy.gov/County-Government/Elected-Officials/County-Clerk/Elections/Election-Results,,,county_complete,undervote,Laramie,,,,,,57,,wy|laramie|wy-2026-primary|county_local_summary|b9595aad2a5ced2707a252aaa59135acdaa96c8c2c5659b6ea6c65c7d5d40c42|wy-2026-primary|county|laramie|precinct-committeewoman-1-4|dem|undervote|undervote|Laramie|COUNTY
wy-2026-primary,wy|laramie|wy-2026-primary|county_local_summary,Laramie,wy-2026-primary|county|laramie|precinct-committeeman-1-5|dem,DEM COMMITTEEMEN 1-05,Precinct Committeeman 1-5,county,,DEM,DEM,precinct,b9595aad2a5ced2707a252aaa59135acdaa96c8c2c5659b6ea6c65c7d5d40c42,2026-08-21T12:49:44Z,,county_summary_pdf_v1,1.1.5,1,verified,https://www.laramiecountywy.gov/County-Government/Elected-Officials/County-Clerk/Elections/Election-Results,,,county_complete,write_in_aggregate,Laramie,,,,,,30,,wy|laramie|wy-2026-primary|county_local_summary|b9595aad2a5ced2707a252aaa59135acdaa96c8c2c5659b6ea6c65c7d5d40c42|wy-2026-primary|county|laramie|precinct-committeeman-1-5|dem|write_in_aggregate|write_in_aggregate|Laramie|COUNTY
wy-2026-primary,wy|laramie|wy-2026-primary|county_local_summary,Laramie,wy-2026-primary|county|laramie|precinct-committeeman-1-5|dem,DEM COMMITTEEMEN 1-05,Precinct Committeeman 1-5,county,,DEM,DEM,precinct,b9595aad2a5ced2707a252aaa59135acdaa96c8c2c5659b6ea6c65c7d5d40c42,2026-08-21T12:49:44Z,,county_summary_pdf_v1,1.1.5,1,verified,https://www.laramiecountywy.gov/County-Government/Elected-Officials/County-Clerk/Elections/Election-Results,,,county_complete,overvote,Laramie,,,,,,0,,wy|laramie|wy-2026-primary|county_local_summary|b9595aad2a5ced2707a252aaa59135acdaa96c8c2c5659b6ea6c65c7d5d40c42|wy-2026-primary|county|laramie|precinct-committeeman-1-5|dem|overvote|overvote|Laramie|COUNTY
wy-2026-primary,wy|laramie|wy-2026-primary|county_local_summary,Laramie,wy-2026-primary|county|laramie|precinct-committeeman-1-5|dem,DEM COMMITTEEMEN 1-05,Precinct Committeeman 1-5,county,,DEM,DEM,precinct,b9595aad2a5ced2707a252aaa59135acdaa96c8c2c5659b6ea6c65c7d5d40c42,2026-08-21T12:49:44Z,,county_summary_pdf_v1,1.1.5,1,verified,https://www.laramiecountywy.gov/County-Government/Elected-Officials/County-Clerk/Elections/Election-Results,,,county_complete,undervote,Laramie,,,,,,274,,wy|laramie|wy-2026-primary|county_local_summary|b9595aad2a5ced2707a252aaa59135acdaa96c8c2c5659b6ea6c65c7d5d40c42|wy-2026-primary|county|laramie|precinct-committeeman-1-5|dem|undervote|undervote|Laramie|COUNTY
wy-2026-primary,wy|laramie|wy-2026-primary|county_local_summary,Laramie,wy-2026-primary|county|laramie|precinct-committeewoman-1-5|dem,DEM COMMITTEEWOMEN 1-05,Precinct Committeewoman 1-5,county,,DEM,DEM,precinct,b9595aad2a5ced2707a252aaa59135acdaa96c8c2c5659b6ea6c65c7d5d40c42,2026-08-21T12:49:44Z,,county_summary_pdf_v1,1.1.5,1,verified,https://www.laramiecountywy.gov/County-Government/Elected-Officials/County-Clerk/Elections/Election-Results,,,county_complete,candidate,Laramie,,,LINDSEY HANLON,LINDSEY HANLON,,127,,wy|laramie|wy-2026-primary|county_local_summary|b9595aad2a5ced2707a252aaa59135acdaa96c8c2c5659b6ea6c65c7d5d40c42|wy-2026-primary|county|laramie|precinct-committeewoman-1-5|dem|candidate|LINDSEY HANLON|Laramie|COUNTY
wy-2026-primary,wy|laramie|wy-2026-primary|county_local_summary,Laramie,wy-2026-primary|county|laramie|precinct-committeewoman-1-5|dem,DEM COMMITTEEWOMEN 1-05,Precinct Committeewoman 1-5,county,,DEM,DEM,precinct,b9595aad2a5ced2707a252aaa59135acdaa96c8c2c5659b6ea6c65c7d5d40c42,2026-08-21T12:49:44Z,,county_summary_pdf_v1,1.1.5,1,verified,https://www.laramiecountywy.gov/County-Government/Elected-Officials/County-Clerk/Elections/Election-Results,,,county_complete,write_in_aggregate,Laramie,,,,,,12,,wy|laramie|wy-2026-primary|county_local_summary|b9595aad2a5ced2707a252aaa59135acdaa96c8c2c5659b6ea6c65c7d5d40c42|wy-2026-primary|county|laramie|precinct-committeewoman-1-5|dem|write_in_aggregate|write_in_aggregate|Laramie|COUNTY
wy-2026-primary,wy|laramie|wy-2026-primary|county_local_summary,Laramie,wy-2026-primary|county|laramie|precinct-committeewoman-1-5|dem,DEM COMMITTEEWOMEN 1-05,Precinct Committeewoman 1-5,county,,DEM,DEM,precinct,b9595aad2a5ced2707a252aaa59135acdaa96c8c2c5659b6ea6c65c7d5d40c42,2026-08-21T12:49:44Z,,county_summary_pdf_v1,1.1.5,1,verified,https://www.laramiecountywy.gov/County-Government/Elected-Officials/County-Clerk/Elections/Election-Results,,,county_complete,overvote,Laramie,,,,,,0,,wy|laramie|wy-2026-primary|county_local_summary|b9595aad2a5ced2707a252aaa59135acdaa96c8c2c5659b6ea6c65c7d5d40c42|wy-2026-primary|county|laramie|precinct-committeewoman-1-5|dem|overvote|overvote|Laramie|COUNTY
wy-2026-primary,wy|laramie|wy-2026-primary|county_local_summary,Laramie,wy-2026-primary|county|laramie|precinct-committeewoman-1-5|dem,DEM COMMITTEEWOMEN 1-05,Precinct Committeewoman 1-5,county,,DEM,DEM,precinct,b9595aad2a5ced2707a252aaa59135acdaa96c8c2c5659b6ea6c65c7d5d40c42,2026-08-21T12:49:44Z,,county_summary_pdf_v1,1.1.5,1,verified,https://www.laramiecountywy.gov/County-Government/Elected-Officials/County-Clerk/Elections/Election-Results,,,county_complete,undervote,Laramie,,,,,,165,,wy|laramie|wy-2026-primary|county_local_summary|b9595aad2a5ced2707a252aaa59135acdaa96c8c2c5659b6ea6c65c7d5d40c42|wy-2026-primary|county|laramie|precinct-committeewoman-1-5|dem|undervote|undervote|Laramie|COUNTY
wy-2026-primary,wy|laramie|wy-2026-primary|county_local_summary,Laramie,wy-2026-primary|county|laramie|precinct-committeeman-1-6|dem,DEM COMMITTEEMEN 1-06,Precinct Committeeman 1-6,county,,DEM,DEM,precinct,b9595aad2a5ced2707a252aaa59135acdaa96c8c2c5659b6ea6c65c7d5d40c42,2026-08-21T12:49:44Z,,county_summary_pdf_v1,1.1.5,1,verified,https://www.laramiecountywy.gov/County-Government/Elected-Officials/County-Clerk/Elections/Election-Results,,,county_complete,write_in_aggregate,Laramie,,,,,,41,,wy|laramie|wy-2026-primary|county_local_summary|b9595aad2a5ced2707a252aaa59135acdaa96c8c2c5659b6ea6c65c7d5d40c42|wy-2026-primary|county|laramie|precinct-committeeman-1-6|dem|write_in_aggregate|write_in_aggregate|Laramie|COUNTY
wy-2026-primary,wy|laramie|wy-2026-primary|county_local_summary,Laramie,wy-2026-primary|county|laramie|precinct-committeeman-1-6|dem,DEM COMMITTEEMEN 1-06,Precinct Committeeman 1-6,county,,DEM,DEM,precinct,b9595aad2a5ced2707a252aaa59135acdaa96c8c2c5659b6ea6c65c7d5d40c42,2026-08-21T12:49:44Z,,county_summary_pdf_v1,1.1.5,1,verified,https://www.laramiecountywy.gov/County-Government/Elected-Officials/County-Clerk/Elections/Election-Results,,,county_complete,overvote,Laramie,,,,,,0,,wy|laramie|wy-2026-primary|county_local_summary|b9595aad2a5ced2707a252aaa59135acdaa96c8c2c5659b6ea6c65c7d5d40c42|wy-2026-primary|county|laramie|precinct-committeeman-1-6|dem|overvote|overvote|Laramie|COUNTY
wy-2026-primary,wy|laramie|wy-2026-primary|county_local_summary,Laramie,wy-2026-primary|county|laramie|precinct-committeeman-1-6|dem,DEM COMMITTEEMEN 1-06,Precinct Committeeman 1-6,county,,DEM,DEM,precinct,b9595aad2a5ced2707a252aaa59135acdaa96c8c2c5659b6ea6c65c7d5d40c42,2026-08-21T12:49:44Z,,county_summary_pdf_v1,1.1.5,1,verified,https://www.laramiecountywy.gov/County-Government/Elected-Officials/County-Clerk/Elections/Election-Results,,,county_complete,undervote,Laramie,,,,,,233,,wy|laramie|wy-2026-primary|county_local_summary|b9595aad2a5ced2707a252aaa59135acdaa96c8c2c5659b6ea6c65c7d5d40c42|wy-2026-primary|county|laramie|precinct-committeeman-1-6|dem|undervote|undervote|Laramie|COUNTY
wy-2026-primary,wy|laramie|wy-2026-primary|county_local_summary,Laramie,wy-2026-primary|county|laramie|precinct-committeewoman-1-6|dem,DEM COMMITTEEWOMEN 1-06,Precinct Committeewoman 1-6,county,,DEM,DEM,precinct,b9595aad2a5ced2707a252aaa59135acdaa96c8c2c5659b6ea6c65c7d5d40c42,2026-08-21T12:49:44Z,,county_summary_pdf_v1,1.1.5,1,verified,https://www.laramiecountywy.gov/County-Government/Elected-Officials/County-Clerk/Elections/Election-Results,,,county_complete,candidate,Laramie,,,FAWNA HUNT,FAWNA HUNT,,113,,wy|laramie|wy-2026-primary|county_local_summary|b9595aad2a5ced2707a252aaa59135acdaa96c8c2c5659b6ea6c65c7d5d40c42|wy-2026-primary|county|laramie|precinct-committeewoman-1-6|dem|candidate|FAWNA HUNT|Laramie|COUNTY
wy-2026-primary,wy|laramie|wy-2026-primary|county_local_summary,Laramie,wy-2026-primary|county|laramie|precinct-committeewoman-1-6|dem,DEM COMMITTEEWOMEN 1-06,Precinct Committeewoman 1-6,county,,DEM,DEM,precinct,b9595aad2a5ced2707a252aaa59135acdaa96c8c2c5659b6ea6c65c7d5d40c42,2026-08-21T12:49:44Z,,county_summary_pdf_v1,1.1.5,1,verified,https://www.laramiecountywy.gov/County-Government/Elected-Officials/County-Clerk/Elections/Election-Results,,,county_complete,write_in_aggregate,Laramie,,,,,,20,,wy|laramie|wy-2026-primary|county_local_summary|b9595aad2a5ced2707a252aaa59135acdaa96c8c2c5659b6ea6c65c7d5d40c42|wy-2026-primary|county|laramie|precinct-committeewoman-1-6|dem|write_in_aggregate|write_in_aggregate|Laramie|COUNTY
wy-2026-primary,wy|laramie|wy-2026-primary|county_local_summary,Laramie,wy-2026-primary|county|laramie|precinct-committeewoman-1-6|dem,DEM COMMITTEEWOMEN 1-06,Precinct Committeewoman 1-6,county,,DEM,DEM,precinct,b9595aad2a5ced2707a252aaa59135acdaa96c8c2c5659b6ea6c65c7d5d40c42,2026-08-21T12:49:44Z,,county_summary_pdf_v1,1.1.5,1,verified,https://www.laramiecountywy.gov/County-Government/Elected-Officials/County-Clerk/Elections/Election-Results,,,county_complete,overvote,Laramie,,,,,,0,,wy|laramie|wy-2026-primary|county_local_summary|b9595aad2a5ced2707a252aaa59135acdaa96c8c2c5659b6ea6c65c7d5d40c42|wy-2026-primary|county|laramie|precinct-committeewoman-1-6|dem|overvote|overvote|Laramie|COUNTY
wy-2026-primary,wy|laramie|wy-2026-primary|county_local_summary,Laramie,wy-2026-primary|county|laramie|precinct-committeewoman-1-6|dem,DEM COMMITTEEWOMEN 1-06,Precinct Committeewoman 1-6,county,,DEM,DEM,precinct,b9595aad2a5ced2707a252aaa59135acdaa96c8c2c5659b6ea6c65c7d5d40c42,2026-08-21T12:49:44Z,,county_summary_pdf_v1,1.1.5,1,verified,https://www.laramiecountywy.gov/County-Government/Elected-Officials/County-Clerk/Elections/Election-Results,,,county_complete,undervote,Laramie,,,,,,141,,wy|laramie|wy-2026-primary|county_local_summary|b9595aad2a5ced2707a252aaa59135acdaa96c8c2c5659b6ea6c65c7d5d40c42|wy-2026-primary|county|laramie|precinct-committeewoman-1-6|dem|undervote|undervote|Laramie|COUNTY
wy-2026-primary,wy|laramie|wy-2026-primary|county_local_summary,Laramie,wy-2026-primary|county|laramie|precinct-committeeman-1-7|dem,DEM COMMITTEEMEN 1-07,Precinct Committeeman 1-7,county,,DEM,DEM,precinct,b9595aad2a5ced2707a252aaa59135acdaa96c8c2c5659b6ea6c65c7d5d40c42,2026-08-21T12:49:44Z,,county_summary_pdf_v1,1.1.5,1,verified,https://www.laramiecountywy.gov/County-Government/Elected-Officials/County-Clerk/Elections/Election-Results,,,county_complete,write_in_aggregate,Laramie,,,,,,0,,wy|laramie|wy-2026-primary|county_local_summary|b9595aad2a5ced2707a252aaa59135acdaa96c8c2c5659b6ea6c65c7d5d40c42|wy-2026-primary|county|laramie|precinct-committeeman-1-7|dem|write_in_aggregate|write_in_aggregate|Laramie|COUNTY
wy-2026-primary,wy|laramie|wy-2026-primary|county_local_summary,Laramie,wy-2026-primary|county|laramie|precinct-committeeman-1-7|dem,DEM COMMITTEEMEN 1-07,Precinct Committeeman 1-7,county,,DEM,DEM,precinct,b9595aad2a5ced2707a252aaa59135acdaa96c8c2c5659b6ea6c65c7d5d40c42,2026-08-21T12:49:44Z,,county_summary_pdf_v1,1.1.5,1,verified,https://www.laramiecountywy.gov/County-Government/Elected-Officials/County-Clerk/Elections/Election-Results,,,county_complete,overvote,Laramie,,,,,,0,,wy|laramie|wy-2026-primary|county_local_summary|b9595aad2a5ced2707a252aaa59135acdaa96c8c2c5659b6ea6c65c7d5d40c42|wy-2026-primary|county|laramie|precinct-committeeman-1-7|dem|overvote|overvote|Laramie|COUNTY
wy-2026-primary,wy|laramie|wy-2026-primary|county_local_summary,Laramie,wy-2026-primary|county|laramie|precinct-committeeman-1-7|dem,DEM COMMITTEEMEN 1-07,Precinct Committeeman 1-7,county,,DEM,DEM,precinct,b9595aad2a5ced2707a252aaa59135acdaa96c8c2c5659b6ea6c65c7d5d40c42,2026-08-21T12:49:44Z,,county_summary_pdf_v1,1.1.5,1,verified,https://www.laramiecountywy.gov/County-Government/Elected-Officials/County-Clerk/Elections/Election-Results,,,county_complete,undervote,Laramie,,,,,,10,,wy|laramie|wy-2026-primary|county_local_summary|b9595aad2a5ced2707a252aaa59135acdaa96c8c2c5659b6ea6c65c7d5d40c42|wy-2026-primary|county|laramie|precinct-committeeman-1-7|dem|undervote|undervote|Laramie|COUNTY
wy-2026-primary,wy|laramie|wy-2026-primary|county_local_summary,Laramie,wy-2026-primary|county|laramie|precinct-committeewoman-1-7|dem,DEM COMMITTEEWOMEN 1-07,Precinct Committeewoman 1-7,county,,DEM,DEM,precinct,b9595aad2a5ced2707a252aaa59135acdaa96c8c2c5659b6ea6c65c7d5d40c42,2026-08-21T12:49:44Z,,county_summary_pdf_v1,1.1.5,1,verified,https://www.laramiecountywy.gov/County-Government/Elected-Officials/County-Clerk/Elections/Election-Results,,,county_complete,write_in_aggregate,Laramie,,,,,,0,,wy|laramie|wy-2026-primary|county_local_summary|b9595aad2a5ced2707a252aaa59135acdaa96c8c2c5659b6ea6c65c7d5d40c42|wy-2026-primary|county|laramie|precinct-committeewoman-1-7|dem|write_in_aggregate|write_in_aggregate|Laramie|COUNTY
wy-2026-primary,wy|laramie|wy-2026-primary|county_local_summary,Laramie,wy-2026-primary|county|laramie|precinct-committeewoman-1-7|dem,DEM COMMITTEEWOMEN 1-07,Precinct Committeewoman 1-7,county,,DEM,DEM,precinct,b9595aad2a5ced2707a252aaa59135acdaa96c8c2c5659b6ea6c65c7d5d40c42,2026-08-21T12:49:44Z,,county_summary_pdf_v1,1.1.5,1,verified,https://www.laramiecountywy.gov/County-Government/Elected-Officials/County-Clerk/Elections/Election-Results,,,county_complete,overvote,Laramie,,,,,,0,,wy|laramie|wy-2026-primary|county_local_summary|b9595aad2a5ced2707a252aaa59135acdaa96c8c2c5659b6ea6c65c7d5d40c42|wy-2026-primary|county|laramie|precinct-committeewoman-1-7|dem|overvote|overvote|Laramie|COUNTY
wy-2026-primary,wy|laramie|wy-2026-primary|county_local_summary,Laramie,wy-2026-primary|county|laramie|precinct-committeewoman-1-7|dem,DEM COMMITTEEWOMEN 1-07,Precinct Committeewoman 1-7,county,,DEM,DEM,precinct,b9595aad2a5ced2707a252aaa59135acdaa96c8c2c5659b6ea6c65c7d5d40c42,2026-08-21T12:49:44Z,,county_summary_pdf_v1,1.1.5,1,verified,https://www.laramiecountywy.gov/County-Government/Elected-Officials/County-Clerk/Elections/Election-Results,,,county_complete,undervote,Laramie,,,,,,10,,wy|laramie|wy-2026-primary|county_local_summary|b9595aad2a5ced2707a252aaa59135acdaa96c8c2c5659b6ea6c65c7d5d40c42|wy-2026-primary|county|laramie|precinct-committeewoman-1-7|dem|undervote|undervote|Laramie|COUNTY
wy-2026-primary,wy|laramie|wy-2026-primary|county_local_summary,Laramie,wy-2026-primary|county|laramie|precinct-committeeman-2-1|dem,DEM COMMITTEEMEN 2-01,Precinct Committeeman 2-1,county,,DEM,DEM,precinct,b9595aad2a5ced2707a252aaa59135acdaa96c8c2c5659b6ea6c65c7d5d40c42,2026-08-21T12:49:44Z,,county_summary_pdf_v1,1.1.5,1,verified,https://www.laramiecountywy.gov/County-Government/Elected-Officials/County-Clerk/Elections/Election-Results,,,county_complete,write_in_aggregate,Laramie,,,,,,23,,wy|laramie|wy-2026-primary|county_local_summary|b9595aad2a5ced2707a252aaa59135acdaa96c8c2c5659b6ea6c65c7d5d40c42|wy-2026-primary|county|laramie|precinct-committeeman-2-1|dem|write_in_aggregate|write_in_aggregate|Laramie|COUNTY
wy-2026-primary,wy|laramie|wy-2026-primary|county_local_summary,Laramie,wy-2026-primary|county|laramie|precinct-committeeman-2-1|dem,DEM COMMITTEEMEN 2-01,Precinct Committeeman 2-1,county,,DEM,DEM,precinct,b9595aad2a5ced2707a252aaa59135acdaa96c8c2c5659b6ea6c65c7d5d40c42,2026-08-21T12:49:44Z,,county_summary_pdf_v1,1.1.5,1,verified,https://www.laramiecountywy.gov/County-Government/Elected-Officials/County-Clerk/Elections/Election-Results,,,county_complete,overvote,Laramie,,,,,,0,,wy|laramie|wy-2026-primary|county_local_summary|b9595aad2a5ced2707a252aaa59135acdaa96c8c2c5659b6ea6c65c7d5d40c42|wy-2026-primary|county|laramie|precinct-committeeman-2-1|dem|overvote|overvote|Laramie|COUNTY
wy-2026-primary,wy|laramie|wy-2026-primary|county_local_summary,Laramie,wy-2026-primary|county|laramie|precinct-committeeman-2-1|dem,DEM COMMITTEEMEN 2-01,Precinct Committeeman 2-1,county,,DEM,DEM,precinct,b9595aad2a5ced2707a252aaa59135acdaa96c8c2c5659b6ea6c65c7d5d40c42,2026-08-21T12:49:44Z,,county_summary_pdf_v1,1.1.5,1,verified,https://www.laramiecountywy.gov/County-Government/Elected-Officials/County-Clerk/Elections/Election-Results,,,county_complete,undervote,Laramie,,,,,,235,,wy|laramie|wy-2026-primary|county_local_summary|b9595aad2a5ced2707a252aaa59135acdaa96c8c2c5659b6ea6c65c7d5d40c42|wy-2026-primary|county|laramie|precinct-committeeman-2-1|dem|undervote|undervote|Laramie|COUNTY
wy-2026-primary,wy|laramie|wy-2026-primary|county_local_summary,Laramie,wy-2026-primary|county|laramie|precinct-committeewoman-2-1|dem,DEM COMMITTEEWOMEN 2-01,Precinct Committeewoman 2-1,county,,DEM,DEM,precinct,b9595aad2a5ced2707a252aaa59135acdaa96c8c2c5659b6ea6c65c7d5d40c42,2026-08-21T12:49:44Z,,county_summary_pdf_v1,1.1.5,1,verified,https://www.laramiecountywy.gov/County-Government/Elected-Officials/County-Clerk/Elections/Election-Results,,,county_complete,write_in_aggregate,Laramie,,,,,,21,,wy|laramie|wy-2026-primary|county_local_summary|b9595aad2a5ced2707a252aaa59135acdaa96c8c2c5659b6ea6c65c7d5d40c42|wy-2026-primary|county|laramie|precinct-committeewoman-2-1|dem|write_in_aggregate|write_in_aggregate|Laramie|COUNTY
wy-2026-primary,wy|laramie|wy-2026-primary|county_local_summary,Laramie,wy-2026-primary|county|laramie|precinct-committeewoman-2-1|dem,DEM COMMITTEEWOMEN 2-01,Precinct Committeewoman 2-1,county,,DEM,DEM,precinct,b9595aad2a5ced2707a252aaa59135acdaa96c8c2c5659b6ea6c65c7d5d40c42,2026-08-21T12:49:44Z,,county_summary_pdf_v1,1.1.5,1,verified,https://www.laramiecountywy.gov/County-Government/Elected-Officials/County-Clerk/Elections/Election-Results,,,county_complete,overvote,Laramie,,,,,,0,,wy|laramie|wy-2026-primary|county_local_summary|b9595aad2a5ced2707a252aaa59135acdaa96c8c2c5659b6ea6c65c7d5d40c42|wy-2026-primary|county|laramie|precinct-committeewoman-2-1|dem|overvote|overvote|Laramie|COUNTY
wy-2026-primary,wy|laramie|wy-2026-primary|county_local_summary,Laramie,wy-2026-primary|county|laramie|precinct-committeewoman-2-1|dem,DEM COMMITTEEWOMEN 2-01,Precinct Committeewoman 2-1,county,,DEM,DEM,precinct,b9595aad2a5ced2707a252aaa59135acdaa96c8c2c5659b6ea6c65c7d5d40c42,2026-08-21T12:49:44Z,,county_summary_pdf_v1,1.1.5,1,verified,https://www.laramiecountywy.gov/County-Government/Elected-Officials/County-Clerk/Elections/Election-Results,,,county_complete,undervote,Laramie,,,,,,237,,wy|laramie|wy-2026-primary|county_local_summary|b9595aad2a5ced2707a252aaa59135acdaa96c8c2c5659b6ea6c65c7d5d40c42|wy-2026-primary|county|laramie|precinct-committeewoman-2-1|dem|undervote|undervote|Laramie|COUNTY
wy-2026-primary,wy|laramie|wy-2026-primary|county_local_summary,Laramie,wy-2026-primary|county|laramie|precinct-committeeman-2-2|dem,DEM COMMITTEEMEN 2-02,Precinct Committeeman 2-2,county,,DEM,DEM,precinct,b9595aad2a5ced2707a252aaa59135acdaa96c8c2c5659b6ea6c65c7d5d40c42,2026-08-21T12:49:44Z,,county_summary_pdf_v1,1.1.5,1,verified,https://www.laramiecountywy.gov/County-Government/Elected-Officials/County-Clerk/Elections/Election-Results,,,county_complete,write_in_aggregate,Laramie,,,,,,25,,wy|laramie|wy-2026-primary|county_local_summary|b9595aad2a5ced2707a252aaa59135acdaa96c8c2c5659b6ea6c65c7d5d40c42|wy-2026-primary|county|laramie|precinct-committeeman-2-2|dem|write_in_aggregate|write_in_aggregate|Laramie|COUNTY
wy-2026-primary,wy|laramie|wy-2026-primary|county_local_summary,Laramie,wy-2026-primary|county|laramie|precinct-committeeman-2-2|dem,DEM COMMITTEEMEN 2-02,Precinct Committeeman 2-2,county,,DEM,DEM,precinct,b9595aad2a5ced2707a252aaa59135acdaa96c8c2c5659b6ea6c65c7d5d40c42,2026-08-21T12:49:44Z,,county_summary_pdf_v1,1.1.5,1,verified,https://www.laramiecountywy.gov/County-Government/Elected-Officials/County-Clerk/Elections/Election-Results,,,county_complete,overvote,Laramie,,,,,,0,,wy|laramie|wy-2026-primary|county_local_summary|b9595aad2a5ced2707a252aaa59135acdaa96c8c2c5659b6ea6c65c7d5d40c42|wy-2026-primary|county|laramie|precinct-committeeman-2-2|dem|overvote|overvote|Laramie|COUNTY
wy-2026-primary,wy|laramie|wy-2026-primary|county_local_summary,Laramie,wy-2026-primary|county|laramie|precinct-committeeman-2-2|dem,DEM COMMITTEEMEN 2-02,Precinct Committeeman 2-2,county,,DEM,DEM,precinct,b9595aad2a5ced2707a252aaa59135acdaa96c8c2c5659b6ea6c65c7d5d40c42,2026-08-21T12:49:44Z,,county_summary_pdf_v1,1.1.5,1,verified,https://www.laramiecountywy.gov/County-Government/Elected-Officials/County-Clerk/Elections/Election-Results,,,county_complete,undervote,Laramie,,,,,,955,,wy|laramie|wy-2026-primary|county_local_summary|b9595aad2a5ced2707a252aaa59135acdaa96c8c2c5659b6ea6c65c7d5d40c42|wy-2026-primary|county|laramie|precinct-committeeman-2-2|dem|undervote|undervote|Laramie|COUNTY
wy-2026-primary,wy|laramie|wy-2026-primary|county_local_summary,Laramie,wy-2026-primary|county|laramie|precinct-committeewoman-2-2|dem,DEM COMMITTEEWOMEN 2-02,Precinct Committeewoman 2-2,county,,DEM,DEM,precinct,b9595aad2a5ced2707a252aaa59135acdaa96c8c2c5659b6ea6c65c7d5d40c42,2026-08-21T12:49:44Z,,county_summary_pdf_v1,1.1.5,1,verified,https://www.laramiecountywy.gov/County-Government/Elected-Officials/County-Clerk/Elections/Election-Results,,,county_complete,write_in_aggregate,Laramie,,,,,,31,,wy|laramie|wy-2026-primary|county_local_summary|b9595aad2a5ced2707a252aaa59135acdaa96c8c2c5659b6ea6c65c7d5d40c42|wy-2026-primary|county|laramie|precinct-committeewoman-2-2|dem|write_in_aggregate|write_in_aggregate|Laramie|COUNTY
wy-2026-primary,wy|laramie|wy-2026-primary|county_local_summary,Laramie,wy-2026-primary|county|laramie|precinct-committeewoman-2-2|dem,DEM COMMITTEEWOMEN 2-02,Precinct Committeewoman 2-2,county,,DEM,DEM,precinct,b9595aad2a5ced2707a252aaa59135acdaa96c8c2c5659b6ea6c65c7d5d40c42,2026-08-21T12:49:44Z,,county_summary_pdf_v1,1.1.5,1,verified,https://www.laramiecountywy.gov/County-Government/Elected-Officials/County-Clerk/Elections/Election-Results,,,county_complete,overvote,Laramie,,,,,,0,,wy|laramie|wy-2026-primary|county_local_summary|b9595aad2a5ced2707a252aaa59135acdaa96c8c2c5659b6ea6c65c7d5d40c42|wy-2026-primary|county|laramie|precinct-committeewoman-2-2|dem|overvote|overvote|Laramie|COUNTY
wy-2026-primary,wy|laramie|wy-2026-primary|county_local_summary,Laramie,wy-2026-primary|county|laramie|precinct-committeewoman-2-2|dem,DEM COMMITTEEWOMEN 2-02,Precinct Committeewoman 2-2,county,,DEM,DEM,precinct,b9595aad2a5ced2707a252aaa59135acdaa96c8c2c5659b6ea6c65c7d5d40c42,2026-08-21T12:49:44Z,,county_summary_pdf_v1,1.1.5,1,verified,https://www.laramiecountywy.gov/County-Government/Elected-Officials/County-Clerk/Elections/Election-Results,,,county_complete,undervote,Laramie,,,,,,949,,wy|laramie|wy-2026-primary|county_local_summary|b9595aad2a5ced2707a252aaa59135acdaa96c8c2c5659b6ea6c65c7d5d40c42|wy-2026-primary|county|laramie|precinct-committeewoman-2-2|dem|undervote|undervote|Laramie|COUNTY
wy-2026-primary,wy|laramie|wy-2026-primary|county_local_summary,Laramie,wy-2026-primary|county|laramie|precinct-committeeman-2-3|dem,DEM COMMITTEEMEN 2-03,Precinct Committeeman 2-3,county,,DEM,DEM,precinct,b9595aad2a5ced2707a252aaa59135acdaa96c8c2c5659b6ea6c65c7d5d40c42,2026-08-21T12:49:44Z,,county_summary_pdf_v1,1.1.5,1,verified,https://www.laramiecountywy.gov/County-Government/Elected-Officials/County-Clerk/Elections/Election-Results,,,county_complete,candidate,Laramie,,,TED HANLON,TED HANLON,,59,,wy|laramie|wy-2026-primary|county_local_summary|b9595aad2a5ced2707a252aaa59135acdaa96c8c2c5659b6ea6c65c7d5d40c42|wy-2026-primary|county|laramie|precinct-committeeman-2-3|dem|candidate|TED HANLON|Laramie|COUNTY
wy-2026-primary,wy|laramie|wy-2026-primary|county_local_summary,Laramie,wy-2026-primary|county|laramie|precinct-committeeman-2-3|dem,DEM COMMITTEEMEN 2-03,Precinct Committeeman 2-3,county,,DEM,DEM,precinct,b9595aad2a5ced2707a252aaa59135acdaa96c8c2c5659b6ea6c65c7d5d40c42,2026-08-21T12:49:44Z,,county_summary_pdf_v1,1.1.5,1,verified,https://www.laramiecountywy.gov/County-Government/Elected-Officials/County-Clerk/Elections/Election-Results,,,county_complete,write_in_aggregate,Laramie,,,,,,3,,wy|laramie|wy-2026-primary|county_local_summary|b9595aad2a5ced2707a252aaa59135acdaa96c8c2c5659b6ea6c65c7d5d40c42|wy-2026-primary|county|laramie|precinct-committeeman-2-3|dem|write_in_aggregate|write_in_aggregate|Laramie|COUNTY
wy-2026-primary,wy|laramie|wy-2026-primary|county_local_summary,Laramie,wy-2026-primary|county|laramie|precinct-committeeman-2-3|dem,DEM COMMITTEEMEN 2-03,Precinct Committeeman 2-3,county,,DEM,DEM,precinct,b9595aad2a5ced2707a252aaa59135acdaa96c8c2c5659b6ea6c65c7d5d40c42,2026-08-21T12:49:44Z,,county_summary_pdf_v1,1.1.5,1,verified,https://www.laramiecountywy.gov/County-Government/Elected-Officials/County-Clerk/Elections/Election-Results,,,county_complete,overvote,Laramie,,,,,,0,,wy|laramie|wy-2026-primary|county_local_summary|b9595aad2a5ced2707a252aaa59135acdaa96c8c2c5659b6ea6c65c7d5d40c42|wy-2026-primary|county|laramie|precinct-committeeman-2-3|dem|overvote|overvote|Laramie|COUNTY
wy-2026-primary,wy|laramie|wy-2026-primary|county_local_summary,Laramie,wy-2026-primary|county|laramie|precinct-committeeman-2-3|dem,DEM COMMITTEEMEN 2-03,Precinct Committeeman 2-3,county,,DEM,DEM,precinct,b9595aad2a5ced2707a252aaa59135acdaa96c8c2c5659b6ea6c65c7d5d40c42,2026-08-21T12:49:44Z,,county_summary_pdf_v1,1.1.5,1,verified,https://www.laramiecountywy.gov/County-Government/Elected-Officials/County-Clerk/Elections/Election-Results,,,county_complete,undervote,Laramie,,,,,,7,,wy|laramie|wy-2026-primary|county_local_summary|b9595aad2a5ced2707a252aaa59135acdaa96c8c2c5659b6ea6c65c7d5d40c42|wy-2026-primary|county|laramie|precinct-committeeman-2-3|dem|undervote|undervote|Laramie|COUNTY
wy-2026-primary,wy|laramie|wy-2026-primary|county_local_summary,Laramie,wy-2026-primary|county|laramie|precinct-committeewoman-2-3|dem,DEM COMMITTEEWOMEN 2-03,Precinct Committeewoman 2-3,county,,DEM,DEM,precinct,b9595aad2a5ced2707a252aaa59135acdaa96c8c2c5659b6ea6c65c7d5d40c42,2026-08-21T12:49:44Z,,county_summary_pdf_v1,1.1.5,1,verified,https://www.laramiecountywy.gov/County-Government/Elected-Officials/County-Clerk/Elections/Election-Results,,,county_complete,candidate,Laramie,,,BARBARA CABOT,BARBARA CABOT,,63,,wy|laramie|wy-2026-primary|county_local_summary|b9595aad2a5ced2707a252aaa59135acdaa96c8c2c5659b6ea6c65c7d5d40c42|wy-2026-primary|county|laramie|precinct-committeewoman-2-3|dem|candidate|BARBARA CABOT|Laramie|COUNTY
wy-2026-primary,wy|laramie|wy-2026-primary|county_local_summary,Laramie,wy-2026-primary|county|laramie|precinct-committeewoman-2-3|dem,DEM COMMITTEEWOMEN 2-03,Precinct Committeewoman 2-3,county,,DEM,DEM,precinct,b9595aad2a5ced2707a252aaa59135acdaa96c8c2c5659b6ea6c65c7d5d40c42,2026-08-21T12:49:44Z,,county_summary_pdf_v1,1.1.5,1,verified,https://www.laramiecountywy.gov/County-Government/Elected-Officials/County-Clerk/Elections/Election-Results,,,county_complete,write_in_aggregate,Laramie,,,,,,0,,wy|laramie|wy-2026-primary|county_local_summary|b9595aad2a5ced2707a252aaa59135acdaa96c8c2c5659b6ea6c65c7d5d40c42|wy-2026-primary|county|laramie|precinct-committeewoman-2-3|dem|write_in_aggregate|write_in_aggregate|Laramie|COUNTY
wy-2026-primary,wy|laramie|wy-2026-primary|county_local_summary,Laramie,wy-2026-primary|county|laramie|precinct-committeewoman-2-3|dem,DEM COMMITTEEWOMEN 2-03,Precinct Committeewoman 2-3,county,,DEM,DEM,precinct,b9595aad2a5ced2707a252aaa59135acdaa96c8c2c5659b6ea6c65c7d5d40c42,2026-08-21T12:49:44Z,,county_summary_pdf_v1,1.1.5,1,verified,https://www.laramiecountywy.gov/County-Government/Elected-Officials/County-Clerk/Elections/Election-Results,,,county_complete,overvote,Laramie,,,,,,0,,wy|laramie|wy-2026-primary|county_local_summary|b9595aad2a5ced2707a252aaa59135acdaa96c8c2c5659b6ea6c65c7d5d40c42|wy-2026-primary|county|laramie|precinct-committeewoman-2-3|dem|overvote|overvote|Laramie|COUNTY
wy-2026-primary,wy|laramie|wy-2026-primary|county_local_summary,Laramie,wy-2026-primary|county|laramie|precinct-committeewoman-2-3|dem,DEM COMMITTEEWOMEN 2-03,Precinct Committeewoman 2-3,county,,DEM,DEM,precinct,b9595aad2a5ced2707a252aaa59135acdaa96c8c2c5659b6ea6c65c7d5d40c42,2026-08-21T12:49:44Z,,county_summary_pdf_v1,1.1.5,1,verified,https://www.laramiecountywy.gov/County-Government/Elected-Officials/County-Clerk/Elections/Election-Results,,,county_complete,undervote,Laramie,,,,,,6,,wy|laramie|wy-2026-primary|county_local_summary|b9595aad2a5ced2707a252aaa59135acdaa96c8c2c5659b6ea6c65c7d5d40c42|wy-2026-primary|county|laramie|precinct-committeewoman-2-3|dem|undervote|undervote|Laramie|COUNTY
wy-2026-primary,wy|laramie|wy-2026-primary|county_local_summary,Laramie,wy-2026-primary|county|laramie|precinct-committeeman-2-4|dem,DEM COMMITTEEMEN 2-04,Precinct Committeeman 2-4,county,,DEM,DEM,precinct,b9595aad2a5ced2707a252aaa59135acdaa96c8c2c5659b6ea6c65c7d5d40c42,2026-08-21T12:49:44Z,,county_summary_pdf_v1,1.1.5,1,verified,https://www.laramiecountywy.gov/County-Government/Elected-Officials/County-Clerk/Elections/Election-Results,,,county_complete,write_in_aggregate,Laramie,,,,,,18,,wy|laramie|wy-2026-primary|county_local_summary|b9595aad2a5ced2707a252aaa59135acdaa96c8c2c5659b6ea6c65c7d5d40c42|wy-2026-primary|county|laramie|precinct-committeeman-2-4|dem|write_in_aggregate|write_in_aggregate|Laramie|COUNTY
wy-2026-primary,wy|laramie|wy-2026-primary|county_local_summary,Laramie,wy-2026-primary|county|laramie|precinct-committeeman-2-4|dem,DEM COMMITTEEMEN 2-04,Precinct Committeeman 2-4,county,,DEM,DEM,precinct,b9595aad2a5ced2707a252aaa59135acdaa96c8c2c5659b6ea6c65c7d5d40c42,2026-08-21T12:49:44Z,,county_summary_pdf_v1,1.1.5,1,verified,https://www.laramiecountywy.gov/County-Government/Elected-Officials/County-Clerk/Elections/Election-Results,,,county_complete,overvote,Laramie,,,,,,0,,wy|laramie|wy-2026-primary|county_local_summary|b9595aad2a5ced2707a252aaa59135acdaa96c8c2c5659b6ea6c65c7d5d40c42|wy-2026-primary|county|laramie|precinct-committeeman-2-4|dem|overvote|overvote|Laramie|COUNTY
wy-2026-primary,wy|laramie|wy-2026-primary|county_local_summary,Laramie,wy-2026-primary|county|laramie|precinct-committeeman-2-4|dem,DEM COMMITTEEMEN 2-04,Precinct Committeeman 2-4,county,,DEM,DEM,precinct,b9595aad2a5ced2707a252aaa59135acdaa96c8c2c5659b6ea6c65c7d5d40c42,2026-08-21T12:49:44Z,,county_summary_pdf_v1,1.1.5,1,verified,https://www.laramiecountywy.gov/County-Government/Elected-Officials/County-Clerk/Elections/Election-Results,,,county_complete,undervote,Laramie,,,,,,138,,wy|laramie|wy-2026-primary|county_local_summary|b9595aad2a5ced2707a252aaa59135acdaa96c8c2c5659b6ea6c65c7d5d40c42|wy-2026-primary|county|laramie|precinct-committeeman-2-4|dem|undervote|undervote|Laramie|COUNTY
wy-2026-primary,wy|laramie|wy-2026-primary|county_local_summary,Laramie,wy-2026-primary|county|laramie|precinct-committeewoman-2-4|dem,DEM COMMITTEEWOMEN 2-04,Precinct Committeewoman 2-4,county,,DEM,DEM,precinct,b9595aad2a5ced2707a252aaa59135acdaa96c8c2c5659b6ea6c65c7d5d40c42,2026-08-21T12:49:44Z,,county_summary_pdf_v1,1.1.5,1,verified,https://www.laramiecountywy.gov/County-Government/Elected-Officials/County-Clerk/Elections/Election-Results,,,county_complete,write_in_aggregate,Laramie,,,,,,18,,wy|laramie|wy-2026-primary|county_local_summary|b9595aad2a5ced2707a252aaa59135acdaa96c8c2c5659b6ea6c65c7d5d40c42|wy-2026-primary|county|laramie|precinct-committeewoman-2-4|dem|write_in_aggregate|write_in_aggregate|Laramie|COUNTY
wy-2026-primary,wy|laramie|wy-2026-primary|county_local_summary,Laramie,wy-2026-primary|county|laramie|precinct-committeewoman-2-4|dem,DEM COMMITTEEWOMEN 2-04,Precinct Committeewoman 2-4,county,,DEM,DEM,precinct,b9595aad2a5ced2707a252aaa59135acdaa96c8c2c5659b6ea6c65c7d5d40c42,2026-08-21T12:49:44Z,,county_summary_pdf_v1,1.1.5,1,verified,https://www.laramiecountywy.gov/County-Government/Elected-Officials/County-Clerk/Elections/Election-Results,,,county_complete,overvote,Laramie,,,,,,0,,wy|laramie|wy-2026-primary|county_local_summary|b9595aad2a5ced2707a252aaa59135acdaa96c8c2c5659b6ea6c65c7d5d40c42|wy-2026-primary|county|laramie|precinct-committeewoman-2-4|dem|overvote|overvote|Laramie|COUNTY
wy-2026-primary,wy|laramie|wy-2026-primary|county_local_summary,Laramie,wy-2026-primary|county|laramie|precinct-committeewoman-2-4|dem,DEM COMMITTEEWOMEN 2-04,Precinct Committeewoman 2-4,county,,DEM,DEM,precinct,b9595aad2a5ced2707a252aaa59135acdaa96c8c2c5659b6ea6c65c7d5d40c42,2026-08-21T12:49:44Z,,county_summary_pdf_v1,1.1.5,1,verified,https://www.laramiecountywy.gov/County-Government/Elected-Officials/County-Clerk/Elections/Election-Results,,,county_complete,undervote,Laramie,,,,,,138,,wy|laramie|wy-2026-primary|county_local_summary|b9595aad2a5ced2707a252aaa59135acdaa96c8c2c5659b6ea6c65c7d5d40c42|wy-2026-primary|county|laramie|precinct-committeewoman-2-4|dem|undervote|undervote|Laramie|COUNTY
wy-2026-primary,wy|laramie|wy-2026-primary|county_local_summary,Laramie,wy-2026-primary|county|laramie|precinct-committeeman-2-5|dem,DEM COMMITTEEMEN 2-05,Precinct Committeeman 2-5,county,,DEM,DEM,precinct,b9595aad2a5ced2707a252aaa59135acdaa96c8c2c5659b6ea6c65c7d5d40c42,2026-08-21T12:49:44Z,,county_summary_pdf_v1,1.1.5,1,verified,https://www.laramiecountywy.gov/County-Government/Elected-Officials/County-Clerk/Elections/Election-Results,,,county_complete,write_in_aggregate,Laramie,,,,,,3,,wy|laramie|wy-2026-primary|county_local_summary|b9595aad2a5ced2707a252aaa59135acdaa96c8c2c5659b6ea6c65c7d5d40c42|wy-2026-primary|county|laramie|precinct-committeeman-2-5|dem|write_in_aggregate|write_in_aggregate|Laramie|COUNTY
wy-2026-primary,wy|laramie|wy-2026-primary|county_local_summary,Laramie,wy-2026-primary|county|laramie|precinct-committeeman-2-5|dem,DEM COMMITTEEMEN 2-05,Precinct Committeeman 2-5,county,,DEM,DEM,precinct,b9595aad2a5ced2707a252aaa59135acdaa96c8c2c5659b6ea6c65c7d5d40c42,2026-08-21T12:49:44Z,,county_summary_pdf_v1,1.1.5,1,verified,https://www.laramiecountywy.gov/County-Government/Elected-Officials/County-Clerk/Elections/Election-Results,,,county_complete,overvote,Laramie,,,,,,0,,wy|laramie|wy-2026-primary|county_local_summary|b9595aad2a5ced2707a252aaa59135acdaa96c8c2c5659b6ea6c65c7d5d40c42|wy-2026-primary|county|laramie|precinct-committeeman-2-5|dem|overvote|overvote|Laramie|COUNTY
wy-2026-primary,wy|laramie|wy-2026-primary|county_local_summary,Laramie,wy-2026-primary|county|laramie|precinct-committeeman-2-5|dem,DEM COMMITTEEMEN 2-05,Precinct Committeeman 2-5,county,,DEM,DEM,precinct,b9595aad2a5ced2707a252aaa59135acdaa96c8c2c5659b6ea6c65c7d5d40c42,2026-08-21T12:49:44Z,,county_summary_pdf_v1,1.1.5,1,verified,https://www.laramiecountywy.gov/County-Government/Elected-Officials/County-Clerk/Elections/Election-Results,,,county_complete,undervote,Laramie,,,,,,25,,wy|laramie|wy-2026-primary|county_local_summary|b9595aad2a5ced2707a252aaa59135acdaa96c8c2c5659b6ea6c65c7d5d40c42|wy-2026-primary|county|laramie|precinct-committeeman-2-5|dem|undervote|undervote|Laramie|COUNTY
wy-2026-primary,wy|laramie|wy-2026-primary|county_local_summary,Laramie,wy-2026-primary|county|laramie|precinct-committeewoman-2-5|dem,DEM COMMITTEEWOMEN 2-05,Precinct Committeewoman 2-5,county,,DEM,DEM,precinct,b9595aad2a5ced2707a252aaa59135acdaa96c8c2c5659b6ea6c65c7d5d40c42,2026-08-21T12:49:44Z,,county_summary_pdf_v1,1.1.5,1,verified,https://www.laramiecountywy.gov/County-Government/Elected-Officials/County-Clerk/Elections/Election-Results,,,county_complete,write_in_aggregate,Laramie,,,,,,2,,wy|laramie|wy-2026-primary|county_local_summary|b9595aad2a5ced2707a252aaa59135acdaa96c8c2c5659b6ea6c65c7d5d40c42|wy-2026-primary|county|laramie|precinct-committeewoman-2-5|dem|write_in_aggregate|write_in_aggregate|Laramie|COUNTY
wy-2026-primary,wy|laramie|wy-2026-primary|county_local_summary,Laramie,wy-2026-primary|county|laramie|precinct-committeewoman-2-5|dem,DEM COMMITTEEWOMEN 2-05,Precinct Committeewoman 2-5,county,,DEM,DEM,precinct,b9595aad2a5ced2707a252aaa59135acdaa96c8c2c5659b6ea6c65c7d5d40c42,2026-08-21T12:49:44Z,,county_summary_pdf_v1,1.1.5,1,verified,https://www.laramiecountywy.gov/County-Government/Elected-Officials/County-Clerk/Elections/Election-Results,,,county_complete,overvote,Laramie,,,,,,0,,wy|laramie|wy-2026-primary|county_local_summary|b9595aad2a5ced2707a252aaa59135acdaa96c8c2c5659b6ea6c65c7d5d40c42|wy-2026-primary|county|laramie|precinct-committeewoman-2-5|dem|overvote|overvote|Laramie|COUNTY
wy-2026-primary,wy|laramie|wy-2026-primary|county_local_summary,Laramie,wy-2026-primary|county|laramie|precinct-committeewoman-2-5|dem,DEM COMMITTEEWOMEN 2-05,Precinct Committeewoman 2-5,county,,DEM,DEM,precinct,b9595aad2a5ced2707a252aaa59135acdaa96c8c2c5659b6ea6c65c7d5d40c42,2026-08-21T12:49:44Z,,county_summary_pdf_v1,1.1.5,1,verified,https://www.laramiecountywy.gov/County-Government/Elected-Officials/County-Clerk/Elections/Election-Results,,,county_complete,undervote,Laramie,,,,,,26,,wy|laramie|wy-2026-primary|county_local_summary|b9595aad2a5ced2707a252aaa59135acdaa96c8c2c5659b6ea6c65c7d5d40c42|wy-2026-primary|county|laramie|precinct-committeewoman-2-5|dem|undervote|undervote|Laramie|COUNTY
wy-2026-primary,wy|laramie|wy-2026-primary|county_local_summary,Laramie,wy-2026-primary|county|laramie|precinct-committeeman-2-6|dem,DEM COMMITTEEMEN 2-06,Precinct Committeeman 2-6,county,,DEM,DEM,precinct,b9595aad2a5ced2707a252aaa59135acdaa96c8c2c5659b6ea6c65c7d5d40c42,2026-08-21T12:49:44Z,,county_summary_pdf_v1,1.1.5,1,verified,https://www.laramiecountywy.gov/County-Government/Elected-Officials/County-Clerk/Elections/Election-Results,,,county_complete,write_in_aggregate,Laramie,,,,,,81,,wy|laramie|wy-2026-primary|county_local_summary|b9595aad2a5ced2707a252aaa59135acdaa96c8c2c5659b6ea6c65c7d5d40c42|wy-2026-primary|county|laramie|precinct-committeeman-2-6|dem|write_in_aggregate|write_in_aggregate|Laramie|COUNTY
wy-2026-primary,wy|laramie|wy-2026-primary|county_local_summary,Laramie,wy-2026-primary|county|laramie|precinct-committeeman-2-6|dem,DEM COMMITTEEMEN 2-06,Precinct Committeeman 2-6,county,,DEM,DEM,precinct,b9595aad2a5ced2707a252aaa59135acdaa96c8c2c5659b6ea6c65c7d5d40c42,2026-08-21T12:49:44Z,,county_summary_pdf_v1,1.1.5,1,verified,https://www.laramiecountywy.gov/County-Government/Elected-Officials/County-Clerk/Elections/Election-Results,,,county_complete,overvote,Laramie,,,,,,0,,wy|laramie|wy-2026-primary|county_local_summary|b9595aad2a5ced2707a252aaa59135acdaa96c8c2c5659b6ea6c65c7d5d40c42|wy-2026-primary|county|laramie|precinct-committeeman-2-6|dem|overvote|overvote|Laramie|COUNTY
wy-2026-primary,wy|laramie|wy-2026-primary|county_local_summary,Laramie,wy-2026-primary|county|laramie|precinct-committeeman-2-6|dem,DEM COMMITTEEMEN 2-06,Precinct Committeeman 2-6,county,,DEM,DEM,precinct,b9595aad2a5ced2707a252aaa59135acdaa96c8c2c5659b6ea6c65c7d5d40c42,2026-08-21T12:49:44Z,,county_summary_pdf_v1,1.1.5,1,verified,https://www.laramiecountywy.gov/County-Government/Elected-Officials/County-Clerk/Elections/Election-Results,,,county_complete,undervote,Laramie,,,,,,519,,wy|laramie|wy-2026-primary|county_local_summary|b9595aad2a5ced2707a252aaa59135acdaa96c8c2c5659b6ea6c65c7d5d40c42|wy-2026-primary|county|laramie|precinct-committeeman-2-6|dem|undervote|undervote|Laramie|COUNTY
wy-2026-primary,wy|laramie|wy-2026-primary|county_local_summary,Laramie,wy-2026-primary|county|laramie|precinct-committeewoman-2-6|dem,DEM COMMITTEEWOMEN 2-06,Precinct Committeewoman 2-6,county,,DEM,DEM,precinct,b9595aad2a5ced2707a252aaa59135acdaa96c8c2c5659b6ea6c65c7d5d40c42,2026-08-21T12:49:44Z,,county_summary_pdf_v1,1.1.5,1,verified,https://www.laramiecountywy.gov/County-Government/Elected-Officials/County-Clerk/Elections/Election-Results,,,county_complete,write_in_aggregate,Laramie,,,,,,81,,wy|laramie|wy-2026-primary|county_local_summary|b9595aad2a5ced2707a252aaa59135acdaa96c8c2c5659b6ea6c65c7d5d40c42|wy-2026-primary|county|laramie|precinct-committeewoman-2-6|dem|write_in_aggregate|write_in_aggregate|Laramie|COUNTY
wy-2026-primary,wy|laramie|wy-2026-primary|county_local_summary,Laramie,wy-2026-primary|county|laramie|precinct-committeewoman-2-6|dem,DEM COMMITTEEWOMEN 2-06,Precinct Committeewoman 2-6,county,,DEM,DEM,precinct,b9595aad2a5ced2707a252aaa59135acdaa96c8c2c5659b6ea6c65c7d5d40c42,2026-08-21T12:49:44Z,,county_summary_pdf_v1,1.1.5,1,verified,https://www.laramiecountywy.gov/County-Government/Elected-Officials/County-Clerk/Elections/Election-Results,,,county_complete,overvote,Laramie,,,,,,0,,wy|laramie|wy-2026-primary|county_local_summary|b9595aad2a5ced2707a252aaa59135acdaa96c8c2c5659b6ea6c65c7d5d40c42|wy-2026-primary|county|laramie|precinct-committeewoman-2-6|dem|overvote|overvote|Laramie|COUNTY
wy-2026-primary,wy|laramie|wy-2026-primary|county_local_summary,Laramie,wy-2026-primary|county|laramie|precinct-committeewoman-2-6|dem,DEM COMMITTEEWOMEN 2-06,Precinct Committeewoman 2-6,county,,DEM,DEM,precinct,b9595aad2a5ced2707a252aaa59135acdaa96c8c2c5659b6ea6c65c7d5d40c42,2026-08-21T12:49:44Z,,county_summary_pdf_v1,1.1.5,1,verified,https://www.laramiecountywy.gov/County-Government/Elected-Officials/County-Clerk/Elections/Election-Results,,,county_complete,undervote,Laramie,,,,,,519,,wy|laramie|wy-2026-primary|county_local_summary|b9595aad2a5ced2707a252aaa59135acdaa96c8c2c5659b6ea6c65c7d5d40c42|wy-2026-primary|county|laramie|precinct-committeewoman-2-6|dem|undervote|undervote|Laramie|COUNTY
wy-2026-primary,wy|laramie|wy-2026-primary|county_local_summary,Laramie,wy-2026-primary|county|laramie|precinct-committeeman-2-7|dem,DEM COMMITTEEMEN 2-07,Precinct Committeeman 2-7,county,,DEM,DEM,precinct,b9595aad2a5ced2707a252aaa59135acdaa96c8c2c5659b6ea6c65c7d5d40c42,2026-08-21T12:49:44Z,,county_summary_pdf_v1,1.1.5,1,verified,https://www.laramiecountywy.gov/County-Government/Elected-Officials/County-Clerk/Elections/Election-Results,,,county_complete,write_in_aggregate,Laramie,,,,,,29,,wy|laramie|wy-2026-primary|county_local_summary|b9595aad2a5ced2707a252aaa59135acdaa96c8c2c5659b6ea6c65c7d5d40c42|wy-2026-primary|county|laramie|precinct-committeeman-2-7|dem|write_in_aggregate|write_in_aggregate|Laramie|COUNTY
wy-2026-primary,wy|laramie|wy-2026-primary|county_local_summary,Laramie,wy-2026-primary|county|laramie|precinct-committeeman-2-7|dem,DEM COMMITTEEMEN 2-07,Precinct Committeeman 2-7,county,,DEM,DEM,precinct,b9595aad2a5ced2707a252aaa59135acdaa96c8c2c5659b6ea6c65c7d5d40c42,2026-08-21T12:49:44Z,,county_summary_pdf_v1,1.1.5,1,verified,https://www.laramiecountywy.gov/County-Government/Elected-Officials/County-Clerk/Elections/Election-Results,,,county_complete,overvote,Laramie,,,,,,0,,wy|laramie|wy-2026-primary|county_local_summary|b9595aad2a5ced2707a252aaa59135acdaa96c8c2c5659b6ea6c65c7d5d40c42|wy-2026-primary|county|laramie|precinct-committeeman-2-7|dem|overvote|overvote|Laramie|COUNTY
wy-2026-primary,wy|laramie|wy-2026-primary|county_local_summary,Laramie,wy-2026-primary|county|laramie|precinct-committeeman-2-7|dem,DEM COMMITTEEMEN 2-07,Precinct Committeeman 2-7,county,,DEM,DEM,precinct,b9595aad2a5ced2707a252aaa59135acdaa96c8c2c5659b6ea6c65c7d5d40c42,2026-08-21T12:49:44Z,,county_summary_pdf_v1,1.1.5,1,verified,https://www.laramiecountywy.gov/County-Government/Elected-Officials/County-Clerk/Elections/Election-Results,,,county_complete,undervote,Laramie,,,,,,179,,wy|laramie|wy-2026-primary|county_local_summary|b9595aad2a5ced2707a252aaa59135acdaa96c8c2c5659b6ea6c65c7d5d40c42|wy-2026-primary|county|laramie|precinct-committeeman-2-7|dem|undervote|undervote|Laramie|COUNTY
wy-2026-primary,wy|laramie|wy-2026-primary|county_local_summary,Laramie,wy-2026-primary|county|laramie|precinct-committeewoman-2-7|dem,DEM COMMITTEEWOMEN 2-07,Precinct Committeewoman 2-7,county,,DEM,DEM,precinct,b9595aad2a5ced2707a252aaa59135acdaa96c8c2c5659b6ea6c65c7d5d40c42,2026-08-21T12:49:44Z,,county_summary_pdf_v1,1.1.5,1,verified,https://www.laramiecountywy.gov/County-Government/Elected-Officials/County-Clerk/Elections/Election-Results,,,county_complete,write_in_aggregate,Laramie,,,,,,27,,wy|laramie|wy-2026-primary|county_local_summary|b9595aad2a5ced2707a252aaa59135acdaa96c8c2c5659b6ea6c65c7d5d40c42|wy-2026-primary|county|laramie|precinct-committeewoman-2-7|dem|write_in_aggregate|write_in_aggregate|Laramie|COUNTY
wy-2026-primary,wy|laramie|wy-2026-primary|county_local_summary,Laramie,wy-2026-primary|county|laramie|precinct-committeewoman-2-7|dem,DEM COMMITTEEWOMEN 2-07,Precinct Committeewoman 2-7,county,,DEM,DEM,precinct,b9595aad2a5ced2707a252aaa59135acdaa96c8c2c5659b6ea6c65c7d5d40c42,2026-08-21T12:49:44Z,,county_summary_pdf_v1,1.1.5,1,verified,https://www.laramiecountywy.gov/County-Government/Elected-Officials/County-Clerk/Elections/Election-Results,,,county_complete,overvote,Laramie,,,,,,0,,wy|laramie|wy-2026-primary|county_local_summary|b9595aad2a5ced2707a252aaa59135acdaa96c8c2c5659b6ea6c65c7d5d40c42|wy-2026-primary|county|laramie|precinct-committeewoman-2-7|dem|overvote|overvote|Laramie|COUNTY
wy-2026-primary,wy|laramie|wy-2026-primary|county_local_summary,Laramie,wy-2026-primary|county|laramie|precinct-committeewoman-2-7|dem,DEM COMMITTEEWOMEN 2-07,Precinct Committeewoman 2-7,county,,DEM,DEM,precinct,b9595aad2a5ced2707a252aaa59135acdaa96c8c2c5659b6ea6c65c7d5d40c42,2026-08-21T12:49:44Z,,county_summary_pdf_v1,1.1.5,1,verified,https://www.laramiecountywy.gov/County-Government/Elected-Officials/County-Clerk/Elections/Election-Results,,,county_complete,undervote,Laramie,,,,,,181,,wy|laramie|wy-2026-primary|county_local_summary|b9595aad2a5ced2707a252aaa59135acdaa96c8c2c5659b6ea6c65c7d5d40c42|wy-2026-primary|county|laramie|precinct-committeewoman-2-7|dem|undervote|undervote|Laramie|COUNTY
wy-2026-primary,wy|laramie|wy-2026-primary|county_local_summary,Laramie,wy-2026-primary|county|laramie|precinct-committeeman-2-8|dem,DEM COMMITTEEMEN 2-08,Precinct Committeeman 2-8,county,,DEM,DEM,precinct,b9595aad2a5ced2707a252aaa59135acdaa96c8c2c5659b6ea6c65c7d5d40c42,2026-08-21T12:49:44Z,,county_summary_pdf_v1,1.1.5,1,verified,https://www.laramiecountywy.gov/County-Government/Elected-Officials/County-Clerk/Elections/Election-Results,,,county_complete,write_in_aggregate,Laramie,,,,,,5,,wy|laramie|wy-2026-primary|county_local_summary|b9595aad2a5ced2707a252aaa59135acdaa96c8c2c5659b6ea6c65c7d5d40c42|wy-2026-primary|county|laramie|precinct-committeeman-2-8|dem|write_in_aggregate|write_in_aggregate|Laramie|COUNTY
wy-2026-primary,wy|laramie|wy-2026-primary|county_local_summary,Laramie,wy-2026-primary|county|laramie|precinct-committeeman-2-8|dem,DEM COMMITTEEMEN 2-08,Precinct Committeeman 2-8,county,,DEM,DEM,precinct,b9595aad2a5ced2707a252aaa59135acdaa96c8c2c5659b6ea6c65c7d5d40c42,2026-08-21T12:49:44Z,,county_summary_pdf_v1,1.1.5,1,verified,https://www.laramiecountywy.gov/County-Government/Elected-Officials/County-Clerk/Elections/Election-Results,,,county_complete,overvote,Laramie,,,,,,0,,wy|laramie|wy-2026-primary|county_local_summary|b9595aad2a5ced2707a252aaa59135acdaa96c8c2c5659b6ea6c65c7d5d40c42|wy-2026-primary|county|laramie|precinct-committeeman-2-8|dem|overvote|overvote|Laramie|COUNTY
wy-2026-primary,wy|laramie|wy-2026-primary|county_local_summary,Laramie,wy-2026-primary|county|laramie|precinct-committeeman-2-8|dem,DEM COMMITTEEMEN 2-08,Precinct Committeeman 2-8,county,,DEM,DEM,precinct,b9595aad2a5ced2707a252aaa59135acdaa96c8c2c5659b6ea6c65c7d5d40c42,2026-08-21T12:49:44Z,,county_summary_pdf_v1,1.1.5,1,verified,https://www.laramiecountywy.gov/County-Government/Elected-Officials/County-Clerk/Elections/Election-Results,,,county_complete,undervote,Laramie,,,,,,19,,wy|laramie|wy-2026-primary|county_local_summary|b9595aad2a5ced2707a252aaa59135acdaa96c8c2c5659b6ea6c65c7d5d40c42|wy-2026-primary|county|laramie|precinct-committeeman-2-8|dem|undervote|undervote|Laramie|COUNTY
wy-2026-primary,wy|laramie|wy-2026-primary|county_local_summary,Laramie,wy-2026-primary|county|laramie|precinct-committeewoman-2-8|dem,DEM COMMITTEEWOMEN 2-08,Precinct Committeewoman 2-8,county,,DEM,DEM,precinct,b9595aad2a5ced2707a252aaa59135acdaa96c8c2c5659b6ea6c65c7d5d40c42,2026-08-21T12:49:44Z,,county_summary_pdf_v1,1.1.5,1,verified,https://www.laramiecountywy.gov/County-Government/Elected-Officials/County-Clerk/Elections/Election-Results,,,county_complete,write_in_aggregate,Laramie,,,,,,4,,wy|laramie|wy-2026-primary|county_local_summary|b9595aad2a5ced2707a252aaa59135acdaa96c8c2c5659b6ea6c65c7d5d40c42|wy-2026-primary|county|laramie|precinct-committeewoman-2-8|dem|write_in_aggregate|write_in_aggregate|Laramie|COUNTY
wy-2026-primary,wy|laramie|wy-2026-primary|county_local_summary,Laramie,wy-2026-primary|county|laramie|precinct-committeewoman-2-8|dem,DEM COMMITTEEWOMEN 2-08,Precinct Committeewoman 2-8,county,,DEM,DEM,precinct,b9595aad2a5ced2707a252aaa59135acdaa96c8c2c5659b6ea6c65c7d5d40c42,2026-08-21T12:49:44Z,,county_summary_pdf_v1,1.1.5,1,verified,https://www.laramiecountywy.gov/County-Government/Elected-Officials/County-Clerk/Elections/Election-Results,,,county_complete,overvote,Laramie,,,,,,0,,wy|laramie|wy-2026-primary|county_local_summary|b9595aad2a5ced2707a252aaa59135acdaa96c8c2c5659b6ea6c65c7d5d40c42|wy-2026-primary|county|laramie|precinct-committeewoman-2-8|dem|overvote|overvote|Laramie|COUNTY
wy-2026-primary,wy|laramie|wy-2026-primary|county_local_summary,Laramie,wy-2026-primary|county|laramie|precinct-committeewoman-2-8|dem,DEM COMMITTEEWOMEN 2-08,Precinct Committeewoman 2-8,county,,DEM,DEM,precinct,b9595aad2a5ced2707a252aaa59135acdaa96c8c2c5659b6ea6c65c7d5d40c42,2026-08-21T12:49:44Z,,county_summary_pdf_v1,1.1.5,1,verified,https://www.laramiecountywy.gov/County-Government/Elected-Officials/County-Clerk/Elections/Election-Results,,,county_complete,undervote,Laramie,,,,,,20,,wy|laramie|wy-2026-primary|county_local_summary|b9595aad2a5ced2707a252aaa59135acdaa96c8c2c5659b6ea6c65c7d5d40c42|wy-2026-primary|county|laramie|precinct-committeewoman-2-8|dem|undervote|undervote|Laramie|COUNTY
wy-2026-primary,wy|laramie|wy-2026-primary|county_local_summary,Laramie,wy-2026-primary|county|laramie|precinct-committeeman-3-1|dem,DEM COMMITTEEMEN 3-01,Precinct Committeeman 3-1,county,,DEM,DEM,precinct,b9595aad2a5ced2707a252aaa59135acdaa96c8c2c5659b6ea6c65c7d5d40c42,2026-08-21T12:49:44Z,,county_summary_pdf_v1,1.1.5,1,verified,https://www.laramiecountywy.gov/County-Government/Elected-Officials/County-Clerk/Elections/Election-Results,,,county_complete,write_in_aggregate,Laramie,,,,,,23,,wy|laramie|wy-2026-primary|county_local_summary|b9595aad2a5ced2707a252aaa59135acdaa96c8c2c5659b6ea6c65c7d5d40c42|wy-2026-primary|county|laramie|precinct-committeeman-3-1|dem|write_in_aggregate|write_in_aggregate|Laramie|COUNTY
wy-2026-primary,wy|laramie|wy-2026-primary|county_local_summary,Laramie,wy-2026-primary|county|laramie|precinct-committeeman-3-1|dem,DEM COMMITTEEMEN 3-01,Precinct Committeeman 3-1,county,,DEM,DEM,precinct,b9595aad2a5ced2707a252aaa59135acdaa96c8c2c5659b6ea6c65c7d5d40c42,2026-08-21T12:49:44Z,,county_summary_pdf_v1,1.1.5,1,verified,https://www.laramiecountywy.gov/County-Government/Elected-Officials/County-Clerk/Elections/Election-Results,,,county_complete,overvote,Laramie,,,,,,0,,wy|laramie|wy-2026-primary|county_local_summary|b9595aad2a5ced2707a252aaa59135acdaa96c8c2c5659b6ea6c65c7d5d40c42|wy-2026-primary|county|laramie|precinct-committeeman-3-1|dem|overvote|overvote|Laramie|COUNTY
wy-2026-primary,wy|laramie|wy-2026-primary|county_local_summary,Laramie,wy-2026-primary|county|laramie|precinct-committeeman-3-1|dem,DEM COMMITTEEMEN 3-01,Precinct Committeeman 3-1,county,,DEM,DEM,precinct,b9595aad2a5ced2707a252aaa59135acdaa96c8c2c5659b6ea6c65c7d5d40c42,2026-08-21T12:49:44Z,,county_summary_pdf_v1,1.1.5,1,verified,https://www.laramiecountywy.gov/County-Government/Elected-Officials/County-Clerk/Elections/Election-Results,,,county_complete,undervote,Laramie,,,,,,263,,wy|laramie|wy-2026-primary|county_local_summary|b9595aad2a5ced2707a252aaa59135acdaa96c8c2c5659b6ea6c65c7d5d40c42|wy-2026-primary|county|laramie|precinct-committeeman-3-1|dem|undervote|undervote|Laramie|COUNTY
wy-2026-primary,wy|laramie|wy-2026-primary|county_local_summary,Laramie,wy-2026-primary|county|laramie|precinct-committeewoman-3-1|dem,DEM COMMITTEEWOMEN 3-01,Precinct Committeewoman 3-1,county,,DEM,DEM,precinct,b9595aad2a5ced2707a252aaa59135acdaa96c8c2c5659b6ea6c65c7d5d40c42,2026-08-21T12:49:44Z,,county_summary_pdf_v1,1.1.5,1,verified,https://www.laramiecountywy.gov/County-Government/Elected-Officials/County-Clerk/Elections/Election-Results,,,county_complete,write_in_aggregate,Laramie,,,,,,26,,wy|laramie|wy-2026-primary|county_local_summary|b9595aad2a5ced2707a252aaa59135acdaa96c8c2c5659b6ea6c65c7d5d40c42|wy-2026-primary|county|laramie|precinct-committeewoman-3-1|dem|write_in_aggregate|write_in_aggregate|Laramie|COUNTY
wy-2026-primary,wy|laramie|wy-2026-primary|county_local_summary,Laramie,wy-2026-primary|county|laramie|precinct-committeewoman-3-1|dem,DEM COMMITTEEWOMEN 3-01,Precinct Committeewoman 3-1,county,,DEM,DEM,precinct,b9595aad2a5ced2707a252aaa59135acdaa96c8c2c5659b6ea6c65c7d5d40c42,2026-08-21T12:49:44Z,,county_summary_pdf_v1,1.1.5,1,verified,https://www.laramiecountywy.gov/County-Government/Elected-Officials/County-Clerk/Elections/Election-Results,,,county_complete,overvote,Laramie,,,,,,0,,wy|laramie|wy-2026-primary|county_local_summary|b9595aad2a5ced2707a252aaa59135acdaa96c8c2c5659b6ea6c65c7d5d40c42|wy-2026-primary|county|laramie|precinct-committeewoman-3-1|dem|overvote|overvote|Laramie|COUNTY
wy-2026-primary,wy|laramie|wy-2026-primary|county_local_summary,Laramie,wy-2026-primary|county|laramie|precinct-committeewoman-3-1|dem,DEM COMMITTEEWOMEN 3-01,Precinct Committeewoman 3-1,county,,DEM,DEM,precinct,b9595aad2a5ced2707a252aaa59135acdaa96c8c2c5659b6ea6c65c7d5d40c42,2026-08-21T12:49:44Z,,county_summary_pdf_v1,1.1.5,1,verified,https://www.laramiecountywy.gov/County-Government/Elected-Officials/County-Clerk/Elections/Election-Results,,,county_complete,undervote,Laramie,,,,,,260,,wy|laramie|wy-2026-primary|county_local_summary|b9595aad2a5ced2707a252aaa59135acdaa96c8c2c5659b6ea6c65c7d5d40c42|wy-2026-primary|county|laramie|precinct-committeewoman-3-1|dem|undervote|undervote|Laramie|COUNTY
wy-2026-primary,wy|laramie|wy-2026-primary|county_local_summary,Laramie,wy-2026-primary|county|laramie|precinct-committeeman-3-2|dem,DEM COMMITTEEMEN 3-02,Precinct Committeeman 3-2,county,,DEM,DEM,precinct,b9595aad2a5ced2707a252aaa59135acdaa96c8c2c5659b6ea6c65c7d5d40c42,2026-08-21T12:49:44Z,,county_summary_pdf_v1,1.1.5,1,verified,https://www.laramiecountywy.gov/County-Government/Elected-Officials/County-Clerk/Elections/Election-Results,,,county_complete,write_in_aggregate,Laramie,,,,,,27,,wy|laramie|wy-2026-primary|county_local_summary|b9595aad2a5ced2707a252aaa59135acdaa96c8c2c5659b6ea6c65c7d5d40c42|wy-2026-primary|county|laramie|precinct-committeeman-3-2|dem|write_in_aggregate|write_in_aggregate|Laramie|COUNTY
wy-2026-primary,wy|laramie|wy-2026-primary|county_local_summary,Laramie,wy-2026-primary|county|laramie|precinct-committeeman-3-2|dem,DEM COMMITTEEMEN 3-02,Precinct Committeeman 3-2,county,,DEM,DEM,precinct,b9595aad2a5ced2707a252aaa59135acdaa96c8c2c5659b6ea6c65c7d5d40c42,2026-08-21T12:49:44Z,,county_summary_pdf_v1,1.1.5,1,verified,https://www.laramiecountywy.gov/County-Government/Elected-Officials/County-Clerk/Elections/Election-Results,,,county_complete,overvote,Laramie,,,,,,0,,wy|laramie|wy-2026-primary|county_local_summary|b9595aad2a5ced2707a252aaa59135acdaa96c8c2c5659b6ea6c65c7d5d40c42|wy-2026-primary|county|laramie|precinct-committeeman-3-2|dem|overvote|overvote|Laramie|COUNTY
wy-2026-primary,wy|laramie|wy-2026-primary|county_local_summary,Laramie,wy-2026-primary|county|laramie|precinct-committeeman-3-2|dem,DEM COMMITTEEMEN 3-02,Precinct Committeeman 3-2,county,,DEM,DEM,precinct,b9595aad2a5ced2707a252aaa59135acdaa96c8c2c5659b6ea6c65c7d5d40c42,2026-08-21T12:49:44Z,,county_summary_pdf_v1,1.1.5,1,verified,https://www.laramiecountywy.gov/County-Government/Elected-Officials/County-Clerk/Elections/Election-Results,,,county_complete,undervote,Laramie,,,,,,199,,wy|laramie|wy-2026-primary|county_local_summary|b9595aad2a5ced2707a252aaa59135acdaa96c8c2c5659b6ea6c65c7d5d40c42|wy-2026-primary|county|laramie|precinct-committeeman-3-2|dem|undervote|undervote|Laramie|COUNTY
wy-2026-primary,wy|laramie|wy-2026-primary|county_local_summary,Laramie,wy-2026-primary|county|laramie|precinct-committeewoman-3-2|dem,DEM COMMITTEEWOMEN 3-02,Precinct Committeewoman 3-2,county,,DEM,DEM,precinct,b9595aad2a5ced2707a252aaa59135acdaa96c8c2c5659b6ea6c65c7d5d40c42,2026-08-21T12:49:44Z,,county_summary_pdf_v1,1.1.5,1,verified,https://www.laramiecountywy.gov/County-Government/Elected-Officials/County-Clerk/Elections/Election-Results,,,county_complete,write_in_aggregate,Laramie,,,,,,30,,wy|laramie|wy-2026-primary|county_local_summary|b9595aad2a5ced2707a252aaa59135acdaa96c8c2c5659b6ea6c65c7d5d40c42|wy-2026-primary|county|laramie|precinct-committeewoman-3-2|dem|write_in_aggregate|write_in_aggregate|Laramie|COUNTY
wy-2026-primary,wy|laramie|wy-2026-primary|county_local_summary,Laramie,wy-2026-primary|county|laramie|precinct-committeewoman-3-2|dem,DEM COMMITTEEWOMEN 3-02,Precinct Committeewoman 3-2,county,,DEM,DEM,precinct,b9595aad2a5ced2707a252aaa59135acdaa96c8c2c5659b6ea6c65c7d5d40c42,2026-08-21T12:49:44Z,,county_summary_pdf_v1,1.1.5,1,verified,https://www.laramiecountywy.gov/County-Government/Elected-Officials/County-Clerk/Elections/Election-Results,,,county_complete,overvote,Laramie,,,,,,0,,wy|laramie|wy-2026-primary|county_local_summary|b9595aad2a5ced2707a252aaa59135acdaa96c8c2c5659b6ea6c65c7d5d40c42|wy-2026-primary|county|laramie|precinct-committeewoman-3-2|dem|overvote|overvote|Laramie|COUNTY
wy-2026-primary,wy|laramie|wy-2026-primary|county_local_summary,Laramie,wy-2026-primary|county|laramie|precinct-committeewoman-3-2|dem,DEM COMMITTEEWOMEN 3-02,Precinct Committeewoman 3-2,county,,DEM,DEM,precinct,b9595aad2a5ced2707a252aaa59135acdaa96c8c2c5659b6ea6c65c7d5d40c42,2026-08-21T12:49:44Z,,county_summary_pdf_v1,1.1.5,1,verified,https://www.laramiecountywy.gov/County-Government/Elected-Officials/County-Clerk/Elections/Election-Results,,,county_complete,undervote,Laramie,,,,,,196,,wy|laramie|wy-2026-primary|county_local_summary|b9595aad2a5ced2707a252aaa59135acdaa96c8c2c5659b6ea6c65c7d5d40c42|wy-2026-primary|county|laramie|precinct-committeewoman-3-2|dem|undervote|undervote|Laramie|COUNTY
wy-2026-primary,wy|laramie|wy-2026-primary|county_local_summary,Laramie,wy-2026-primary|county|laramie|precinct-committeeman-3-3|dem,DEM COMMITTEEMEN 3-03,Precinct Committeeman 3-3,county,,DEM,DEM,precinct,b9595aad2a5ced2707a252aaa59135acdaa96c8c2c5659b6ea6c65c7d5d40c42,2026-08-21T12:49:44Z,,county_summary_pdf_v1,1.1.5,1,verified,https://www.laramiecountywy.gov/County-Government/Elected-Officials/County-Clerk/Elections/Election-Results,,,county_complete,write_in_aggregate,Laramie,,,,,,28,,wy|laramie|wy-2026-primary|county_local_summary|b9595aad2a5ced2707a252aaa59135acdaa96c8c2c5659b6ea6c65c7d5d40c42|wy-2026-primary|county|laramie|precinct-committeeman-3-3|dem|write_in_aggregate|write_in_aggregate|Laramie|COUNTY
wy-2026-primary,wy|laramie|wy-2026-primary|county_local_summary,Laramie,wy-2026-primary|county|laramie|precinct-committeeman-3-3|dem,DEM COMMITTEEMEN 3-03,Precinct Committeeman 3-3,county,,DEM,DEM,precinct,b9595aad2a5ced2707a252aaa59135acdaa96c8c2c5659b6ea6c65c7d5d40c42,2026-08-21T12:49:44Z,,county_summary_pdf_v1,1.1.5,1,verified,https://www.laramiecountywy.gov/County-Government/Elected-Officials/County-Clerk/Elections/Election-Results,,,county_complete,overvote,Laramie,,,,,,0,,wy|laramie|wy-2026-primary|county_local_summary|b9595aad2a5ced2707a252aaa59135acdaa96c8c2c5659b6ea6c65c7d5d40c42|wy-2026-primary|county|laramie|precinct-committeeman-3-3|dem|overvote|overvote|Laramie|COUNTY
wy-2026-primary,wy|laramie|wy-2026-primary|county_local_summary,Laramie,wy-2026-primary|county|laramie|precinct-committeeman-3-3|dem,DEM COMMITTEEMEN 3-03,Precinct Committeeman 3-3,county,,DEM,DEM,precinct,b9595aad2a5ced2707a252aaa59135acdaa96c8c2c5659b6ea6c65c7d5d40c42,2026-08-21T12:49:44Z,,county_summary_pdf_v1,1.1.5,1,verified,https://www.laramiecountywy.gov/County-Government/Elected-Officials/County-Clerk/Elections/Election-Results,,,county_complete,undervote,Laramie,,,,,,288,,wy|laramie|wy-2026-primary|county_local_summary|b9595aad2a5ced2707a252aaa59135acdaa96c8c2c5659b6ea6c65c7d5d40c42|wy-2026-primary|county|laramie|precinct-committeeman-3-3|dem|undervote|undervote|Laramie|COUNTY
wy-2026-primary,wy|laramie|wy-2026-primary|county_local_summary,Laramie,wy-2026-primary|county|laramie|precinct-committeewoman-3-3|dem,DEM COMMITTEEWOMEN 3-03,Precinct Committeewoman 3-3,county,,DEM,DEM,precinct,b9595aad2a5ced2707a252aaa59135acdaa96c8c2c5659b6ea6c65c7d5d40c42,2026-08-21T12:49:44Z,,county_summary_pdf_v1,1.1.5,1,verified,https://www.laramiecountywy.gov/County-Government/Elected-Officials/County-Clerk/Elections/Election-Results,,,county_complete,candidate,Laramie,,,BARBARA L. MILLER,BARBARA L. MILLER,,134,,wy|laramie|wy-2026-primary|county_local_summary|b9595aad2a5ced2707a252aaa59135acdaa96c8c2c5659b6ea6c65c7d5d40c42|wy-2026-primary|county|laramie|precinct-committeewoman-3-3|dem|candidate|BARBARA L. MILLER|Laramie|COUNTY
wy-2026-primary,wy|laramie|wy-2026-primary|county_local_summary,Laramie,wy-2026-primary|county|laramie|precinct-committeewoman-3-3|dem,DEM COMMITTEEWOMEN 3-03,Precinct Committeewoman 3-3,county,,DEM,DEM,precinct,b9595aad2a5ced2707a252aaa59135acdaa96c8c2c5659b6ea6c65c7d5d40c42,2026-08-21T12:49:44Z,,county_summary_pdf_v1,1.1.5,1,verified,https://www.laramiecountywy.gov/County-Government/Elected-Officials/County-Clerk/Elections/Election-Results,,,county_complete,write_in_aggregate,Laramie,,,,,,14,,wy|laramie|wy-2026-primary|county_local_summary|b9595aad2a5ced2707a252aaa59135acdaa96c8c2c5659b6ea6c65c7d5d40c42|wy-2026-primary|county|laramie|precinct-committeewoman-3-3|dem|write_in_aggregate|write_in_aggregate|Laramie|COUNTY
wy-2026-primary,wy|laramie|wy-2026-primary|county_local_summary,Laramie,wy-2026-primary|county|laramie|precinct-committeewoman-3-3|dem,DEM COMMITTEEWOMEN 3-03,Precinct Committeewoman 3-3,county,,DEM,DEM,precinct,b9595aad2a5ced2707a252aaa59135acdaa96c8c2c5659b6ea6c65c7d5d40c42,2026-08-21T12:49:44Z,,county_summary_pdf_v1,1.1.5,1,verified,https://www.laramiecountywy.gov/County-Government/Elected-Officials/County-Clerk/Elections/Election-Results,,,county_complete,overvote,Laramie,,,,,,0,,wy|laramie|wy-2026-primary|county_local_summary|b9595aad2a5ced2707a252aaa59135acdaa96c8c2c5659b6ea6c65c7d5d40c42|wy-2026-primary|county|laramie|precinct-committeewoman-3-3|dem|overvote|overvote|Laramie|COUNTY
wy-2026-primary,wy|laramie|wy-2026-primary|county_local_summary,Laramie,wy-2026-primary|county|laramie|precinct-committeewoman-3-3|dem,DEM COMMITTEEWOMEN 3-03,Precinct Committeewoman 3-3,county,,DEM,DEM,precinct,b9595aad2a5ced2707a252aaa59135acdaa96c8c2c5659b6ea6c65c7d5d40c42,2026-08-21T12:49:44Z,,county_summary_pdf_v1,1.1.5,1,verified,https://www.laramiecountywy.gov/County-Government/Elected-Officials/County-Clerk/Elections/Election-Results,,,county_complete,undervote,Laramie,,,,,,168,,wy|laramie|wy-2026-primary|county_local_summary|b9595aad2a5ced2707a252aaa59135acdaa96c8c2c5659b6ea6c65c7d5d40c42|wy-2026-primary|county|laramie|precinct-committeewoman-3-3|dem|undervote|undervote|Laramie|COUNTY
wy-2026-primary,wy|laramie|wy-2026-primary|county_local_summary,Laramie,wy-2026-primary|county|laramie|precinct-committeeman-3-4|dem,DEM COMMITTEEMEN 3-04,Precinct Committeeman 3-4,county,,DEM,DEM,precinct,b9595aad2a5ced2707a252aaa59135acdaa96c8c2c5659b6ea6c65c7d5d40c42,2026-08-21T12:49:44Z,,county_summary_pdf_v1,1.1.5,1,verified,https://www.laramiecountywy.gov/County-Government/Elected-Officials/County-Clerk/Elections/Election-Results,,,county_complete,write_in_aggregate,Laramie,,,,,,29,,wy|laramie|wy-2026-primary|county_local_summary|b9595aad2a5ced2707a252aaa59135acdaa96c8c2c5659b6ea6c65c7d5d40c42|wy-2026-primary|county|laramie|precinct-committeeman-3-4|dem|write_in_aggregate|write_in_aggregate|Laramie|COUNTY
wy-2026-primary,wy|laramie|wy-2026-primary|county_local_summary,Laramie,wy-2026-primary|county|laramie|precinct-committeeman-3-4|dem,DEM COMMITTEEMEN 3-04,Precinct Committeeman 3-4,county,,DEM,DEM,precinct,b9595aad2a5ced2707a252aaa59135acdaa96c8c2c5659b6ea6c65c7d5d40c42,2026-08-21T12:49:44Z,,county_summary_pdf_v1,1.1.5,1,verified,https://www.laramiecountywy.gov/County-Government/Elected-Officials/County-Clerk/Elections/Election-Results,,,county_complete,overvote,Laramie,,,,,,0,,wy|laramie|wy-2026-primary|county_local_summary|b9595aad2a5ced2707a252aaa59135acdaa96c8c2c5659b6ea6c65c7d5d40c42|wy-2026-primary|county|laramie|precinct-committeeman-3-4|dem|overvote|overvote|Laramie|COUNTY
wy-2026-primary,wy|laramie|wy-2026-primary|county_local_summary,Laramie,wy-2026-primary|county|laramie|precinct-committeeman-3-4|dem,DEM COMMITTEEMEN 3-04,Precinct Committeeman 3-4,county,,DEM,DEM,precinct,b9595aad2a5ced2707a252aaa59135acdaa96c8c2c5659b6ea6c65c7d5d40c42,2026-08-21T12:49:44Z,,county_summary_pdf_v1,1.1.5,1,verified,https://www.laramiecountywy.gov/County-Government/Elected-Officials/County-Clerk/Elections/Election-Results,,,county_complete,undervote,Laramie,,,,,,159,,wy|laramie|wy-2026-primary|county_local_summary|b9595aad2a5ced2707a252aaa59135acdaa96c8c2c5659b6ea6c65c7d5d40c42|wy-2026-primary|county|laramie|precinct-committeeman-3-4|dem|undervote|undervote|Laramie|COUNTY
wy-2026-primary,wy|laramie|wy-2026-primary|county_local_summary,Laramie,wy-2026-primary|county|laramie|precinct-committeewoman-3-4|dem,DEM COMMITTEEWOMEN 3-04,Precinct Committeewoman 3-4,county,,DEM,DEM,precinct,b9595aad2a5ced2707a252aaa59135acdaa96c8c2c5659b6ea6c65c7d5d40c42,2026-08-21T12:49:44Z,,county_summary_pdf_v1,1.1.5,1,verified,https://www.laramiecountywy.gov/County-Government/Elected-Officials/County-Clerk/Elections/Election-Results,,,county_complete,write_in_aggregate,Laramie,,,,,,28,,wy|laramie|wy-2026-primary|county_local_summary|b9595aad2a5ced2707a252aaa59135acdaa96c8c2c5659b6ea6c65c7d5d40c42|wy-2026-primary|county|laramie|precinct-committeewoman-3-4|dem|write_in_aggregate|write_in_aggregate|Laramie|COUNTY
wy-2026-primary,wy|laramie|wy-2026-primary|county_local_summary,Laramie,wy-2026-primary|county|laramie|precinct-committeewoman-3-4|dem,DEM COMMITTEEWOMEN 3-04,Precinct Committeewoman 3-4,county,,DEM,DEM,precinct,b9595aad2a5ced2707a252aaa59135acdaa96c8c2c5659b6ea6c65c7d5d40c42,2026-08-21T12:49:44Z,,county_summary_pdf_v1,1.1.5,1,verified,https://www.laramiecountywy.gov/County-Government/Elected-Officials/County-Clerk/Elections/Election-Results,,,county_complete,overvote,Laramie,,,,,,0,,wy|laramie|wy-2026-primary|county_local_summary|b9595aad2a5ced2707a252aaa59135acdaa96c8c2c5659b6ea6c65c7d5d40c42|wy-2026-primary|county|laramie|precinct-committeewoman-3-4|dem|overvote|overvote|Laramie|COUNTY
wy-2026-primary,wy|laramie|wy-2026-primary|county_local_summary,Laramie,wy-2026-primary|county|laramie|precinct-committeewoman-3-4|dem,DEM COMMITTEEWOMEN 3-04,Precinct Committeewoman 3-4,county,,DEM,DEM,precinct,b9595aad2a5ced2707a252aaa59135acdaa96c8c2c5659b6ea6c65c7d5d40c42,2026-08-21T12:49:44Z,,county_summary_pdf_v1,1.1.5,1,verified,https://www.laramiecountywy.gov/County-Government/Elected-Officials/County-Clerk/Elections/Election-Results,,,county_complete,undervote,Laramie,,,,,,160,,wy|laramie|wy-2026-primary|county_local_summary|b9595aad2a5ced2707a252aaa59135acdaa96c8c2c5659b6ea6c65c7d5d40c42|wy-2026-primary|county|laramie|precinct-committeewoman-3-4|dem|undervote|undervote|Laramie|COUNTY
wy-2026-primary,wy|laramie|wy-2026-primary|county_local_summary,Laramie,wy-2026-primary|county|laramie|precinct-committeeman-3-5|dem,DEM COMMITTEEMEN 3-05,Precinct Committeeman 3-5,county,,DEM,DEM,precinct,b9595aad2a5ced2707a252aaa59135acdaa96c8c2c5659b6ea6c65c7d5d40c42,2026-08-21T12:49:44Z,,county_summary_pdf_v1,1.1.5,1,verified,https://www.laramiecountywy.gov/County-Government/Elected-Officials/County-Clerk/Elections/Election-Results,,,county_complete,write_in_aggregate,Laramie,,,,,,28,,wy|laramie|wy-2026-primary|county_local_summary|b9595aad2a5ced2707a252aaa59135acdaa96c8c2c5659b6ea6c65c7d5d40c42|wy-2026-primary|county|laramie|precinct-committeeman-3-5|dem|write_in_aggregate|write_in_aggregate|Laramie|COUNTY
wy-2026-primary,wy|laramie|wy-2026-primary|county_local_summary,Laramie,wy-2026-primary|county|laramie|precinct-committeeman-3-5|dem,DEM COMMITTEEMEN 3-05,Precinct Committeeman 3-5,county,,DEM,DEM,precinct,b9595aad2a5ced2707a252aaa59135acdaa96c8c2c5659b6ea6c65c7d5d40c42,2026-08-21T12:49:44Z,,county_summary_pdf_v1,1.1.5,1,verified,https://www.laramiecountywy.gov/County-Government/Elected-Officials/County-Clerk/Elections/Election-Results,,,county_complete,overvote,Laramie,,,,,,0,,wy|laramie|wy-2026-primary|county_local_summary|b9595aad2a5ced2707a252aaa59135acdaa96c8c2c5659b6ea6c65c7d5d40c42|wy-2026-primary|county|laramie|precinct-committeeman-3-5|dem|overvote|overvote|Laramie|COUNTY
wy-2026-primary,wy|laramie|wy-2026-primary|county_local_summary,Laramie,wy-2026-primary|county|laramie|precinct-committeeman-3-5|dem,DEM COMMITTEEMEN 3-05,Precinct Committeeman 3-5,county,,DEM,DEM,precinct,b9595aad2a5ced2707a252aaa59135acdaa96c8c2c5659b6ea6c65c7d5d40c42,2026-08-21T12:49:44Z,,county_summary_pdf_v1,1.1.5,1,verified,https://www.laramiecountywy.gov/County-Government/Elected-Officials/County-Clerk/Elections/Election-Results,,,county_complete,undervote,Laramie,,,,,,106,,wy|laramie|wy-2026-primary|county_local_summary|b9595aad2a5ced2707a252aaa59135acdaa96c8c2c5659b6ea6c65c7d5d40c42|wy-2026-primary|county|laramie|precinct-committeeman-3-5|dem|undervote|undervote|Laramie|COUNTY
wy-2026-primary,wy|laramie|wy-2026-primary|county_local_summary,Laramie,wy-2026-primary|county|laramie|precinct-committeewoman-3-5|dem,DEM COMMITTEEWOMEN 3-05,Precinct Committeewoman 3-5,county,,DEM,DEM,precinct,b9595aad2a5ced2707a252aaa59135acdaa96c8c2c5659b6ea6c65c7d5d40c42,2026-08-21T12:49:44Z,,county_summary_pdf_v1,1.1.5,1,verified,https://www.laramiecountywy.gov/County-Government/Elected-Officials/County-Clerk/Elections/Election-Results,,,county_complete,candidate,Laramie,,,LYNNE K. DAVIS,LYNNE K. DAVIS,,65,,wy|laramie|wy-2026-primary|county_local_summary|b9595aad2a5ced2707a252aaa59135acdaa96c8c2c5659b6ea6c65c7d5d40c42|wy-2026-primary|county|laramie|precinct-committeewoman-3-5|dem|candidate|LYNNE K. DAVIS|Laramie|COUNTY
wy-2026-primary,wy|laramie|wy-2026-primary|county_local_summary,Laramie,wy-2026-primary|county|laramie|precinct-committeewoman-3-5|dem,DEM COMMITTEEWOMEN 3-05,Precinct Committeewoman 3-5,county,,DEM,DEM,precinct,b9595aad2a5ced2707a252aaa59135acdaa96c8c2c5659b6ea6c65c7d5d40c42,2026-08-21T12:49:44Z,,county_summary_pdf_v1,1.1.5,1,verified,https://www.laramiecountywy.gov/County-Government/Elected-Officials/County-Clerk/Elections/Election-Results,,,county_complete,write_in_aggregate,Laramie,,,,,,13,,wy|laramie|wy-2026-primary|county_local_summary|b9595aad2a5ced2707a252aaa59135acdaa96c8c2c5659b6ea6c65c7d5d40c42|wy-2026-primary|county|laramie|precinct-committeewoman-3-5|dem|write_in_aggregate|write_in_aggregate|Laramie|COUNTY
wy-2026-primary,wy|laramie|wy-2026-primary|county_local_summary,Laramie,wy-2026-primary|county|laramie|precinct-committeewoman-3-5|dem,DEM COMMITTEEWOMEN 3-05,Precinct Committeewoman 3-5,county,,DEM,DEM,precinct,b9595aad2a5ced2707a252aaa59135acdaa96c8c2c5659b6ea6c65c7d5d40c42,2026-08-21T12:49:44Z,,county_summary_pdf_v1,1.1.5,1,verified,https://www.laramiecountywy.gov/County-Government/Elected-Officials/County-Clerk/Elections/Election-Results,,,county_complete,overvote,Laramie,,,,,,0,,wy|laramie|wy-2026-primary|county_local_summary|b9595aad2a5ced2707a252aaa59135acdaa96c8c2c5659b6ea6c65c7d5d40c42|wy-2026-primary|county|laramie|precinct-committeewoman-3-5|dem|overvote|overvote|Laramie|COUNTY
wy-2026-primary,wy|laramie|wy-2026-primary|county_local_summary,Laramie,wy-2026-primary|county|laramie|precinct-committeewoman-3-5|dem,DEM COMMITTEEWOMEN 3-05,Precinct Committeewoman 3-5,county,,DEM,DEM,precinct,b9595aad2a5ced2707a252aaa59135acdaa96c8c2c5659b6ea6c65c7d5d40c42,2026-08-21T12:49:44Z,,county_summary_pdf_v1,1.1.5,1,verified,https://www.laramiecountywy.gov/County-Government/Elected-Officials/County-Clerk/Elections/Election-Results,,,county_complete,undervote,Laramie,,,,,,56,,wy|laramie|wy-2026-primary|county_local_summary|b9595aad2a5ced2707a252aaa59135acdaa96c8c2c5659b6ea6c65c7d5d40c42|wy-2026-primary|county|laramie|precinct-committeewoman-3-5|dem|undervote|undervote|Laramie|COUNTY
wy-2026-primary,wy|laramie|wy-2026-primary|county_local_summary,Laramie,wy-2026-primary|county|laramie|precinct-committeeman-3-6|dem,DEM COMMITTEEMEN 3-06,Precinct Committeeman 3-6,county,,DEM,DEM,precinct,b9595aad2a5ced2707a252aaa59135acdaa96c8c2c5659b6ea6c65c7d5d40c42,2026-08-21T12:49:44Z,,county_summary_pdf_v1,1.1.5,1,verified,https://www.laramiecountywy.gov/County-Government/Elected-Officials/County-Clerk/Elections/Election-Results,,,county_complete,write_in_aggregate,Laramie,,,,,,13,,wy|laramie|wy-2026-primary|county_local_summary|b9595aad2a5ced2707a252aaa59135acdaa96c8c2c5659b6ea6c65c7d5d40c42|wy-2026-primary|county|laramie|precinct-committeeman-3-6|dem|write_in_aggregate|write_in_aggregate|Laramie|COUNTY
wy-2026-primary,wy|laramie|wy-2026-primary|county_local_summary,Laramie,wy-2026-primary|county|laramie|precinct-committeeman-3-6|dem,DEM COMMITTEEMEN 3-06,Precinct Committeeman 3-6,county,,DEM,DEM,precinct,b9595aad2a5ced2707a252aaa59135acdaa96c8c2c5659b6ea6c65c7d5d40c42,2026-08-21T12:49:44Z,,county_summary_pdf_v1,1.1.5,1,verified,https://www.laramiecountywy.gov/County-Government/Elected-Officials/County-Clerk/Elections/Election-Results,,,county_complete,overvote,Laramie,,,,,,0,,wy|laramie|wy-2026-primary|county_local_summary|b9595aad2a5ced2707a252aaa59135acdaa96c8c2c5659b6ea6c65c7d5d40c42|wy-2026-primary|county|laramie|precinct-committeeman-3-6|dem|overvote|overvote|Laramie|COUNTY
wy-2026-primary,wy|laramie|wy-2026-primary|county_local_summary,Laramie,wy-2026-primary|county|laramie|precinct-committeeman-3-6|dem,DEM COMMITTEEMEN 3-06,Precinct Committeeman 3-6,county,,DEM,DEM,precinct,b9595aad2a5ced2707a252aaa59135acdaa96c8c2c5659b6ea6c65c7d5d40c42,2026-08-21T12:49:44Z,,county_summary_pdf_v1,1.1.5,1,verified,https://www.laramiecountywy.gov/County-Government/Elected-Officials/County-Clerk/Elections/Election-Results,,,county_complete,undervote,Laramie,,,,,,109,,wy|laramie|wy-2026-primary|county_local_summary|b9595aad2a5ced2707a252aaa59135acdaa96c8c2c5659b6ea6c65c7d5d40c42|wy-2026-primary|county|laramie|precinct-committeeman-3-6|dem|undervote|undervote|Laramie|COUNTY
wy-2026-primary,wy|laramie|wy-2026-primary|county_local_summary,Laramie,wy-2026-primary|county|laramie|precinct-committeewoman-3-6|dem,DEM COMMITTEEWOMEN 3-06,Precinct Committeewoman 3-6,county,,DEM,DEM,precinct,b9595aad2a5ced2707a252aaa59135acdaa96c8c2c5659b6ea6c65c7d5d40c42,2026-08-21T12:49:44Z,,county_summary_pdf_v1,1.1.5,1,verified,https://www.laramiecountywy.gov/County-Government/Elected-Officials/County-Clerk/Elections/Election-Results,,,county_complete,write_in_aggregate,Laramie,,,,,,14,,wy|laramie|wy-2026-primary|county_local_summary|b9595aad2a5ced2707a252aaa59135acdaa96c8c2c5659b6ea6c65c7d5d40c42|wy-2026-primary|county|laramie|precinct-committeewoman-3-6|dem|write_in_aggregate|write_in_aggregate|Laramie|COUNTY
wy-2026-primary,wy|laramie|wy-2026-primary|county_local_summary,Laramie,wy-2026-primary|county|laramie|precinct-committeewoman-3-6|dem,DEM COMMITTEEWOMEN 3-06,Precinct Committeewoman 3-6,county,,DEM,DEM,precinct,b9595aad2a5ced2707a252aaa59135acdaa96c8c2c5659b6ea6c65c7d5d40c42,2026-08-21T12:49:44Z,,county_summary_pdf_v1,1.1.5,1,verified,https://www.laramiecountywy.gov/County-Government/Elected-Officials/County-Clerk/Elections/Election-Results,,,county_complete,overvote,Laramie,,,,,,0,,wy|laramie|wy-2026-primary|county_local_summary|b9595aad2a5ced2707a252aaa59135acdaa96c8c2c5659b6ea6c65c7d5d40c42|wy-2026-primary|county|laramie|precinct-committeewoman-3-6|dem|overvote|overvote|Laramie|COUNTY
wy-2026-primary,wy|laramie|wy-2026-primary|county_local_summary,Laramie,wy-2026-primary|county|laramie|precinct-committeewoman-3-6|dem,DEM COMMITTEEWOMEN 3-06,Precinct Committeewoman 3-6,county,,DEM,DEM,precinct,b9595aad2a5ced2707a252aaa59135acdaa96c8c2c5659b6ea6c65c7d5d40c42,2026-08-21T12:49:44Z,,county_summary_pdf_v1,1.1.5,1,verified,https://www.laramiecountywy.gov/County-Government/Elected-Officials/County-Clerk/Elections/Election-Results,,,county_complete,undervote,Laramie,,,,,,108,,wy|laramie|wy-2026-primary|county_local_summary|b9595aad2a5ced2707a252aaa59135acdaa96c8c2c5659b6ea6c65c7d5d40c42|wy-2026-primary|county|laramie|precinct-committeewoman-3-6|dem|undervote|undervote|Laramie|COUNTY
wy-2026-primary,wy|laramie|wy-2026-primary|county_local_summary,Laramie,wy-2026-primary|county|laramie|precinct-committeeman-3-7|dem,DEM COMMITTEEMEN 3-07,Precinct Committeeman 3-7,county,,DEM,DEM,precinct,b9595aad2a5ced2707a252aaa59135acdaa96c8c2c5659b6ea6c65c7d5d40c42,2026-08-21T12:49:44Z,,county_summary_pdf_v1,1.1.5,1,verified,https://www.laramiecountywy.gov/County-Government/Elected-Officials/County-Clerk/Elections/Election-Results,,,county_complete,write_in_aggregate,Laramie,,,,,,1,,wy|laramie|wy-2026-primary|county_local_summary|b9595aad2a5ced2707a252aaa59135acdaa96c8c2c5659b6ea6c65c7d5d40c42|wy-2026-primary|county|laramie|precinct-committeeman-3-7|dem|write_in_aggregate|write_in_aggregate|Laramie|COUNTY
wy-2026-primary,wy|laramie|wy-2026-primary|county_local_summary,Laramie,wy-2026-primary|county|laramie|precinct-committeeman-3-7|dem,DEM COMMITTEEMEN 3-07,Precinct Committeeman 3-7,county,,DEM,DEM,precinct,b9595aad2a5ced2707a252aaa59135acdaa96c8c2c5659b6ea6c65c7d5d40c42,2026-08-21T12:49:44Z,,county_summary_pdf_v1,1.1.5,1,verified,https://www.laramiecountywy.gov/County-Government/Elected-Officials/County-Clerk/Elections/Election-Results,,,county_complete,overvote,Laramie,,,,,,0,,wy|laramie|wy-2026-primary|county_local_summary|b9595aad2a5ced2707a252aaa59135acdaa96c8c2c5659b6ea6c65c7d5d40c42|wy-2026-primary|county|laramie|precinct-committeeman-3-7|dem|overvote|overvote|Laramie|COUNTY
wy-2026-primary,wy|laramie|wy-2026-primary|county_local_summary,Laramie,wy-2026-primary|county|laramie|precinct-committeeman-3-7|dem,DEM COMMITTEEMEN 3-07,Precinct Committeeman 3-7,county,,DEM,DEM,precinct,b9595aad2a5ced2707a252aaa59135acdaa96c8c2c5659b6ea6c65c7d5d40c42,2026-08-21T12:49:44Z,,county_summary_pdf_v1,1.1.5,1,verified,https://www.laramiecountywy.gov/County-Government/Elected-Officials/County-Clerk/Elections/Election-Results,,,county_complete,undervote,Laramie,,,,,,18,,wy|laramie|wy-2026-primary|county_local_summary|b9595aad2a5ced2707a252aaa59135acdaa96c8c2c5659b6ea6c65c7d5d40c42|wy-2026-primary|county|laramie|precinct-committeeman-3-7|dem|undervote|undervote|Laramie|COUNTY
wy-2026-primary,wy|laramie|wy-2026-primary|county_local_summary,Laramie,wy-2026-primary|county|laramie|precinct-committeewoman-3-7|dem,DEM COMMITTEEWOMEN 3-07,Precinct Committeewoman 3-7,county,,DEM,DEM,precinct,b9595aad2a5ced2707a252aaa59135acdaa96c8c2c5659b6ea6c65c7d5d40c42,2026-08-21T12:49:44Z,,county_summary_pdf_v1,1.1.5,1,verified,https://www.laramiecountywy.gov/County-Government/Elected-Officials/County-Clerk/Elections/Election-Results,,,county_complete,write_in_aggregate,Laramie,,,,,,1,,wy|laramie|wy-2026-primary|county_local_summary|b9595aad2a5ced2707a252aaa59135acdaa96c8c2c5659b6ea6c65c7d5d40c42|wy-2026-primary|county|laramie|precinct-committeewoman-3-7|dem|write_in_aggregate|write_in_aggregate|Laramie|COUNTY
wy-2026-primary,wy|laramie|wy-2026-primary|county_local_summary,Laramie,wy-2026-primary|county|laramie|precinct-committeewoman-3-7|dem,DEM COMMITTEEWOMEN 3-07,Precinct Committeewoman 3-7,county,,DEM,DEM,precinct,b9595aad2a5ced2707a252aaa59135acdaa96c8c2c5659b6ea6c65c7d5d40c42,2026-08-21T12:49:44Z,,county_summary_pdf_v1,1.1.5,1,verified,https://www.laramiecountywy.gov/County-Government/Elected-Officials/County-Clerk/Elections/Election-Results,,,county_complete,overvote,Laramie,,,,,,0,,wy|laramie|wy-2026-primary|county_local_summary|b9595aad2a5ced2707a252aaa59135acdaa96c8c2c5659b6ea6c65c7d5d40c42|wy-2026-primary|county|laramie|precinct-committeewoman-3-7|dem|overvote|overvote|Laramie|COUNTY
wy-2026-primary,wy|laramie|wy-2026-primary|county_local_summary,Laramie,wy-2026-primary|county|laramie|precinct-committeewoman-3-7|dem,DEM COMMITTEEWOMEN 3-07,Precinct Committeewoman 3-7,county,,DEM,DEM,precinct,b9595aad2a5ced2707a252aaa59135acdaa96c8c2c5659b6ea6c65c7d5d40c42,2026-08-21T12:49:44Z,,county_summary_pdf_v1,1.1.5,1,verified,https://www.laramiecountywy.gov/County-Government/Elected-Officials/County-Clerk/Elections/Election-Results,,,county_complete,undervote,Laramie,,,,,,18,,wy|laramie|wy-2026-primary|county_local_summary|b9595aad2a5ced2707a252aaa59135acdaa96c8c2c5659b6ea6c65c7d5d40c42|wy-2026-primary|county|laramie|precinct-committeewoman-3-7|dem|undervote|undervote|Laramie|COUNTY
wy-2026-primary,wy|laramie|wy-2026-primary|county_local_summary,Laramie,wy-2026-primary|county|laramie|precinct-committeeman-4-1|dem,DEM COMMITTEEMEN 4-01,Precinct Committeeman 4-1,county,,DEM,DEM,precinct,b9595aad2a5ced2707a252aaa59135acdaa96c8c2c5659b6ea6c65c7d5d40c42,2026-08-21T12:49:44Z,,county_summary_pdf_v1,1.1.5,1,verified,https://www.laramiecountywy.gov/County-Government/Elected-Officials/County-Clerk/Elections/Election-Results,,,county_complete,write_in_aggregate,Laramie,,,,,,1,,wy|laramie|wy-2026-primary|county_local_summary|b9595aad2a5ced2707a252aaa59135acdaa96c8c2c5659b6ea6c65c7d5d40c42|wy-2026-primary|county|laramie|precinct-committeeman-4-1|dem|write_in_aggregate|write_in_aggregate|Laramie|COUNTY
wy-2026-primary,wy|laramie|wy-2026-primary|county_local_summary,Laramie,wy-2026-primary|county|laramie|precinct-committeeman-4-1|dem,DEM COMMITTEEMEN 4-01,Precinct Committeeman 4-1,county,,DEM,DEM,precinct,b9595aad2a5ced2707a252aaa59135acdaa96c8c2c5659b6ea6c65c7d5d40c42,2026-08-21T12:49:44Z,,county_summary_pdf_v1,1.1.5,1,verified,https://www.laramiecountywy.gov/County-Government/Elected-Officials/County-Clerk/Elections/Election-Results,,,county_complete,overvote,Laramie,,,,,,0,,wy|laramie|wy-2026-primary|county_local_summary|b9595aad2a5ced2707a252aaa59135acdaa96c8c2c5659b6ea6c65c7d5d40c42|wy-2026-primary|county|laramie|precinct-committeeman-4-1|dem|overvote|overvote|Laramie|COUNTY
wy-2026-primary,wy|laramie|wy-2026-primary|county_local_summary,Laramie,wy-2026-primary|county|laramie|precinct-committeeman-4-1|dem,DEM COMMITTEEMEN 4-01,Precinct Committeeman 4-1,county,,DEM,DEM,precinct,b9595aad2a5ced2707a252aaa59135acdaa96c8c2c5659b6ea6c65c7d5d40c42,2026-08-21T12:49:44Z,,county_summary_pdf_v1,1.1.5,1,verified,https://www.laramiecountywy.gov/County-Government/Elected-Officials/County-Clerk/Elections/Election-Results,,,county_complete,undervote,Laramie,,,,,,21,,wy|laramie|wy-2026-primary|county_local_summary|b9595aad2a5ced2707a252aaa59135acdaa96c8c2c5659b6ea6c65c7d5d40c42|wy-2026-primary|county|laramie|precinct-committeeman-4-1|dem|undervote|undervote|Laramie|COUNTY
wy-2026-primary,wy|laramie|wy-2026-primary|county_local_summary,Laramie,wy-2026-primary|county|laramie|precinct-committeewoman-4-1|dem,DEM COMMITTEEWOMEN 4-01,Precinct Committeewoman 4-1,county,,DEM,DEM,precinct,b9595aad2a5ced2707a252aaa59135acdaa96c8c2c5659b6ea6c65c7d5d40c42,2026-08-21T12:49:44Z,,county_summary_pdf_v1,1.1.5,1,verified,https://www.laramiecountywy.gov/County-Government/Elected-Officials/County-Clerk/Elections/Election-Results,,,county_complete,write_in_aggregate,Laramie,,,,,,0,,wy|laramie|wy-2026-primary|county_local_summary|b9595aad2a5ced2707a252aaa59135acdaa96c8c2c5659b6ea6c65c7d5d40c42|wy-2026-primary|county|laramie|precinct-committeewoman-4-1|dem|write_in_aggregate|write_in_aggregate|Laramie|COUNTY
wy-2026-primary,wy|laramie|wy-2026-primary|county_local_summary,Laramie,wy-2026-primary|county|laramie|precinct-committeewoman-4-1|dem,DEM COMMITTEEWOMEN 4-01,Precinct Committeewoman 4-1,county,,DEM,DEM,precinct,b9595aad2a5ced2707a252aaa59135acdaa96c8c2c5659b6ea6c65c7d5d40c42,2026-08-21T12:49:44Z,,county_summary_pdf_v1,1.1.5,1,verified,https://www.laramiecountywy.gov/County-Government/Elected-Officials/County-Clerk/Elections/Election-Results,,,county_complete,overvote,Laramie,,,,,,0,,wy|laramie|wy-2026-primary|county_local_summary|b9595aad2a5ced2707a252aaa59135acdaa96c8c2c5659b6ea6c65c7d5d40c42|wy-2026-primary|county|laramie|precinct-committeewoman-4-1|dem|overvote|overvote|Laramie|COUNTY
wy-2026-primary,wy|laramie|wy-2026-primary|county_local_summary,Laramie,wy-2026-primary|county|laramie|precinct-committeewoman-4-1|dem,DEM COMMITTEEWOMEN 4-01,Precinct Committeewoman 4-1,county,,DEM,DEM,precinct,b9595aad2a5ced2707a252aaa59135acdaa96c8c2c5659b6ea6c65c7d5d40c42,2026-08-21T12:49:44Z,,county_summary_pdf_v1,1.1.5,1,verified,https://www.laramiecountywy.gov/County-Government/Elected-Officials/County-Clerk/Elections/Election-Results,,,county_complete,undervote,Laramie,,,,,,22,,wy|laramie|wy-2026-primary|county_local_summary|b9595aad2a5ced2707a252aaa59135acdaa96c8c2c5659b6ea6c65c7d5d40c42|wy-2026-primary|county|laramie|precinct-committeewoman-4-1|dem|undervote|undervote|Laramie|COUNTY
wy-2026-primary,wy|laramie|wy-2026-primary|county_local_summary,Laramie,wy-2026-primary|county|laramie|precinct-committeeman-4-2|dem,DEM COMMITTEEMEN 4-02,Precinct Committeeman 4-2,county,,DEM,DEM,precinct,b9595aad2a5ced2707a252aaa59135acdaa96c8c2c5659b6ea6c65c7d5d40c42,2026-08-21T12:49:44Z,,county_summary_pdf_v1,1.1.5,1,verified,https://www.laramiecountywy.gov/County-Government/Elected-Officials/County-Clerk/Elections/Election-Results,,,county_complete,candidate,Laramie,,,JIM VANDYKE,JIM VANDYKE,,83,,wy|laramie|wy-2026-primary|county_local_summary|b9595aad2a5ced2707a252aaa59135acdaa96c8c2c5659b6ea6c65c7d5d40c42|wy-2026-primary|county|laramie|precinct-committeeman-4-2|dem|candidate|JIM VANDYKE|Laramie|COUNTY
wy-2026-primary,wy|laramie|wy-2026-primary|county_local_summary,Laramie,wy-2026-primary|county|laramie|precinct-committeeman-4-2|dem,DEM COMMITTEEMEN 4-02,Precinct Committeeman 4-2,county,,DEM,DEM,precinct,b9595aad2a5ced2707a252aaa59135acdaa96c8c2c5659b6ea6c65c7d5d40c42,2026-08-21T12:49:44Z,,county_summary_pdf_v1,1.1.5,1,verified,https://www.laramiecountywy.gov/County-Government/Elected-Officials/County-Clerk/Elections/Election-Results,,,county_complete,write_in_aggregate,Laramie,,,,,,10,,wy|laramie|wy-2026-primary|county_local_summary|b9595aad2a5ced2707a252aaa59135acdaa96c8c2c5659b6ea6c65c7d5d40c42|wy-2026-primary|county|laramie|precinct-committeeman-4-2|dem|write_in_aggregate|write_in_aggregate|Laramie|COUNTY
wy-2026-primary,wy|laramie|wy-2026-primary|county_local_summary,Laramie,wy-2026-primary|county|laramie|precinct-committeeman-4-2|dem,DEM COMMITTEEMEN 4-02,Precinct Committeeman 4-2,county,,DEM,DEM,precinct,b9595aad2a5ced2707a252aaa59135acdaa96c8c2c5659b6ea6c65c7d5d40c42,2026-08-21T12:49:44Z,,county_summary_pdf_v1,1.1.5,1,verified,https://www.laramiecountywy.gov/County-Government/Elected-Officials/County-Clerk/Elections/Election-Results,,,county_complete,overvote,Laramie,,,,,,0,,wy|laramie|wy-2026-primary|county_local_summary|b9595aad2a5ced2707a252aaa59135acdaa96c8c2c5659b6ea6c65c7d5d40c42|wy-2026-primary|county|laramie|precinct-committeeman-4-2|dem|overvote|overvote|Laramie|COUNTY
wy-2026-primary,wy|laramie|wy-2026-primary|county_local_summary,Laramie,wy-2026-primary|county|laramie|precinct-committeeman-4-2|dem,DEM COMMITTEEMEN 4-02,Precinct Committeeman 4-2,county,,DEM,DEM,precinct,b9595aad2a5ced2707a252aaa59135acdaa96c8c2c5659b6ea6c65c7d5d40c42,2026-08-21T12:49:44Z,,county_summary_pdf_v1,1.1.5,1,verified,https://www.laramiecountywy.gov/County-Government/Elected-Officials/County-Clerk/Elections/Election-Results,,,county_complete,undervote,Laramie,,,,,,95,,wy|laramie|wy-2026-primary|county_local_summary|b9595aad2a5ced2707a252aaa59135acdaa96c8c2c5659b6ea6c65c7d5d40c42|wy-2026-primary|county|laramie|precinct-committeeman-4-2|dem|undervote|undervote|Laramie|COUNTY
wy-2026-primary,wy|laramie|wy-2026-primary|county_local_summary,Laramie,wy-2026-primary|county|laramie|precinct-committeewoman-4-2|dem,DEM COMMITTEEWOMEN 4-02,Precinct Committeewoman 4-2,county,,DEM,DEM,precinct,b9595aad2a5ced2707a252aaa59135acdaa96c8c2c5659b6ea6c65c7d5d40c42,2026-08-21T12:49:44Z,,county_summary_pdf_v1,1.1.5,1,verified,https://www.laramiecountywy.gov/County-Government/Elected-Officials/County-Clerk/Elections/Election-Results,,,county_complete,write_in_aggregate,Laramie,,,,,,23,,wy|laramie|wy-2026-primary|county_local_summary|b9595aad2a5ced2707a252aaa59135acdaa96c8c2c5659b6ea6c65c7d5d40c42|wy-2026-primary|county|laramie|precinct-committeewoman-4-2|dem|write_in_aggregate|write_in_aggregate|Laramie|COUNTY
wy-2026-primary,wy|laramie|wy-2026-primary|county_local_summary,Laramie,wy-2026-primary|county|laramie|precinct-committeewoman-4-2|dem,DEM COMMITTEEWOMEN 4-02,Precinct Committeewoman 4-2,county,,DEM,DEM,precinct,b9595aad2a5ced2707a252aaa59135acdaa96c8c2c5659b6ea6c65c7d5d40c42,2026-08-21T12:49:44Z,,county_summary_pdf_v1,1.1.5,1,verified,https://www.laramiecountywy.gov/County-Government/Elected-Officials/County-Clerk/Elections/Election-Results,,,county_complete,overvote,Laramie,,,,,,0,,wy|laramie|wy-2026-primary|county_local_summary|b9595aad2a5ced2707a252aaa59135acdaa96c8c2c5659b6ea6c65c7d5d40c42|wy-2026-primary|county|laramie|precinct-committeewoman-4-2|dem|overvote|overvote|Laramie|COUNTY
wy-2026-primary,wy|laramie|wy-2026-primary|county_local_summary,Laramie,wy-2026-primary|county|laramie|precinct-committeewoman-4-2|dem,DEM COMMITTEEWOMEN 4-02,Precinct Committeewoman 4-2,county,,DEM,DEM,precinct,b9595aad2a5ced2707a252aaa59135acdaa96c8c2c5659b6ea6c65c7d5d40c42,2026-08-21T12:49:44Z,,county_summary_pdf_v1,1.1.5,1,verified,https://www.laramiecountywy.gov/County-Government/Elected-Officials/County-Clerk/Elections/Election-Results,,,county_complete,undervote,Laramie,,,,,,165,,wy|laramie|wy-2026-primary|county_local_summary|b9595aad2a5ced2707a252aaa59135acdaa96c8c2c5659b6ea6c65c7d5d40c42|wy-2026-primary|county|laramie|precinct-committeewoman-4-2|dem|undervote|undervote|Laramie|COUNTY
wy-2026-primary,wy|laramie|wy-2026-primary|county_local_summary,Laramie,wy-2026-primary|county|laramie|precinct-committeeman-4-3|dem,DEM COMMITTEEMEN 4-03,Precinct Committeeman 4-3,county,,DEM,DEM,precinct,b9595aad2a5ced2707a252aaa59135acdaa96c8c2c5659b6ea6c65c7d5d40c42,2026-08-21T12:49:44Z,,county_summary_pdf_v1,1.1.5,1,verified,https://www.laramiecountywy.gov/County-Government/Elected-Officials/County-Clerk/Elections/Election-Results,,,county_complete,write_in_aggregate,Laramie,,,,,,0,,wy|laramie|wy-2026-primary|county_local_summary|b9595aad2a5ced2707a252aaa59135acdaa96c8c2c5659b6ea6c65c7d5d40c42|wy-2026-primary|county|laramie|precinct-committeeman-4-3|dem|write_in_aggregate|write_in_aggregate|Laramie|COUNTY
wy-2026-primary,wy|laramie|wy-2026-primary|county_local_summary,Laramie,wy-2026-primary|county|laramie|precinct-committeeman-4-3|dem,DEM COMMITTEEMEN 4-03,Precinct Committeeman 4-3,county,,DEM,DEM,precinct,b9595aad2a5ced2707a252aaa59135acdaa96c8c2c5659b6ea6c65c7d5d40c42,2026-08-21T12:49:44Z,,county_summary_pdf_v1,1.1.5,1,verified,https://www.laramiecountywy.gov/County-Government/Elected-Officials/County-Clerk/Elections/Election-Results,,,county_complete,overvote,Laramie,,,,,,0,,wy|laramie|wy-2026-primary|county_local_summary|b9595aad2a5ced2707a252aaa59135acdaa96c8c2c5659b6ea6c65c7d5d40c42|wy-2026-primary|county|laramie|precinct-committeeman-4-3|dem|overvote|overvote|Laramie|COUNTY
wy-2026-primary,wy|laramie|wy-2026-primary|county_local_summary,Laramie,wy-2026-primary|county|laramie|precinct-committeeman-4-3|dem,DEM COMMITTEEMEN 4-03,Precinct Committeeman 4-3,county,,DEM,DEM,precinct,b9595aad2a5ced2707a252aaa59135acdaa96c8c2c5659b6ea6c65c7d5d40c42,2026-08-21T12:49:44Z,,county_summary_pdf_v1,1.1.5,1,verified,https://www.laramiecountywy.gov/County-Government/Elected-Officials/County-Clerk/Elections/Election-Results,,,county_complete,undervote,Laramie,,,,,,0,,wy|laramie|wy-2026-primary|county_local_summary|b9595aad2a5ced2707a252aaa59135acdaa96c8c2c5659b6ea6c65c7d5d40c42|wy-2026-primary|county|laramie|precinct-committeeman-4-3|dem|undervote|undervote|Laramie|COUNTY
wy-2026-primary,wy|laramie|wy-2026-primary|county_local_summary,Laramie,wy-2026-primary|county|laramie|precinct-committeewoman-4-3|dem,DEM COMMITTEEWOMEN 4-03,Precinct Committeewoman 4-3,county,,DEM,DEM,precinct,b9595aad2a5ced2707a252aaa59135acdaa96c8c2c5659b6ea6c65c7d5d40c42,2026-08-21T12:49:44Z,,county_summary_pdf_v1,1.1.5,1,verified,https://www.laramiecountywy.gov/County-Government/Elected-Officials/County-Clerk/Elections/Election-Results,,,county_complete,write_in_aggregate,Laramie,,,,,,0,,wy|laramie|wy-2026-primary|county_local_summary|b9595aad2a5ced2707a252aaa59135acdaa96c8c2c5659b6ea6c65c7d5d40c42|wy-2026-primary|county|laramie|precinct-committeewoman-4-3|dem|write_in_aggregate|write_in_aggregate|Laramie|COUNTY
wy-2026-primary,wy|laramie|wy-2026-primary|county_local_summary,Laramie,wy-2026-primary|county|laramie|precinct-committeewoman-4-3|dem,DEM COMMITTEEWOMEN 4-03,Precinct Committeewoman 4-3,county,,DEM,DEM,precinct,b9595aad2a5ced2707a252aaa59135acdaa96c8c2c5659b6ea6c65c7d5d40c42,2026-08-21T12:49:44Z,,county_summary_pdf_v1,1.1.5,1,verified,https://www.laramiecountywy.gov/County-Government/Elected-Officials/County-Clerk/Elections/Election-Results,,,county_complete,overvote,Laramie,,,,,,0,,wy|laramie|wy-2026-primary|county_local_summary|b9595aad2a5ced2707a252aaa59135acdaa96c8c2c5659b6ea6c65c7d5d40c42|wy-2026-primary|county|laramie|precinct-committeewoman-4-3|dem|overvote|overvote|Laramie|COUNTY
wy-2026-primary,wy|laramie|wy-2026-primary|county_local_summary,Laramie,wy-2026-primary|county|laramie|precinct-committeewoman-4-3|dem,DEM COMMITTEEWOMEN 4-03,Precinct Committeewoman 4-3,county,,DEM,DEM,precinct,b9595aad2a5ced2707a252aaa59135acdaa96c8c2c5659b6ea6c65c7d5d40c42,2026-08-21T12:49:44Z,,county_summary_pdf_v1,1.1.5,1,verified,https://www.laramiecountywy.gov/County-Government/Elected-Officials/County-Clerk/Elections/Election-Results,,,county_complete,undervote,Laramie,,,,,,0,,wy|laramie|wy-2026-primary|county_local_summary|b9595aad2a5ced2707a252aaa59135acdaa96c8c2c5659b6ea6c65c7d5d40c42|wy-2026-primary|county|laramie|precinct-committeewoman-4-3|dem|undervote|undervote|Laramie|COUNTY
wy-2026-primary,wy|laramie|wy-2026-primary|county_local_summary,Laramie,wy-2026-primary|county|laramie|precinct-committeeman-4-4|dem,DEM COMMITTEEMEN 4-04,Precinct Committeeman 4-4,county,,DEM,DEM,precinct,b9595aad2a5ced2707a252aaa59135acdaa96c8c2c5659b6ea6c65c7d5d40c42,2026-08-21T12:49:44Z,,county_summary_pdf_v1,1.1.5,1,verified,https://www.laramiecountywy.gov/County-Government/Elected-Officials/County-Clerk/Elections/Election-Results,,,county_complete,write_in_aggregate,Laramie,,,,,,2,,wy|laramie|wy-2026-primary|county_local_summary|b9595aad2a5ced2707a252aaa59135acdaa96c8c2c5659b6ea6c65c7d5d40c42|wy-2026-primary|county|laramie|precinct-committeeman-4-4|dem|write_in_aggregate|write_in_aggregate|Laramie|COUNTY
wy-2026-primary,wy|laramie|wy-2026-primary|county_local_summary,Laramie,wy-2026-primary|county|laramie|precinct-committeeman-4-4|dem,DEM COMMITTEEMEN 4-04,Precinct Committeeman 4-4,county,,DEM,DEM,precinct,b9595aad2a5ced2707a252aaa59135acdaa96c8c2c5659b6ea6c65c7d5d40c42,2026-08-21T12:49:44Z,,county_summary_pdf_v1,1.1.5,1,verified,https://www.laramiecountywy.gov/County-Government/Elected-Officials/County-Clerk/Elections/Election-Results,,,county_complete,overvote,Laramie,,,,,,0,,wy|laramie|wy-2026-primary|county_local_summary|b9595aad2a5ced2707a252aaa59135acdaa96c8c2c5659b6ea6c65c7d5d40c42|wy-2026-primary|county|laramie|precinct-committeeman-4-4|dem|overvote|overvote|Laramie|COUNTY
wy-2026-primary,wy|laramie|wy-2026-primary|county_local_summary,Laramie,wy-2026-primary|county|laramie|precinct-committeeman-4-4|dem,DEM COMMITTEEMEN 4-04,Precinct Committeeman 4-4,county,,DEM,DEM,precinct,b9595aad2a5ced2707a252aaa59135acdaa96c8c2c5659b6ea6c65c7d5d40c42,2026-08-21T12:49:44Z,,county_summary_pdf_v1,1.1.5,1,verified,https://www.laramiecountywy.gov/County-Government/Elected-Officials/County-Clerk/Elections/Election-Results,,,county_complete,undervote,Laramie,,,,,,16,,wy|laramie|wy-2026-primary|county_local_summary|b9595aad2a5ced2707a252aaa59135acdaa96c8c2c5659b6ea6c65c7d5d40c42|wy-2026-primary|county|laramie|precinct-committeeman-4-4|dem|undervote|undervote|Laramie|COUNTY
wy-2026-primary,wy|laramie|wy-2026-primary|county_local_summary,Laramie,wy-2026-primary|county|laramie|precinct-committeewoman-4-4|dem,DEM COMMITTEEWOMEN 4-04,Precinct Committeewoman 4-4,county,,DEM,DEM,precinct,b9595aad2a5ced2707a252aaa59135acdaa96c8c2c5659b6ea6c65c7d5d40c42,2026-08-21T12:49:44Z,,county_summary_pdf_v1,1.1.5,1,verified,https://www.laramiecountywy.gov/County-Government/Elected-Officials/County-Clerk/Elections/Election-Results,,,county_complete,write_in_aggregate,Laramie,,,,,,1,,wy|laramie|wy-2026-primary|county_local_summary|b9595aad2a5ced2707a252aaa59135acdaa96c8c2c5659b6ea6c65c7d5d40c42|wy-2026-primary|county|laramie|precinct-committeewoman-4-4|dem|write_in_aggregate|write_in_aggregate|Laramie|COUNTY
wy-2026-primary,wy|laramie|wy-2026-primary|county_local_summary,Laramie,wy-2026-primary|county|laramie|precinct-committeewoman-4-4|dem,DEM COMMITTEEWOMEN 4-04,Precinct Committeewoman 4-4,county,,DEM,DEM,precinct,b9595aad2a5ced2707a252aaa59135acdaa96c8c2c5659b6ea6c65c7d5d40c42,2026-08-21T12:49:44Z,,county_summary_pdf_v1,1.1.5,1,verified,https://www.laramiecountywy.gov/County-Government/Elected-Officials/County-Clerk/Elections/Election-Results,,,county_complete,overvote,Laramie,,,,,,0,,wy|laramie|wy-2026-primary|county_local_summary|b9595aad2a5ced2707a252aaa59135acdaa96c8c2c5659b6ea6c65c7d5d40c42|wy-2026-primary|county|laramie|precinct-committeewoman-4-4|dem|overvote|overvote|Laramie|COUNTY
wy-2026-primary,wy|laramie|wy-2026-primary|county_local_summary,Laramie,wy-2026-primary|county|laramie|precinct-committeewoman-4-4|dem,DEM COMMITTEEWOMEN 4-04,Precinct Committeewoman 4-4,county,,DEM,DEM,precinct,b9595aad2a5ced2707a252aaa59135acdaa96c8c2c5659b6ea6c65c7d5d40c42,2026-08-21T12:49:44Z,,county_summary_pdf_v1,1.1.5,1,verified,https://www.laramiecountywy.gov/County-Government/Elected-Officials/County-Clerk/Elections/Election-Results,,,county_complete,undervote,Laramie,,,,,,17,,wy|laramie|wy-2026-primary|county_local_summary|b9595aad2a5ced2707a252aaa59135acdaa96c8c2c5659b6ea6c65c7d5d40c42|wy-2026-primary|county|laramie|precinct-committeewoman-4-4|dem|undervote|undervote|Laramie|COUNTY
wy-2026-primary,wy|laramie|wy-2026-primary|county_local_summary,Laramie,wy-2026-primary|county|laramie|precinct-committeeman-4-5|dem,DEM COMMITTEEMEN 4-05,Precinct Committeeman 4-5,county,,DEM,DEM,precinct,b9595aad2a5ced2707a252aaa59135acdaa96c8c2c5659b6ea6c65c7d5d40c42,2026-08-21T12:49:44Z,,county_summary_pdf_v1,1.1.5,1,verified,https://www.laramiecountywy.gov/County-Government/Elected-Officials/County-Clerk/Elections/Election-Results,,,county_complete,write_in_aggregate,Laramie,,,,,,15,,wy|laramie|wy-2026-primary|county_local_summary|b9595aad2a5ced2707a252aaa59135acdaa96c8c2c5659b6ea6c65c7d5d40c42|wy-2026-primary|county|laramie|precinct-committeeman-4-5|dem|write_in_aggregate|write_in_aggregate|Laramie|COUNTY
wy-2026-primary,wy|laramie|wy-2026-primary|county_local_summary,Laramie,wy-2026-primary|county|laramie|precinct-committeeman-4-5|dem,DEM COMMITTEEMEN 4-05,Precinct Committeeman 4-5,county,,DEM,DEM,precinct,b9595aad2a5ced2707a252aaa59135acdaa96c8c2c5659b6ea6c65c7d5d40c42,2026-08-21T12:49:44Z,,county_summary_pdf_v1,1.1.5,1,verified,https://www.laramiecountywy.gov/County-Government/Elected-Officials/County-Clerk/Elections/Election-Results,,,county_complete,overvote,Laramie,,,,,,0,,wy|laramie|wy-2026-primary|county_local_summary|b9595aad2a5ced2707a252aaa59135acdaa96c8c2c5659b6ea6c65c7d5d40c42|wy-2026-primary|county|laramie|precinct-committeeman-4-5|dem|overvote|overvote|Laramie|COUNTY
wy-2026-primary,wy|laramie|wy-2026-primary|county_local_summary,Laramie,wy-2026-primary|county|laramie|precinct-committeeman-4-5|dem,DEM COMMITTEEMEN 4-05,Precinct Committeeman 4-5,county,,DEM,DEM,precinct,b9595aad2a5ced2707a252aaa59135acdaa96c8c2c5659b6ea6c65c7d5d40c42,2026-08-21T12:49:44Z,,county_summary_pdf_v1,1.1.5,1,verified,https://www.laramiecountywy.gov/County-Government/Elected-Officials/County-Clerk/Elections/Election-Results,,,county_complete,undervote,Laramie,,,,,,135,,wy|laramie|wy-2026-primary|county_local_summary|b9595aad2a5ced2707a252aaa59135acdaa96c8c2c5659b6ea6c65c7d5d40c42|wy-2026-primary|county|laramie|precinct-committeeman-4-5|dem|undervote|undervote|Laramie|COUNTY
wy-2026-primary,wy|laramie|wy-2026-primary|county_local_summary,Laramie,wy-2026-primary|county|laramie|precinct-committeewoman-4-5|dem,DEM COMMITTEEWOMEN 4-05,Precinct Committeewoman 4-5,county,,DEM,DEM,precinct,b9595aad2a5ced2707a252aaa59135acdaa96c8c2c5659b6ea6c65c7d5d40c42,2026-08-21T12:49:44Z,,county_summary_pdf_v1,1.1.5,1,verified,https://www.laramiecountywy.gov/County-Government/Elected-Officials/County-Clerk/Elections/Election-Results,,,county_complete,write_in_aggregate,Laramie,,,,,,10,,wy|laramie|wy-2026-primary|county_local_summary|b9595aad2a5ced2707a252aaa59135acdaa96c8c2c5659b6ea6c65c7d5d40c42|wy-2026-primary|county|laramie|precinct-committeewoman-4-5|dem|write_in_aggregate|write_in_aggregate|Laramie|COUNTY
wy-2026-primary,wy|laramie|wy-2026-primary|county_local_summary,Laramie,wy-2026-primary|county|laramie|precinct-committeewoman-4-5|dem,DEM COMMITTEEWOMEN 4-05,Precinct Committeewoman 4-5,county,,DEM,DEM,precinct,b9595aad2a5ced2707a252aaa59135acdaa96c8c2c5659b6ea6c65c7d5d40c42,2026-08-21T12:49:44Z,,county_summary_pdf_v1,1.1.5,1,verified,https://www.laramiecountywy.gov/County-Government/Elected-Officials/County-Clerk/Elections/Election-Results,,,county_complete,overvote,Laramie,,,,,,0,,wy|laramie|wy-2026-primary|county_local_summary|b9595aad2a5ced2707a252aaa59135acdaa96c8c2c5659b6ea6c65c7d5d40c42|wy-2026-primary|county|laramie|precinct-committeewoman-4-5|dem|overvote|overvote|Laramie|COUNTY
wy-2026-primary,wy|laramie|wy-2026-primary|county_local_summary,Laramie,wy-2026-primary|county|laramie|precinct-committeewoman-4-5|dem,DEM COMMITTEEWOMEN 4-05,Precinct Committeewoman 4-5,county,,DEM,DEM,precinct,b9595aad2a5ced2707a252aaa59135acdaa96c8c2c5659b6ea6c65c7d5d40c42,2026-08-21T12:49:44Z,,county_summary_pdf_v1,1.1.5,1,verified,https://www.laramiecountywy.gov/County-Government/Elected-Officials/County-Clerk/Elections/Election-Results,,,county_complete,undervote,Laramie,,,,,,140,,wy|laramie|wy-2026-primary|county_local_summary|b9595aad2a5ced2707a252aaa59135acdaa96c8c2c5659b6ea6c65c7d5d40c42|wy-2026-primary|county|laramie|precinct-committeewoman-4-5|dem|undervote|undervote|Laramie|COUNTY
wy-2026-primary,wy|laramie|wy-2026-primary|county_local_summary,Laramie,wy-2026-primary|county|laramie|precinct-committeeman-4-6|dem,DEM COMMITTEEMEN 4-06,Precinct Committeeman 4-6,county,,DEM,DEM,precinct,b9595aad2a5ced2707a252aaa59135acdaa96c8c2c5659b6ea6c65c7d5d40c42,2026-08-21T12:49:44Z,,county_summary_pdf_v1,1.1.5,1,verified,https://www.laramiecountywy.gov/County-Government/Elected-Officials/County-Clerk/Elections/Election-Results,,,county_complete,write_in_aggregate,Laramie,,,,,,18,,wy|laramie|wy-2026-primary|county_local_summary|b9595aad2a5ced2707a252aaa59135acdaa96c8c2c5659b6ea6c65c7d5d40c42|wy-2026-primary|county|laramie|precinct-committeeman-4-6|dem|write_in_aggregate|write_in_aggregate|Laramie|COUNTY
wy-2026-primary,wy|laramie|wy-2026-primary|county_local_summary,Laramie,wy-2026-primary|county|laramie|precinct-committeeman-4-6|dem,DEM COMMITTEEMEN 4-06,Precinct Committeeman 4-6,county,,DEM,DEM,precinct,b9595aad2a5ced2707a252aaa59135acdaa96c8c2c5659b6ea6c65c7d5d40c42,2026-08-21T12:49:44Z,,county_summary_pdf_v1,1.1.5,1,verified,https://www.laramiecountywy.gov/County-Government/Elected-Officials/County-Clerk/Elections/Election-Results,,,county_complete,overvote,Laramie,,,,,,0,,wy|laramie|wy-2026-primary|county_local_summary|b9595aad2a5ced2707a252aaa59135acdaa96c8c2c5659b6ea6c65c7d5d40c42|wy-2026-primary|county|laramie|precinct-committeeman-4-6|dem|overvote|overvote|Laramie|COUNTY
wy-2026-primary,wy|laramie|wy-2026-primary|county_local_summary,Laramie,wy-2026-primary|county|laramie|precinct-committeeman-4-6|dem,DEM COMMITTEEMEN 4-06,Precinct Committeeman 4-6,county,,DEM,DEM,precinct,b9595aad2a5ced2707a252aaa59135acdaa96c8c2c5659b6ea6c65c7d5d40c42,2026-08-21T12:49:44Z,,county_summary_pdf_v1,1.1.5,1,verified,https://www.laramiecountywy.gov/County-Government/Elected-Officials/County-Clerk/Elections/Election-Results,,,county_complete,undervote,Laramie,,,,,,160,,wy|laramie|wy-2026-primary|county_local_summary|b9595aad2a5ced2707a252aaa59135acdaa96c8c2c5659b6ea6c65c7d5d40c42|wy-2026-primary|county|laramie|precinct-committeeman-4-6|dem|undervote|undervote|Laramie|COUNTY
wy-2026-primary,wy|laramie|wy-2026-primary|county_local_summary,Laramie,wy-2026-primary|county|laramie|precinct-committeewoman-4-6|dem,DEM COMMITTEEWOMEN 4-06,Precinct Committeewoman 4-6,county,,DEM,DEM,precinct,b9595aad2a5ced2707a252aaa59135acdaa96c8c2c5659b6ea6c65c7d5d40c42,2026-08-21T12:49:44Z,,county_summary_pdf_v1,1.1.5,1,verified,https://www.laramiecountywy.gov/County-Government/Elected-Officials/County-Clerk/Elections/Election-Results,,,county_complete,write_in_aggregate,Laramie,,,,,,17,,wy|laramie|wy-2026-primary|county_local_summary|b9595aad2a5ced2707a252aaa59135acdaa96c8c2c5659b6ea6c65c7d5d40c42|wy-2026-primary|county|laramie|precinct-committeewoman-4-6|dem|write_in_aggregate|write_in_aggregate|Laramie|COUNTY
wy-2026-primary,wy|laramie|wy-2026-primary|county_local_summary,Laramie,wy-2026-primary|county|laramie|precinct-committeewoman-4-6|dem,DEM COMMITTEEWOMEN 4-06,Precinct Committeewoman 4-6,county,,DEM,DEM,precinct,b9595aad2a5ced2707a252aaa59135acdaa96c8c2c5659b6ea6c65c7d5d40c42,2026-08-21T12:49:44Z,,county_summary_pdf_v1,1.1.5,1,verified,https://www.laramiecountywy.gov/County-Government/Elected-Officials/County-Clerk/Elections/Election-Results,,,county_complete,overvote,Laramie,,,,,,0,,wy|laramie|wy-2026-primary|county_local_summary|b9595aad2a5ced2707a252aaa59135acdaa96c8c2c5659b6ea6c65c7d5d40c42|wy-2026-primary|county|laramie|precinct-committeewoman-4-6|dem|overvote|overvote|Laramie|COUNTY
wy-2026-primary,wy|laramie|wy-2026-primary|county_local_summary,Laramie,wy-2026-primary|county|laramie|precinct-committeewoman-4-6|dem,DEM COMMITTEEWOMEN 4-06,Precinct Committeewoman 4-6,county,,DEM,DEM,precinct,b9595aad2a5ced2707a252aaa59135acdaa96c8c2c5659b6ea6c65c7d5d40c42,2026-08-21T12:49:44Z,,county_summary_pdf_v1,1.1.5,1,verified,https://www.laramiecountywy.gov/County-Government/Elected-Officials/County-Clerk/Elections/Election-Results,,,county_complete,undervote,Laramie,,,,,,161,,wy|laramie|wy-2026-primary|county_local_summary|b9595aad2a5ced2707a252aaa59135acdaa96c8c2c5659b6ea6c65c7d5d40c42|wy-2026-primary|county|laramie|precinct-committeewoman-4-6|dem|undervote|undervote|Laramie|COUNTY
wy-2026-primary,wy|laramie|wy-2026-primary|county_local_summary,Laramie,wy-2026-primary|county|laramie|precinct-committeeman-4-7|dem,DEM COMMITTEEMEN 4-07,Precinct Committeeman 4-7,county,,DEM,DEM,precinct,b9595aad2a5ced2707a252aaa59135acdaa96c8c2c5659b6ea6c65c7d5d40c42,2026-08-21T12:49:44Z,,county_summary_pdf_v1,1.1.5,1,verified,https://www.laramiecountywy.gov/County-Government/Elected-Officials/County-Clerk/Elections/Election-Results,,,county_complete,write_in_aggregate,Laramie,,,,,,6,,wy|laramie|wy-2026-primary|county_local_summary|b9595aad2a5ced2707a252aaa59135acdaa96c8c2c5659b6ea6c65c7d5d40c42|wy-2026-primary|county|laramie|precinct-committeeman-4-7|dem|write_in_aggregate|write_in_aggregate|Laramie|COUNTY
wy-2026-primary,wy|laramie|wy-2026-primary|county_local_summary,Laramie,wy-2026-primary|county|laramie|precinct-committeeman-4-7|dem,DEM COMMITTEEMEN 4-07,Precinct Committeeman 4-7,county,,DEM,DEM,precinct,b9595aad2a5ced2707a252aaa59135acdaa96c8c2c5659b6ea6c65c7d5d40c42,2026-08-21T12:49:44Z,,county_summary_pdf_v1,1.1.5,1,verified,https://www.laramiecountywy.gov/County-Government/Elected-Officials/County-Clerk/Elections/Election-Results,,,county_complete,overvote,Laramie,,,,,,0,,wy|laramie|wy-2026-primary|county_local_summary|b9595aad2a5ced2707a252aaa59135acdaa96c8c2c5659b6ea6c65c7d5d40c42|wy-2026-primary|county|laramie|precinct-committeeman-4-7|dem|overvote|overvote|Laramie|COUNTY
wy-2026-primary,wy|laramie|wy-2026-primary|county_local_summary,Laramie,wy-2026-primary|county|laramie|precinct-committeeman-4-7|dem,DEM COMMITTEEMEN 4-07,Precinct Committeeman 4-7,county,,DEM,DEM,precinct,b9595aad2a5ced2707a252aaa59135acdaa96c8c2c5659b6ea6c65c7d5d40c42,2026-08-21T12:49:44Z,,county_summary_pdf_v1,1.1.5,1,verified,https://www.laramiecountywy.gov/County-Government/Elected-Officials/County-Clerk/Elections/Election-Results,,,county_complete,undervote,Laramie,,,,,,62,,wy|laramie|wy-2026-primary|county_local_summary|b9595aad2a5ced2707a252aaa59135acdaa96c8c2c5659b6ea6c65c7d5d40c42|wy-2026-primary|county|laramie|precinct-committeeman-4-7|dem|undervote|undervote|Laramie|COUNTY
wy-2026-primary,wy|laramie|wy-2026-primary|county_local_summary,Laramie,wy-2026-primary|county|laramie|precinct-committeewoman-4-7|dem,DEM COMMITTEEWOMEN 4-07,Precinct Committeewoman 4-7,county,,DEM,DEM,precinct,b9595aad2a5ced2707a252aaa59135acdaa96c8c2c5659b6ea6c65c7d5d40c42,2026-08-21T12:49:44Z,,county_summary_pdf_v1,1.1.5,1,verified,https://www.laramiecountywy.gov/County-Government/Elected-Officials/County-Clerk/Elections/Election-Results,,,county_complete,write_in_aggregate,Laramie,,,,,,4,,wy|laramie|wy-2026-primary|county_local_summary|b9595aad2a5ced2707a252aaa59135acdaa96c8c2c5659b6ea6c65c7d5d40c42|wy-2026-primary|county|laramie|precinct-committeewoman-4-7|dem|write_in_aggregate|write_in_aggregate|Laramie|COUNTY
wy-2026-primary,wy|laramie|wy-2026-primary|county_local_summary,Laramie,wy-2026-primary|county|laramie|precinct-committeewoman-4-7|dem,DEM COMMITTEEWOMEN 4-07,Precinct Committeewoman 4-7,county,,DEM,DEM,precinct,b9595aad2a5ced2707a252aaa59135acdaa96c8c2c5659b6ea6c65c7d5d40c42,2026-08-21T12:49:44Z,,county_summary_pdf_v1,1.1.5,1,verified,https://www.laramiecountywy.gov/County-Government/Elected-Officials/County-Clerk/Elections/Election-Results,,,county_complete,overvote,Laramie,,,,,,0,,wy|laramie|wy-2026-primary|county_local_summary|b9595aad2a5ced2707a252aaa59135acdaa96c8c2c5659b6ea6c65c7d5d40c42|wy-2026-primary|county|laramie|precinct-committeewoman-4-7|dem|overvote|overvote|Laramie|COUNTY
wy-2026-primary,wy|laramie|wy-2026-primary|county_local_summary,Laramie,wy-2026-primary|county|laramie|precinct-committeewoman-4-7|dem,DEM COMMITTEEWOMEN 4-07,Precinct Committeewoman 4-7,county,,DEM,DEM,precinct,b9595aad2a5ced2707a252aaa59135acdaa96c8c2c5659b6ea6c65c7d5d40c42,2026-08-21T12:49:44Z,,county_summary_pdf_v1,1.1.5,1,verified,https://www.laramiecountywy.gov/County-Government/Elected-Officials/County-Clerk/Elections/Election-Results,,,county_complete,undervote,Laramie,,,,,,64,,wy|laramie|wy-2026-primary|county_local_summary|b9595aad2a5ced2707a252aaa59135acdaa96c8c2c5659b6ea6c65c7d5d40c42|wy-2026-primary|county|laramie|precinct-committeewoman-4-7|dem|undervote|undervote|Laramie|COUNTY
wy-2026-primary,wy|laramie|wy-2026-primary|county_local_summary,Laramie,wy-2026-primary|county|laramie|precinct-committeeman-4-8|dem,DEM COMMITTEEMEN 4-08,Precinct Committeeman 4-8,county,,DEM,DEM,precinct,b9595aad2a5ced2707a252aaa59135acdaa96c8c2c5659b6ea6c65c7d5d40c42,2026-08-21T12:49:44Z,,county_summary_pdf_v1,1.1.5,1,verified,https://www.laramiecountywy.gov/County-Government/Elected-Officials/County-Clerk/Elections/Election-Results,,,county_complete,write_in_aggregate,Laramie,,,,,,3,,wy|laramie|wy-2026-primary|county_local_summary|b9595aad2a5ced2707a252aaa59135acdaa96c8c2c5659b6ea6c65c7d5d40c42|wy-2026-primary|county|laramie|precinct-committeeman-4-8|dem|write_in_aggregate|write_in_aggregate|Laramie|COUNTY
wy-2026-primary,wy|laramie|wy-2026-primary|county_local_summary,Laramie,wy-2026-primary|county|laramie|precinct-committeeman-4-8|dem,DEM COMMITTEEMEN 4-08,Precinct Committeeman 4-8,county,,DEM,DEM,precinct,b9595aad2a5ced2707a252aaa59135acdaa96c8c2c5659b6ea6c65c7d5d40c42,2026-08-21T12:49:44Z,,county_summary_pdf_v1,1.1.5,1,verified,https://www.laramiecountywy.gov/County-Government/Elected-Officials/County-Clerk/Elections/Election-Results,,,county_complete,overvote,Laramie,,,,,,0,,wy|laramie|wy-2026-primary|county_local_summary|b9595aad2a5ced2707a252aaa59135acdaa96c8c2c5659b6ea6c65c7d5d40c42|wy-2026-primary|county|laramie|precinct-committeeman-4-8|dem|overvote|overvote|Laramie|COUNTY
wy-2026-primary,wy|laramie|wy-2026-primary|county_local_summary,Laramie,wy-2026-primary|county|laramie|precinct-committeeman-4-8|dem,DEM COMMITTEEMEN 4-08,Precinct Committeeman 4-8,county,,DEM,DEM,precinct,b9595aad2a5ced2707a252aaa59135acdaa96c8c2c5659b6ea6c65c7d5d40c42,2026-08-21T12:49:44Z,,county_summary_pdf_v1,1.1.5,1,verified,https://www.laramiecountywy.gov/County-Government/Elected-Officials/County-Clerk/Elections/Election-Results,,,county_complete,undervote,Laramie,,,,,,16,,wy|laramie|wy-2026-primary|county_local_summary|b9595aad2a5ced2707a252aaa59135acdaa96c8c2c5659b6ea6c65c7d5d40c42|wy-2026-primary|county|laramie|precinct-committeeman-4-8|dem|undervote|undervote|Laramie|COUNTY
wy-2026-primary,wy|laramie|wy-2026-primary|county_local_summary,Laramie,wy-2026-primary|county|laramie|precinct-committeewoman-4-8|dem,DEM COMMITTEEWOMEN 4-08,Precinct Committeewoman 4-8,county,,DEM,DEM,precinct,b9595aad2a5ced2707a252aaa59135acdaa96c8c2c5659b6ea6c65c7d5d40c42,2026-08-21T12:49:44Z,,county_summary_pdf_v1,1.1.5,1,verified,https://www.laramiecountywy.gov/County-Government/Elected-Officials/County-Clerk/Elections/Election-Results,,,county_complete,write_in_aggregate,Laramie,,,,,,1,,wy|laramie|wy-2026-primary|county_local_summary|b9595aad2a5ced2707a252aaa59135acdaa96c8c2c5659b6ea6c65c7d5d40c42|wy-2026-primary|county|laramie|precinct-committeewoman-4-8|dem|write_in_aggregate|write_in_aggregate|Laramie|COUNTY
wy-2026-primary,wy|laramie|wy-2026-primary|county_local_summary,Laramie,wy-2026-primary|county|laramie|precinct-committeewoman-4-8|dem,DEM COMMITTEEWOMEN 4-08,Precinct Committeewoman 4-8,county,,DEM,DEM,precinct,b9595aad2a5ced2707a252aaa59135acdaa96c8c2c5659b6ea6c65c7d5d40c42,2026-08-21T12:49:44Z,,county_summary_pdf_v1,1.1.5,1,verified,https://www.laramiecountywy.gov/County-Government/Elected-Officials/County-Clerk/Elections/Election-Results,,,county_complete,overvote,Laramie,,,,,,0,,wy|laramie|wy-2026-primary|county_local_summary|b9595aad2a5ced2707a252aaa59135acdaa96c8c2c5659b6ea6c65c7d5d40c42|wy-2026-primary|county|laramie|precinct-committeewoman-4-8|dem|overvote|overvote|Laramie|COUNTY
wy-2026-primary,wy|laramie|wy-2026-primary|county_local_summary,Laramie,wy-2026-primary|county|laramie|precinct-committeewoman-4-8|dem,DEM COMMITTEEWOMEN 4-08,Precinct Committeewoman 4-8,county,,DEM,DEM,precinct,b9595aad2a5ced2707a252aaa59135acdaa96c8c2c5659b6ea6c65c7d5d40c42,2026-08-21T12:49:44Z,,county_summary_pdf_v1,1.1.5,1,verified,https://www.laramiecountywy.gov/County-Government/Elected-Officials/County-Clerk/Elections/Election-Results,,,county_complete,undervote,Laramie,,,,,,18,,wy|laramie|wy-2026-primary|county_local_summary|b9595aad2a5ced2707a252aaa59135acdaa96c8c2c5659b6ea6c65c7d5d40c42|wy-2026-primary|county|laramie|precinct-committeewoman-4-8|dem|undervote|undervote|Laramie|COUNTY
wy-2026-primary,wy|laramie|wy-2026-primary|county_local_summary,Laramie,wy-2026-primary|county|laramie|precinct-committeeman-4-9|dem,DEM COMMITTEEMEN 4-09,Precinct Committeeman 4-9,county,,DEM,DEM,precinct,b9595aad2a5ced2707a252aaa59135acdaa96c8c2c5659b6ea6c65c7d5d40c42,2026-08-21T12:49:44Z,,county_summary_pdf_v1,1.1.5,1,verified,https://www.laramiecountywy.gov/County-Government/Elected-Officials/County-Clerk/Elections/Election-Results,,,county_complete,write_in_aggregate,Laramie,,,,,,18,,wy|laramie|wy-2026-primary|county_local_summary|b9595aad2a5ced2707a252aaa59135acdaa96c8c2c5659b6ea6c65c7d5d40c42|wy-2026-primary|county|laramie|precinct-committeeman-4-9|dem|write_in_aggregate|write_in_aggregate|Laramie|COUNTY
wy-2026-primary,wy|laramie|wy-2026-primary|county_local_summary,Laramie,wy-2026-primary|county|laramie|precinct-committeeman-4-9|dem,DEM COMMITTEEMEN 4-09,Precinct Committeeman 4-9,county,,DEM,DEM,precinct,b9595aad2a5ced2707a252aaa59135acdaa96c8c2c5659b6ea6c65c7d5d40c42,2026-08-21T12:49:44Z,,county_summary_pdf_v1,1.1.5,1,verified,https://www.laramiecountywy.gov/County-Government/Elected-Officials/County-Clerk/Elections/Election-Results,,,county_complete,overvote,Laramie,,,,,,0,,wy|laramie|wy-2026-primary|county_local_summary|b9595aad2a5ced2707a252aaa59135acdaa96c8c2c5659b6ea6c65c7d5d40c42|wy-2026-primary|county|laramie|precinct-committeeman-4-9|dem|overvote|overvote|Laramie|COUNTY
wy-2026-primary,wy|laramie|wy-2026-primary|county_local_summary,Laramie,wy-2026-primary|county|laramie|precinct-committeeman-4-9|dem,DEM COMMITTEEMEN 4-09,Precinct Committeeman 4-9,county,,DEM,DEM,precinct,b9595aad2a5ced2707a252aaa59135acdaa96c8c2c5659b6ea6c65c7d5d40c42,2026-08-21T12:49:44Z,,county_summary_pdf_v1,1.1.5,1,verified,https://www.laramiecountywy.gov/County-Government/Elected-Officials/County-Clerk/Elections/Election-Results,,,county_complete,undervote,Laramie,,,,,,49,,wy|laramie|wy-2026-primary|county_local_summary|b9595aad2a5ced2707a252aaa59135acdaa96c8c2c5659b6ea6c65c7d5d40c42|wy-2026-primary|county|laramie|precinct-committeeman-4-9|dem|undervote|undervote|Laramie|COUNTY
wy-2026-primary,wy|laramie|wy-2026-primary|county_local_summary,Laramie,wy-2026-primary|county|laramie|precinct-committeewoman-4-9|dem,DEM COMMITTEEWOMEN 4-09,Precinct Committeewoman 4-9,county,,DEM,DEM,precinct,b9595aad2a5ced2707a252aaa59135acdaa96c8c2c5659b6ea6c65c7d5d40c42,2026-08-21T12:49:44Z,,county_summary_pdf_v1,1.1.5,1,verified,https://www.laramiecountywy.gov/County-Government/Elected-Officials/County-Clerk/Elections/Election-Results,,,county_complete,write_in_aggregate,Laramie,,,,,,18,,wy|laramie|wy-2026-primary|county_local_summary|b9595aad2a5ced2707a252aaa59135acdaa96c8c2c5659b6ea6c65c7d5d40c42|wy-2026-primary|county|laramie|precinct-committeewoman-4-9|dem|write_in_aggregate|write_in_aggregate|Laramie|COUNTY
wy-2026-primary,wy|laramie|wy-2026-primary|county_local_summary,Laramie,wy-2026-primary|county|laramie|precinct-committeewoman-4-9|dem,DEM COMMITTEEWOMEN 4-09,Precinct Committeewoman 4-9,county,,DEM,DEM,precinct,b9595aad2a5ced2707a252aaa59135acdaa96c8c2c5659b6ea6c65c7d5d40c42,2026-08-21T12:49:44Z,,county_summary_pdf_v1,1.1.5,1,verified,https://www.laramiecountywy.gov/County-Government/Elected-Officials/County-Clerk/Elections/Election-Results,,,county_complete,overvote,Laramie,,,,,,0,,wy|laramie|wy-2026-primary|county_local_summary|b9595aad2a5ced2707a252aaa59135acdaa96c8c2c5659b6ea6c65c7d5d40c42|wy-2026-primary|county|laramie|precinct-committeewoman-4-9|dem|overvote|overvote|Laramie|COUNTY
wy-2026-primary,wy|laramie|wy-2026-primary|county_local_summary,Laramie,wy-2026-primary|county|laramie|precinct-committeewoman-4-9|dem,DEM COMMITTEEWOMEN 4-09,Precinct Committeewoman 4-9,county,,DEM,DEM,precinct,b9595aad2a5ced2707a252aaa59135acdaa96c8c2c5659b6ea6c65c7d5d40c42,2026-08-21T12:49:44Z,,county_summary_pdf_v1,1.1.5,1,verified,https://www.laramiecountywy.gov/County-Government/Elected-Officials/County-Clerk/Elections/Election-Results,,,county_complete,undervote,Laramie,,,,,,49,,wy|laramie|wy-2026-primary|county_local_summary|b9595aad2a5ced2707a252aaa59135acdaa96c8c2c5659b6ea6c65c7d5d40c42|wy-2026-primary|county|laramie|precinct-committeewoman-4-9|dem|undervote|undervote|Laramie|COUNTY
wy-2026-primary,wy|laramie|wy-2026-primary|county_local_summary,Laramie,wy-2026-primary|county|laramie|precinct-committeeman-4-10|dem,DEM COMMITTEEMEN 4-10,Precinct Committeeman 4-10,county,,DEM,DEM,precinct,b9595aad2a5ced2707a252aaa59135acdaa96c8c2c5659b6ea6c65c7d5d40c42,2026-08-21T12:49:44Z,,county_summary_pdf_v1,1.1.5,1,verified,https://www.laramiecountywy.gov/County-Government/Elected-Officials/County-Clerk/Elections/Election-Results,,,county_complete,write_in_aggregate,Laramie,,,,,,0,,wy|laramie|wy-2026-primary|county_local_summary|b9595aad2a5ced2707a252aaa59135acdaa96c8c2c5659b6ea6c65c7d5d40c42|wy-2026-primary|county|laramie|precinct-committeeman-4-10|dem|write_in_aggregate|write_in_aggregate|Laramie|COUNTY
wy-2026-primary,wy|laramie|wy-2026-primary|county_local_summary,Laramie,wy-2026-primary|county|laramie|precinct-committeeman-4-10|dem,DEM COMMITTEEMEN 4-10,Precinct Committeeman 4-10,county,,DEM,DEM,precinct,b9595aad2a5ced2707a252aaa59135acdaa96c8c2c5659b6ea6c65c7d5d40c42,2026-08-21T12:49:44Z,,county_summary_pdf_v1,1.1.5,1,verified,https://www.laramiecountywy.gov/County-Government/Elected-Officials/County-Clerk/Elections/Election-Results,,,county_complete,overvote,Laramie,,,,,,0,,wy|laramie|wy-2026-primary|county_local_summary|b9595aad2a5ced2707a252aaa59135acdaa96c8c2c5659b6ea6c65c7d5d40c42|wy-2026-primary|county|laramie|precinct-committeeman-4-10|dem|overvote|overvote|Laramie|COUNTY
wy-2026-primary,wy|laramie|wy-2026-primary|county_local_summary,Laramie,wy-2026-primary|county|laramie|precinct-committeeman-4-10|dem,DEM COMMITTEEMEN 4-10,Precinct Committeeman 4-10,county,,DEM,DEM,precinct,b9595aad2a5ced2707a252aaa59135acdaa96c8c2c5659b6ea6c65c7d5d40c42,2026-08-21T12:49:44Z,,county_summary_pdf_v1,1.1.5,1,verified,https://www.laramiecountywy.gov/County-Government/Elected-Officials/County-Clerk/Elections/Election-Results,,,county_complete,undervote,Laramie,,,,,,8,,wy|laramie|wy-2026-primary|county_local_summary|b9595aad2a5ced2707a252aaa59135acdaa96c8c2c5659b6ea6c65c7d5d40c42|wy-2026-primary|county|laramie|precinct-committeeman-4-10|dem|undervote|undervote|Laramie|COUNTY
wy-2026-primary,wy|laramie|wy-2026-primary|county_local_summary,Laramie,wy-2026-primary|county|laramie|precinct-committeewoman-4-10|dem,DEM COMMITTEEWOMEN 4-10,Precinct Committeewoman 4-10,county,,DEM,DEM,precinct,b9595aad2a5ced2707a252aaa59135acdaa96c8c2c5659b6ea6c65c7d5d40c42,2026-08-21T12:49:44Z,,county_summary_pdf_v1,1.1.5,1,verified,https://www.laramiecountywy.gov/County-Government/Elected-Officials/County-Clerk/Elections/Election-Results,,,county_complete,write_in_aggregate,Laramie,,,,,,0,,wy|laramie|wy-2026-primary|county_local_summary|b9595aad2a5ced2707a252aaa59135acdaa96c8c2c5659b6ea6c65c7d5d40c42|wy-2026-primary|county|laramie|precinct-committeewoman-4-10|dem|write_in_aggregate|write_in_aggregate|Laramie|COUNTY
wy-2026-primary,wy|laramie|wy-2026-primary|county_local_summary,Laramie,wy-2026-primary|county|laramie|precinct-committeewoman-4-10|dem,DEM COMMITTEEWOMEN 4-10,Precinct Committeewoman 4-10,county,,DEM,DEM,precinct,b9595aad2a5ced2707a252aaa59135acdaa96c8c2c5659b6ea6c65c7d5d40c42,2026-08-21T12:49:44Z,,county_summary_pdf_v1,1.1.5,1,verified,https://www.laramiecountywy.gov/County-Government/Elected-Officials/County-Clerk/Elections/Election-Results,,,county_complete,overvote,Laramie,,,,,,0,,wy|laramie|wy-2026-primary|county_local_summary|b9595aad2a5ced2707a252aaa59135acdaa96c8c2c5659b6ea6c65c7d5d40c42|wy-2026-primary|county|laramie|precinct-committeewoman-4-10|dem|overvote|overvote|Laramie|COUNTY
wy-2026-primary,wy|laramie|wy-2026-primary|county_local_summary,Laramie,wy-2026-primary|county|laramie|precinct-committeewoman-4-10|dem,DEM COMMITTEEWOMEN 4-10,Precinct Committeewoman 4-10,county,,DEM,DEM,precinct,b9595aad2a5ced2707a252aaa59135acdaa96c8c2c5659b6ea6c65c7d5d40c42,2026-08-21T12:49:44Z,,county_summary_pdf_v1,1.1.5,1,verified,https://www.laramiecountywy.gov/County-Government/Elected-Officials/County-Clerk/Elections/Election-Results,,,county_complete,undervote,Laramie,,,,,,8,,wy|laramie|wy-2026-primary|county_local_summary|b9595aad2a5ced2707a252aaa59135acdaa96c8c2c5659b6ea6c65c7d5d40c42|wy-2026-primary|county|laramie|precinct-committeewoman-4-10|dem|undervote|undervote|Laramie|COUNTY
wy-2026-primary,wy|laramie|wy-2026-primary|county_local_summary,Laramie,wy-2026-primary|county|laramie|precinct-committeeman-4-11|dem,DEM COMMITTEEMEN 4-11,Precinct Committeeman 4-11,county,,DEM,DEM,precinct,b9595aad2a5ced2707a252aaa59135acdaa96c8c2c5659b6ea6c65c7d5d40c42,2026-08-21T12:49:44Z,,county_summary_pdf_v1,1.1.5,1,verified,https://www.laramiecountywy.gov/County-Government/Elected-Officials/County-Clerk/Elections/Election-Results,,,county_complete,write_in_aggregate,Laramie,,,,,,22,,wy|laramie|wy-2026-primary|county_local_summary|b9595aad2a5ced2707a252aaa59135acdaa96c8c2c5659b6ea6c65c7d5d40c42|wy-2026-primary|county|laramie|precinct-committeeman-4-11|dem|write_in_aggregate|write_in_aggregate|Laramie|COUNTY
wy-2026-primary,wy|laramie|wy-2026-primary|county_local_summary,Laramie,wy-2026-primary|county|laramie|precinct-committeeman-4-11|dem,DEM COMMITTEEMEN 4-11,Precinct Committeeman 4-11,county,,DEM,DEM,precinct,b9595aad2a5ced2707a252aaa59135acdaa96c8c2c5659b6ea6c65c7d5d40c42,2026-08-21T12:49:44Z,,county_summary_pdf_v1,1.1.5,1,verified,https://www.laramiecountywy.gov/County-Government/Elected-Officials/County-Clerk/Elections/Election-Results,,,county_complete,overvote,Laramie,,,,,,0,,wy|laramie|wy-2026-primary|county_local_summary|b9595aad2a5ced2707a252aaa59135acdaa96c8c2c5659b6ea6c65c7d5d40c42|wy-2026-primary|county|laramie|precinct-committeeman-4-11|dem|overvote|overvote|Laramie|COUNTY
wy-2026-primary,wy|laramie|wy-2026-primary|county_local_summary,Laramie,wy-2026-primary|county|laramie|precinct-committeeman-4-11|dem,DEM COMMITTEEMEN 4-11,Precinct Committeeman 4-11,county,,DEM,DEM,precinct,b9595aad2a5ced2707a252aaa59135acdaa96c8c2c5659b6ea6c65c7d5d40c42,2026-08-21T12:49:44Z,,county_summary_pdf_v1,1.1.5,1,verified,https://www.laramiecountywy.gov/County-Government/Elected-Officials/County-Clerk/Elections/Election-Results,,,county_complete,undervote,Laramie,,,,,,232,,wy|laramie|wy-2026-primary|county_local_summary|b9595aad2a5ced2707a252aaa59135acdaa96c8c2c5659b6ea6c65c7d5d40c42|wy-2026-primary|county|laramie|precinct-committeeman-4-11|dem|undervote|undervote|Laramie|COUNTY
wy-2026-primary,wy|laramie|wy-2026-primary|county_local_summary,Laramie,wy-2026-primary|county|laramie|precinct-committeewoman-4-11|dem,DEM COMMITTEEWOMEN 4-11,Precinct Committeewoman 4-11,county,,DEM,DEM,precinct,b9595aad2a5ced2707a252aaa59135acdaa96c8c2c5659b6ea6c65c7d5d40c42,2026-08-21T12:49:44Z,,county_summary_pdf_v1,1.1.5,1,verified,https://www.laramiecountywy.gov/County-Government/Elected-Officials/County-Clerk/Elections/Election-Results,,,county_complete,write_in_aggregate,Laramie,,,,,,23,,wy|laramie|wy-2026-primary|county_local_summary|b9595aad2a5ced2707a252aaa59135acdaa96c8c2c5659b6ea6c65c7d5d40c42|wy-2026-primary|county|laramie|precinct-committeewoman-4-11|dem|write_in_aggregate|write_in_aggregate|Laramie|COUNTY
wy-2026-primary,wy|laramie|wy-2026-primary|county_local_summary,Laramie,wy-2026-primary|county|laramie|precinct-committeewoman-4-11|dem,DEM COMMITTEEWOMEN 4-11,Precinct Committeewoman 4-11,county,,DEM,DEM,precinct,b9595aad2a5ced2707a252aaa59135acdaa96c8c2c5659b6ea6c65c7d5d40c42,2026-08-21T12:49:44Z,,county_summary_pdf_v1,1.1.5,1,verified,https://www.laramiecountywy.gov/County-Government/Elected-Officials/County-Clerk/Elections/Election-Results,,,county_complete,overvote,Laramie,,,,,,0,,wy|laramie|wy-2026-primary|county_local_summary|b9595aad2a5ced2707a252aaa59135acdaa96c8c2c5659b6ea6c65c7d5d40c42|wy-2026-primary|county|laramie|precinct-committeewoman-4-11|dem|overvote|overvote|Laramie|COUNTY
wy-2026-primary,wy|laramie|wy-2026-primary|county_local_summary,Laramie,wy-2026-primary|county|laramie|precinct-committeewoman-4-11|dem,DEM COMMITTEEWOMEN 4-11,Precinct Committeewoman 4-11,county,,DEM,DEM,precinct,b9595aad2a5ced2707a252aaa59135acdaa96c8c2c5659b6ea6c65c7d5d40c42,2026-08-21T12:49:44Z,,county_summary_pdf_v1,1.1.5,1,verified,https://www.laramiecountywy.gov/County-Government/Elected-Officials/County-Clerk/Elections/Election-Results,,,county_complete,undervote,Laramie,,,,,,231,,wy|laramie|wy-2026-primary|county_local_summary|b9595aad2a5ced2707a252aaa59135acdaa96c8c2c5659b6ea6c65c7d5d40c42|wy-2026-primary|county|laramie|precinct-committeewoman-4-11|dem|undervote|undervote|Laramie|COUNTY
wy-2026-primary,wy|laramie|wy-2026-primary|county_local_summary,Laramie,wy-2026-primary|county|laramie|precinct-committeeman-5-1|dem,DEM COMMITTEEMEN 5-01,Precinct Committeeman 5-1,county,,DEM,DEM,precinct,b9595aad2a5ced2707a252aaa59135acdaa96c8c2c5659b6ea6c65c7d5d40c42,2026-08-21T12:49:44Z,,county_summary_pdf_v1,1.1.5,1,verified,https://www.laramiecountywy.gov/County-Government/Elected-Officials/County-Clerk/Elections/Election-Results,,,county_complete,write_in_aggregate,Laramie,,,,,,1,,wy|laramie|wy-2026-primary|county_local_summary|b9595aad2a5ced2707a252aaa59135acdaa96c8c2c5659b6ea6c65c7d5d40c42|wy-2026-primary|county|laramie|precinct-committeeman-5-1|dem|write_in_aggregate|write_in_aggregate|Laramie|COUNTY
wy-2026-primary,wy|laramie|wy-2026-primary|county_local_summary,Laramie,wy-2026-primary|county|laramie|precinct-committeeman-5-1|dem,DEM COMMITTEEMEN 5-01,Precinct Committeeman 5-1,county,,DEM,DEM,precinct,b9595aad2a5ced2707a252aaa59135acdaa96c8c2c5659b6ea6c65c7d5d40c42,2026-08-21T12:49:44Z,,county_summary_pdf_v1,1.1.5,1,verified,https://www.laramiecountywy.gov/County-Government/Elected-Officials/County-Clerk/Elections/Election-Results,,,county_complete,overvote,Laramie,,,,,,0,,wy|laramie|wy-2026-primary|county_local_summary|b9595aad2a5ced2707a252aaa59135acdaa96c8c2c5659b6ea6c65c7d5d40c42|wy-2026-primary|county|laramie|precinct-committeeman-5-1|dem|overvote|overvote|Laramie|COUNTY
wy-2026-primary,wy|laramie|wy-2026-primary|county_local_summary,Laramie,wy-2026-primary|county|laramie|precinct-committeeman-5-1|dem,DEM COMMITTEEMEN 5-01,Precinct Committeeman 5-1,county,,DEM,DEM,precinct,b9595aad2a5ced2707a252aaa59135acdaa96c8c2c5659b6ea6c65c7d5d40c42,2026-08-21T12:49:44Z,,county_summary_pdf_v1,1.1.5,1,verified,https://www.laramiecountywy.gov/County-Government/Elected-Officials/County-Clerk/Elections/Election-Results,,,county_complete,undervote,Laramie,,,,,,11,,wy|laramie|wy-2026-primary|county_local_summary|b9595aad2a5ced2707a252aaa59135acdaa96c8c2c5659b6ea6c65c7d5d40c42|wy-2026-primary|county|laramie|precinct-committeeman-5-1|dem|undervote|undervote|Laramie|COUNTY
wy-2026-primary,wy|laramie|wy-2026-primary|county_local_summary,Laramie,wy-2026-primary|county|laramie|precinct-committeewoman-5-1|dem,DEM COMMITTEEWOMEN 5-01,Precinct Committeewoman 5-1,county,,DEM,DEM,precinct,b9595aad2a5ced2707a252aaa59135acdaa96c8c2c5659b6ea6c65c7d5d40c42,2026-08-21T12:49:44Z,,county_summary_pdf_v1,1.1.5,1,verified,https://www.laramiecountywy.gov/County-Government/Elected-Officials/County-Clerk/Elections/Election-Results,,,county_complete,write_in_aggregate,Laramie,,,,,,1,,wy|laramie|wy-2026-primary|county_local_summary|b9595aad2a5ced2707a252aaa59135acdaa96c8c2c5659b6ea6c65c7d5d40c42|wy-2026-primary|county|laramie|precinct-committeewoman-5-1|dem|write_in_aggregate|write_in_aggregate|Laramie|COUNTY
wy-2026-primary,wy|laramie|wy-2026-primary|county_local_summary,Laramie,wy-2026-primary|county|laramie|precinct-committeewoman-5-1|dem,DEM COMMITTEEWOMEN 5-01,Precinct Committeewoman 5-1,county,,DEM,DEM,precinct,b9595aad2a5ced2707a252aaa59135acdaa96c8c2c5659b6ea6c65c7d5d40c42,2026-08-21T12:49:44Z,,county_summary_pdf_v1,1.1.5,1,verified,https://www.laramiecountywy.gov/County-Government/Elected-Officials/County-Clerk/Elections/Election-Results,,,county_complete,overvote,Laramie,,,,,,0,,wy|laramie|wy-2026-primary|county_local_summary|b9595aad2a5ced2707a252aaa59135acdaa96c8c2c5659b6ea6c65c7d5d40c42|wy-2026-primary|county|laramie|precinct-committeewoman-5-1|dem|overvote|overvote|Laramie|COUNTY
wy-2026-primary,wy|laramie|wy-2026-primary|county_local_summary,Laramie,wy-2026-primary|county|laramie|precinct-committeewoman-5-1|dem,DEM COMMITTEEWOMEN 5-01,Precinct Committeewoman 5-1,county,,DEM,DEM,precinct,b9595aad2a5ced2707a252aaa59135acdaa96c8c2c5659b6ea6c65c7d5d40c42,2026-08-21T12:49:44Z,,county_summary_pdf_v1,1.1.5,1,verified,https://www.laramiecountywy.gov/County-Government/Elected-Officials/County-Clerk/Elections/Election-Results,,,county_complete,undervote,Laramie,,,,,,11,,wy|laramie|wy-2026-primary|county_local_summary|b9595aad2a5ced2707a252aaa59135acdaa96c8c2c5659b6ea6c65c7d5d40c42|wy-2026-primary|county|laramie|precinct-committeewoman-5-1|dem|undervote|undervote|Laramie|COUNTY
wy-2026-primary,wy|laramie|wy-2026-primary|county_local_summary,Laramie,wy-2026-primary|county|laramie|precinct-committeeman-5-2|dem,DEM COMMITTEEMEN 5-02,Precinct Committeeman 5-2,county,,DEM,DEM,precinct,b9595aad2a5ced2707a252aaa59135acdaa96c8c2c5659b6ea6c65c7d5d40c42,2026-08-21T12:49:44Z,,county_summary_pdf_v1,1.1.5,1,verified,https://www.laramiecountywy.gov/County-Government/Elected-Officials/County-Clerk/Elections/Election-Results,,,county_complete,write_in_aggregate,Laramie,,,,,,3,,wy|laramie|wy-2026-primary|county_local_summary|b9595aad2a5ced2707a252aaa59135acdaa96c8c2c5659b6ea6c65c7d5d40c42|wy-2026-primary|county|laramie|precinct-committeeman-5-2|dem|write_in_aggregate|write_in_aggregate|Laramie|COUNTY
wy-2026-primary,wy|laramie|wy-2026-primary|county_local_summary,Laramie,wy-2026-primary|county|laramie|precinct-committeeman-5-2|dem,DEM COMMITTEEMEN 5-02,Precinct Committeeman 5-2,county,,DEM,DEM,precinct,b9595aad2a5ced2707a252aaa59135acdaa96c8c2c5659b6ea6c65c7d5d40c42,2026-08-21T12:49:44Z,,county_summary_pdf_v1,1.1.5,1,verified,https://www.laramiecountywy.gov/County-Government/Elected-Officials/County-Clerk/Elections/Election-Results,,,county_complete,overvote,Laramie,,,,,,0,,wy|laramie|wy-2026-primary|county_local_summary|b9595aad2a5ced2707a252aaa59135acdaa96c8c2c5659b6ea6c65c7d5d40c42|wy-2026-primary|county|laramie|precinct-committeeman-5-2|dem|overvote|overvote|Laramie|COUNTY
wy-2026-primary,wy|laramie|wy-2026-primary|county_local_summary,Laramie,wy-2026-primary|county|laramie|precinct-committeeman-5-2|dem,DEM COMMITTEEMEN 5-02,Precinct Committeeman 5-2,county,,DEM,DEM,precinct,b9595aad2a5ced2707a252aaa59135acdaa96c8c2c5659b6ea6c65c7d5d40c42,2026-08-21T12:49:44Z,,county_summary_pdf_v1,1.1.5,1,verified,https://www.laramiecountywy.gov/County-Government/Elected-Officials/County-Clerk/Elections/Election-Results,,,county_complete,undervote,Laramie,,,,,,27,,wy|laramie|wy-2026-primary|county_local_summary|b9595aad2a5ced2707a252aaa59135acdaa96c8c2c5659b6ea6c65c7d5d40c42|wy-2026-primary|county|laramie|precinct-committeeman-5-2|dem|undervote|undervote|Laramie|COUNTY
wy-2026-primary,wy|laramie|wy-2026-primary|county_local_summary,Laramie,wy-2026-primary|county|laramie|precinct-committeewoman-5-2|dem,DEM COMMITTEEWOMEN 5-02,Precinct Committeewoman 5-2,county,,DEM,DEM,precinct,b9595aad2a5ced2707a252aaa59135acdaa96c8c2c5659b6ea6c65c7d5d40c42,2026-08-21T12:49:44Z,,county_summary_pdf_v1,1.1.5,1,verified,https://www.laramiecountywy.gov/County-Government/Elected-Officials/County-Clerk/Elections/Election-Results,,,county_complete,write_in_aggregate,Laramie,,,,,,3,,wy|laramie|wy-2026-primary|county_local_summary|b9595aad2a5ced2707a252aaa59135acdaa96c8c2c5659b6ea6c65c7d5d40c42|wy-2026-primary|county|laramie|precinct-committeewoman-5-2|dem|write_in_aggregate|write_in_aggregate|Laramie|COUNTY
wy-2026-primary,wy|laramie|wy-2026-primary|county_local_summary,Laramie,wy-2026-primary|county|laramie|precinct-committeewoman-5-2|dem,DEM COMMITTEEWOMEN 5-02,Precinct Committeewoman 5-2,county,,DEM,DEM,precinct,b9595aad2a5ced2707a252aaa59135acdaa96c8c2c5659b6ea6c65c7d5d40c42,2026-08-21T12:49:44Z,,county_summary_pdf_v1,1.1.5,1,verified,https://www.laramiecountywy.gov/County-Government/Elected-Officials/County-Clerk/Elections/Election-Results,,,county_complete,overvote,Laramie,,,,,,0,,wy|laramie|wy-2026-primary|county_local_summary|b9595aad2a5ced2707a252aaa59135acdaa96c8c2c5659b6ea6c65c7d5d40c42|wy-2026-primary|county|laramie|precinct-committeewoman-5-2|dem|overvote|overvote|Laramie|COUNTY
wy-2026-primary,wy|laramie|wy-2026-primary|county_local_summary,Laramie,wy-2026-primary|county|laramie|precinct-committeewoman-5-2|dem,DEM COMMITTEEWOMEN 5-02,Precinct Committeewoman 5-2,county,,DEM,DEM,precinct,b9595aad2a5ced2707a252aaa59135acdaa96c8c2c5659b6ea6c65c7d5d40c42,2026-08-21T12:49:44Z,,county_summary_pdf_v1,1.1.5,1,verified,https://www.laramiecountywy.gov/County-Government/Elected-Officials/County-Clerk/Elections/Election-Results,,,county_complete,undervote,Laramie,,,,,,27,,wy|laramie|wy-2026-primary|county_local_summary|b9595aad2a5ced2707a252aaa59135acdaa96c8c2c5659b6ea6c65c7d5d40c42|wy-2026-primary|county|laramie|precinct-committeewoman-5-2|dem|undervote|undervote|Laramie|COUNTY
wy-2026-primary,wy|laramie|wy-2026-primary|county_local_summary,Laramie,wy-2026-primary|county|laramie|precinct-committeeman-5-3|dem,DEM COMMITTEEMEN 5-03,Precinct Committeeman 5-3,county,,DEM,DEM,precinct,b9595aad2a5ced2707a252aaa59135acdaa96c8c2c5659b6ea6c65c7d5d40c42,2026-08-21T12:49:44Z,,county_summary_pdf_v1,1.1.5,1,verified,https://www.laramiecountywy.gov/County-Government/Elected-Officials/County-Clerk/Elections/Election-Results,,,county_complete,write_in_aggregate,Laramie,,,,,,5,,wy|laramie|wy-2026-primary|county_local_summary|b9595aad2a5ced2707a252aaa59135acdaa96c8c2c5659b6ea6c65c7d5d40c42|wy-2026-primary|county|laramie|precinct-committeeman-5-3|dem|write_in_aggregate|write_in_aggregate|Laramie|COUNTY
wy-2026-primary,wy|laramie|wy-2026-primary|county_local_summary,Laramie,wy-2026-primary|county|laramie|precinct-committeeman-5-3|dem,DEM COMMITTEEMEN 5-03,Precinct Committeeman 5-3,county,,DEM,DEM,precinct,b9595aad2a5ced2707a252aaa59135acdaa96c8c2c5659b6ea6c65c7d5d40c42,2026-08-21T12:49:44Z,,county_summary_pdf_v1,1.1.5,1,verified,https://www.laramiecountywy.gov/County-Government/Elected-Officials/County-Clerk/Elections/Election-Results,,,county_complete,overvote,Laramie,,,,,,0,,wy|laramie|wy-2026-primary|county_local_summary|b9595aad2a5ced2707a252aaa59135acdaa96c8c2c5659b6ea6c65c7d5d40c42|wy-2026-primary|county|laramie|precinct-committeeman-5-3|dem|overvote|overvote|Laramie|COUNTY
wy-2026-primary,wy|laramie|wy-2026-primary|county_local_summary,Laramie,wy-2026-primary|county|laramie|precinct-committeeman-5-3|dem,DEM COMMITTEEMEN 5-03,Precinct Committeeman 5-3,county,,DEM,DEM,precinct,b9595aad2a5ced2707a252aaa59135acdaa96c8c2c5659b6ea6c65c7d5d40c42,2026-08-21T12:49:44Z,,county_summary_pdf_v1,1.1.5,1,verified,https://www.laramiecountywy.gov/County-Government/Elected-Officials/County-Clerk/Elections/Election-Results,,,county_complete,undervote,Laramie,,,,,,19,,wy|laramie|wy-2026-primary|county_local_summary|b9595aad2a5ced2707a252aaa59135acdaa96c8c2c5659b6ea6c65c7d5d40c42|wy-2026-primary|county|laramie|precinct-committeeman-5-3|dem|undervote|undervote|Laramie|COUNTY
wy-2026-primary,wy|laramie|wy-2026-primary|county_local_summary,Laramie,wy-2026-primary|county|laramie|precinct-committeewoman-5-3|dem,DEM COMMITTEEWOMEN 5-03,Precinct Committeewoman 5-3,county,,DEM,DEM,precinct,b9595aad2a5ced2707a252aaa59135acdaa96c8c2c5659b6ea6c65c7d5d40c42,2026-08-21T12:49:44Z,,county_summary_pdf_v1,1.1.5,1,verified,https://www.laramiecountywy.gov/County-Government/Elected-Officials/County-Clerk/Elections/Election-Results,,,county_complete,write_in_aggregate,Laramie,,,,,,6,,wy|laramie|wy-2026-primary|county_local_summary|b9595aad2a5ced2707a252aaa59135acdaa96c8c2c5659b6ea6c65c7d5d40c42|wy-2026-primary|county|laramie|precinct-committeewoman-5-3|dem|write_in_aggregate|write_in_aggregate|Laramie|COUNTY
wy-2026-primary,wy|laramie|wy-2026-primary|county_local_summary,Laramie,wy-2026-primary|county|laramie|precinct-committeewoman-5-3|dem,DEM COMMITTEEWOMEN 5-03,Precinct Committeewoman 5-3,county,,DEM,DEM,precinct,b9595aad2a5ced2707a252aaa59135acdaa96c8c2c5659b6ea6c65c7d5d40c42,2026-08-21T12:49:44Z,,county_summary_pdf_v1,1.1.5,1,verified,https://www.laramiecountywy.gov/County-Government/Elected-Officials/County-Clerk/Elections/Election-Results,,,county_complete,overvote,Laramie,,,,,,0,,wy|laramie|wy-2026-primary|county_local_summary|b9595aad2a5ced2707a252aaa59135acdaa96c8c2c5659b6ea6c65c7d5d40c42|wy-2026-primary|county|laramie|precinct-committeewoman-5-3|dem|overvote|overvote|Laramie|COUNTY
wy-2026-primary,wy|laramie|wy-2026-primary|county_local_summary,Laramie,wy-2026-primary|county|laramie|precinct-committeewoman-5-3|dem,DEM COMMITTEEWOMEN 5-03,Precinct Committeewoman 5-3,county,,DEM,DEM,precinct,b9595aad2a5ced2707a252aaa59135acdaa96c8c2c5659b6ea6c65c7d5d40c42,2026-08-21T12:49:44Z,,county_summary_pdf_v1,1.1.5,1,verified,https://www.laramiecountywy.gov/County-Government/Elected-Officials/County-Clerk/Elections/Election-Results,,,county_complete,undervote,Laramie,,,,,,18,,wy|laramie|wy-2026-primary|county_local_summary|b9595aad2a5ced2707a252aaa59135acdaa96c8c2c5659b6ea6c65c7d5d40c42|wy-2026-primary|county|laramie|precinct-committeewoman-5-3|dem|undervote|undervote|Laramie|COUNTY
wy-2026-primary,wy|laramie|wy-2026-primary|county_local_summary,Laramie,wy-2026-primary|county|laramie|precinct-committeeman-5-4|dem,DEM COMMITTEEMEN 5-04,Precinct Committeeman 5-4,county,,DEM,DEM,precinct,b9595aad2a5ced2707a252aaa59135acdaa96c8c2c5659b6ea6c65c7d5d40c42,2026-08-21T12:49:44Z,,county_summary_pdf_v1,1.1.5,1,verified,https://www.laramiecountywy.gov/County-Government/Elected-Officials/County-Clerk/Elections/Election-Results,,,county_complete,write_in_aggregate,Laramie,,,,,,4,,wy|laramie|wy-2026-primary|county_local_summary|b9595aad2a5ced2707a252aaa59135acdaa96c8c2c5659b6ea6c65c7d5d40c42|wy-2026-primary|county|laramie|precinct-committeeman-5-4|dem|write_in_aggregate|write_in_aggregate|Laramie|COUNTY
wy-2026-primary,wy|laramie|wy-2026-primary|county_local_summary,Laramie,wy-2026-primary|county|laramie|precinct-committeeman-5-4|dem,DEM COMMITTEEMEN 5-04,Precinct Committeeman 5-4,county,,DEM,DEM,precinct,b9595aad2a5ced2707a252aaa59135acdaa96c8c2c5659b6ea6c65c7d5d40c42,2026-08-21T12:49:44Z,,county_summary_pdf_v1,1.1.5,1,verified,https://www.laramiecountywy.gov/County-Government/Elected-Officials/County-Clerk/Elections/Election-Results,,,county_complete,overvote,Laramie,,,,,,0,,wy|laramie|wy-2026-primary|county_local_summary|b9595aad2a5ced2707a252aaa59135acdaa96c8c2c5659b6ea6c65c7d5d40c42|wy-2026-primary|county|laramie|precinct-committeeman-5-4|dem|overvote|overvote|Laramie|COUNTY
wy-2026-primary,wy|laramie|wy-2026-primary|county_local_summary,Laramie,wy-2026-primary|county|laramie|precinct-committeeman-5-4|dem,DEM COMMITTEEMEN 5-04,Precinct Committeeman 5-4,county,,DEM,DEM,precinct,b9595aad2a5ced2707a252aaa59135acdaa96c8c2c5659b6ea6c65c7d5d40c42,2026-08-21T12:49:44Z,,county_summary_pdf_v1,1.1.5,1,verified,https://www.laramiecountywy.gov/County-Government/Elected-Officials/County-Clerk/Elections/Election-Results,,,county_complete,undervote,Laramie,,,,,,23,,wy|laramie|wy-2026-primary|county_local_summary|b9595aad2a5ced2707a252aaa59135acdaa96c8c2c5659b6ea6c65c7d5d40c42|wy-2026-primary|county|laramie|precinct-committeeman-5-4|dem|undervote|undervote|Laramie|COUNTY
wy-2026-primary,wy|laramie|wy-2026-primary|county_local_summary,Laramie,wy-2026-primary|county|laramie|precinct-committeewoman-5-4|dem,DEM COMMITTEEWOMEN 5-04,Precinct Committeewoman 5-4,county,,DEM,DEM,precinct,b9595aad2a5ced2707a252aaa59135acdaa96c8c2c5659b6ea6c65c7d5d40c42,2026-08-21T12:49:44Z,,county_summary_pdf_v1,1.1.5,1,verified,https://www.laramiecountywy.gov/County-Government/Elected-Officials/County-Clerk/Elections/Election-Results,,,county_complete,write_in_aggregate,Laramie,,,,,,4,,wy|laramie|wy-2026-primary|county_local_summary|b9595aad2a5ced2707a252aaa59135acdaa96c8c2c5659b6ea6c65c7d5d40c42|wy-2026-primary|county|laramie|precinct-committeewoman-5-4|dem|write_in_aggregate|write_in_aggregate|Laramie|COUNTY
wy-2026-primary,wy|laramie|wy-2026-primary|county_local_summary,Laramie,wy-2026-primary|county|laramie|precinct-committeewoman-5-4|dem,DEM COMMITTEEWOMEN 5-04,Precinct Committeewoman 5-4,county,,DEM,DEM,precinct,b9595aad2a5ced2707a252aaa59135acdaa96c8c2c5659b6ea6c65c7d5d40c42,2026-08-21T12:49:44Z,,county_summary_pdf_v1,1.1.5,1,verified,https://www.laramiecountywy.gov/County-Government/Elected-Officials/County-Clerk/Elections/Election-Results,,,county_complete,overvote,Laramie,,,,,,0,,wy|laramie|wy-2026-primary|county_local_summary|b9595aad2a5ced2707a252aaa59135acdaa96c8c2c5659b6ea6c65c7d5d40c42|wy-2026-primary|county|laramie|precinct-committeewoman-5-4|dem|overvote|overvote|Laramie|COUNTY
wy-2026-primary,wy|laramie|wy-2026-primary|county_local_summary,Laramie,wy-2026-primary|county|laramie|precinct-committeewoman-5-4|dem,DEM COMMITTEEWOMEN 5-04,Precinct Committeewoman 5-4,county,,DEM,DEM,precinct,b9595aad2a5ced2707a252aaa59135acdaa96c8c2c5659b6ea6c65c7d5d40c42,2026-08-21T12:49:44Z,,county_summary_pdf_v1,1.1.5,1,verified,https://www.laramiecountywy.gov/County-Government/Elected-Officials/County-Clerk/Elections/Election-Results,,,county_complete,undervote,Laramie,,,,,,23,,wy|laramie|wy-2026-primary|county_local_summary|b9595aad2a5ced2707a252aaa59135acdaa96c8c2c5659b6ea6c65c7d5d40c42|wy-2026-primary|county|laramie|precinct-committeewoman-5-4|dem|undervote|undervote|Laramie|COUNTY
wy-2026-primary,wy|laramie|wy-2026-primary|county_local_summary,Laramie,wy-2026-primary|county|laramie|precinct-committeeman-6-1|dem,DEM COMMITTEEMEN 6-01,Precinct Committeeman 6-1,county,,DEM,DEM,precinct,b9595aad2a5ced2707a252aaa59135acdaa96c8c2c5659b6ea6c65c7d5d40c42,2026-08-21T12:49:44Z,,county_summary_pdf_v1,1.1.5,1,verified,https://www.laramiecountywy.gov/County-Government/Elected-Officials/County-Clerk/Elections/Election-Results,,,county_complete,write_in_aggregate,Laramie,,,,,,0,,wy|laramie|wy-2026-primary|county_local_summary|b9595aad2a5ced2707a252aaa59135acdaa96c8c2c5659b6ea6c65c7d5d40c42|wy-2026-primary|county|laramie|precinct-committeeman-6-1|dem|write_in_aggregate|write_in_aggregate|Laramie|COUNTY
wy-2026-primary,wy|laramie|wy-2026-primary|county_local_summary,Laramie,wy-2026-primary|county|laramie|precinct-committeeman-6-1|dem,DEM COMMITTEEMEN 6-01,Precinct Committeeman 6-1,county,,DEM,DEM,precinct,b9595aad2a5ced2707a252aaa59135acdaa96c8c2c5659b6ea6c65c7d5d40c42,2026-08-21T12:49:44Z,,county_summary_pdf_v1,1.1.5,1,verified,https://www.laramiecountywy.gov/County-Government/Elected-Officials/County-Clerk/Elections/Election-Results,,,county_complete,overvote,Laramie,,,,,,0,,wy|laramie|wy-2026-primary|county_local_summary|b9595aad2a5ced2707a252aaa59135acdaa96c8c2c5659b6ea6c65c7d5d40c42|wy-2026-primary|county|laramie|precinct-committeeman-6-1|dem|overvote|overvote|Laramie|COUNTY
wy-2026-primary,wy|laramie|wy-2026-primary|county_local_summary,Laramie,wy-2026-primary|county|laramie|precinct-committeeman-6-1|dem,DEM COMMITTEEMEN 6-01,Precinct Committeeman 6-1,county,,DEM,DEM,precinct,b9595aad2a5ced2707a252aaa59135acdaa96c8c2c5659b6ea6c65c7d5d40c42,2026-08-21T12:49:44Z,,county_summary_pdf_v1,1.1.5,1,verified,https://www.laramiecountywy.gov/County-Government/Elected-Officials/County-Clerk/Elections/Election-Results,,,county_complete,undervote,Laramie,,,,,,0,,wy|laramie|wy-2026-primary|county_local_summary|b9595aad2a5ced2707a252aaa59135acdaa96c8c2c5659b6ea6c65c7d5d40c42|wy-2026-primary|county|laramie|precinct-committeeman-6-1|dem|undervote|undervote|Laramie|COUNTY
wy-2026-primary,wy|laramie|wy-2026-primary|county_local_summary,Laramie,wy-2026-primary|county|laramie|precinct-committeewoman-6-1|dem,DEM COMMITTEEWOMEN 6-01,Precinct Committeewoman 6-1,county,,DEM,DEM,precinct,b9595aad2a5ced2707a252aaa59135acdaa96c8c2c5659b6ea6c65c7d5d40c42,2026-08-21T12:49:44Z,,county_summary_pdf_v1,1.1.5,1,verified,https://www.laramiecountywy.gov/County-Government/Elected-Officials/County-Clerk/Elections/Election-Results,,,county_complete,write_in_aggregate,Laramie,,,,,,0,,wy|laramie|wy-2026-primary|county_local_summary|b9595aad2a5ced2707a252aaa59135acdaa96c8c2c5659b6ea6c65c7d5d40c42|wy-2026-primary|county|laramie|precinct-committeewoman-6-1|dem|write_in_aggregate|write_in_aggregate|Laramie|COUNTY
wy-2026-primary,wy|laramie|wy-2026-primary|county_local_summary,Laramie,wy-2026-primary|county|laramie|precinct-committeewoman-6-1|dem,DEM COMMITTEEWOMEN 6-01,Precinct Committeewoman 6-1,county,,DEM,DEM,precinct,b9595aad2a5ced2707a252aaa59135acdaa96c8c2c5659b6ea6c65c7d5d40c42,2026-08-21T12:49:44Z,,county_summary_pdf_v1,1.1.5,1,verified,https://www.laramiecountywy.gov/County-Government/Elected-Officials/County-Clerk/Elections/Election-Results,,,county_complete,overvote,Laramie,,,,,,0,,wy|laramie|wy-2026-primary|county_local_summary|b9595aad2a5ced2707a252aaa59135acdaa96c8c2c5659b6ea6c65c7d5d40c42|wy-2026-primary|county|laramie|precinct-committeewoman-6-1|dem|overvote|overvote|Laramie|COUNTY
wy-2026-primary,wy|laramie|wy-2026-primary|county_local_summary,Laramie,wy-2026-primary|county|laramie|precinct-committeewoman-6-1|dem,DEM COMMITTEEWOMEN 6-01,Precinct Committeewoman 6-1,county,,DEM,DEM,precinct,b9595aad2a5ced2707a252aaa59135acdaa96c8c2c5659b6ea6c65c7d5d40c42,2026-08-21T12:49:44Z,,county_summary_pdf_v1,1.1.5,1,verified,https://www.laramiecountywy.gov/County-Government/Elected-Officials/County-Clerk/Elections/Election-Results,,,county_complete,undervote,Laramie,,,,,,0,,wy|laramie|wy-2026-primary|county_local_summary|b9595aad2a5ced2707a252aaa59135acdaa96c8c2c5659b6ea6c65c7d5d40c42|wy-2026-primary|county|laramie|precinct-committeewoman-6-1|dem|undervote|undervote|Laramie|COUNTY
wy-2026-primary,wy|laramie|wy-2026-primary|county_local_summary,Laramie,wy-2026-primary|county|laramie|precinct-committeeman-6-3|dem,DEM COMMITTEEMEN 6-03,Precinct Committeeman 6-3,county,,DEM,DEM,precinct,b9595aad2a5ced2707a252aaa59135acdaa96c8c2c5659b6ea6c65c7d5d40c42,2026-08-21T12:49:44Z,,county_summary_pdf_v1,1.1.5,1,verified,https://www.laramiecountywy.gov/County-Government/Elected-Officials/County-Clerk/Elections/Election-Results,,,county_complete,write_in_aggregate,Laramie,,,,,,1,,wy|laramie|wy-2026-primary|county_local_summary|b9595aad2a5ced2707a252aaa59135acdaa96c8c2c5659b6ea6c65c7d5d40c42|wy-2026-primary|county|laramie|precinct-committeeman-6-3|dem|write_in_aggregate|write_in_aggregate|Laramie|COUNTY
wy-2026-primary,wy|laramie|wy-2026-primary|county_local_summary,Laramie,wy-2026-primary|county|laramie|precinct-committeeman-6-3|dem,DEM COMMITTEEMEN 6-03,Precinct Committeeman 6-3,county,,DEM,DEM,precinct,b9595aad2a5ced2707a252aaa59135acdaa96c8c2c5659b6ea6c65c7d5d40c42,2026-08-21T12:49:44Z,,county_summary_pdf_v1,1.1.5,1,verified,https://www.laramiecountywy.gov/County-Government/Elected-Officials/County-Clerk/Elections/Election-Results,,,county_complete,overvote,Laramie,,,,,,0,,wy|laramie|wy-2026-primary|county_local_summary|b9595aad2a5ced2707a252aaa59135acdaa96c8c2c5659b6ea6c65c7d5d40c42|wy-2026-primary|county|laramie|precinct-committeeman-6-3|dem|overvote|overvote|Laramie|COUNTY
wy-2026-primary,wy|laramie|wy-2026-primary|county_local_summary,Laramie,wy-2026-primary|county|laramie|precinct-committeeman-6-3|dem,DEM COMMITTEEMEN 6-03,Precinct Committeeman 6-3,county,,DEM,DEM,precinct,b9595aad2a5ced2707a252aaa59135acdaa96c8c2c5659b6ea6c65c7d5d40c42,2026-08-21T12:49:44Z,,county_summary_pdf_v1,1.1.5,1,verified,https://www.laramiecountywy.gov/County-Government/Elected-Officials/County-Clerk/Elections/Election-Results,,,county_complete,undervote,Laramie,,,,,,1,,wy|laramie|wy-2026-primary|county_local_summary|b9595aad2a5ced2707a252aaa59135acdaa96c8c2c5659b6ea6c65c7d5d40c42|wy-2026-primary|county|laramie|precinct-committeeman-6-3|dem|undervote|undervote|Laramie|COUNTY
wy-2026-primary,wy|laramie|wy-2026-primary|county_local_summary,Laramie,wy-2026-primary|county|laramie|precinct-committeewoman-6-3|dem,DEM COMMITTEEWOMEN 6-03,Precinct Committeewoman 6-3,county,,DEM,DEM,precinct,b9595aad2a5ced2707a252aaa59135acdaa96c8c2c5659b6ea6c65c7d5d40c42,2026-08-21T12:49:44Z,,county_summary_pdf_v1,1.1.5,1,verified,https://www.laramiecountywy.gov/County-Government/Elected-Officials/County-Clerk/Elections/Election-Results,,,county_complete,write_in_aggregate,Laramie,,,,,,1,,wy|laramie|wy-2026-primary|county_local_summary|b9595aad2a5ced2707a252aaa59135acdaa96c8c2c5659b6ea6c65c7d5d40c42|wy-2026-primary|county|laramie|precinct-committeewoman-6-3|dem|write_in_aggregate|write_in_aggregate|Laramie|COUNTY
wy-2026-primary,wy|laramie|wy-2026-primary|county_local_summary,Laramie,wy-2026-primary|county|laramie|precinct-committeewoman-6-3|dem,DEM COMMITTEEWOMEN 6-03,Precinct Committeewoman 6-3,county,,DEM,DEM,precinct,b9595aad2a5ced2707a252aaa59135acdaa96c8c2c5659b6ea6c65c7d5d40c42,2026-08-21T12:49:44Z,,county_summary_pdf_v1,1.1.5,1,verified,https://www.laramiecountywy.gov/County-Government/Elected-Officials/County-Clerk/Elections/Election-Results,,,county_complete,overvote,Laramie,,,,,,0,,wy|laramie|wy-2026-primary|county_local_summary|b9595aad2a5ced2707a252aaa59135acdaa96c8c2c5659b6ea6c65c7d5d40c42|wy-2026-primary|county|laramie|precinct-committeewoman-6-3|dem|overvote|overvote|Laramie|COUNTY
wy-2026-primary,wy|laramie|wy-2026-primary|county_local_summary,Laramie,wy-2026-primary|county|laramie|precinct-committeewoman-6-3|dem,DEM COMMITTEEWOMEN 6-03,Precinct Committeewoman 6-3,county,,DEM,DEM,precinct,b9595aad2a5ced2707a252aaa59135acdaa96c8c2c5659b6ea6c65c7d5d40c42,2026-08-21T12:49:44Z,,county_summary_pdf_v1,1.1.5,1,verified,https://www.laramiecountywy.gov/County-Government/Elected-Officials/County-Clerk/Elections/Election-Results,,,county_complete,undervote,Laramie,,,,,,1,,wy|laramie|wy-2026-primary|county_local_summary|b9595aad2a5ced2707a252aaa59135acdaa96c8c2c5659b6ea6c65c7d5d40c42|wy-2026-primary|county|laramie|precinct-committeewoman-6-3|dem|undervote|undervote|Laramie|COUNTY
wy-2026-primary,wy|laramie|wy-2026-primary|county_local_summary,Laramie,wy-2026-primary|county|laramie|precinct-committeeman-6-4|dem,DEM COMMITTEEMEN 6-04,Precinct Committeeman 6-4,county,,DEM,DEM,precinct,b9595aad2a5ced2707a252aaa59135acdaa96c8c2c5659b6ea6c65c7d5d40c42,2026-08-21T12:49:44Z,,county_summary_pdf_v1,1.1.5,1,verified,https://www.laramiecountywy.gov/County-Government/Elected-Officials/County-Clerk/Elections/Election-Results,,,county_complete,write_in_aggregate,Laramie,,,,,,0,,wy|laramie|wy-2026-primary|county_local_summary|b9595aad2a5ced2707a252aaa59135acdaa96c8c2c5659b6ea6c65c7d5d40c42|wy-2026-primary|county|laramie|precinct-committeeman-6-4|dem|write_in_aggregate|write_in_aggregate|Laramie|COUNTY
wy-2026-primary,wy|laramie|wy-2026-primary|county_local_summary,Laramie,wy-2026-primary|county|laramie|precinct-committeeman-6-4|dem,DEM COMMITTEEMEN 6-04,Precinct Committeeman 6-4,county,,DEM,DEM,precinct,b9595aad2a5ced2707a252aaa59135acdaa96c8c2c5659b6ea6c65c7d5d40c42,2026-08-21T12:49:44Z,,county_summary_pdf_v1,1.1.5,1,verified,https://www.laramiecountywy.gov/County-Government/Elected-Officials/County-Clerk/Elections/Election-Results,,,county_complete,overvote,Laramie,,,,,,0,,wy|laramie|wy-2026-primary|county_local_summary|b9595aad2a5ced2707a252aaa59135acdaa96c8c2c5659b6ea6c65c7d5d40c42|wy-2026-primary|county|laramie|precinct-committeeman-6-4|dem|overvote|overvote|Laramie|COUNTY
wy-2026-primary,wy|laramie|wy-2026-primary|county_local_summary,Laramie,wy-2026-primary|county|laramie|precinct-committeeman-6-4|dem,DEM COMMITTEEMEN 6-04,Precinct Committeeman 6-4,county,,DEM,DEM,precinct,b9595aad2a5ced2707a252aaa59135acdaa96c8c2c5659b6ea6c65c7d5d40c42,2026-08-21T12:49:44Z,,county_summary_pdf_v1,1.1.5,1,verified,https://www.laramiecountywy.gov/County-Government/Elected-Officials/County-Clerk/Elections/Election-Results,,,county_complete,undervote,Laramie,,,,,,2,,wy|laramie|wy-2026-primary|county_local_summary|b9595aad2a5ced2707a252aaa59135acdaa96c8c2c5659b6ea6c65c7d5d40c42|wy-2026-primary|county|laramie|precinct-committeeman-6-4|dem|undervote|undervote|Laramie|COUNTY
wy-2026-primary,wy|laramie|wy-2026-primary|county_local_summary,Laramie,wy-2026-primary|county|laramie|precinct-committeewoman-6-4|dem,DEM COMMITTEEWOMEN 6-04,Precinct Committeewoman 6-4,county,,DEM,DEM,precinct,b9595aad2a5ced2707a252aaa59135acdaa96c8c2c5659b6ea6c65c7d5d40c42,2026-08-21T12:49:44Z,,county_summary_pdf_v1,1.1.5,1,verified,https://www.laramiecountywy.gov/County-Government/Elected-Officials/County-Clerk/Elections/Election-Results,,,county_complete,write_in_aggregate,Laramie,,,,,,0,,wy|laramie|wy-2026-primary|county_local_summary|b9595aad2a5ced2707a252aaa59135acdaa96c8c2c5659b6ea6c65c7d5d40c42|wy-2026-primary|county|laramie|precinct-committeewoman-6-4|dem|write_in_aggregate|write_in_aggregate|Laramie|COUNTY
wy-2026-primary,wy|laramie|wy-2026-primary|county_local_summary,Laramie,wy-2026-primary|county|laramie|precinct-committeewoman-6-4|dem,DEM COMMITTEEWOMEN 6-04,Precinct Committeewoman 6-4,county,,DEM,DEM,precinct,b9595aad2a5ced2707a252aaa59135acdaa96c8c2c5659b6ea6c65c7d5d40c42,2026-08-21T12:49:44Z,,county_summary_pdf_v1,1.1.5,1,verified,https://www.laramiecountywy.gov/County-Government/Elected-Officials/County-Clerk/Elections/Election-Results,,,county_complete,overvote,Laramie,,,,,,0,,wy|laramie|wy-2026-primary|county_local_summary|b9595aad2a5ced2707a252aaa59135acdaa96c8c2c5659b6ea6c65c7d5d40c42|wy-2026-primary|county|laramie|precinct-committeewoman-6-4|dem|overvote|overvote|Laramie|COUNTY
wy-2026-primary,wy|laramie|wy-2026-primary|county_local_summary,Laramie,wy-2026-primary|county|laramie|precinct-committeewoman-6-4|dem,DEM COMMITTEEWOMEN 6-04,Precinct Committeewoman 6-4,county,,DEM,DEM,precinct,b9595aad2a5ced2707a252aaa59135acdaa96c8c2c5659b6ea6c65c7d5d40c42,2026-08-21T12:49:44Z,,county_summary_pdf_v1,1.1.5,1,verified,https://www.laramiecountywy.gov/County-Government/Elected-Officials/County-Clerk/Elections/Election-Results,,,county_complete,undervote,Laramie,,,,,,2,,wy|laramie|wy-2026-primary|county_local_summary|b9595aad2a5ced2707a252aaa59135acdaa96c8c2c5659b6ea6c65c7d5d40c42|wy-2026-primary|county|laramie|precinct-committeewoman-6-4|dem|undervote|undervote|Laramie|COUNTY
wy-2026-primary,wy|laramie|wy-2026-primary|county_local_summary,Laramie,wy-2026-primary|city|laramie|cheyenne-city-council-ward-1|na,CHEYENNE CITY COUNCIL WARD 1,Cheyenne City Council Ward 1,city,,,,city,b9595aad2a5ced2707a252aaa59135acdaa96c8c2c5659b6ea6c65c7d5d40c42,2026-08-21T12:49:44Z,,county_summary_pdf_v1,1.1.5,1,verified,https://www.laramiecountywy.gov/County-Government/Elected-Officials/County-Clerk/Elections/Election-Results,,,county_complete,candidate,Laramie,,,MAREN KALLAS,MAREN KALLAS,,792,,wy|laramie|wy-2026-primary|county_local_summary|b9595aad2a5ced2707a252aaa59135acdaa96c8c2c5659b6ea6c65c7d5d40c42|wy-2026-primary|city|laramie|cheyenne-city-council-ward-1|na|candidate|MAREN KALLAS|Laramie|COUNTY
wy-2026-primary,wy|laramie|wy-2026-primary|county_local_summary,Laramie,wy-2026-primary|city|laramie|cheyenne-city-council-ward-1|na,CHEYENNE CITY COUNCIL WARD 1,Cheyenne City Council Ward 1,city,,,,city,b9595aad2a5ced2707a252aaa59135acdaa96c8c2c5659b6ea6c65c7d5d40c42,2026-08-21T12:49:44Z,,county_summary_pdf_v1,1.1.5,1,verified,https://www.laramiecountywy.gov/County-Government/Elected-Officials/County-Clerk/Elections/Election-Results,,,county_complete,candidate,Laramie,,,RHIANNA BRAND,RHIANNA BRAND,,482,,wy|laramie|wy-2026-primary|county_local_summary|b9595aad2a5ced2707a252aaa59135acdaa96c8c2c5659b6ea6c65c7d5d40c42|wy-2026-primary|city|laramie|cheyenne-city-council-ward-1|na|candidate|RHIANNA BRAND|Laramie|COUNTY
wy-2026-primary,wy|laramie|wy-2026-primary|county_local_summary,Laramie,wy-2026-primary|city|laramie|cheyenne-city-council-ward-1|na,CHEYENNE CITY COUNCIL WARD 1,Cheyenne City Council Ward 1,city,,,,city,b9595aad2a5ced2707a252aaa59135acdaa96c8c2c5659b6ea6c65c7d5d40c42,2026-08-21T12:49:44Z,,county_summary_pdf_v1,1.1.5,1,verified,https://www.laramiecountywy.gov/County-Government/Elected-Officials/County-Clerk/Elections/Election-Results,,,county_complete,candidate,Laramie,,,AARON FIORE,AARON FIORE,,437,,wy|laramie|wy-2026-primary|county_local_summary|b9595aad2a5ced2707a252aaa59135acdaa96c8c2c5659b6ea6c65c7d5d40c42|wy-2026-primary|city|laramie|cheyenne-city-council-ward-1|na|candidate|AARON FIORE|Laramie|COUNTY
wy-2026-primary,wy|laramie|wy-2026-primary|county_local_summary,Laramie,wy-2026-primary|city|laramie|cheyenne-city-council-ward-1|na,CHEYENNE CITY COUNCIL WARD 1,Cheyenne City Council Ward 1,city,,,,city,b9595aad2a5ced2707a252aaa59135acdaa96c8c2c5659b6ea6c65c7d5d40c42,2026-08-21T12:49:44Z,,county_summary_pdf_v1,1.1.5,1,verified,https://www.laramiecountywy.gov/County-Government/Elected-Officials/County-Clerk/Elections/Election-Results,,,county_complete,candidate,Laramie,,,CAMERON KARAJANIS,CAMERON KARAJANIS,,391,,wy|laramie|wy-2026-primary|county_local_summary|b9595aad2a5ced2707a252aaa59135acdaa96c8c2c5659b6ea6c65c7d5d40c42|wy-2026-primary|city|laramie|cheyenne-city-council-ward-1|na|candidate|CAMERON KARAJANIS|Laramie|COUNTY
wy-2026-primary,wy|laramie|wy-2026-primary|county_local_summary,Laramie,wy-2026-primary|city|laramie|cheyenne-city-council-ward-1|na,CHEYENNE CITY COUNCIL WARD 1,Cheyenne City Council Ward 1,city,,,,city,b9595aad2a5ced2707a252aaa59135acdaa96c8c2c5659b6ea6c65c7d5d40c42,2026-08-21T12:49:44Z,,county_summary_pdf_v1,1.1.5,1,verified,https://www.laramiecountywy.gov/County-Government/Elected-Officials/County-Clerk/Elections/Election-Results,,,county_complete,candidate,Laramie,,,MICHAEL REYES,MICHAEL REYES,,342,,wy|laramie|wy-2026-primary|county_local_summary|b9595aad2a5ced2707a252aaa59135acdaa96c8c2c5659b6ea6c65c7d5d40c42|wy-2026-primary|city|laramie|cheyenne-city-council-ward-1|na|candidate|MICHAEL REYES|Laramie|COUNTY
wy-2026-primary,wy|laramie|wy-2026-primary|county_local_summary,Laramie,wy-2026-primary|city|laramie|cheyenne-city-council-ward-1|na,CHEYENNE CITY COUNCIL WARD 1,Cheyenne City Council Ward 1,city,,,,city,b9595aad2a5ced2707a252aaa59135acdaa96c8c2c5659b6ea6c65c7d5d40c42,2026-08-21T12:49:44Z,,county_summary_pdf_v1,1.1.5,1,verified,https://www.laramiecountywy.gov/County-Government/Elected-Officials/County-Clerk/Elections/Election-Results,,,county_complete,candidate,Laramie,,,J.C. MANALO,J.C. MANALO,,337,,wy|laramie|wy-2026-primary|county_local_summary|b9595aad2a5ced2707a252aaa59135acdaa96c8c2c5659b6ea6c65c7d5d40c42|wy-2026-primary|city|laramie|cheyenne-city-council-ward-1|na|candidate|J.C. MANALO|Laramie|COUNTY
wy-2026-primary,wy|laramie|wy-2026-primary|county_local_summary,Laramie,wy-2026-primary|city|laramie|cheyenne-city-council-ward-1|na,CHEYENNE CITY COUNCIL WARD 1,Cheyenne City Council Ward 1,city,,,,city,b9595aad2a5ced2707a252aaa59135acdaa96c8c2c5659b6ea6c65c7d5d40c42,2026-08-21T12:49:44Z,,county_summary_pdf_v1,1.1.5,1,verified,https://www.laramiecountywy.gov/County-Government/Elected-Officials/County-Clerk/Elections/Election-Results,,,county_complete,candidate,Laramie,,,TRAVIS FRENCH,TRAVIS FRENCH,,282,,wy|laramie|wy-2026-primary|county_local_summary|b9595aad2a5ced2707a252aaa59135acdaa96c8c2c5659b6ea6c65c7d5d40c42|wy-2026-primary|city|laramie|cheyenne-city-council-ward-1|na|candidate|TRAVIS FRENCH|Laramie|COUNTY
wy-2026-primary,wy|laramie|wy-2026-primary|county_local_summary,Laramie,wy-2026-primary|city|laramie|cheyenne-city-council-ward-1|na,CHEYENNE CITY COUNCIL WARD 1,Cheyenne City Council Ward 1,city,,,,city,b9595aad2a5ced2707a252aaa59135acdaa96c8c2c5659b6ea6c65c7d5d40c42,2026-08-21T12:49:44Z,,county_summary_pdf_v1,1.1.5,1,verified,https://www.laramiecountywy.gov/County-Government/Elected-Officials/County-Clerk/Elections/Election-Results,,,county_complete,candidate,Laramie,,,JIMMY CHIRO,JIMMY CHIRO,,169,,wy|laramie|wy-2026-primary|county_local_summary|b9595aad2a5ced2707a252aaa59135acdaa96c8c2c5659b6ea6c65c7d5d40c42|wy-2026-primary|city|laramie|cheyenne-city-council-ward-1|na|candidate|JIMMY CHIRO|Laramie|COUNTY
wy-2026-primary,wy|laramie|wy-2026-primary|county_local_summary,Laramie,wy-2026-primary|city|laramie|cheyenne-city-council-ward-1|na,CHEYENNE CITY COUNCIL WARD 1,Cheyenne City Council Ward 1,city,,,,city,b9595aad2a5ced2707a252aaa59135acdaa96c8c2c5659b6ea6c65c7d5d40c42,2026-08-21T12:49:44Z,,county_summary_pdf_v1,1.1.5,1,verified,https://www.laramiecountywy.gov/County-Government/Elected-Officials/County-Clerk/Elections/Election-Results,,,county_complete,candidate,Laramie,,,LANDON MILLER,LANDON MILLER,,149,,wy|laramie|wy-2026-primary|county_local_summary|b9595aad2a5ced2707a252aaa59135acdaa96c8c2c5659b6ea6c65c7d5d40c42|wy-2026-primary|city|laramie|cheyenne-city-council-ward-1|na|candidate|LANDON MILLER|Laramie|COUNTY
wy-2026-primary,wy|laramie|wy-2026-primary|county_local_summary,Laramie,wy-2026-primary|city|laramie|cheyenne-city-council-ward-1|na,CHEYENNE CITY COUNCIL WARD 1,Cheyenne City Council Ward 1,city,,,,city,b9595aad2a5ced2707a252aaa59135acdaa96c8c2c5659b6ea6c65c7d5d40c42,2026-08-21T12:49:44Z,,county_summary_pdf_v1,1.1.5,1,verified,https://www.laramiecountywy.gov/County-Government/Elected-Officials/County-Clerk/Elections/Election-Results,,,county_complete,write_in_aggregate,Laramie,,,,,,50,,wy|laramie|wy-2026-primary|county_local_summary|b9595aad2a5ced2707a252aaa59135acdaa96c8c2c5659b6ea6c65c7d5d40c42|wy-2026-primary|city|laramie|cheyenne-city-council-ward-1|na|write_in_aggregate|write_in_aggregate|Laramie|COUNTY
wy-2026-primary,wy|laramie|wy-2026-primary|county_local_summary,Laramie,wy-2026-primary|city|laramie|cheyenne-city-council-ward-1|na,CHEYENNE CITY COUNCIL WARD 1,Cheyenne City Council Ward 1,city,,,,city,b9595aad2a5ced2707a252aaa59135acdaa96c8c2c5659b6ea6c65c7d5d40c42,2026-08-21T12:49:44Z,,county_summary_pdf_v1,1.1.5,1,verified,https://www.laramiecountywy.gov/County-Government/Elected-Officials/County-Clerk/Elections/Election-Results,,,county_complete,overvote,Laramie,,,,,,8,,wy|laramie|wy-2026-primary|county_local_summary|b9595aad2a5ced2707a252aaa59135acdaa96c8c2c5659b6ea6c65c7d5d40c42|wy-2026-primary|city|laramie|cheyenne-city-council-ward-1|na|overvote|overvote|Laramie|COUNTY
wy-2026-primary,wy|laramie|wy-2026-primary|county_local_summary,Laramie,wy-2026-primary|city|laramie|cheyenne-city-council-ward-1|na,CHEYENNE CITY COUNCIL WARD 1,Cheyenne City Council Ward 1,city,,,,city,b9595aad2a5ced2707a252aaa59135acdaa96c8c2c5659b6ea6c65c7d5d40c42,2026-08-21T12:49:44Z,,county_summary_pdf_v1,1.1.5,1,verified,https://www.laramiecountywy.gov/County-Government/Elected-Officials/County-Clerk/Elections/Election-Results,,,county_complete,undervote,Laramie,,,,,,386,,wy|laramie|wy-2026-primary|county_local_summary|b9595aad2a5ced2707a252aaa59135acdaa96c8c2c5659b6ea6c65c7d5d40c42|wy-2026-primary|city|laramie|cheyenne-city-council-ward-1|na|undervote|undervote|Laramie|COUNTY
wy-2026-primary,wy|laramie|wy-2026-primary|county_local_summary,Laramie,wy-2026-primary|city|laramie|cheyenne-city-council-ward-2|na,CHEYENNE CITY COUNCIL WARD 2,Cheyenne City Council Ward 2,city,,,,city,b9595aad2a5ced2707a252aaa59135acdaa96c8c2c5659b6ea6c65c7d5d40c42,2026-08-21T12:49:44Z,,county_summary_pdf_v1,1.1.5,1,verified,https://www.laramiecountywy.gov/County-Government/Elected-Officials/County-Clerk/Elections/Election-Results,,,county_complete,candidate,Laramie,,,JANELLE ROSE,JANELLE ROSE,,2987,,wy|laramie|wy-2026-primary|county_local_summary|b9595aad2a5ced2707a252aaa59135acdaa96c8c2c5659b6ea6c65c7d5d40c42|wy-2026-primary|city|laramie|cheyenne-city-council-ward-2|na|candidate|JANELLE ROSE|Laramie|COUNTY
wy-2026-primary,wy|laramie|wy-2026-primary|county_local_summary,Laramie,wy-2026-primary|city|laramie|cheyenne-city-council-ward-2|na,CHEYENNE CITY COUNCIL WARD 2,Cheyenne City Council Ward 2,city,,,,city,b9595aad2a5ced2707a252aaa59135acdaa96c8c2c5659b6ea6c65c7d5d40c42,2026-08-21T12:49:44Z,,county_summary_pdf_v1,1.1.5,1,verified,https://www.laramiecountywy.gov/County-Government/Elected-Officials/County-Clerk/Elections/Election-Results,,,county_complete,candidate,Laramie,,,LYNN A STOREY-HUYLAR,LYNN A STOREY-HUYLAR,,1953,,wy|laramie|wy-2026-primary|county_local_summary|b9595aad2a5ced2707a252aaa59135acdaa96c8c2c5659b6ea6c65c7d5d40c42|wy-2026-primary|city|laramie|cheyenne-city-council-ward-2|na|candidate|LYNN A STOREY-HUYLAR|Laramie|COUNTY
wy-2026-primary,wy|laramie|wy-2026-primary|county_local_summary,Laramie,wy-2026-primary|city|laramie|cheyenne-city-council-ward-2|na,CHEYENNE CITY COUNCIL WARD 2,Cheyenne City Council Ward 2,city,,,,city,b9595aad2a5ced2707a252aaa59135acdaa96c8c2c5659b6ea6c65c7d5d40c42,2026-08-21T12:49:44Z,,county_summary_pdf_v1,1.1.5,1,verified,https://www.laramiecountywy.gov/County-Government/Elected-Officials/County-Clerk/Elections/Election-Results,,,county_complete,candidate,Laramie,,,CHRISTOPHER CAMARGO,CHRISTOPHER CAMARGO,,997,,wy|laramie|wy-2026-primary|county_local_summary|b9595aad2a5ced2707a252aaa59135acdaa96c8c2c5659b6ea6c65c7d5d40c42|wy-2026-primary|city|laramie|cheyenne-city-council-ward-2|na|candidate|CHRISTOPHER CAMARGO|Laramie|COUNTY
wy-2026-primary,wy|laramie|wy-2026-primary|county_local_summary,Laramie,wy-2026-primary|city|laramie|cheyenne-city-council-ward-2|na,CHEYENNE CITY COUNCIL WARD 2,Cheyenne City Council Ward 2,city,,,,city,b9595aad2a5ced2707a252aaa59135acdaa96c8c2c5659b6ea6c65c7d5d40c42,2026-08-21T12:49:44Z,,county_summary_pdf_v1,1.1.5,1,verified,https://www.laramiecountywy.gov/County-Government/Elected-Officials/County-Clerk/Elections/Election-Results,,,county_complete,write_in_aggregate,Laramie,,,,,,47,,wy|laramie|wy-2026-primary|county_local_summary|b9595aad2a5ced2707a252aaa59135acdaa96c8c2c5659b6ea6c65c7d5d40c42|wy-2026-primary|city|laramie|cheyenne-city-council-ward-2|na|write_in_aggregate|write_in_aggregate|Laramie|COUNTY
wy-2026-primary,wy|laramie|wy-2026-primary|county_local_summary,Laramie,wy-2026-primary|city|laramie|cheyenne-city-council-ward-2|na,CHEYENNE CITY COUNCIL WARD 2,Cheyenne City Council Ward 2,city,,,,city,b9595aad2a5ced2707a252aaa59135acdaa96c8c2c5659b6ea6c65c7d5d40c42,2026-08-21T12:49:44Z,,county_summary_pdf_v1,1.1.5,1,verified,https://www.laramiecountywy.gov/County-Government/Elected-Officials/County-Clerk/Elections/Election-Results,,,county_complete,overvote,Laramie,,,,,,7,,wy|laramie|wy-2026-primary|county_local_summary|b9595aad2a5ced2707a252aaa59135acdaa96c8c2c5659b6ea6c65c7d5d40c42|wy-2026-primary|city|laramie|cheyenne-city-council-ward-2|na|overvote|overvote|Laramie|COUNTY
wy-2026-primary,wy|laramie|wy-2026-primary|county_local_summary,Laramie,wy-2026-primary|city|laramie|cheyenne-city-council-ward-2|na,CHEYENNE CITY COUNCIL WARD 2,Cheyenne City Council Ward 2,city,,,,city,b9595aad2a5ced2707a252aaa59135acdaa96c8c2c5659b6ea6c65c7d5d40c42,2026-08-21T12:49:44Z,,county_summary_pdf_v1,1.1.5,1,verified,https://www.laramiecountywy.gov/County-Government/Elected-Officials/County-Clerk/Elections/Election-Results,,,county_complete,undervote,Laramie,,,,,,701,,wy|laramie|wy-2026-primary|county_local_summary|b9595aad2a5ced2707a252aaa59135acdaa96c8c2c5659b6ea6c65c7d5d40c42|wy-2026-primary|city|laramie|cheyenne-city-council-ward-2|na|undervote|undervote|Laramie|COUNTY
wy-2026-primary,wy|laramie|wy-2026-primary|county_local_summary,Laramie,wy-2026-primary|city|laramie|cheyenne-city-council-ward-3|na,CHEYENNE CITY COUNCIL WARD 3,Cheyenne City Council Ward 3,city,,,,city,b9595aad2a5ced2707a252aaa59135acdaa96c8c2c5659b6ea6c65c7d5d40c42,2026-08-21T12:49:44Z,,county_summary_pdf_v1,1.1.5,1,verified,https://www.laramiecountywy.gov/County-Government/Elected-Officials/County-Clerk/Elections/Election-Results,,,county_complete,candidate,Laramie,,,KEN A. ESQUIBEL,KEN A. ESQUIBEL,,1525,,wy|laramie|wy-2026-primary|county_local_summary|b9595aad2a5ced2707a252aaa59135acdaa96c8c2c5659b6ea6c65c7d5d40c42|wy-2026-primary|city|laramie|cheyenne-city-council-ward-3|na|candidate|KEN A. ESQUIBEL|Laramie|COUNTY
wy-2026-primary,wy|laramie|wy-2026-primary|county_local_summary,Laramie,wy-2026-primary|city|laramie|cheyenne-city-council-ward-3|na,CHEYENNE CITY COUNCIL WARD 3,Cheyenne City Council Ward 3,city,,,,city,b9595aad2a5ced2707a252aaa59135acdaa96c8c2c5659b6ea6c65c7d5d40c42,2026-08-21T12:49:44Z,,county_summary_pdf_v1,1.1.5,1,verified,https://www.laramiecountywy.gov/County-Government/Elected-Officials/County-Clerk/Elections/Election-Results,,,county_complete,candidate,Laramie,,,BILL J BRYANT,BILL J BRYANT,,972,,wy|laramie|wy-2026-primary|county_local_summary|b9595aad2a5ced2707a252aaa59135acdaa96c8c2c5659b6ea6c65c7d5d40c42|wy-2026-primary|city|laramie|cheyenne-city-council-ward-3|na|candidate|BILL J BRYANT|Laramie|COUNTY
wy-2026-primary,wy|laramie|wy-2026-primary|county_local_summary,Laramie,wy-2026-primary|city|laramie|cheyenne-city-council-ward-3|na,CHEYENNE CITY COUNCIL WARD 3,Cheyenne City Council Ward 3,city,,,,city,b9595aad2a5ced2707a252aaa59135acdaa96c8c2c5659b6ea6c65c7d5d40c42,2026-08-21T12:49:44Z,,county_summary_pdf_v1,1.1.5,1,verified,https://www.laramiecountywy.gov/County-Government/Elected-Officials/County-Clerk/Elections/Election-Results,,,county_complete,candidate,Laramie,,,MATTHEW HURT,MATTHEW HURT,,632,,wy|laramie|wy-2026-primary|county_local_summary|b9595aad2a5ced2707a252aaa59135acdaa96c8c2c5659b6ea6c65c7d5d40c42|wy-2026-primary|city|laramie|cheyenne-city-council-ward-3|na|candidate|MATTHEW HURT|Laramie|COUNTY
wy-2026-primary,wy|laramie|wy-2026-primary|county_local_summary,Laramie,wy-2026-primary|city|laramie|cheyenne-city-council-ward-3|na,CHEYENNE CITY COUNCIL WARD 3,Cheyenne City Council Ward 3,city,,,,city,b9595aad2a5ced2707a252aaa59135acdaa96c8c2c5659b6ea6c65c7d5d40c42,2026-08-21T12:49:44Z,,county_summary_pdf_v1,1.1.5,1,verified,https://www.laramiecountywy.gov/County-Government/Elected-Officials/County-Clerk/Elections/Election-Results,,,county_complete,candidate,Laramie,,,JOSHUA CHRISTOPHERSON,JOSHUA CHRISTOPHERSON,,440,,wy|laramie|wy-2026-primary|county_local_summary|b9595aad2a5ced2707a252aaa59135acdaa96c8c2c5659b6ea6c65c7d5d40c42|wy-2026-primary|city|laramie|cheyenne-city-council-ward-3|na|candidate|JOSHUA CHRISTOPHERSON|Laramie|COUNTY
wy-2026-primary,wy|laramie|wy-2026-primary|county_local_summary,Laramie,wy-2026-primary|city|laramie|cheyenne-city-council-ward-3|na,CHEYENNE CITY COUNCIL WARD 3,Cheyenne City Council Ward 3,city,,,,city,b9595aad2a5ced2707a252aaa59135acdaa96c8c2c5659b6ea6c65c7d5d40c42,2026-08-21T12:49:44Z,,county_summary_pdf_v1,1.1.5,1,verified,https://www.laramiecountywy.gov/County-Government/Elected-Officials/County-Clerk/Elections/Election-Results,,,county_complete,write_in_aggregate,Laramie,,,,,,37,,wy|laramie|wy-2026-primary|county_local_summary|b9595aad2a5ced2707a252aaa59135acdaa96c8c2c5659b6ea6c65c7d5d40c42|wy-2026-primary|city|laramie|cheyenne-city-council-ward-3|na|write_in_aggregate|write_in_aggregate|Laramie|COUNTY
wy-2026-primary,wy|laramie|wy-2026-primary|county_local_summary,Laramie,wy-2026-primary|city|laramie|cheyenne-city-council-ward-3|na,CHEYENNE CITY COUNCIL WARD 3,Cheyenne City Council Ward 3,city,,,,city,b9595aad2a5ced2707a252aaa59135acdaa96c8c2c5659b6ea6c65c7d5d40c42,2026-08-21T12:49:44Z,,county_summary_pdf_v1,1.1.5,1,verified,https://www.laramiecountywy.gov/County-Government/Elected-Officials/County-Clerk/Elections/Election-Results,,,county_complete,overvote,Laramie,,,,,,5,,wy|laramie|wy-2026-primary|county_local_summary|b9595aad2a5ced2707a252aaa59135acdaa96c8c2c5659b6ea6c65c7d5d40c42|wy-2026-primary|city|laramie|cheyenne-city-council-ward-3|na|overvote|overvote|Laramie|COUNTY
wy-2026-primary,wy|laramie|wy-2026-primary|county_local_summary,Laramie,wy-2026-primary|city|laramie|cheyenne-city-council-ward-3|na,CHEYENNE CITY COUNCIL WARD 3,Cheyenne City Council Ward 3,city,,,,city,b9595aad2a5ced2707a252aaa59135acdaa96c8c2c5659b6ea6c65c7d5d40c42,2026-08-21T12:49:44Z,,county_summary_pdf_v1,1.1.5,1,verified,https://www.laramiecountywy.gov/County-Government/Elected-Officials/County-Clerk/Elections/Election-Results,,,county_complete,undervote,Laramie,,,,,,275,,wy|laramie|wy-2026-primary|county_local_summary|b9595aad2a5ced2707a252aaa59135acdaa96c8c2c5659b6ea6c65c7d5d40c42|wy-2026-primary|city|laramie|cheyenne-city-council-ward-3|na|undervote|undervote|Laramie|COUNTY
wy-2026-primary,wy|laramie|wy-2026-primary|county_local_summary,Laramie,wy-2026-primary|city|laramie|pine-bluffs-mayor|na,PINE BLUFFS MAYOR,Pine Bluffs Mayor,city,,,,city,b9595aad2a5ced2707a252aaa59135acdaa96c8c2c5659b6ea6c65c7d5d40c42,2026-08-21T12:49:44Z,,county_summary_pdf_v1,1.1.5,1,verified,https://www.laramiecountywy.gov/County-Government/Elected-Officials/County-Clerk/Elections/Election-Results,,,county_complete,candidate,Laramie,,,DENNIS MICHAUD,DENNIS MICHAUD,,222,,wy|laramie|wy-2026-primary|county_local_summary|b9595aad2a5ced2707a252aaa59135acdaa96c8c2c5659b6ea6c65c7d5d40c42|wy-2026-primary|city|laramie|pine-bluffs-mayor|na|candidate|DENNIS MICHAUD|Laramie|COUNTY
wy-2026-primary,wy|laramie|wy-2026-primary|county_local_summary,Laramie,wy-2026-primary|city|laramie|pine-bluffs-mayor|na,PINE BLUFFS MAYOR,Pine Bluffs Mayor,city,,,,city,b9595aad2a5ced2707a252aaa59135acdaa96c8c2c5659b6ea6c65c7d5d40c42,2026-08-21T12:49:44Z,,county_summary_pdf_v1,1.1.5,1,verified,https://www.laramiecountywy.gov/County-Government/Elected-Officials/County-Clerk/Elections/Election-Results,,,county_complete,candidate,Laramie,,,JANNA KESTNER,JANNA KESTNER,,100,,wy|laramie|wy-2026-primary|county_local_summary|b9595aad2a5ced2707a252aaa59135acdaa96c8c2c5659b6ea6c65c7d5d40c42|wy-2026-primary|city|laramie|pine-bluffs-mayor|na|candidate|JANNA KESTNER|Laramie|COUNTY
wy-2026-primary,wy|laramie|wy-2026-primary|county_local_summary,Laramie,wy-2026-primary|city|laramie|pine-bluffs-mayor|na,PINE BLUFFS MAYOR,Pine Bluffs Mayor,city,,,,city,b9595aad2a5ced2707a252aaa59135acdaa96c8c2c5659b6ea6c65c7d5d40c42,2026-08-21T12:49:44Z,,county_summary_pdf_v1,1.1.5,1,verified,https://www.laramiecountywy.gov/County-Government/Elected-Officials/County-Clerk/Elections/Election-Results,,,county_complete,write_in_aggregate,Laramie,,,,,,12,,wy|laramie|wy-2026-primary|county_local_summary|b9595aad2a5ced2707a252aaa59135acdaa96c8c2c5659b6ea6c65c7d5d40c42|wy-2026-primary|city|laramie|pine-bluffs-mayor|na|write_in_aggregate|write_in_aggregate|Laramie|COUNTY
wy-2026-primary,wy|laramie|wy-2026-primary|county_local_summary,Laramie,wy-2026-primary|city|laramie|pine-bluffs-mayor|na,PINE BLUFFS MAYOR,Pine Bluffs Mayor,city,,,,city,b9595aad2a5ced2707a252aaa59135acdaa96c8c2c5659b6ea6c65c7d5d40c42,2026-08-21T12:49:44Z,,county_summary_pdf_v1,1.1.5,1,verified,https://www.laramiecountywy.gov/County-Government/Elected-Officials/County-Clerk/Elections/Election-Results,,,county_complete,overvote,Laramie,,,,,,0,,wy|laramie|wy-2026-primary|county_local_summary|b9595aad2a5ced2707a252aaa59135acdaa96c8c2c5659b6ea6c65c7d5d40c42|wy-2026-primary|city|laramie|pine-bluffs-mayor|na|overvote|overvote|Laramie|COUNTY
wy-2026-primary,wy|laramie|wy-2026-primary|county_local_summary,Laramie,wy-2026-primary|city|laramie|pine-bluffs-mayor|na,PINE BLUFFS MAYOR,Pine Bluffs Mayor,city,,,,city,b9595aad2a5ced2707a252aaa59135acdaa96c8c2c5659b6ea6c65c7d5d40c42,2026-08-21T12:49:44Z,,county_summary_pdf_v1,1.1.5,1,verified,https://www.laramiecountywy.gov/County-Government/Elected-Officials/County-Clerk/Elections/Election-Results,,,county_complete,undervote,Laramie,,,,,,3,,wy|laramie|wy-2026-primary|county_local_summary|b9595aad2a5ced2707a252aaa59135acdaa96c8c2c5659b6ea6c65c7d5d40c42|wy-2026-primary|city|laramie|pine-bluffs-mayor|na|undervote|undervote|Laramie|COUNTY
wy-2026-primary,wy|laramie|wy-2026-primary|county_local_summary,Laramie,wy-2026-primary|city|laramie|pine-bluffs-town-council|na,PINE BLUFFS TOWN COUNCIL,Pine Bluffs Town Council,city,,,,city,b9595aad2a5ced2707a252aaa59135acdaa96c8c2c5659b6ea6c65c7d5d40c42,2026-08-21T12:49:44Z,,county_summary_pdf_v1,1.1.5,1,verified,https://www.laramiecountywy.gov/County-Government/Elected-Officials/County-Clerk/Elections/Election-Results,,,county_complete,candidate,Laramie,,,AMY CURRIE,AMY CURRIE,,291,,wy|laramie|wy-2026-primary|county_local_summary|b9595aad2a5ced2707a252aaa59135acdaa96c8c2c5659b6ea6c65c7d5d40c42|wy-2026-primary|city|laramie|pine-bluffs-town-council|na|candidate|AMY CURRIE|Laramie|COUNTY
wy-2026-primary,wy|laramie|wy-2026-primary|county_local_summary,Laramie,wy-2026-primary|city|laramie|pine-bluffs-town-council|na,PINE BLUFFS TOWN COUNCIL,Pine Bluffs Town Council,city,,,,city,b9595aad2a5ced2707a252aaa59135acdaa96c8c2c5659b6ea6c65c7d5d40c42,2026-08-21T12:49:44Z,,county_summary_pdf_v1,1.1.5,1,verified,https://www.laramiecountywy.gov/County-Government/Elected-Officials/County-Clerk/Elections/Election-Results,,,county_complete,candidate,Laramie,,,DAVID CROUSE,DAVID CROUSE,,285,,wy|laramie|wy-2026-primary|county_local_summary|b9595aad2a5ced2707a252aaa59135acdaa96c8c2c5659b6ea6c65c7d5d40c42|wy-2026-primary|city|laramie|pine-bluffs-town-council|na|candidate|DAVID CROUSE|Laramie|COUNTY
wy-2026-primary,wy|laramie|wy-2026-primary|county_local_summary,Laramie,wy-2026-primary|city|laramie|pine-bluffs-town-council|na,PINE BLUFFS TOWN COUNCIL,Pine Bluffs Town Council,city,,,,city,b9595aad2a5ced2707a252aaa59135acdaa96c8c2c5659b6ea6c65c7d5d40c42,2026-08-21T12:49:44Z,,county_summary_pdf_v1,1.1.5,1,verified,https://www.laramiecountywy.gov/County-Government/Elected-Officials/County-Clerk/Elections/Election-Results,,,county_complete,write_in_aggregate,Laramie,,,,,,26,,wy|laramie|wy-2026-primary|county_local_summary|b9595aad2a5ced2707a252aaa59135acdaa96c8c2c5659b6ea6c65c7d5d40c42|wy-2026-primary|city|laramie|pine-bluffs-town-council|na|write_in_aggregate|write_in_aggregate|Laramie|COUNTY
wy-2026-primary,wy|laramie|wy-2026-primary|county_local_summary,Laramie,wy-2026-primary|city|laramie|pine-bluffs-town-council|na,PINE BLUFFS TOWN COUNCIL,Pine Bluffs Town Council,city,,,,city,b9595aad2a5ced2707a252aaa59135acdaa96c8c2c5659b6ea6c65c7d5d40c42,2026-08-21T12:49:44Z,,county_summary_pdf_v1,1.1.5,1,verified,https://www.laramiecountywy.gov/County-Government/Elected-Officials/County-Clerk/Elections/Election-Results,,,county_complete,overvote,Laramie,,,,,,0,,wy|laramie|wy-2026-primary|county_local_summary|b9595aad2a5ced2707a252aaa59135acdaa96c8c2c5659b6ea6c65c7d5d40c42|wy-2026-primary|city|laramie|pine-bluffs-town-council|na|overvote|overvote|Laramie|COUNTY
wy-2026-primary,wy|laramie|wy-2026-primary|county_local_summary,Laramie,wy-2026-primary|city|laramie|pine-bluffs-town-council|na,PINE BLUFFS TOWN COUNCIL,Pine Bluffs Town Council,city,,,,city,b9595aad2a5ced2707a252aaa59135acdaa96c8c2c5659b6ea6c65c7d5d40c42,2026-08-21T12:49:44Z,,county_summary_pdf_v1,1.1.5,1,verified,https://www.laramiecountywy.gov/County-Government/Elected-Officials/County-Clerk/Elections/Election-Results,,,county_complete,undervote,Laramie,,,,,,72,,wy|laramie|wy-2026-primary|county_local_summary|b9595aad2a5ced2707a252aaa59135acdaa96c8c2c5659b6ea6c65c7d5d40c42|wy-2026-primary|city|laramie|pine-bluffs-town-council|na|undervote|undervote|Laramie|COUNTY
