election_key,source_key,county,contest_key,contest_name_raw,contest_name_normalized,level,district,ballot_party,ballot_party_raw,reporting_scope,sha256,retrieved_at,source_published_at,parser_name,parser_version,is_unofficial,verification_status,source_url,precincts_reporting,precincts_total,reporting_status,row_type,reporting_county,precinct_code,precinct_name_raw,candidate_name_raw,candidate_name_normalized,external_candidate_id,votes,percentage_reported,result_row_key
wy-2026-primary,wy|lincoln|wy-2026-primary|county_local_summary,Lincoln,wy-2026-primary|county|lincoln|county-commissioner|rep,REP COUNTY COMMISSIONER,County Commissioner,county,,REP,REP,county,077bce5883de780344b6bbee138312d0831870e4243922965df5c85dcc45b623,2026-08-21T12:50:07Z,,county_summary_pdf_v1,1.1.5,1,verified,https://www.lincolncountywy.gov/government/clerk/elections_voting_information/2026_primary_election_results.php,,,county_complete,candidate,Lincoln,,,KENT CONNELLY,KENT CONNELLY,,931,,wy|lincoln|wy-2026-primary|county_local_summary|077bce5883de780344b6bbee138312d0831870e4243922965df5c85dcc45b623|wy-2026-primary|county|lincoln|county-commissioner|rep|candidate|KENT CONNELLY|Lincoln|COUNTY
wy-2026-primary,wy|lincoln|wy-2026-primary|county_local_summary,Lincoln,wy-2026-primary|county|lincoln|county-commissioner|rep,REP COUNTY COMMISSIONER,County Commissioner,county,,REP,REP,county,077bce5883de780344b6bbee138312d0831870e4243922965df5c85dcc45b623,2026-08-21T12:50:07Z,,county_summary_pdf_v1,1.1.5,1,verified,https://www.lincolncountywy.gov/government/clerk/elections_voting_information/2026_primary_election_results.php,,,county_complete,candidate,Lincoln,,,JOE HEWARD,JOE HEWARD,,1678,,wy|lincoln|wy-2026-primary|county_local_summary|077bce5883de780344b6bbee138312d0831870e4243922965df5c85dcc45b623|wy-2026-primary|county|lincoln|county-commissioner|rep|candidate|JOE HEWARD|Lincoln|COUNTY
wy-2026-primary,wy|lincoln|wy-2026-primary|county_local_summary,Lincoln,wy-2026-primary|county|lincoln|county-commissioner|rep,REP COUNTY COMMISSIONER,County Commissioner,county,,REP,REP,county,077bce5883de780344b6bbee138312d0831870e4243922965df5c85dcc45b623,2026-08-21T12:50:07Z,,county_summary_pdf_v1,1.1.5,1,verified,https://www.lincolncountywy.gov/government/clerk/elections_voting_information/2026_primary_election_results.php,,,county_complete,candidate,Lincoln,,,JAKE LONG,JAKE LONG,,2720,,wy|lincoln|wy-2026-primary|county_local_summary|077bce5883de780344b6bbee138312d0831870e4243922965df5c85dcc45b623|wy-2026-primary|county|lincoln|county-commissioner|rep|candidate|JAKE LONG|Lincoln|COUNTY
wy-2026-primary,wy|lincoln|wy-2026-primary|county_local_summary,Lincoln,wy-2026-primary|county|lincoln|county-commissioner|rep,REP COUNTY COMMISSIONER,County Commissioner,county,,REP,REP,county,077bce5883de780344b6bbee138312d0831870e4243922965df5c85dcc45b623,2026-08-21T12:50:07Z,,county_summary_pdf_v1,1.1.5,1,verified,https://www.lincolncountywy.gov/government/clerk/elections_voting_information/2026_primary_election_results.php,,,county_complete,candidate,Lincoln,,,JOHN LONG,JOHN LONG,,729,,wy|lincoln|wy-2026-primary|county_local_summary|077bce5883de780344b6bbee138312d0831870e4243922965df5c85dcc45b623|wy-2026-primary|county|lincoln|county-commissioner|rep|candidate|JOHN LONG|Lincoln|COUNTY
wy-2026-primary,wy|lincoln|wy-2026-primary|county_local_summary,Lincoln,wy-2026-primary|county|lincoln|county-commissioner|rep,REP COUNTY COMMISSIONER,County Commissioner,county,,REP,REP,county,077bce5883de780344b6bbee138312d0831870e4243922965df5c85dcc45b623,2026-08-21T12:50:07Z,,county_summary_pdf_v1,1.1.5,1,verified,https://www.lincolncountywy.gov/government/clerk/elections_voting_information/2026_primary_election_results.php,,,county_complete,candidate,Lincoln,,,JESICA LOZIER,JESICA LOZIER,,1686,,wy|lincoln|wy-2026-primary|county_local_summary|077bce5883de780344b6bbee138312d0831870e4243922965df5c85dcc45b623|wy-2026-primary|county|lincoln|county-commissioner|rep|candidate|JESICA LOZIER|Lincoln|COUNTY
wy-2026-primary,wy|lincoln|wy-2026-primary|county_local_summary,Lincoln,wy-2026-primary|county|lincoln|county-commissioner|rep,REP COUNTY COMMISSIONER,County Commissioner,county,,REP,REP,county,077bce5883de780344b6bbee138312d0831870e4243922965df5c85dcc45b623,2026-08-21T12:50:07Z,,county_summary_pdf_v1,1.1.5,1,verified,https://www.lincolncountywy.gov/government/clerk/elections_voting_information/2026_primary_election_results.php,,,county_complete,candidate,Lincoln,,,KAY LYNN NIELD,KAY LYNN NIELD,,1549,,wy|lincoln|wy-2026-primary|county_local_summary|077bce5883de780344b6bbee138312d0831870e4243922965df5c85dcc45b623|wy-2026-primary|county|lincoln|county-commissioner|rep|candidate|KAY LYNN NIELD|Lincoln|COUNTY
wy-2026-primary,wy|lincoln|wy-2026-primary|county_local_summary,Lincoln,wy-2026-primary|county|lincoln|county-commissioner|rep,REP COUNTY COMMISSIONER,County Commissioner,county,,REP,REP,county,077bce5883de780344b6bbee138312d0831870e4243922965df5c85dcc45b623,2026-08-21T12:50:07Z,,county_summary_pdf_v1,1.1.5,1,verified,https://www.lincolncountywy.gov/government/clerk/elections_voting_information/2026_primary_election_results.php,,,county_complete,write_in_aggregate,Lincoln,,,,,,17,,wy|lincoln|wy-2026-primary|county_local_summary|077bce5883de780344b6bbee138312d0831870e4243922965df5c85dcc45b623|wy-2026-primary|county|lincoln|county-commissioner|rep|write_in_aggregate|write_in_aggregate|Lincoln|COUNTY
wy-2026-primary,wy|lincoln|wy-2026-primary|county_local_summary,Lincoln,wy-2026-primary|county|lincoln|county-commissioner|rep,REP COUNTY COMMISSIONER,County Commissioner,county,,REP,REP,county,077bce5883de780344b6bbee138312d0831870e4243922965df5c85dcc45b623,2026-08-21T12:50:07Z,,county_summary_pdf_v1,1.1.5,1,verified,https://www.lincolncountywy.gov/government/clerk/elections_voting_information/2026_primary_election_results.php,,,county_complete,overvote,Lincoln,,,,,,20,,wy|lincoln|wy-2026-primary|county_local_summary|077bce5883de780344b6bbee138312d0831870e4243922965df5c85dcc45b623|wy-2026-primary|county|lincoln|county-commissioner|rep|overvote|overvote|Lincoln|COUNTY
wy-2026-primary,wy|lincoln|wy-2026-primary|county_local_summary,Lincoln,wy-2026-primary|county|lincoln|county-commissioner|rep,REP COUNTY COMMISSIONER,County Commissioner,county,,REP,REP,county,077bce5883de780344b6bbee138312d0831870e4243922965df5c85dcc45b623,2026-08-21T12:50:07Z,,county_summary_pdf_v1,1.1.5,1,verified,https://www.lincolncountywy.gov/government/clerk/elections_voting_information/2026_primary_election_results.php,,,county_complete,undervote,Lincoln,,,,,,1748,,wy|lincoln|wy-2026-primary|county_local_summary|077bce5883de780344b6bbee138312d0831870e4243922965df5c85dcc45b623|wy-2026-primary|county|lincoln|county-commissioner|rep|undervote|undervote|Lincoln|COUNTY
wy-2026-primary,wy|lincoln|wy-2026-primary|county_local_summary,Lincoln,wy-2026-primary|county|lincoln|county-coroner|rep,REP COUNTY CORONER,County Coroner,county,,REP,REP,county,077bce5883de780344b6bbee138312d0831870e4243922965df5c85dcc45b623,2026-08-21T12:50:07Z,,county_summary_pdf_v1,1.1.5,1,verified,https://www.lincolncountywy.gov/government/clerk/elections_voting_information/2026_primary_election_results.php,,,county_complete,candidate,Lincoln,,,DAIN SCHWAB,DAIN SCHWAB,,4722,,wy|lincoln|wy-2026-primary|county_local_summary|077bce5883de780344b6bbee138312d0831870e4243922965df5c85dcc45b623|wy-2026-primary|county|lincoln|county-coroner|rep|candidate|DAIN SCHWAB|Lincoln|COUNTY
wy-2026-primary,wy|lincoln|wy-2026-primary|county_local_summary,Lincoln,wy-2026-primary|county|lincoln|county-coroner|rep,REP COUNTY CORONER,County Coroner,county,,REP,REP,county,077bce5883de780344b6bbee138312d0831870e4243922965df5c85dcc45b623,2026-08-21T12:50:07Z,,county_summary_pdf_v1,1.1.5,1,verified,https://www.lincolncountywy.gov/government/clerk/elections_voting_information/2026_primary_election_results.php,,,county_complete,write_in_aggregate,Lincoln,,,,,,42,,wy|lincoln|wy-2026-primary|county_local_summary|077bce5883de780344b6bbee138312d0831870e4243922965df5c85dcc45b623|wy-2026-primary|county|lincoln|county-coroner|rep|write_in_aggregate|write_in_aggregate|Lincoln|COUNTY
wy-2026-primary,wy|lincoln|wy-2026-primary|county_local_summary,Lincoln,wy-2026-primary|county|lincoln|county-coroner|rep,REP COUNTY CORONER,County Coroner,county,,REP,REP,county,077bce5883de780344b6bbee138312d0831870e4243922965df5c85dcc45b623,2026-08-21T12:50:07Z,,county_summary_pdf_v1,1.1.5,1,verified,https://www.lincolncountywy.gov/government/clerk/elections_voting_information/2026_primary_election_results.php,,,county_complete,overvote,Lincoln,,,,,,0,,wy|lincoln|wy-2026-primary|county_local_summary|077bce5883de780344b6bbee138312d0831870e4243922965df5c85dcc45b623|wy-2026-primary|county|lincoln|county-coroner|rep|overvote|overvote|Lincoln|COUNTY
wy-2026-primary,wy|lincoln|wy-2026-primary|county_local_summary,Lincoln,wy-2026-primary|county|lincoln|county-coroner|rep,REP COUNTY CORONER,County Coroner,county,,REP,REP,county,077bce5883de780344b6bbee138312d0831870e4243922965df5c85dcc45b623,2026-08-21T12:50:07Z,,county_summary_pdf_v1,1.1.5,1,verified,https://www.lincolncountywy.gov/government/clerk/elections_voting_information/2026_primary_election_results.php,,,county_complete,undervote,Lincoln,,,,,,775,,wy|lincoln|wy-2026-primary|county_local_summary|077bce5883de780344b6bbee138312d0831870e4243922965df5c85dcc45b623|wy-2026-primary|county|lincoln|county-coroner|rep|undervote|undervote|Lincoln|COUNTY
wy-2026-primary,wy|lincoln|wy-2026-primary|county_local_summary,Lincoln,wy-2026-primary|county|lincoln|county-attorney|rep,REP COUNTY ATTORNEY,County Attorney,county,,REP,REP,county,077bce5883de780344b6bbee138312d0831870e4243922965df5c85dcc45b623,2026-08-21T12:50:07Z,,county_summary_pdf_v1,1.1.5,1,verified,https://www.lincolncountywy.gov/government/clerk/elections_voting_information/2026_primary_election_results.php,,,county_complete,candidate,Lincoln,,,SPENCER L. ALLRED,SPENCER L. ALLRED,,3090,,wy|lincoln|wy-2026-primary|county_local_summary|077bce5883de780344b6bbee138312d0831870e4243922965df5c85dcc45b623|wy-2026-primary|county|lincoln|county-attorney|rep|candidate|SPENCER L. ALLRED|Lincoln|COUNTY
wy-2026-primary,wy|lincoln|wy-2026-primary|county_local_summary,Lincoln,wy-2026-primary|county|lincoln|county-attorney|rep,REP COUNTY ATTORNEY,County Attorney,county,,REP,REP,county,077bce5883de780344b6bbee138312d0831870e4243922965df5c85dcc45b623,2026-08-21T12:50:07Z,,county_summary_pdf_v1,1.1.5,1,verified,https://www.lincolncountywy.gov/government/clerk/elections_voting_information/2026_primary_election_results.php,,,county_complete,candidate,Lincoln,,,CARMEN L. PATTERSON,CARMEN L. PATTERSON,,1974,,wy|lincoln|wy-2026-primary|county_local_summary|077bce5883de780344b6bbee138312d0831870e4243922965df5c85dcc45b623|wy-2026-primary|county|lincoln|county-attorney|rep|candidate|CARMEN L. PATTERSON|Lincoln|COUNTY
wy-2026-primary,wy|lincoln|wy-2026-primary|county_local_summary,Lincoln,wy-2026-primary|county|lincoln|county-attorney|rep,REP COUNTY ATTORNEY,County Attorney,county,,REP,REP,county,077bce5883de780344b6bbee138312d0831870e4243922965df5c85dcc45b623,2026-08-21T12:50:07Z,,county_summary_pdf_v1,1.1.5,1,verified,https://www.lincolncountywy.gov/government/clerk/elections_voting_information/2026_primary_election_results.php,,,county_complete,write_in_aggregate,Lincoln,,,,,,10,,wy|lincoln|wy-2026-primary|county_local_summary|077bce5883de780344b6bbee138312d0831870e4243922965df5c85dcc45b623|wy-2026-primary|county|lincoln|county-attorney|rep|write_in_aggregate|write_in_aggregate|Lincoln|COUNTY
wy-2026-primary,wy|lincoln|wy-2026-primary|county_local_summary,Lincoln,wy-2026-primary|county|lincoln|county-attorney|rep,REP COUNTY ATTORNEY,County Attorney,county,,REP,REP,county,077bce5883de780344b6bbee138312d0831870e4243922965df5c85dcc45b623,2026-08-21T12:50:07Z,,county_summary_pdf_v1,1.1.5,1,verified,https://www.lincolncountywy.gov/government/clerk/elections_voting_information/2026_primary_election_results.php,,,county_complete,overvote,Lincoln,,,,,,2,,wy|lincoln|wy-2026-primary|county_local_summary|077bce5883de780344b6bbee138312d0831870e4243922965df5c85dcc45b623|wy-2026-primary|county|lincoln|county-attorney|rep|overvote|overvote|Lincoln|COUNTY
wy-2026-primary,wy|lincoln|wy-2026-primary|county_local_summary,Lincoln,wy-2026-primary|county|lincoln|county-attorney|rep,REP COUNTY ATTORNEY,County Attorney,county,,REP,REP,county,077bce5883de780344b6bbee138312d0831870e4243922965df5c85dcc45b623,2026-08-21T12:50:07Z,,county_summary_pdf_v1,1.1.5,1,verified,https://www.lincolncountywy.gov/government/clerk/elections_voting_information/2026_primary_election_results.php,,,county_complete,undervote,Lincoln,,,,,,463,,wy|lincoln|wy-2026-primary|county_local_summary|077bce5883de780344b6bbee138312d0831870e4243922965df5c85dcc45b623|wy-2026-primary|county|lincoln|county-attorney|rep|undervote|undervote|Lincoln|COUNTY
wy-2026-primary,wy|lincoln|wy-2026-primary|county_local_summary,Lincoln,wy-2026-primary|county|lincoln|county-sheriff|rep,REP COUNTY SHERIFF,County Sheriff,county,,REP,REP,county,077bce5883de780344b6bbee138312d0831870e4243922965df5c85dcc45b623,2026-08-21T12:50:07Z,,county_summary_pdf_v1,1.1.5,1,verified,https://www.lincolncountywy.gov/government/clerk/elections_voting_information/2026_primary_election_results.php,,,county_complete,candidate,Lincoln,,,VAL CLEMENT,VAL CLEMENT,,1132,,wy|lincoln|wy-2026-primary|county_local_summary|077bce5883de780344b6bbee138312d0831870e4243922965df5c85dcc45b623|wy-2026-primary|county|lincoln|county-sheriff|rep|candidate|VAL CLEMENT|Lincoln|COUNTY
wy-2026-primary,wy|lincoln|wy-2026-primary|county_local_summary,Lincoln,wy-2026-primary|county|lincoln|county-sheriff|rep,REP COUNTY SHERIFF,County Sheriff,county,,REP,REP,county,077bce5883de780344b6bbee138312d0831870e4243922965df5c85dcc45b623,2026-08-21T12:50:07Z,,county_summary_pdf_v1,1.1.5,1,verified,https://www.lincolncountywy.gov/government/clerk/elections_voting_information/2026_primary_election_results.php,,,county_complete,candidate,Lincoln,,,M SHANE JOHNSON,M SHANE JOHNSON,,4057,,wy|lincoln|wy-2026-primary|county_local_summary|077bce5883de780344b6bbee138312d0831870e4243922965df5c85dcc45b623|wy-2026-primary|county|lincoln|county-sheriff|rep|candidate|M SHANE JOHNSON|Lincoln|COUNTY
wy-2026-primary,wy|lincoln|wy-2026-primary|county_local_summary,Lincoln,wy-2026-primary|county|lincoln|county-sheriff|rep,REP COUNTY SHERIFF,County Sheriff,county,,REP,REP,county,077bce5883de780344b6bbee138312d0831870e4243922965df5c85dcc45b623,2026-08-21T12:50:07Z,,county_summary_pdf_v1,1.1.5,1,verified,https://www.lincolncountywy.gov/government/clerk/elections_voting_information/2026_primary_election_results.php,,,county_complete,write_in_aggregate,Lincoln,,,,,,32,,wy|lincoln|wy-2026-primary|county_local_summary|077bce5883de780344b6bbee138312d0831870e4243922965df5c85dcc45b623|wy-2026-primary|county|lincoln|county-sheriff|rep|write_in_aggregate|write_in_aggregate|Lincoln|COUNTY
wy-2026-primary,wy|lincoln|wy-2026-primary|county_local_summary,Lincoln,wy-2026-primary|county|lincoln|county-sheriff|rep,REP COUNTY SHERIFF,County Sheriff,county,,REP,REP,county,077bce5883de780344b6bbee138312d0831870e4243922965df5c85dcc45b623,2026-08-21T12:50:07Z,,county_summary_pdf_v1,1.1.5,1,verified,https://www.lincolncountywy.gov/government/clerk/elections_voting_information/2026_primary_election_results.php,,,county_complete,overvote,Lincoln,,,,,,0,,wy|lincoln|wy-2026-primary|county_local_summary|077bce5883de780344b6bbee138312d0831870e4243922965df5c85dcc45b623|wy-2026-primary|county|lincoln|county-sheriff|rep|overvote|overvote|Lincoln|COUNTY
wy-2026-primary,wy|lincoln|wy-2026-primary|county_local_summary,Lincoln,wy-2026-primary|county|lincoln|county-sheriff|rep,REP COUNTY SHERIFF,County Sheriff,county,,REP,REP,county,077bce5883de780344b6bbee138312d0831870e4243922965df5c85dcc45b623,2026-08-21T12:50:07Z,,county_summary_pdf_v1,1.1.5,1,verified,https://www.lincolncountywy.gov/government/clerk/elections_voting_information/2026_primary_election_results.php,,,county_complete,undervote,Lincoln,,,,,,318,,wy|lincoln|wy-2026-primary|county_local_summary|077bce5883de780344b6bbee138312d0831870e4243922965df5c85dcc45b623|wy-2026-primary|county|lincoln|county-sheriff|rep|undervote|undervote|Lincoln|COUNTY
wy-2026-primary,wy|lincoln|wy-2026-primary|county_local_summary,Lincoln,wy-2026-primary|county|lincoln|county-clerk|rep,REP COUNTY CLERK,County Clerk,county,,REP,REP,county,077bce5883de780344b6bbee138312d0831870e4243922965df5c85dcc45b623,2026-08-21T12:50:07Z,,county_summary_pdf_v1,1.1.5,1,verified,https://www.lincolncountywy.gov/government/clerk/elections_voting_information/2026_primary_election_results.php,,,county_complete,candidate,Lincoln,,,APRIL BRUNSKI,APRIL BRUNSKI,,4724,,wy|lincoln|wy-2026-primary|county_local_summary|077bce5883de780344b6bbee138312d0831870e4243922965df5c85dcc45b623|wy-2026-primary|county|lincoln|county-clerk|rep|candidate|APRIL BRUNSKI|Lincoln|COUNTY
wy-2026-primary,wy|lincoln|wy-2026-primary|county_local_summary,Lincoln,wy-2026-primary|county|lincoln|county-clerk|rep,REP COUNTY CLERK,County Clerk,county,,REP,REP,county,077bce5883de780344b6bbee138312d0831870e4243922965df5c85dcc45b623,2026-08-21T12:50:07Z,,county_summary_pdf_v1,1.1.5,1,verified,https://www.lincolncountywy.gov/government/clerk/elections_voting_information/2026_primary_election_results.php,,,county_complete,write_in_aggregate,Lincoln,,,,,,19,,wy|lincoln|wy-2026-primary|county_local_summary|077bce5883de780344b6bbee138312d0831870e4243922965df5c85dcc45b623|wy-2026-primary|county|lincoln|county-clerk|rep|write_in_aggregate|write_in_aggregate|Lincoln|COUNTY
wy-2026-primary,wy|lincoln|wy-2026-primary|county_local_summary,Lincoln,wy-2026-primary|county|lincoln|county-clerk|rep,REP COUNTY CLERK,County Clerk,county,,REP,REP,county,077bce5883de780344b6bbee138312d0831870e4243922965df5c85dcc45b623,2026-08-21T12:50:07Z,,county_summary_pdf_v1,1.1.5,1,verified,https://www.lincolncountywy.gov/government/clerk/elections_voting_information/2026_primary_election_results.php,,,county_complete,overvote,Lincoln,,,,,,0,,wy|lincoln|wy-2026-primary|county_local_summary|077bce5883de780344b6bbee138312d0831870e4243922965df5c85dcc45b623|wy-2026-primary|county|lincoln|county-clerk|rep|overvote|overvote|Lincoln|COUNTY
wy-2026-primary,wy|lincoln|wy-2026-primary|county_local_summary,Lincoln,wy-2026-primary|county|lincoln|county-clerk|rep,REP COUNTY CLERK,County Clerk,county,,REP,REP,county,077bce5883de780344b6bbee138312d0831870e4243922965df5c85dcc45b623,2026-08-21T12:50:07Z,,county_summary_pdf_v1,1.1.5,1,verified,https://www.lincolncountywy.gov/government/clerk/elections_voting_information/2026_primary_election_results.php,,,county_complete,undervote,Lincoln,,,,,,796,,wy|lincoln|wy-2026-primary|county_local_summary|077bce5883de780344b6bbee138312d0831870e4243922965df5c85dcc45b623|wy-2026-primary|county|lincoln|county-clerk|rep|undervote|undervote|Lincoln|COUNTY
wy-2026-primary,wy|lincoln|wy-2026-primary|county_local_summary,Lincoln,wy-2026-primary|county|lincoln|county-treasurer|rep,REP COUNTY TREASURER,County Treasurer,county,,REP,REP,county,077bce5883de780344b6bbee138312d0831870e4243922965df5c85dcc45b623,2026-08-21T12:50:07Z,,county_summary_pdf_v1,1.1.5,1,verified,https://www.lincolncountywy.gov/government/clerk/elections_voting_information/2026_primary_election_results.php,,,county_complete,candidate,Lincoln,,,JOEY K. ANTILLA,JOEY K. ANTILLA,,2783,,wy|lincoln|wy-2026-primary|county_local_summary|077bce5883de780344b6bbee138312d0831870e4243922965df5c85dcc45b623|wy-2026-primary|county|lincoln|county-treasurer|rep|candidate|JOEY K. ANTILLA|Lincoln|COUNTY
wy-2026-primary,wy|lincoln|wy-2026-primary|county_local_summary,Lincoln,wy-2026-primary|county|lincoln|county-treasurer|rep,REP COUNTY TREASURER,County Treasurer,county,,REP,REP,county,077bce5883de780344b6bbee138312d0831870e4243922965df5c85dcc45b623,2026-08-21T12:50:07Z,,county_summary_pdf_v1,1.1.5,1,verified,https://www.lincolncountywy.gov/government/clerk/elections_voting_information/2026_primary_election_results.php,,,county_complete,candidate,Lincoln,,,DAWN MARQUARDT,DAWN MARQUARDT,,1978,,wy|lincoln|wy-2026-primary|county_local_summary|077bce5883de780344b6bbee138312d0831870e4243922965df5c85dcc45b623|wy-2026-primary|county|lincoln|county-treasurer|rep|candidate|DAWN MARQUARDT|Lincoln|COUNTY
wy-2026-primary,wy|lincoln|wy-2026-primary|county_local_summary,Lincoln,wy-2026-primary|county|lincoln|county-treasurer|rep,REP COUNTY TREASURER,County Treasurer,county,,REP,REP,county,077bce5883de780344b6bbee138312d0831870e4243922965df5c85dcc45b623,2026-08-21T12:50:07Z,,county_summary_pdf_v1,1.1.5,1,verified,https://www.lincolncountywy.gov/government/clerk/elections_voting_information/2026_primary_election_results.php,,,county_complete,write_in_aggregate,Lincoln,,,,,,12,,wy|lincoln|wy-2026-primary|county_local_summary|077bce5883de780344b6bbee138312d0831870e4243922965df5c85dcc45b623|wy-2026-primary|county|lincoln|county-treasurer|rep|write_in_aggregate|write_in_aggregate|Lincoln|COUNTY
wy-2026-primary,wy|lincoln|wy-2026-primary|county_local_summary,Lincoln,wy-2026-primary|county|lincoln|county-treasurer|rep,REP COUNTY TREASURER,County Treasurer,county,,REP,REP,county,077bce5883de780344b6bbee138312d0831870e4243922965df5c85dcc45b623,2026-08-21T12:50:07Z,,county_summary_pdf_v1,1.1.5,1,verified,https://www.lincolncountywy.gov/government/clerk/elections_voting_information/2026_primary_election_results.php,,,county_complete,overvote,Lincoln,,,,,,0,,wy|lincoln|wy-2026-primary|county_local_summary|077bce5883de780344b6bbee138312d0831870e4243922965df5c85dcc45b623|wy-2026-primary|county|lincoln|county-treasurer|rep|overvote|overvote|Lincoln|COUNTY
wy-2026-primary,wy|lincoln|wy-2026-primary|county_local_summary,Lincoln,wy-2026-primary|county|lincoln|county-treasurer|rep,REP COUNTY TREASURER,County Treasurer,county,,REP,REP,county,077bce5883de780344b6bbee138312d0831870e4243922965df5c85dcc45b623,2026-08-21T12:50:07Z,,county_summary_pdf_v1,1.1.5,1,verified,https://www.lincolncountywy.gov/government/clerk/elections_voting_information/2026_primary_election_results.php,,,county_complete,undervote,Lincoln,,,,,,766,,wy|lincoln|wy-2026-primary|county_local_summary|077bce5883de780344b6bbee138312d0831870e4243922965df5c85dcc45b623|wy-2026-primary|county|lincoln|county-treasurer|rep|undervote|undervote|Lincoln|COUNTY
wy-2026-primary,wy|lincoln|wy-2026-primary|county_local_summary,Lincoln,wy-2026-primary|county|lincoln|county-assessor|rep,REP COUNTY ASSESSOR,County Assessor,county,,REP,REP,county,077bce5883de780344b6bbee138312d0831870e4243922965df5c85dcc45b623,2026-08-21T12:50:07Z,,county_summary_pdf_v1,1.1.5,1,verified,https://www.lincolncountywy.gov/government/clerk/elections_voting_information/2026_primary_election_results.php,,,county_complete,candidate,Lincoln,,,EMMETT MAVY,EMMETT MAVY,,1584,,wy|lincoln|wy-2026-primary|county_local_summary|077bce5883de780344b6bbee138312d0831870e4243922965df5c85dcc45b623|wy-2026-primary|county|lincoln|county-assessor|rep|candidate|EMMETT MAVY|Lincoln|COUNTY
wy-2026-primary,wy|lincoln|wy-2026-primary|county_local_summary,Lincoln,wy-2026-primary|county|lincoln|county-assessor|rep,REP COUNTY ASSESSOR,County Assessor,county,,REP,REP,county,077bce5883de780344b6bbee138312d0831870e4243922965df5c85dcc45b623,2026-08-21T12:50:07Z,,county_summary_pdf_v1,1.1.5,1,verified,https://www.lincolncountywy.gov/government/clerk/elections_voting_information/2026_primary_election_results.php,,,county_complete,candidate,Lincoln,,,JASON ROSAS,JASON ROSAS,,3128,,wy|lincoln|wy-2026-primary|county_local_summary|077bce5883de780344b6bbee138312d0831870e4243922965df5c85dcc45b623|wy-2026-primary|county|lincoln|county-assessor|rep|candidate|JASON ROSAS|Lincoln|COUNTY
wy-2026-primary,wy|lincoln|wy-2026-primary|county_local_summary,Lincoln,wy-2026-primary|county|lincoln|county-assessor|rep,REP COUNTY ASSESSOR,County Assessor,county,,REP,REP,county,077bce5883de780344b6bbee138312d0831870e4243922965df5c85dcc45b623,2026-08-21T12:50:07Z,,county_summary_pdf_v1,1.1.5,1,verified,https://www.lincolncountywy.gov/government/clerk/elections_voting_information/2026_primary_election_results.php,,,county_complete,write_in_aggregate,Lincoln,,,,,,6,,wy|lincoln|wy-2026-primary|county_local_summary|077bce5883de780344b6bbee138312d0831870e4243922965df5c85dcc45b623|wy-2026-primary|county|lincoln|county-assessor|rep|write_in_aggregate|write_in_aggregate|Lincoln|COUNTY
wy-2026-primary,wy|lincoln|wy-2026-primary|county_local_summary,Lincoln,wy-2026-primary|county|lincoln|county-assessor|rep,REP COUNTY ASSESSOR,County Assessor,county,,REP,REP,county,077bce5883de780344b6bbee138312d0831870e4243922965df5c85dcc45b623,2026-08-21T12:50:07Z,,county_summary_pdf_v1,1.1.5,1,verified,https://www.lincolncountywy.gov/government/clerk/elections_voting_information/2026_primary_election_results.php,,,county_complete,overvote,Lincoln,,,,,,0,,wy|lincoln|wy-2026-primary|county_local_summary|077bce5883de780344b6bbee138312d0831870e4243922965df5c85dcc45b623|wy-2026-primary|county|lincoln|county-assessor|rep|overvote|overvote|Lincoln|COUNTY
wy-2026-primary,wy|lincoln|wy-2026-primary|county_local_summary,Lincoln,wy-2026-primary|county|lincoln|county-assessor|rep,REP COUNTY ASSESSOR,County Assessor,county,,REP,REP,county,077bce5883de780344b6bbee138312d0831870e4243922965df5c85dcc45b623,2026-08-21T12:50:07Z,,county_summary_pdf_v1,1.1.5,1,verified,https://www.lincolncountywy.gov/government/clerk/elections_voting_information/2026_primary_election_results.php,,,county_complete,undervote,Lincoln,,,,,,821,,wy|lincoln|wy-2026-primary|county_local_summary|077bce5883de780344b6bbee138312d0831870e4243922965df5c85dcc45b623|wy-2026-primary|county|lincoln|county-assessor|rep|undervote|undervote|Lincoln|COUNTY
wy-2026-primary,wy|lincoln|wy-2026-primary|county_local_summary,Lincoln,wy-2026-primary|county|lincoln|clerk-of-district-court|rep,REP CLERK OF DISTRICT COURT,Clerk Of District Court,county,,REP,REP,county,077bce5883de780344b6bbee138312d0831870e4243922965df5c85dcc45b623,2026-08-21T12:50:07Z,,county_summary_pdf_v1,1.1.5,1,verified,https://www.lincolncountywy.gov/government/clerk/elections_voting_information/2026_primary_election_results.php,,,county_complete,candidate,Lincoln,,,JENNY CLARKE,JENNY CLARKE,,4462,,wy|lincoln|wy-2026-primary|county_local_summary|077bce5883de780344b6bbee138312d0831870e4243922965df5c85dcc45b623|wy-2026-primary|county|lincoln|clerk-of-district-court|rep|candidate|JENNY CLARKE|Lincoln|COUNTY
wy-2026-primary,wy|lincoln|wy-2026-primary|county_local_summary,Lincoln,wy-2026-primary|county|lincoln|clerk-of-district-court|rep,REP CLERK OF DISTRICT COURT,Clerk Of District Court,county,,REP,REP,county,077bce5883de780344b6bbee138312d0831870e4243922965df5c85dcc45b623,2026-08-21T12:50:07Z,,county_summary_pdf_v1,1.1.5,1,verified,https://www.lincolncountywy.gov/government/clerk/elections_voting_information/2026_primary_election_results.php,,,county_complete,write_in_aggregate,Lincoln,,,,,,16,,wy|lincoln|wy-2026-primary|county_local_summary|077bce5883de780344b6bbee138312d0831870e4243922965df5c85dcc45b623|wy-2026-primary|county|lincoln|clerk-of-district-court|rep|write_in_aggregate|write_in_aggregate|Lincoln|COUNTY
wy-2026-primary,wy|lincoln|wy-2026-primary|county_local_summary,Lincoln,wy-2026-primary|county|lincoln|clerk-of-district-court|rep,REP CLERK OF DISTRICT COURT,Clerk Of District Court,county,,REP,REP,county,077bce5883de780344b6bbee138312d0831870e4243922965df5c85dcc45b623,2026-08-21T12:50:07Z,,county_summary_pdf_v1,1.1.5,1,verified,https://www.lincolncountywy.gov/government/clerk/elections_voting_information/2026_primary_election_results.php,,,county_complete,overvote,Lincoln,,,,,,0,,wy|lincoln|wy-2026-primary|county_local_summary|077bce5883de780344b6bbee138312d0831870e4243922965df5c85dcc45b623|wy-2026-primary|county|lincoln|clerk-of-district-court|rep|overvote|overvote|Lincoln|COUNTY
wy-2026-primary,wy|lincoln|wy-2026-primary|county_local_summary,Lincoln,wy-2026-primary|county|lincoln|clerk-of-district-court|rep,REP CLERK OF DISTRICT COURT,Clerk Of District Court,county,,REP,REP,county,077bce5883de780344b6bbee138312d0831870e4243922965df5c85dcc45b623,2026-08-21T12:50:07Z,,county_summary_pdf_v1,1.1.5,1,verified,https://www.lincolncountywy.gov/government/clerk/elections_voting_information/2026_primary_election_results.php,,,county_complete,undervote,Lincoln,,,,,,1061,,wy|lincoln|wy-2026-primary|county_local_summary|077bce5883de780344b6bbee138312d0831870e4243922965df5c85dcc45b623|wy-2026-primary|county|lincoln|clerk-of-district-court|rep|undervote|undervote|Lincoln|COUNTY
wy-2026-primary,wy|lincoln|wy-2026-primary|county_local_summary,Lincoln,wy-2026-primary|county|lincoln|precinct-committeeman-1-1|rep,REP PRECINCT COMMITTEEMAN 1-1,Precinct Committeeman 1-1,county,,REP,REP,precinct,077bce5883de780344b6bbee138312d0831870e4243922965df5c85dcc45b623,2026-08-21T12:50:07Z,,county_summary_pdf_v1,1.1.5,1,verified,https://www.lincolncountywy.gov/government/clerk/elections_voting_information/2026_primary_election_results.php,,,county_complete,candidate,Lincoln,,,KENT CONNELLY,KENT CONNELLY,,234,,wy|lincoln|wy-2026-primary|county_local_summary|077bce5883de780344b6bbee138312d0831870e4243922965df5c85dcc45b623|wy-2026-primary|county|lincoln|precinct-committeeman-1-1|rep|candidate|KENT CONNELLY|Lincoln|COUNTY
wy-2026-primary,wy|lincoln|wy-2026-primary|county_local_summary,Lincoln,wy-2026-primary|county|lincoln|precinct-committeeman-1-1|rep,REP PRECINCT COMMITTEEMAN 1-1,Precinct Committeeman 1-1,county,,REP,REP,precinct,077bce5883de780344b6bbee138312d0831870e4243922965df5c85dcc45b623,2026-08-21T12:50:07Z,,county_summary_pdf_v1,1.1.5,1,verified,https://www.lincolncountywy.gov/government/clerk/elections_voting_information/2026_primary_election_results.php,,,county_complete,candidate,Lincoln,,,DESTRY DEARDEN,DESTRY DEARDEN,,488,,wy|lincoln|wy-2026-primary|county_local_summary|077bce5883de780344b6bbee138312d0831870e4243922965df5c85dcc45b623|wy-2026-primary|county|lincoln|precinct-committeeman-1-1|rep|candidate|DESTRY DEARDEN|Lincoln|COUNTY
wy-2026-primary,wy|lincoln|wy-2026-primary|county_local_summary,Lincoln,wy-2026-primary|county|lincoln|precinct-committeeman-1-1|rep,REP PRECINCT COMMITTEEMAN 1-1,Precinct Committeeman 1-1,county,,REP,REP,precinct,077bce5883de780344b6bbee138312d0831870e4243922965df5c85dcc45b623,2026-08-21T12:50:07Z,,county_summary_pdf_v1,1.1.5,1,verified,https://www.lincolncountywy.gov/government/clerk/elections_voting_information/2026_primary_election_results.php,,,county_complete,candidate,Lincoln,,,KENNETH D ROBERTS,KENNETH D ROBERTS,,537,,wy|lincoln|wy-2026-primary|county_local_summary|077bce5883de780344b6bbee138312d0831870e4243922965df5c85dcc45b623|wy-2026-primary|county|lincoln|precinct-committeeman-1-1|rep|candidate|KENNETH D ROBERTS|Lincoln|COUNTY
wy-2026-primary,wy|lincoln|wy-2026-primary|county_local_summary,Lincoln,wy-2026-primary|county|lincoln|precinct-committeeman-1-1|rep,REP PRECINCT COMMITTEEMAN 1-1,Precinct Committeeman 1-1,county,,REP,REP,precinct,077bce5883de780344b6bbee138312d0831870e4243922965df5c85dcc45b623,2026-08-21T12:50:07Z,,county_summary_pdf_v1,1.1.5,1,verified,https://www.lincolncountywy.gov/government/clerk/elections_voting_information/2026_primary_election_results.php,,,county_complete,write_in_aggregate,Lincoln,,,,,,69,,wy|lincoln|wy-2026-primary|county_local_summary|077bce5883de780344b6bbee138312d0831870e4243922965df5c85dcc45b623|wy-2026-primary|county|lincoln|precinct-committeeman-1-1|rep|write_in_aggregate|write_in_aggregate|Lincoln|COUNTY
wy-2026-primary,wy|lincoln|wy-2026-primary|county_local_summary,Lincoln,wy-2026-primary|county|lincoln|precinct-committeeman-1-1|rep,REP PRECINCT COMMITTEEMAN 1-1,Precinct Committeeman 1-1,county,,REP,REP,precinct,077bce5883de780344b6bbee138312d0831870e4243922965df5c85dcc45b623,2026-08-21T12:50:07Z,,county_summary_pdf_v1,1.1.5,1,verified,https://www.lincolncountywy.gov/government/clerk/elections_voting_information/2026_primary_election_results.php,,,county_complete,overvote,Lincoln,,,,,,0,,wy|lincoln|wy-2026-primary|county_local_summary|077bce5883de780344b6bbee138312d0831870e4243922965df5c85dcc45b623|wy-2026-primary|county|lincoln|precinct-committeeman-1-1|rep|overvote|overvote|Lincoln|COUNTY
wy-2026-primary,wy|lincoln|wy-2026-primary|county_local_summary,Lincoln,wy-2026-primary|county|lincoln|precinct-committeeman-1-1|rep,REP PRECINCT COMMITTEEMAN 1-1,Precinct Committeeman 1-1,county,,REP,REP,precinct,077bce5883de780344b6bbee138312d0831870e4243922965df5c85dcc45b623,2026-08-21T12:50:07Z,,county_summary_pdf_v1,1.1.5,1,verified,https://www.lincolncountywy.gov/government/clerk/elections_voting_information/2026_primary_election_results.php,,,county_complete,undervote,Lincoln,,,,,,1448,,wy|lincoln|wy-2026-primary|county_local_summary|077bce5883de780344b6bbee138312d0831870e4243922965df5c85dcc45b623|wy-2026-primary|county|lincoln|precinct-committeeman-1-1|rep|undervote|undervote|Lincoln|COUNTY
wy-2026-primary,wy|lincoln|wy-2026-primary|county_local_summary,Lincoln,wy-2026-primary|county|lincoln|precinct-committeewoman-1-1|rep,REP PRECINCT COMMITTEEWOMAN 1-1,Precinct Committeewoman 1-1,county,,REP,REP,precinct,077bce5883de780344b6bbee138312d0831870e4243922965df5c85dcc45b623,2026-08-21T12:50:07Z,,county_summary_pdf_v1,1.1.5,1,verified,https://www.lincolncountywy.gov/government/clerk/elections_voting_information/2026_primary_election_results.php,,,county_complete,candidate,Lincoln,,,RILEY JO HEWARD,RILEY JO HEWARD,,305,,wy|lincoln|wy-2026-primary|county_local_summary|077bce5883de780344b6bbee138312d0831870e4243922965df5c85dcc45b623|wy-2026-primary|county|lincoln|precinct-committeewoman-1-1|rep|candidate|RILEY JO HEWARD|Lincoln|COUNTY
wy-2026-primary,wy|lincoln|wy-2026-primary|county_local_summary,Lincoln,wy-2026-primary|county|lincoln|precinct-committeewoman-1-1|rep,REP PRECINCT COMMITTEEWOMAN 1-1,Precinct Committeewoman 1-1,county,,REP,REP,precinct,077bce5883de780344b6bbee138312d0831870e4243922965df5c85dcc45b623,2026-08-21T12:50:07Z,,county_summary_pdf_v1,1.1.5,1,verified,https://www.lincolncountywy.gov/government/clerk/elections_voting_information/2026_primary_election_results.php,,,county_complete,candidate,Lincoln,,,EMBER OAKLEY,EMBER OAKLEY,,335,,wy|lincoln|wy-2026-primary|county_local_summary|077bce5883de780344b6bbee138312d0831870e4243922965df5c85dcc45b623|wy-2026-primary|county|lincoln|precinct-committeewoman-1-1|rep|candidate|EMBER OAKLEY|Lincoln|COUNTY
wy-2026-primary,wy|lincoln|wy-2026-primary|county_local_summary,Lincoln,wy-2026-primary|county|lincoln|precinct-committeewoman-1-1|rep,REP PRECINCT COMMITTEEWOMAN 1-1,Precinct Committeewoman 1-1,county,,REP,REP,precinct,077bce5883de780344b6bbee138312d0831870e4243922965df5c85dcc45b623,2026-08-21T12:50:07Z,,county_summary_pdf_v1,1.1.5,1,verified,https://www.lincolncountywy.gov/government/clerk/elections_voting_information/2026_primary_election_results.php,,,county_complete,candidate,Lincoln,,,JAMIE THORNOCK,JAMIE THORNOCK,,463,,wy|lincoln|wy-2026-primary|county_local_summary|077bce5883de780344b6bbee138312d0831870e4243922965df5c85dcc45b623|wy-2026-primary|county|lincoln|precinct-committeewoman-1-1|rep|candidate|JAMIE THORNOCK|Lincoln|COUNTY
wy-2026-primary,wy|lincoln|wy-2026-primary|county_local_summary,Lincoln,wy-2026-primary|county|lincoln|precinct-committeewoman-1-1|rep,REP PRECINCT COMMITTEEWOMAN 1-1,Precinct Committeewoman 1-1,county,,REP,REP,precinct,077bce5883de780344b6bbee138312d0831870e4243922965df5c85dcc45b623,2026-08-21T12:50:07Z,,county_summary_pdf_v1,1.1.5,1,verified,https://www.lincolncountywy.gov/government/clerk/elections_voting_information/2026_primary_election_results.php,,,county_complete,write_in_aggregate,Lincoln,,,,,,26,,wy|lincoln|wy-2026-primary|county_local_summary|077bce5883de780344b6bbee138312d0831870e4243922965df5c85dcc45b623|wy-2026-primary|county|lincoln|precinct-committeewoman-1-1|rep|write_in_aggregate|write_in_aggregate|Lincoln|COUNTY
wy-2026-primary,wy|lincoln|wy-2026-primary|county_local_summary,Lincoln,wy-2026-primary|county|lincoln|precinct-committeewoman-1-1|rep,REP PRECINCT COMMITTEEWOMAN 1-1,Precinct Committeewoman 1-1,county,,REP,REP,precinct,077bce5883de780344b6bbee138312d0831870e4243922965df5c85dcc45b623,2026-08-21T12:50:07Z,,county_summary_pdf_v1,1.1.5,1,verified,https://www.lincolncountywy.gov/government/clerk/elections_voting_information/2026_primary_election_results.php,,,county_complete,overvote,Lincoln,,,,,,0,,wy|lincoln|wy-2026-primary|county_local_summary|077bce5883de780344b6bbee138312d0831870e4243922965df5c85dcc45b623|wy-2026-primary|county|lincoln|precinct-committeewoman-1-1|rep|overvote|overvote|Lincoln|COUNTY
wy-2026-primary,wy|lincoln|wy-2026-primary|county_local_summary,Lincoln,wy-2026-primary|county|lincoln|precinct-committeewoman-1-1|rep,REP PRECINCT COMMITTEEWOMAN 1-1,Precinct Committeewoman 1-1,county,,REP,REP,precinct,077bce5883de780344b6bbee138312d0831870e4243922965df5c85dcc45b623,2026-08-21T12:50:07Z,,county_summary_pdf_v1,1.1.5,1,verified,https://www.lincolncountywy.gov/government/clerk/elections_voting_information/2026_primary_election_results.php,,,county_complete,undervote,Lincoln,,,,,,1647,,wy|lincoln|wy-2026-primary|county_local_summary|077bce5883de780344b6bbee138312d0831870e4243922965df5c85dcc45b623|wy-2026-primary|county|lincoln|precinct-committeewoman-1-1|rep|undervote|undervote|Lincoln|COUNTY
wy-2026-primary,wy|lincoln|wy-2026-primary|county_local_summary,Lincoln,wy-2026-primary|county|lincoln|precinct-committeeman-1-4|rep,REP PRECINCT COMMITTEEMAN 1-4,Precinct Committeeman 1-4,county,,REP,REP,precinct,077bce5883de780344b6bbee138312d0831870e4243922965df5c85dcc45b623,2026-08-21T12:50:07Z,,county_summary_pdf_v1,1.1.5,1,verified,https://www.lincolncountywy.gov/government/clerk/elections_voting_information/2026_primary_election_results.php,,,county_complete,candidate,Lincoln,,,KEN KULUSKI,KEN KULUSKI,,140,,wy|lincoln|wy-2026-primary|county_local_summary|077bce5883de780344b6bbee138312d0831870e4243922965df5c85dcc45b623|wy-2026-primary|county|lincoln|precinct-committeeman-1-4|rep|candidate|KEN KULUSKI|Lincoln|COUNTY
wy-2026-primary,wy|lincoln|wy-2026-primary|county_local_summary,Lincoln,wy-2026-primary|county|lincoln|precinct-committeeman-1-4|rep,REP PRECINCT COMMITTEEMAN 1-4,Precinct Committeeman 1-4,county,,REP,REP,precinct,077bce5883de780344b6bbee138312d0831870e4243922965df5c85dcc45b623,2026-08-21T12:50:07Z,,county_summary_pdf_v1,1.1.5,1,verified,https://www.lincolncountywy.gov/government/clerk/elections_voting_information/2026_primary_election_results.php,,,county_complete,write_in_aggregate,Lincoln,,,,,,4,,wy|lincoln|wy-2026-primary|county_local_summary|077bce5883de780344b6bbee138312d0831870e4243922965df5c85dcc45b623|wy-2026-primary|county|lincoln|precinct-committeeman-1-4|rep|write_in_aggregate|write_in_aggregate|Lincoln|COUNTY
wy-2026-primary,wy|lincoln|wy-2026-primary|county_local_summary,Lincoln,wy-2026-primary|county|lincoln|precinct-committeeman-1-4|rep,REP PRECINCT COMMITTEEMAN 1-4,Precinct Committeeman 1-4,county,,REP,REP,precinct,077bce5883de780344b6bbee138312d0831870e4243922965df5c85dcc45b623,2026-08-21T12:50:07Z,,county_summary_pdf_v1,1.1.5,1,verified,https://www.lincolncountywy.gov/government/clerk/elections_voting_information/2026_primary_election_results.php,,,county_complete,overvote,Lincoln,,,,,,0,,wy|lincoln|wy-2026-primary|county_local_summary|077bce5883de780344b6bbee138312d0831870e4243922965df5c85dcc45b623|wy-2026-primary|county|lincoln|precinct-committeeman-1-4|rep|overvote|overvote|Lincoln|COUNTY
wy-2026-primary,wy|lincoln|wy-2026-primary|county_local_summary,Lincoln,wy-2026-primary|county|lincoln|precinct-committeeman-1-4|rep,REP PRECINCT COMMITTEEMAN 1-4,Precinct Committeeman 1-4,county,,REP,REP,precinct,077bce5883de780344b6bbee138312d0831870e4243922965df5c85dcc45b623,2026-08-21T12:50:07Z,,county_summary_pdf_v1,1.1.5,1,verified,https://www.lincolncountywy.gov/government/clerk/elections_voting_information/2026_primary_election_results.php,,,county_complete,undervote,Lincoln,,,,,,29,,wy|lincoln|wy-2026-primary|county_local_summary|077bce5883de780344b6bbee138312d0831870e4243922965df5c85dcc45b623|wy-2026-primary|county|lincoln|precinct-committeeman-1-4|rep|undervote|undervote|Lincoln|COUNTY
wy-2026-primary,wy|lincoln|wy-2026-primary|county_local_summary,Lincoln,wy-2026-primary|county|lincoln|precinct-committeewoman-1-4|rep,REP PRECINCT COMMITTEEWOMAN 1-4,Precinct Committeewoman 1-4,county,,REP,REP,precinct,077bce5883de780344b6bbee138312d0831870e4243922965df5c85dcc45b623,2026-08-21T12:50:07Z,,county_summary_pdf_v1,1.1.5,1,verified,https://www.lincolncountywy.gov/government/clerk/elections_voting_information/2026_primary_election_results.php,,,county_complete,write_in_aggregate,Lincoln,,,,,,12,,wy|lincoln|wy-2026-primary|county_local_summary|077bce5883de780344b6bbee138312d0831870e4243922965df5c85dcc45b623|wy-2026-primary|county|lincoln|precinct-committeewoman-1-4|rep|write_in_aggregate|write_in_aggregate|Lincoln|COUNTY
wy-2026-primary,wy|lincoln|wy-2026-primary|county_local_summary,Lincoln,wy-2026-primary|county|lincoln|precinct-committeewoman-1-4|rep,REP PRECINCT COMMITTEEWOMAN 1-4,Precinct Committeewoman 1-4,county,,REP,REP,precinct,077bce5883de780344b6bbee138312d0831870e4243922965df5c85dcc45b623,2026-08-21T12:50:07Z,,county_summary_pdf_v1,1.1.5,1,verified,https://www.lincolncountywy.gov/government/clerk/elections_voting_information/2026_primary_election_results.php,,,county_complete,overvote,Lincoln,,,,,,0,,wy|lincoln|wy-2026-primary|county_local_summary|077bce5883de780344b6bbee138312d0831870e4243922965df5c85dcc45b623|wy-2026-primary|county|lincoln|precinct-committeewoman-1-4|rep|overvote|overvote|Lincoln|COUNTY
wy-2026-primary,wy|lincoln|wy-2026-primary|county_local_summary,Lincoln,wy-2026-primary|county|lincoln|precinct-committeewoman-1-4|rep,REP PRECINCT COMMITTEEWOMAN 1-4,Precinct Committeewoman 1-4,county,,REP,REP,precinct,077bce5883de780344b6bbee138312d0831870e4243922965df5c85dcc45b623,2026-08-21T12:50:07Z,,county_summary_pdf_v1,1.1.5,1,verified,https://www.lincolncountywy.gov/government/clerk/elections_voting_information/2026_primary_election_results.php,,,county_complete,undervote,Lincoln,,,,,,161,,wy|lincoln|wy-2026-primary|county_local_summary|077bce5883de780344b6bbee138312d0831870e4243922965df5c85dcc45b623|wy-2026-primary|county|lincoln|precinct-committeewoman-1-4|rep|undervote|undervote|Lincoln|COUNTY
wy-2026-primary,wy|lincoln|wy-2026-primary|county_local_summary,Lincoln,wy-2026-primary|county|lincoln|precinct-committeeman-1-6|rep,REP PRECINCT COMMITTEEMAN 1-6,Precinct Committeeman 1-6,county,,REP,REP,precinct,077bce5883de780344b6bbee138312d0831870e4243922965df5c85dcc45b623,2026-08-21T12:50:07Z,,county_summary_pdf_v1,1.1.5,1,verified,https://www.lincolncountywy.gov/government/clerk/elections_voting_information/2026_primary_election_results.php,,,county_complete,write_in_aggregate,Lincoln,,,,,,7,,wy|lincoln|wy-2026-primary|county_local_summary|077bce5883de780344b6bbee138312d0831870e4243922965df5c85dcc45b623|wy-2026-primary|county|lincoln|precinct-committeeman-1-6|rep|write_in_aggregate|write_in_aggregate|Lincoln|COUNTY
wy-2026-primary,wy|lincoln|wy-2026-primary|county_local_summary,Lincoln,wy-2026-primary|county|lincoln|precinct-committeeman-1-6|rep,REP PRECINCT COMMITTEEMAN 1-6,Precinct Committeeman 1-6,county,,REP,REP,precinct,077bce5883de780344b6bbee138312d0831870e4243922965df5c85dcc45b623,2026-08-21T12:50:07Z,,county_summary_pdf_v1,1.1.5,1,verified,https://www.lincolncountywy.gov/government/clerk/elections_voting_information/2026_primary_election_results.php,,,county_complete,overvote,Lincoln,,,,,,0,,wy|lincoln|wy-2026-primary|county_local_summary|077bce5883de780344b6bbee138312d0831870e4243922965df5c85dcc45b623|wy-2026-primary|county|lincoln|precinct-committeeman-1-6|rep|overvote|overvote|Lincoln|COUNTY
wy-2026-primary,wy|lincoln|wy-2026-primary|county_local_summary,Lincoln,wy-2026-primary|county|lincoln|precinct-committeeman-1-6|rep,REP PRECINCT COMMITTEEMAN 1-6,Precinct Committeeman 1-6,county,,REP,REP,precinct,077bce5883de780344b6bbee138312d0831870e4243922965df5c85dcc45b623,2026-08-21T12:50:07Z,,county_summary_pdf_v1,1.1.5,1,verified,https://www.lincolncountywy.gov/government/clerk/elections_voting_information/2026_primary_election_results.php,,,county_complete,undervote,Lincoln,,,,,,100,,wy|lincoln|wy-2026-primary|county_local_summary|077bce5883de780344b6bbee138312d0831870e4243922965df5c85dcc45b623|wy-2026-primary|county|lincoln|precinct-committeeman-1-6|rep|undervote|undervote|Lincoln|COUNTY
wy-2026-primary,wy|lincoln|wy-2026-primary|county_local_summary,Lincoln,wy-2026-primary|county|lincoln|precinct-committeewoman-1-6|rep,REP PRECINCT COMMITTEEWOMAN 1-6,Precinct Committeewoman 1-6,county,,REP,REP,precinct,077bce5883de780344b6bbee138312d0831870e4243922965df5c85dcc45b623,2026-08-21T12:50:07Z,,county_summary_pdf_v1,1.1.5,1,verified,https://www.lincolncountywy.gov/government/clerk/elections_voting_information/2026_primary_election_results.php,,,county_complete,write_in_aggregate,Lincoln,,,,,,5,,wy|lincoln|wy-2026-primary|county_local_summary|077bce5883de780344b6bbee138312d0831870e4243922965df5c85dcc45b623|wy-2026-primary|county|lincoln|precinct-committeewoman-1-6|rep|write_in_aggregate|write_in_aggregate|Lincoln|COUNTY
wy-2026-primary,wy|lincoln|wy-2026-primary|county_local_summary,Lincoln,wy-2026-primary|county|lincoln|precinct-committeewoman-1-6|rep,REP PRECINCT COMMITTEEWOMAN 1-6,Precinct Committeewoman 1-6,county,,REP,REP,precinct,077bce5883de780344b6bbee138312d0831870e4243922965df5c85dcc45b623,2026-08-21T12:50:07Z,,county_summary_pdf_v1,1.1.5,1,verified,https://www.lincolncountywy.gov/government/clerk/elections_voting_information/2026_primary_election_results.php,,,county_complete,overvote,Lincoln,,,,,,0,,wy|lincoln|wy-2026-primary|county_local_summary|077bce5883de780344b6bbee138312d0831870e4243922965df5c85dcc45b623|wy-2026-primary|county|lincoln|precinct-committeewoman-1-6|rep|overvote|overvote|Lincoln|COUNTY
wy-2026-primary,wy|lincoln|wy-2026-primary|county_local_summary,Lincoln,wy-2026-primary|county|lincoln|precinct-committeewoman-1-6|rep,REP PRECINCT COMMITTEEWOMAN 1-6,Precinct Committeewoman 1-6,county,,REP,REP,precinct,077bce5883de780344b6bbee138312d0831870e4243922965df5c85dcc45b623,2026-08-21T12:50:07Z,,county_summary_pdf_v1,1.1.5,1,verified,https://www.lincolncountywy.gov/government/clerk/elections_voting_information/2026_primary_election_results.php,,,county_complete,undervote,Lincoln,,,,,,102,,wy|lincoln|wy-2026-primary|county_local_summary|077bce5883de780344b6bbee138312d0831870e4243922965df5c85dcc45b623|wy-2026-primary|county|lincoln|precinct-committeewoman-1-6|rep|undervote|undervote|Lincoln|COUNTY
wy-2026-primary,wy|lincoln|wy-2026-primary|county_local_summary,Lincoln,wy-2026-primary|county|lincoln|precinct-committeeman-1-7|rep,REP PRECINCT COMMITTEEMAN 1-7,Precinct Committeeman 1-7,county,,REP,REP,precinct,077bce5883de780344b6bbee138312d0831870e4243922965df5c85dcc45b623,2026-08-21T12:50:07Z,,county_summary_pdf_v1,1.1.5,1,verified,https://www.lincolncountywy.gov/government/clerk/elections_voting_information/2026_primary_election_results.php,,,county_complete,write_in_aggregate,Lincoln,,,,,,3,,wy|lincoln|wy-2026-primary|county_local_summary|077bce5883de780344b6bbee138312d0831870e4243922965df5c85dcc45b623|wy-2026-primary|county|lincoln|precinct-committeeman-1-7|rep|write_in_aggregate|write_in_aggregate|Lincoln|COUNTY
wy-2026-primary,wy|lincoln|wy-2026-primary|county_local_summary,Lincoln,wy-2026-primary|county|lincoln|precinct-committeeman-1-7|rep,REP PRECINCT COMMITTEEMAN 1-7,Precinct Committeeman 1-7,county,,REP,REP,precinct,077bce5883de780344b6bbee138312d0831870e4243922965df5c85dcc45b623,2026-08-21T12:50:07Z,,county_summary_pdf_v1,1.1.5,1,verified,https://www.lincolncountywy.gov/government/clerk/elections_voting_information/2026_primary_election_results.php,,,county_complete,overvote,Lincoln,,,,,,0,,wy|lincoln|wy-2026-primary|county_local_summary|077bce5883de780344b6bbee138312d0831870e4243922965df5c85dcc45b623|wy-2026-primary|county|lincoln|precinct-committeeman-1-7|rep|overvote|overvote|Lincoln|COUNTY
wy-2026-primary,wy|lincoln|wy-2026-primary|county_local_summary,Lincoln,wy-2026-primary|county|lincoln|precinct-committeeman-1-7|rep,REP PRECINCT COMMITTEEMAN 1-7,Precinct Committeeman 1-7,county,,REP,REP,precinct,077bce5883de780344b6bbee138312d0831870e4243922965df5c85dcc45b623,2026-08-21T12:50:07Z,,county_summary_pdf_v1,1.1.5,1,verified,https://www.lincolncountywy.gov/government/clerk/elections_voting_information/2026_primary_election_results.php,,,county_complete,undervote,Lincoln,,,,,,49,,wy|lincoln|wy-2026-primary|county_local_summary|077bce5883de780344b6bbee138312d0831870e4243922965df5c85dcc45b623|wy-2026-primary|county|lincoln|precinct-committeeman-1-7|rep|undervote|undervote|Lincoln|COUNTY
wy-2026-primary,wy|lincoln|wy-2026-primary|county_local_summary,Lincoln,wy-2026-primary|county|lincoln|precinct-committeewoman-1-7|rep,REP PRECINCT COMMITTEEWOMAN 1-7,Precinct Committeewoman 1-7,county,,REP,REP,precinct,077bce5883de780344b6bbee138312d0831870e4243922965df5c85dcc45b623,2026-08-21T12:50:07Z,,county_summary_pdf_v1,1.1.5,1,verified,https://www.lincolncountywy.gov/government/clerk/elections_voting_information/2026_primary_election_results.php,,,county_complete,candidate,Lincoln,,,ELLIE BIENZ,ELLIE BIENZ,,33,,wy|lincoln|wy-2026-primary|county_local_summary|077bce5883de780344b6bbee138312d0831870e4243922965df5c85dcc45b623|wy-2026-primary|county|lincoln|precinct-committeewoman-1-7|rep|candidate|ELLIE BIENZ|Lincoln|COUNTY
wy-2026-primary,wy|lincoln|wy-2026-primary|county_local_summary,Lincoln,wy-2026-primary|county|lincoln|precinct-committeewoman-1-7|rep,REP PRECINCT COMMITTEEWOMAN 1-7,Precinct Committeewoman 1-7,county,,REP,REP,precinct,077bce5883de780344b6bbee138312d0831870e4243922965df5c85dcc45b623,2026-08-21T12:50:07Z,,county_summary_pdf_v1,1.1.5,1,verified,https://www.lincolncountywy.gov/government/clerk/elections_voting_information/2026_primary_election_results.php,,,county_complete,write_in_aggregate,Lincoln,,,,,,1,,wy|lincoln|wy-2026-primary|county_local_summary|077bce5883de780344b6bbee138312d0831870e4243922965df5c85dcc45b623|wy-2026-primary|county|lincoln|precinct-committeewoman-1-7|rep|write_in_aggregate|write_in_aggregate|Lincoln|COUNTY
wy-2026-primary,wy|lincoln|wy-2026-primary|county_local_summary,Lincoln,wy-2026-primary|county|lincoln|precinct-committeewoman-1-7|rep,REP PRECINCT COMMITTEEWOMAN 1-7,Precinct Committeewoman 1-7,county,,REP,REP,precinct,077bce5883de780344b6bbee138312d0831870e4243922965df5c85dcc45b623,2026-08-21T12:50:07Z,,county_summary_pdf_v1,1.1.5,1,verified,https://www.lincolncountywy.gov/government/clerk/elections_voting_information/2026_primary_election_results.php,,,county_complete,overvote,Lincoln,,,,,,1,,wy|lincoln|wy-2026-primary|county_local_summary|077bce5883de780344b6bbee138312d0831870e4243922965df5c85dcc45b623|wy-2026-primary|county|lincoln|precinct-committeewoman-1-7|rep|overvote|overvote|Lincoln|COUNTY
wy-2026-primary,wy|lincoln|wy-2026-primary|county_local_summary,Lincoln,wy-2026-primary|county|lincoln|precinct-committeewoman-1-7|rep,REP PRECINCT COMMITTEEWOMAN 1-7,Precinct Committeewoman 1-7,county,,REP,REP,precinct,077bce5883de780344b6bbee138312d0831870e4243922965df5c85dcc45b623,2026-08-21T12:50:07Z,,county_summary_pdf_v1,1.1.5,1,verified,https://www.lincolncountywy.gov/government/clerk/elections_voting_information/2026_primary_election_results.php,,,county_complete,undervote,Lincoln,,,,,,17,,wy|lincoln|wy-2026-primary|county_local_summary|077bce5883de780344b6bbee138312d0831870e4243922965df5c85dcc45b623|wy-2026-primary|county|lincoln|precinct-committeewoman-1-7|rep|undervote|undervote|Lincoln|COUNTY
wy-2026-primary,wy|lincoln|wy-2026-primary|county_local_summary,Lincoln,wy-2026-primary|county|lincoln|precinct-committeeman-1-8|rep,REP PRECINCT COMMITTEEMAN 1-8,Precinct Committeeman 1-8,county,,REP,REP,precinct,077bce5883de780344b6bbee138312d0831870e4243922965df5c85dcc45b623,2026-08-21T12:50:07Z,,county_summary_pdf_v1,1.1.5,1,verified,https://www.lincolncountywy.gov/government/clerk/elections_voting_information/2026_primary_election_results.php,,,county_complete,candidate,Lincoln,,,RICK MARQUARDT,RICK MARQUARDT,,149,,wy|lincoln|wy-2026-primary|county_local_summary|077bce5883de780344b6bbee138312d0831870e4243922965df5c85dcc45b623|wy-2026-primary|county|lincoln|precinct-committeeman-1-8|rep|candidate|RICK MARQUARDT|Lincoln|COUNTY
wy-2026-primary,wy|lincoln|wy-2026-primary|county_local_summary,Lincoln,wy-2026-primary|county|lincoln|precinct-committeeman-1-8|rep,REP PRECINCT COMMITTEEMAN 1-8,Precinct Committeeman 1-8,county,,REP,REP,precinct,077bce5883de780344b6bbee138312d0831870e4243922965df5c85dcc45b623,2026-08-21T12:50:07Z,,county_summary_pdf_v1,1.1.5,1,verified,https://www.lincolncountywy.gov/government/clerk/elections_voting_information/2026_primary_election_results.php,,,county_complete,write_in_aggregate,Lincoln,,,,,,6,,wy|lincoln|wy-2026-primary|county_local_summary|077bce5883de780344b6bbee138312d0831870e4243922965df5c85dcc45b623|wy-2026-primary|county|lincoln|precinct-committeeman-1-8|rep|write_in_aggregate|write_in_aggregate|Lincoln|COUNTY
wy-2026-primary,wy|lincoln|wy-2026-primary|county_local_summary,Lincoln,wy-2026-primary|county|lincoln|precinct-committeeman-1-8|rep,REP PRECINCT COMMITTEEMAN 1-8,Precinct Committeeman 1-8,county,,REP,REP,precinct,077bce5883de780344b6bbee138312d0831870e4243922965df5c85dcc45b623,2026-08-21T12:50:07Z,,county_summary_pdf_v1,1.1.5,1,verified,https://www.lincolncountywy.gov/government/clerk/elections_voting_information/2026_primary_election_results.php,,,county_complete,overvote,Lincoln,,,,,,1,,wy|lincoln|wy-2026-primary|county_local_summary|077bce5883de780344b6bbee138312d0831870e4243922965df5c85dcc45b623|wy-2026-primary|county|lincoln|precinct-committeeman-1-8|rep|overvote|overvote|Lincoln|COUNTY
wy-2026-primary,wy|lincoln|wy-2026-primary|county_local_summary,Lincoln,wy-2026-primary|county|lincoln|precinct-committeeman-1-8|rep,REP PRECINCT COMMITTEEMAN 1-8,Precinct Committeeman 1-8,county,,REP,REP,precinct,077bce5883de780344b6bbee138312d0831870e4243922965df5c85dcc45b623,2026-08-21T12:50:07Z,,county_summary_pdf_v1,1.1.5,1,verified,https://www.lincolncountywy.gov/government/clerk/elections_voting_information/2026_primary_election_results.php,,,county_complete,undervote,Lincoln,,,,,,42,,wy|lincoln|wy-2026-primary|county_local_summary|077bce5883de780344b6bbee138312d0831870e4243922965df5c85dcc45b623|wy-2026-primary|county|lincoln|precinct-committeeman-1-8|rep|undervote|undervote|Lincoln|COUNTY
wy-2026-primary,wy|lincoln|wy-2026-primary|county_local_summary,Lincoln,wy-2026-primary|county|lincoln|precinct-committeewoman-1-8|rep,REP PRECINCT COMMITTEEWOMAN 1-8,Precinct Committeewoman 1-8,county,,REP,REP,precinct,077bce5883de780344b6bbee138312d0831870e4243922965df5c85dcc45b623,2026-08-21T12:50:07Z,,county_summary_pdf_v1,1.1.5,1,verified,https://www.lincolncountywy.gov/government/clerk/elections_voting_information/2026_primary_election_results.php,,,county_complete,candidate,Lincoln,,,DAWN MARQUARDT,DAWN MARQUARDT,,139,,wy|lincoln|wy-2026-primary|county_local_summary|077bce5883de780344b6bbee138312d0831870e4243922965df5c85dcc45b623|wy-2026-primary|county|lincoln|precinct-committeewoman-1-8|rep|candidate|DAWN MARQUARDT|Lincoln|COUNTY
wy-2026-primary,wy|lincoln|wy-2026-primary|county_local_summary,Lincoln,wy-2026-primary|county|lincoln|precinct-committeewoman-1-8|rep,REP PRECINCT COMMITTEEWOMAN 1-8,Precinct Committeewoman 1-8,county,,REP,REP,precinct,077bce5883de780344b6bbee138312d0831870e4243922965df5c85dcc45b623,2026-08-21T12:50:07Z,,county_summary_pdf_v1,1.1.5,1,verified,https://www.lincolncountywy.gov/government/clerk/elections_voting_information/2026_primary_election_results.php,,,county_complete,write_in_aggregate,Lincoln,,,,,,8,,wy|lincoln|wy-2026-primary|county_local_summary|077bce5883de780344b6bbee138312d0831870e4243922965df5c85dcc45b623|wy-2026-primary|county|lincoln|precinct-committeewoman-1-8|rep|write_in_aggregate|write_in_aggregate|Lincoln|COUNTY
wy-2026-primary,wy|lincoln|wy-2026-primary|county_local_summary,Lincoln,wy-2026-primary|county|lincoln|precinct-committeewoman-1-8|rep,REP PRECINCT COMMITTEEWOMAN 1-8,Precinct Committeewoman 1-8,county,,REP,REP,precinct,077bce5883de780344b6bbee138312d0831870e4243922965df5c85dcc45b623,2026-08-21T12:50:07Z,,county_summary_pdf_v1,1.1.5,1,verified,https://www.lincolncountywy.gov/government/clerk/elections_voting_information/2026_primary_election_results.php,,,county_complete,overvote,Lincoln,,,,,,0,,wy|lincoln|wy-2026-primary|county_local_summary|077bce5883de780344b6bbee138312d0831870e4243922965df5c85dcc45b623|wy-2026-primary|county|lincoln|precinct-committeewoman-1-8|rep|overvote|overvote|Lincoln|COUNTY
wy-2026-primary,wy|lincoln|wy-2026-primary|county_local_summary,Lincoln,wy-2026-primary|county|lincoln|precinct-committeewoman-1-8|rep,REP PRECINCT COMMITTEEWOMAN 1-8,Precinct Committeewoman 1-8,county,,REP,REP,precinct,077bce5883de780344b6bbee138312d0831870e4243922965df5c85dcc45b623,2026-08-21T12:50:07Z,,county_summary_pdf_v1,1.1.5,1,verified,https://www.lincolncountywy.gov/government/clerk/elections_voting_information/2026_primary_election_results.php,,,county_complete,undervote,Lincoln,,,,,,51,,wy|lincoln|wy-2026-primary|county_local_summary|077bce5883de780344b6bbee138312d0831870e4243922965df5c85dcc45b623|wy-2026-primary|county|lincoln|precinct-committeewoman-1-8|rep|undervote|undervote|Lincoln|COUNTY
wy-2026-primary,wy|lincoln|wy-2026-primary|county_local_summary,Lincoln,wy-2026-primary|county|lincoln|precinct-committeeman-2-1|rep,REP PRECINCT COMMITTEEMAN 2-1,Precinct Committeeman 2-1,county,,REP,REP,precinct,077bce5883de780344b6bbee138312d0831870e4243922965df5c85dcc45b623,2026-08-21T12:50:07Z,,county_summary_pdf_v1,1.1.5,1,verified,https://www.lincolncountywy.gov/government/clerk/elections_voting_information/2026_primary_election_results.php,,,county_complete,candidate,Lincoln,,,BROCK BROWN,BROCK BROWN,,323,,wy|lincoln|wy-2026-primary|county_local_summary|077bce5883de780344b6bbee138312d0831870e4243922965df5c85dcc45b623|wy-2026-primary|county|lincoln|precinct-committeeman-2-1|rep|candidate|BROCK BROWN|Lincoln|COUNTY
wy-2026-primary,wy|lincoln|wy-2026-primary|county_local_summary,Lincoln,wy-2026-primary|county|lincoln|precinct-committeeman-2-1|rep,REP PRECINCT COMMITTEEMAN 2-1,Precinct Committeeman 2-1,county,,REP,REP,precinct,077bce5883de780344b6bbee138312d0831870e4243922965df5c85dcc45b623,2026-08-21T12:50:07Z,,county_summary_pdf_v1,1.1.5,1,verified,https://www.lincolncountywy.gov/government/clerk/elections_voting_information/2026_primary_election_results.php,,,county_complete,candidate,Lincoln,,,JOHN ERICKSON,JOHN ERICKSON,,306,,wy|lincoln|wy-2026-primary|county_local_summary|077bce5883de780344b6bbee138312d0831870e4243922965df5c85dcc45b623|wy-2026-primary|county|lincoln|precinct-committeeman-2-1|rep|candidate|JOHN ERICKSON|Lincoln|COUNTY
wy-2026-primary,wy|lincoln|wy-2026-primary|county_local_summary,Lincoln,wy-2026-primary|county|lincoln|precinct-committeeman-2-1|rep,REP PRECINCT COMMITTEEMAN 2-1,Precinct Committeeman 2-1,county,,REP,REP,precinct,077bce5883de780344b6bbee138312d0831870e4243922965df5c85dcc45b623,2026-08-21T12:50:07Z,,county_summary_pdf_v1,1.1.5,1,verified,https://www.lincolncountywy.gov/government/clerk/elections_voting_information/2026_primary_election_results.php,,,county_complete,candidate,Lincoln,,,JASON NIELSEN,JASON NIELSEN,,306,,wy|lincoln|wy-2026-primary|county_local_summary|077bce5883de780344b6bbee138312d0831870e4243922965df5c85dcc45b623|wy-2026-primary|county|lincoln|precinct-committeeman-2-1|rep|candidate|JASON NIELSEN|Lincoln|COUNTY
wy-2026-primary,wy|lincoln|wy-2026-primary|county_local_summary,Lincoln,wy-2026-primary|county|lincoln|precinct-committeeman-2-1|rep,REP PRECINCT COMMITTEEMAN 2-1,Precinct Committeeman 2-1,county,,REP,REP,precinct,077bce5883de780344b6bbee138312d0831870e4243922965df5c85dcc45b623,2026-08-21T12:50:07Z,,county_summary_pdf_v1,1.1.5,1,verified,https://www.lincolncountywy.gov/government/clerk/elections_voting_information/2026_primary_election_results.php,,,county_complete,candidate,Lincoln,,,LANCE OVIATT,LANCE OVIATT,,355,,wy|lincoln|wy-2026-primary|county_local_summary|077bce5883de780344b6bbee138312d0831870e4243922965df5c85dcc45b623|wy-2026-primary|county|lincoln|precinct-committeeman-2-1|rep|candidate|LANCE OVIATT|Lincoln|COUNTY
wy-2026-primary,wy|lincoln|wy-2026-primary|county_local_summary,Lincoln,wy-2026-primary|county|lincoln|precinct-committeeman-2-1|rep,REP PRECINCT COMMITTEEMAN 2-1,Precinct Committeeman 2-1,county,,REP,REP,precinct,077bce5883de780344b6bbee138312d0831870e4243922965df5c85dcc45b623,2026-08-21T12:50:07Z,,county_summary_pdf_v1,1.1.5,1,verified,https://www.lincolncountywy.gov/government/clerk/elections_voting_information/2026_primary_election_results.php,,,county_complete,write_in_aggregate,Lincoln,,,,,,8,,wy|lincoln|wy-2026-primary|county_local_summary|077bce5883de780344b6bbee138312d0831870e4243922965df5c85dcc45b623|wy-2026-primary|county|lincoln|precinct-committeeman-2-1|rep|write_in_aggregate|write_in_aggregate|Lincoln|COUNTY
wy-2026-primary,wy|lincoln|wy-2026-primary|county_local_summary,Lincoln,wy-2026-primary|county|lincoln|precinct-committeeman-2-1|rep,REP PRECINCT COMMITTEEMAN 2-1,Precinct Committeeman 2-1,county,,REP,REP,precinct,077bce5883de780344b6bbee138312d0831870e4243922965df5c85dcc45b623,2026-08-21T12:50:07Z,,county_summary_pdf_v1,1.1.5,1,verified,https://www.lincolncountywy.gov/government/clerk/elections_voting_information/2026_primary_election_results.php,,,county_complete,overvote,Lincoln,,,,,,0,,wy|lincoln|wy-2026-primary|county_local_summary|077bce5883de780344b6bbee138312d0831870e4243922965df5c85dcc45b623|wy-2026-primary|county|lincoln|precinct-committeeman-2-1|rep|overvote|overvote|Lincoln|COUNTY
wy-2026-primary,wy|lincoln|wy-2026-primary|county_local_summary,Lincoln,wy-2026-primary|county|lincoln|precinct-committeeman-2-1|rep,REP PRECINCT COMMITTEEMAN 2-1,Precinct Committeeman 2-1,county,,REP,REP,precinct,077bce5883de780344b6bbee138312d0831870e4243922965df5c85dcc45b623,2026-08-21T12:50:07Z,,county_summary_pdf_v1,1.1.5,1,verified,https://www.lincolncountywy.gov/government/clerk/elections_voting_information/2026_primary_election_results.php,,,county_complete,undervote,Lincoln,,,,,,1014,,wy|lincoln|wy-2026-primary|county_local_summary|077bce5883de780344b6bbee138312d0831870e4243922965df5c85dcc45b623|wy-2026-primary|county|lincoln|precinct-committeeman-2-1|rep|undervote|undervote|Lincoln|COUNTY
wy-2026-primary,wy|lincoln|wy-2026-primary|county_local_summary,Lincoln,wy-2026-primary|county|lincoln|precinct-committeewoman-2-1|rep,REP PRECINCT COMMITTEEWOMAN 2-1,Precinct Committeewoman 2-1,county,,REP,REP,precinct,077bce5883de780344b6bbee138312d0831870e4243922965df5c85dcc45b623,2026-08-21T12:50:07Z,,county_summary_pdf_v1,1.1.5,1,verified,https://www.lincolncountywy.gov/government/clerk/elections_voting_information/2026_primary_election_results.php,,,county_complete,candidate,Lincoln,,,MARION IZATT,MARION IZATT,,337,,wy|lincoln|wy-2026-primary|county_local_summary|077bce5883de780344b6bbee138312d0831870e4243922965df5c85dcc45b623|wy-2026-primary|county|lincoln|precinct-committeewoman-2-1|rep|candidate|MARION IZATT|Lincoln|COUNTY
wy-2026-primary,wy|lincoln|wy-2026-primary|county_local_summary,Lincoln,wy-2026-primary|county|lincoln|precinct-committeewoman-2-1|rep,REP PRECINCT COMMITTEEWOMAN 2-1,Precinct Committeewoman 2-1,county,,REP,REP,precinct,077bce5883de780344b6bbee138312d0831870e4243922965df5c85dcc45b623,2026-08-21T12:50:07Z,,county_summary_pdf_v1,1.1.5,1,verified,https://www.lincolncountywy.gov/government/clerk/elections_voting_information/2026_primary_election_results.php,,,county_complete,candidate,Lincoln,,,VICKY LITTLE,VICKY LITTLE,,251,,wy|lincoln|wy-2026-primary|county_local_summary|077bce5883de780344b6bbee138312d0831870e4243922965df5c85dcc45b623|wy-2026-primary|county|lincoln|precinct-committeewoman-2-1|rep|candidate|VICKY LITTLE|Lincoln|COUNTY
wy-2026-primary,wy|lincoln|wy-2026-primary|county_local_summary,Lincoln,wy-2026-primary|county|lincoln|precinct-committeewoman-2-1|rep,REP PRECINCT COMMITTEEWOMAN 2-1,Precinct Committeewoman 2-1,county,,REP,REP,precinct,077bce5883de780344b6bbee138312d0831870e4243922965df5c85dcc45b623,2026-08-21T12:50:07Z,,county_summary_pdf_v1,1.1.5,1,verified,https://www.lincolncountywy.gov/government/clerk/elections_voting_information/2026_primary_election_results.php,,,county_complete,candidate,Lincoln,,,MARGARET TUELLER,MARGARET TUELLER,,352,,wy|lincoln|wy-2026-primary|county_local_summary|077bce5883de780344b6bbee138312d0831870e4243922965df5c85dcc45b623|wy-2026-primary|county|lincoln|precinct-committeewoman-2-1|rep|candidate|MARGARET TUELLER|Lincoln|COUNTY
wy-2026-primary,wy|lincoln|wy-2026-primary|county_local_summary,Lincoln,wy-2026-primary|county|lincoln|precinct-committeewoman-2-1|rep,REP PRECINCT COMMITTEEWOMAN 2-1,Precinct Committeewoman 2-1,county,,REP,REP,precinct,077bce5883de780344b6bbee138312d0831870e4243922965df5c85dcc45b623,2026-08-21T12:50:07Z,,county_summary_pdf_v1,1.1.5,1,verified,https://www.lincolncountywy.gov/government/clerk/elections_voting_information/2026_primary_election_results.php,,,county_complete,write_in_aggregate,Lincoln,,,,,,23,,wy|lincoln|wy-2026-primary|county_local_summary|077bce5883de780344b6bbee138312d0831870e4243922965df5c85dcc45b623|wy-2026-primary|county|lincoln|precinct-committeewoman-2-1|rep|write_in_aggregate|write_in_aggregate|Lincoln|COUNTY
wy-2026-primary,wy|lincoln|wy-2026-primary|county_local_summary,Lincoln,wy-2026-primary|county|lincoln|precinct-committeewoman-2-1|rep,REP PRECINCT COMMITTEEWOMAN 2-1,Precinct Committeewoman 2-1,county,,REP,REP,precinct,077bce5883de780344b6bbee138312d0831870e4243922965df5c85dcc45b623,2026-08-21T12:50:07Z,,county_summary_pdf_v1,1.1.5,1,verified,https://www.lincolncountywy.gov/government/clerk/elections_voting_information/2026_primary_election_results.php,,,county_complete,overvote,Lincoln,,,,,,0,,wy|lincoln|wy-2026-primary|county_local_summary|077bce5883de780344b6bbee138312d0831870e4243922965df5c85dcc45b623|wy-2026-primary|county|lincoln|precinct-committeewoman-2-1|rep|overvote|overvote|Lincoln|COUNTY
wy-2026-primary,wy|lincoln|wy-2026-primary|county_local_summary,Lincoln,wy-2026-primary|county|lincoln|precinct-committeewoman-2-1|rep,REP PRECINCT COMMITTEEWOMAN 2-1,Precinct Committeewoman 2-1,county,,REP,REP,precinct,077bce5883de780344b6bbee138312d0831870e4243922965df5c85dcc45b623,2026-08-21T12:50:07Z,,county_summary_pdf_v1,1.1.5,1,verified,https://www.lincolncountywy.gov/government/clerk/elections_voting_information/2026_primary_election_results.php,,,county_complete,undervote,Lincoln,,,,,,1349,,wy|lincoln|wy-2026-primary|county_local_summary|077bce5883de780344b6bbee138312d0831870e4243922965df5c85dcc45b623|wy-2026-primary|county|lincoln|precinct-committeewoman-2-1|rep|undervote|undervote|Lincoln|COUNTY
wy-2026-primary,wy|lincoln|wy-2026-primary|county_local_summary,Lincoln,wy-2026-primary|county|lincoln|precinct-committeeman-2-2|rep,REP PRECINCT COMMITTEEMAN 2-2,Precinct Committeeman 2-2,county,,REP,REP,precinct,077bce5883de780344b6bbee138312d0831870e4243922965df5c85dcc45b623,2026-08-21T12:50:07Z,,county_summary_pdf_v1,1.1.5,1,verified,https://www.lincolncountywy.gov/government/clerk/elections_voting_information/2026_primary_election_results.php,,,county_complete,candidate,Lincoln,,,EVAN J SIMPSON,EVAN J SIMPSON,,184,,wy|lincoln|wy-2026-primary|county_local_summary|077bce5883de780344b6bbee138312d0831870e4243922965df5c85dcc45b623|wy-2026-primary|county|lincoln|precinct-committeeman-2-2|rep|candidate|EVAN J SIMPSON|Lincoln|COUNTY
wy-2026-primary,wy|lincoln|wy-2026-primary|county_local_summary,Lincoln,wy-2026-primary|county|lincoln|precinct-committeeman-2-2|rep,REP PRECINCT COMMITTEEMAN 2-2,Precinct Committeeman 2-2,county,,REP,REP,precinct,077bce5883de780344b6bbee138312d0831870e4243922965df5c85dcc45b623,2026-08-21T12:50:07Z,,county_summary_pdf_v1,1.1.5,1,verified,https://www.lincolncountywy.gov/government/clerk/elections_voting_information/2026_primary_election_results.php,,,county_complete,write_in_aggregate,Lincoln,,,,,,0,,wy|lincoln|wy-2026-primary|county_local_summary|077bce5883de780344b6bbee138312d0831870e4243922965df5c85dcc45b623|wy-2026-primary|county|lincoln|precinct-committeeman-2-2|rep|write_in_aggregate|write_in_aggregate|Lincoln|COUNTY
wy-2026-primary,wy|lincoln|wy-2026-primary|county_local_summary,Lincoln,wy-2026-primary|county|lincoln|precinct-committeeman-2-2|rep,REP PRECINCT COMMITTEEMAN 2-2,Precinct Committeeman 2-2,county,,REP,REP,precinct,077bce5883de780344b6bbee138312d0831870e4243922965df5c85dcc45b623,2026-08-21T12:50:07Z,,county_summary_pdf_v1,1.1.5,1,verified,https://www.lincolncountywy.gov/government/clerk/elections_voting_information/2026_primary_election_results.php,,,county_complete,overvote,Lincoln,,,,,,0,,wy|lincoln|wy-2026-primary|county_local_summary|077bce5883de780344b6bbee138312d0831870e4243922965df5c85dcc45b623|wy-2026-primary|county|lincoln|precinct-committeeman-2-2|rep|overvote|overvote|Lincoln|COUNTY
wy-2026-primary,wy|lincoln|wy-2026-primary|county_local_summary,Lincoln,wy-2026-primary|county|lincoln|precinct-committeeman-2-2|rep,REP PRECINCT COMMITTEEMAN 2-2,Precinct Committeeman 2-2,county,,REP,REP,precinct,077bce5883de780344b6bbee138312d0831870e4243922965df5c85dcc45b623,2026-08-21T12:50:07Z,,county_summary_pdf_v1,1.1.5,1,verified,https://www.lincolncountywy.gov/government/clerk/elections_voting_information/2026_primary_election_results.php,,,county_complete,undervote,Lincoln,,,,,,22,,wy|lincoln|wy-2026-primary|county_local_summary|077bce5883de780344b6bbee138312d0831870e4243922965df5c85dcc45b623|wy-2026-primary|county|lincoln|precinct-committeeman-2-2|rep|undervote|undervote|Lincoln|COUNTY
wy-2026-primary,wy|lincoln|wy-2026-primary|county_local_summary,Lincoln,wy-2026-primary|county|lincoln|precinct-committeewoman-2-2|rep,REP PRECINCT COMMITTEEWOMAN 2-2,Precinct Committeewoman 2-2,county,,REP,REP,precinct,077bce5883de780344b6bbee138312d0831870e4243922965df5c85dcc45b623,2026-08-21T12:50:07Z,,county_summary_pdf_v1,1.1.5,1,verified,https://www.lincolncountywy.gov/government/clerk/elections_voting_information/2026_primary_election_results.php,,,county_complete,candidate,Lincoln,,,BEV SIMPSON,BEV SIMPSON,,183,,wy|lincoln|wy-2026-primary|county_local_summary|077bce5883de780344b6bbee138312d0831870e4243922965df5c85dcc45b623|wy-2026-primary|county|lincoln|precinct-committeewoman-2-2|rep|candidate|BEV SIMPSON|Lincoln|COUNTY
wy-2026-primary,wy|lincoln|wy-2026-primary|county_local_summary,Lincoln,wy-2026-primary|county|lincoln|precinct-committeewoman-2-2|rep,REP PRECINCT COMMITTEEWOMAN 2-2,Precinct Committeewoman 2-2,county,,REP,REP,precinct,077bce5883de780344b6bbee138312d0831870e4243922965df5c85dcc45b623,2026-08-21T12:50:07Z,,county_summary_pdf_v1,1.1.5,1,verified,https://www.lincolncountywy.gov/government/clerk/elections_voting_information/2026_primary_election_results.php,,,county_complete,write_in_aggregate,Lincoln,,,,,,0,,wy|lincoln|wy-2026-primary|county_local_summary|077bce5883de780344b6bbee138312d0831870e4243922965df5c85dcc45b623|wy-2026-primary|county|lincoln|precinct-committeewoman-2-2|rep|write_in_aggregate|write_in_aggregate|Lincoln|COUNTY
wy-2026-primary,wy|lincoln|wy-2026-primary|county_local_summary,Lincoln,wy-2026-primary|county|lincoln|precinct-committeewoman-2-2|rep,REP PRECINCT COMMITTEEWOMAN 2-2,Precinct Committeewoman 2-2,county,,REP,REP,precinct,077bce5883de780344b6bbee138312d0831870e4243922965df5c85dcc45b623,2026-08-21T12:50:07Z,,county_summary_pdf_v1,1.1.5,1,verified,https://www.lincolncountywy.gov/government/clerk/elections_voting_information/2026_primary_election_results.php,,,county_complete,overvote,Lincoln,,,,,,0,,wy|lincoln|wy-2026-primary|county_local_summary|077bce5883de780344b6bbee138312d0831870e4243922965df5c85dcc45b623|wy-2026-primary|county|lincoln|precinct-committeewoman-2-2|rep|overvote|overvote|Lincoln|COUNTY
wy-2026-primary,wy|lincoln|wy-2026-primary|county_local_summary,Lincoln,wy-2026-primary|county|lincoln|precinct-committeewoman-2-2|rep,REP PRECINCT COMMITTEEWOMAN 2-2,Precinct Committeewoman 2-2,county,,REP,REP,precinct,077bce5883de780344b6bbee138312d0831870e4243922965df5c85dcc45b623,2026-08-21T12:50:07Z,,county_summary_pdf_v1,1.1.5,1,verified,https://www.lincolncountywy.gov/government/clerk/elections_voting_information/2026_primary_election_results.php,,,county_complete,undervote,Lincoln,,,,,,23,,wy|lincoln|wy-2026-primary|county_local_summary|077bce5883de780344b6bbee138312d0831870e4243922965df5c85dcc45b623|wy-2026-primary|county|lincoln|precinct-committeewoman-2-2|rep|undervote|undervote|Lincoln|COUNTY
wy-2026-primary,wy|lincoln|wy-2026-primary|county_local_summary,Lincoln,wy-2026-primary|county|lincoln|precinct-committeeman-2-3|rep,REP PRECINCT COMMITTEEMAN 2-3,Precinct Committeeman 2-3,county,,REP,REP,precinct,077bce5883de780344b6bbee138312d0831870e4243922965df5c85dcc45b623,2026-08-21T12:50:07Z,,county_summary_pdf_v1,1.1.5,1,verified,https://www.lincolncountywy.gov/government/clerk/elections_voting_information/2026_primary_election_results.php,,,county_complete,write_in_aggregate,Lincoln,,,,,,30,,wy|lincoln|wy-2026-primary|county_local_summary|077bce5883de780344b6bbee138312d0831870e4243922965df5c85dcc45b623|wy-2026-primary|county|lincoln|precinct-committeeman-2-3|rep|write_in_aggregate|write_in_aggregate|Lincoln|COUNTY
wy-2026-primary,wy|lincoln|wy-2026-primary|county_local_summary,Lincoln,wy-2026-primary|county|lincoln|precinct-committeeman-2-3|rep,REP PRECINCT COMMITTEEMAN 2-3,Precinct Committeeman 2-3,county,,REP,REP,precinct,077bce5883de780344b6bbee138312d0831870e4243922965df5c85dcc45b623,2026-08-21T12:50:07Z,,county_summary_pdf_v1,1.1.5,1,verified,https://www.lincolncountywy.gov/government/clerk/elections_voting_information/2026_primary_election_results.php,,,county_complete,overvote,Lincoln,,,,,,0,,wy|lincoln|wy-2026-primary|county_local_summary|077bce5883de780344b6bbee138312d0831870e4243922965df5c85dcc45b623|wy-2026-primary|county|lincoln|precinct-committeeman-2-3|rep|overvote|overvote|Lincoln|COUNTY
wy-2026-primary,wy|lincoln|wy-2026-primary|county_local_summary,Lincoln,wy-2026-primary|county|lincoln|precinct-committeeman-2-3|rep,REP PRECINCT COMMITTEEMAN 2-3,Precinct Committeeman 2-3,county,,REP,REP,precinct,077bce5883de780344b6bbee138312d0831870e4243922965df5c85dcc45b623,2026-08-21T12:50:07Z,,county_summary_pdf_v1,1.1.5,1,verified,https://www.lincolncountywy.gov/government/clerk/elections_voting_information/2026_primary_election_results.php,,,county_complete,undervote,Lincoln,,,,,,1215,,wy|lincoln|wy-2026-primary|county_local_summary|077bce5883de780344b6bbee138312d0831870e4243922965df5c85dcc45b623|wy-2026-primary|county|lincoln|precinct-committeeman-2-3|rep|undervote|undervote|Lincoln|COUNTY
wy-2026-primary,wy|lincoln|wy-2026-primary|county_local_summary,Lincoln,wy-2026-primary|county|lincoln|precinct-committeewoman-2-3|rep,REP PRECINCT COMMITTEEWOMAN 2-3,Precinct Committeewoman 2-3,county,,REP,REP,precinct,077bce5883de780344b6bbee138312d0831870e4243922965df5c85dcc45b623,2026-08-21T12:50:07Z,,county_summary_pdf_v1,1.1.5,1,verified,https://www.lincolncountywy.gov/government/clerk/elections_voting_information/2026_primary_election_results.php,,,county_complete,write_in_aggregate,Lincoln,,,,,,15,,wy|lincoln|wy-2026-primary|county_local_summary|077bce5883de780344b6bbee138312d0831870e4243922965df5c85dcc45b623|wy-2026-primary|county|lincoln|precinct-committeewoman-2-3|rep|write_in_aggregate|write_in_aggregate|Lincoln|COUNTY
wy-2026-primary,wy|lincoln|wy-2026-primary|county_local_summary,Lincoln,wy-2026-primary|county|lincoln|precinct-committeewoman-2-3|rep,REP PRECINCT COMMITTEEWOMAN 2-3,Precinct Committeewoman 2-3,county,,REP,REP,precinct,077bce5883de780344b6bbee138312d0831870e4243922965df5c85dcc45b623,2026-08-21T12:50:07Z,,county_summary_pdf_v1,1.1.5,1,verified,https://www.lincolncountywy.gov/government/clerk/elections_voting_information/2026_primary_election_results.php,,,county_complete,overvote,Lincoln,,,,,,0,,wy|lincoln|wy-2026-primary|county_local_summary|077bce5883de780344b6bbee138312d0831870e4243922965df5c85dcc45b623|wy-2026-primary|county|lincoln|precinct-committeewoman-2-3|rep|overvote|overvote|Lincoln|COUNTY
wy-2026-primary,wy|lincoln|wy-2026-primary|county_local_summary,Lincoln,wy-2026-primary|county|lincoln|precinct-committeewoman-2-3|rep,REP PRECINCT COMMITTEEWOMAN 2-3,Precinct Committeewoman 2-3,county,,REP,REP,precinct,077bce5883de780344b6bbee138312d0831870e4243922965df5c85dcc45b623,2026-08-21T12:50:07Z,,county_summary_pdf_v1,1.1.5,1,verified,https://www.lincolncountywy.gov/government/clerk/elections_voting_information/2026_primary_election_results.php,,,county_complete,undervote,Lincoln,,,,,,1230,,wy|lincoln|wy-2026-primary|county_local_summary|077bce5883de780344b6bbee138312d0831870e4243922965df5c85dcc45b623|wy-2026-primary|county|lincoln|precinct-committeewoman-2-3|rep|undervote|undervote|Lincoln|COUNTY
wy-2026-primary,wy|lincoln|wy-2026-primary|county_local_summary,Lincoln,wy-2026-primary|county|lincoln|precinct-committeeman-2-4|rep,REP PRECINCT COMMITTEEMAN 2-4,Precinct Committeeman 2-4,county,,REP,REP,precinct,077bce5883de780344b6bbee138312d0831870e4243922965df5c85dcc45b623,2026-08-21T12:50:07Z,,county_summary_pdf_v1,1.1.5,1,verified,https://www.lincolncountywy.gov/government/clerk/elections_voting_information/2026_primary_election_results.php,,,county_complete,candidate,Lincoln,,,ANTHONY CAZIER,ANTHONY CAZIER,,206,,wy|lincoln|wy-2026-primary|county_local_summary|077bce5883de780344b6bbee138312d0831870e4243922965df5c85dcc45b623|wy-2026-primary|county|lincoln|precinct-committeeman-2-4|rep|candidate|ANTHONY CAZIER|Lincoln|COUNTY
wy-2026-primary,wy|lincoln|wy-2026-primary|county_local_summary,Lincoln,wy-2026-primary|county|lincoln|precinct-committeeman-2-4|rep,REP PRECINCT COMMITTEEMAN 2-4,Precinct Committeeman 2-4,county,,REP,REP,precinct,077bce5883de780344b6bbee138312d0831870e4243922965df5c85dcc45b623,2026-08-21T12:50:07Z,,county_summary_pdf_v1,1.1.5,1,verified,https://www.lincolncountywy.gov/government/clerk/elections_voting_information/2026_primary_election_results.php,,,county_complete,candidate,Lincoln,,,M SHANE JOHNSON,M SHANE JOHNSON,,187,,wy|lincoln|wy-2026-primary|county_local_summary|077bce5883de780344b6bbee138312d0831870e4243922965df5c85dcc45b623|wy-2026-primary|county|lincoln|precinct-committeeman-2-4|rep|candidate|M SHANE JOHNSON|Lincoln|COUNTY
wy-2026-primary,wy|lincoln|wy-2026-primary|county_local_summary,Lincoln,wy-2026-primary|county|lincoln|precinct-committeeman-2-4|rep,REP PRECINCT COMMITTEEMAN 2-4,Precinct Committeeman 2-4,county,,REP,REP,precinct,077bce5883de780344b6bbee138312d0831870e4243922965df5c85dcc45b623,2026-08-21T12:50:07Z,,county_summary_pdf_v1,1.1.5,1,verified,https://www.lincolncountywy.gov/government/clerk/elections_voting_information/2026_primary_election_results.php,,,county_complete,write_in_aggregate,Lincoln,,,,,,4,,wy|lincoln|wy-2026-primary|county_local_summary|077bce5883de780344b6bbee138312d0831870e4243922965df5c85dcc45b623|wy-2026-primary|county|lincoln|precinct-committeeman-2-4|rep|write_in_aggregate|write_in_aggregate|Lincoln|COUNTY
wy-2026-primary,wy|lincoln|wy-2026-primary|county_local_summary,Lincoln,wy-2026-primary|county|lincoln|precinct-committeeman-2-4|rep,REP PRECINCT COMMITTEEMAN 2-4,Precinct Committeeman 2-4,county,,REP,REP,precinct,077bce5883de780344b6bbee138312d0831870e4243922965df5c85dcc45b623,2026-08-21T12:50:07Z,,county_summary_pdf_v1,1.1.5,1,verified,https://www.lincolncountywy.gov/government/clerk/elections_voting_information/2026_primary_election_results.php,,,county_complete,overvote,Lincoln,,,,,,0,,wy|lincoln|wy-2026-primary|county_local_summary|077bce5883de780344b6bbee138312d0831870e4243922965df5c85dcc45b623|wy-2026-primary|county|lincoln|precinct-committeeman-2-4|rep|overvote|overvote|Lincoln|COUNTY
wy-2026-primary,wy|lincoln|wy-2026-primary|county_local_summary,Lincoln,wy-2026-primary|county|lincoln|precinct-committeeman-2-4|rep,REP PRECINCT COMMITTEEMAN 2-4,Precinct Committeeman 2-4,county,,REP,REP,precinct,077bce5883de780344b6bbee138312d0831870e4243922965df5c85dcc45b623,2026-08-21T12:50:07Z,,county_summary_pdf_v1,1.1.5,1,verified,https://www.lincolncountywy.gov/government/clerk/elections_voting_information/2026_primary_election_results.php,,,county_complete,undervote,Lincoln,,,,,,191,,wy|lincoln|wy-2026-primary|county_local_summary|077bce5883de780344b6bbee138312d0831870e4243922965df5c85dcc45b623|wy-2026-primary|county|lincoln|precinct-committeeman-2-4|rep|undervote|undervote|Lincoln|COUNTY
wy-2026-primary,wy|lincoln|wy-2026-primary|county_local_summary,Lincoln,wy-2026-primary|county|lincoln|precinct-committeewoman-2-4|rep,REP PRECINCT COMMITTEEWOMAN 2-4,Precinct Committeewoman 2-4,county,,REP,REP,precinct,077bce5883de780344b6bbee138312d0831870e4243922965df5c85dcc45b623,2026-08-21T12:50:07Z,,county_summary_pdf_v1,1.1.5,1,verified,https://www.lincolncountywy.gov/government/clerk/elections_voting_information/2026_primary_election_results.php,,,county_complete,candidate,Lincoln,,,TERESSA CAZIER,TERESSA CAZIER,,202,,wy|lincoln|wy-2026-primary|county_local_summary|077bce5883de780344b6bbee138312d0831870e4243922965df5c85dcc45b623|wy-2026-primary|county|lincoln|precinct-committeewoman-2-4|rep|candidate|TERESSA CAZIER|Lincoln|COUNTY
wy-2026-primary,wy|lincoln|wy-2026-primary|county_local_summary,Lincoln,wy-2026-primary|county|lincoln|precinct-committeewoman-2-4|rep,REP PRECINCT COMMITTEEWOMAN 2-4,Precinct Committeewoman 2-4,county,,REP,REP,precinct,077bce5883de780344b6bbee138312d0831870e4243922965df5c85dcc45b623,2026-08-21T12:50:07Z,,county_summary_pdf_v1,1.1.5,1,verified,https://www.lincolncountywy.gov/government/clerk/elections_voting_information/2026_primary_election_results.php,,,county_complete,candidate,Lincoln,,,JANET R. ERICKSON,JANET R. ERICKSON,,183,,wy|lincoln|wy-2026-primary|county_local_summary|077bce5883de780344b6bbee138312d0831870e4243922965df5c85dcc45b623|wy-2026-primary|county|lincoln|precinct-committeewoman-2-4|rep|candidate|JANET R. ERICKSON|Lincoln|COUNTY
wy-2026-primary,wy|lincoln|wy-2026-primary|county_local_summary,Lincoln,wy-2026-primary|county|lincoln|precinct-committeewoman-2-4|rep,REP PRECINCT COMMITTEEWOMAN 2-4,Precinct Committeewoman 2-4,county,,REP,REP,precinct,077bce5883de780344b6bbee138312d0831870e4243922965df5c85dcc45b623,2026-08-21T12:50:07Z,,county_summary_pdf_v1,1.1.5,1,verified,https://www.lincolncountywy.gov/government/clerk/elections_voting_information/2026_primary_election_results.php,,,county_complete,write_in_aggregate,Lincoln,,,,,,4,,wy|lincoln|wy-2026-primary|county_local_summary|077bce5883de780344b6bbee138312d0831870e4243922965df5c85dcc45b623|wy-2026-primary|county|lincoln|precinct-committeewoman-2-4|rep|write_in_aggregate|write_in_aggregate|Lincoln|COUNTY
wy-2026-primary,wy|lincoln|wy-2026-primary|county_local_summary,Lincoln,wy-2026-primary|county|lincoln|precinct-committeewoman-2-4|rep,REP PRECINCT COMMITTEEWOMAN 2-4,Precinct Committeewoman 2-4,county,,REP,REP,precinct,077bce5883de780344b6bbee138312d0831870e4243922965df5c85dcc45b623,2026-08-21T12:50:07Z,,county_summary_pdf_v1,1.1.5,1,verified,https://www.lincolncountywy.gov/government/clerk/elections_voting_information/2026_primary_election_results.php,,,county_complete,overvote,Lincoln,,,,,,0,,wy|lincoln|wy-2026-primary|county_local_summary|077bce5883de780344b6bbee138312d0831870e4243922965df5c85dcc45b623|wy-2026-primary|county|lincoln|precinct-committeewoman-2-4|rep|overvote|overvote|Lincoln|COUNTY
wy-2026-primary,wy|lincoln|wy-2026-primary|county_local_summary,Lincoln,wy-2026-primary|county|lincoln|precinct-committeewoman-2-4|rep,REP PRECINCT COMMITTEEWOMAN 2-4,Precinct Committeewoman 2-4,county,,REP,REP,precinct,077bce5883de780344b6bbee138312d0831870e4243922965df5c85dcc45b623,2026-08-21T12:50:07Z,,county_summary_pdf_v1,1.1.5,1,verified,https://www.lincolncountywy.gov/government/clerk/elections_voting_information/2026_primary_election_results.php,,,county_complete,undervote,Lincoln,,,,,,199,,wy|lincoln|wy-2026-primary|county_local_summary|077bce5883de780344b6bbee138312d0831870e4243922965df5c85dcc45b623|wy-2026-primary|county|lincoln|precinct-committeewoman-2-4|rep|undervote|undervote|Lincoln|COUNTY
wy-2026-primary,wy|lincoln|wy-2026-primary|county_local_summary,Lincoln,wy-2026-primary|county|lincoln|precinct-committeeman-2-5|rep,REP PRECINCT COMMITTEEMAN 2-5,Precinct Committeeman 2-5,county,,REP,REP,precinct,077bce5883de780344b6bbee138312d0831870e4243922965df5c85dcc45b623,2026-08-21T12:50:07Z,,county_summary_pdf_v1,1.1.5,1,verified,https://www.lincolncountywy.gov/government/clerk/elections_voting_information/2026_primary_election_results.php,,,county_complete,candidate,Lincoln,,,JAKE LONG,JAKE LONG,,336,,wy|lincoln|wy-2026-primary|county_local_summary|077bce5883de780344b6bbee138312d0831870e4243922965df5c85dcc45b623|wy-2026-primary|county|lincoln|precinct-committeeman-2-5|rep|candidate|JAKE LONG|Lincoln|COUNTY
wy-2026-primary,wy|lincoln|wy-2026-primary|county_local_summary,Lincoln,wy-2026-primary|county|lincoln|precinct-committeeman-2-5|rep,REP PRECINCT COMMITTEEMAN 2-5,Precinct Committeeman 2-5,county,,REP,REP,precinct,077bce5883de780344b6bbee138312d0831870e4243922965df5c85dcc45b623,2026-08-21T12:50:07Z,,county_summary_pdf_v1,1.1.5,1,verified,https://www.lincolncountywy.gov/government/clerk/elections_voting_information/2026_primary_election_results.php,,,county_complete,candidate,Lincoln,,,JEFF WOLFLEY,JEFF WOLFLEY,,230,,wy|lincoln|wy-2026-primary|county_local_summary|077bce5883de780344b6bbee138312d0831870e4243922965df5c85dcc45b623|wy-2026-primary|county|lincoln|precinct-committeeman-2-5|rep|candidate|JEFF WOLFLEY|Lincoln|COUNTY
wy-2026-primary,wy|lincoln|wy-2026-primary|county_local_summary,Lincoln,wy-2026-primary|county|lincoln|precinct-committeeman-2-5|rep,REP PRECINCT COMMITTEEMAN 2-5,Precinct Committeeman 2-5,county,,REP,REP,precinct,077bce5883de780344b6bbee138312d0831870e4243922965df5c85dcc45b623,2026-08-21T12:50:07Z,,county_summary_pdf_v1,1.1.5,1,verified,https://www.lincolncountywy.gov/government/clerk/elections_voting_information/2026_primary_election_results.php,,,county_complete,candidate,Lincoln,,,TOM WOOD,TOM WOOD,,183,,wy|lincoln|wy-2026-primary|county_local_summary|077bce5883de780344b6bbee138312d0831870e4243922965df5c85dcc45b623|wy-2026-primary|county|lincoln|precinct-committeeman-2-5|rep|candidate|TOM WOOD|Lincoln|COUNTY
wy-2026-primary,wy|lincoln|wy-2026-primary|county_local_summary,Lincoln,wy-2026-primary|county|lincoln|precinct-committeeman-2-5|rep,REP PRECINCT COMMITTEEMAN 2-5,Precinct Committeeman 2-5,county,,REP,REP,precinct,077bce5883de780344b6bbee138312d0831870e4243922965df5c85dcc45b623,2026-08-21T12:50:07Z,,county_summary_pdf_v1,1.1.5,1,verified,https://www.lincolncountywy.gov/government/clerk/elections_voting_information/2026_primary_election_results.php,,,county_complete,write_in_aggregate,Lincoln,,,,,,8,,wy|lincoln|wy-2026-primary|county_local_summary|077bce5883de780344b6bbee138312d0831870e4243922965df5c85dcc45b623|wy-2026-primary|county|lincoln|precinct-committeeman-2-5|rep|write_in_aggregate|write_in_aggregate|Lincoln|COUNTY
wy-2026-primary,wy|lincoln|wy-2026-primary|county_local_summary,Lincoln,wy-2026-primary|county|lincoln|precinct-committeeman-2-5|rep,REP PRECINCT COMMITTEEMAN 2-5,Precinct Committeeman 2-5,county,,REP,REP,precinct,077bce5883de780344b6bbee138312d0831870e4243922965df5c85dcc45b623,2026-08-21T12:50:07Z,,county_summary_pdf_v1,1.1.5,1,verified,https://www.lincolncountywy.gov/government/clerk/elections_voting_information/2026_primary_election_results.php,,,county_complete,overvote,Lincoln,,,,,,0,,wy|lincoln|wy-2026-primary|county_local_summary|077bce5883de780344b6bbee138312d0831870e4243922965df5c85dcc45b623|wy-2026-primary|county|lincoln|precinct-committeeman-2-5|rep|overvote|overvote|Lincoln|COUNTY
wy-2026-primary,wy|lincoln|wy-2026-primary|county_local_summary,Lincoln,wy-2026-primary|county|lincoln|precinct-committeeman-2-5|rep,REP PRECINCT COMMITTEEMAN 2-5,Precinct Committeeman 2-5,county,,REP,REP,precinct,077bce5883de780344b6bbee138312d0831870e4243922965df5c85dcc45b623,2026-08-21T12:50:07Z,,county_summary_pdf_v1,1.1.5,1,verified,https://www.lincolncountywy.gov/government/clerk/elections_voting_information/2026_primary_election_results.php,,,county_complete,undervote,Lincoln,,,,,,560,,wy|lincoln|wy-2026-primary|county_local_summary|077bce5883de780344b6bbee138312d0831870e4243922965df5c85dcc45b623|wy-2026-primary|county|lincoln|precinct-committeeman-2-5|rep|undervote|undervote|Lincoln|COUNTY
wy-2026-primary,wy|lincoln|wy-2026-primary|county_local_summary,Lincoln,wy-2026-primary|county|lincoln|precinct-committeewoman-2-5|rep,REP PRECINCT COMMITTEEWOMAN 2-5,Precinct Committeewoman 2-5,county,,REP,REP,precinct,077bce5883de780344b6bbee138312d0831870e4243922965df5c85dcc45b623,2026-08-21T12:50:07Z,,county_summary_pdf_v1,1.1.5,1,verified,https://www.lincolncountywy.gov/government/clerk/elections_voting_information/2026_primary_election_results.php,,,county_complete,candidate,Lincoln,,,MARTI HALVERSON,MARTI HALVERSON,,307,,wy|lincoln|wy-2026-primary|county_local_summary|077bce5883de780344b6bbee138312d0831870e4243922965df5c85dcc45b623|wy-2026-primary|county|lincoln|precinct-committeewoman-2-5|rep|candidate|MARTI HALVERSON|Lincoln|COUNTY
wy-2026-primary,wy|lincoln|wy-2026-primary|county_local_summary,Lincoln,wy-2026-primary|county|lincoln|precinct-committeewoman-2-5|rep,REP PRECINCT COMMITTEEWOMAN 2-5,Precinct Committeewoman 2-5,county,,REP,REP,precinct,077bce5883de780344b6bbee138312d0831870e4243922965df5c85dcc45b623,2026-08-21T12:50:07Z,,county_summary_pdf_v1,1.1.5,1,verified,https://www.lincolncountywy.gov/government/clerk/elections_voting_information/2026_primary_election_results.php,,,county_complete,candidate,Lincoln,,,LOU ANN HENDERSON,LOU ANN HENDERSON,,233,,wy|lincoln|wy-2026-primary|county_local_summary|077bce5883de780344b6bbee138312d0831870e4243922965df5c85dcc45b623|wy-2026-primary|county|lincoln|precinct-committeewoman-2-5|rep|candidate|LOU ANN HENDERSON|Lincoln|COUNTY
wy-2026-primary,wy|lincoln|wy-2026-primary|county_local_summary,Lincoln,wy-2026-primary|county|lincoln|precinct-committeewoman-2-5|rep,REP PRECINCT COMMITTEEWOMAN 2-5,Precinct Committeewoman 2-5,county,,REP,REP,precinct,077bce5883de780344b6bbee138312d0831870e4243922965df5c85dcc45b623,2026-08-21T12:50:07Z,,county_summary_pdf_v1,1.1.5,1,verified,https://www.lincolncountywy.gov/government/clerk/elections_voting_information/2026_primary_election_results.php,,,county_complete,write_in_aggregate,Lincoln,,,,,,34,,wy|lincoln|wy-2026-primary|county_local_summary|077bce5883de780344b6bbee138312d0831870e4243922965df5c85dcc45b623|wy-2026-primary|county|lincoln|precinct-committeewoman-2-5|rep|write_in_aggregate|write_in_aggregate|Lincoln|COUNTY
wy-2026-primary,wy|lincoln|wy-2026-primary|county_local_summary,Lincoln,wy-2026-primary|county|lincoln|precinct-committeewoman-2-5|rep,REP PRECINCT COMMITTEEWOMAN 2-5,Precinct Committeewoman 2-5,county,,REP,REP,precinct,077bce5883de780344b6bbee138312d0831870e4243922965df5c85dcc45b623,2026-08-21T12:50:07Z,,county_summary_pdf_v1,1.1.5,1,verified,https://www.lincolncountywy.gov/government/clerk/elections_voting_information/2026_primary_election_results.php,,,county_complete,overvote,Lincoln,,,,,,0,,wy|lincoln|wy-2026-primary|county_local_summary|077bce5883de780344b6bbee138312d0831870e4243922965df5c85dcc45b623|wy-2026-primary|county|lincoln|precinct-committeewoman-2-5|rep|overvote|overvote|Lincoln|COUNTY
wy-2026-primary,wy|lincoln|wy-2026-primary|county_local_summary,Lincoln,wy-2026-primary|county|lincoln|precinct-committeewoman-2-5|rep,REP PRECINCT COMMITTEEWOMAN 2-5,Precinct Committeewoman 2-5,county,,REP,REP,precinct,077bce5883de780344b6bbee138312d0831870e4243922965df5c85dcc45b623,2026-08-21T12:50:07Z,,county_summary_pdf_v1,1.1.5,1,verified,https://www.lincolncountywy.gov/government/clerk/elections_voting_information/2026_primary_election_results.php,,,county_complete,undervote,Lincoln,,,,,,743,,wy|lincoln|wy-2026-primary|county_local_summary|077bce5883de780344b6bbee138312d0831870e4243922965df5c85dcc45b623|wy-2026-primary|county|lincoln|precinct-committeewoman-2-5|rep|undervote|undervote|Lincoln|COUNTY
wy-2026-primary,wy|lincoln|wy-2026-primary|county_local_summary,Lincoln,wy-2026-primary|county|lincoln|precinct-committeeman-2-6|rep,REP PRECINCT COMMITTEEMAN 2-6,Precinct Committeeman 2-6,county,,REP,REP,precinct,077bce5883de780344b6bbee138312d0831870e4243922965df5c85dcc45b623,2026-08-21T12:50:07Z,,county_summary_pdf_v1,1.1.5,1,verified,https://www.lincolncountywy.gov/government/clerk/elections_voting_information/2026_primary_election_results.php,,,county_complete,candidate,Lincoln,,,BRIAN G. ANDREWS,BRIAN G. ANDREWS,,258,,wy|lincoln|wy-2026-primary|county_local_summary|077bce5883de780344b6bbee138312d0831870e4243922965df5c85dcc45b623|wy-2026-primary|county|lincoln|precinct-committeeman-2-6|rep|candidate|BRIAN G. ANDREWS|Lincoln|COUNTY
wy-2026-primary,wy|lincoln|wy-2026-primary|county_local_summary,Lincoln,wy-2026-primary|county|lincoln|precinct-committeeman-2-6|rep,REP PRECINCT COMMITTEEMAN 2-6,Precinct Committeeman 2-6,county,,REP,REP,precinct,077bce5883de780344b6bbee138312d0831870e4243922965df5c85dcc45b623,2026-08-21T12:50:07Z,,county_summary_pdf_v1,1.1.5,1,verified,https://www.lincolncountywy.gov/government/clerk/elections_voting_information/2026_primary_election_results.php,,,county_complete,candidate,Lincoln,,,DAN DOCKSTADER,DAN DOCKSTADER,,277,,wy|lincoln|wy-2026-primary|county_local_summary|077bce5883de780344b6bbee138312d0831870e4243922965df5c85dcc45b623|wy-2026-primary|county|lincoln|precinct-committeeman-2-6|rep|candidate|DAN DOCKSTADER|Lincoln|COUNTY
wy-2026-primary,wy|lincoln|wy-2026-primary|county_local_summary,Lincoln,wy-2026-primary|county|lincoln|precinct-committeeman-2-6|rep,REP PRECINCT COMMITTEEMAN 2-6,Precinct Committeeman 2-6,county,,REP,REP,precinct,077bce5883de780344b6bbee138312d0831870e4243922965df5c85dcc45b623,2026-08-21T12:50:07Z,,county_summary_pdf_v1,1.1.5,1,verified,https://www.lincolncountywy.gov/government/clerk/elections_voting_information/2026_primary_election_results.php,,,county_complete,write_in_aggregate,Lincoln,,,,,,3,,wy|lincoln|wy-2026-primary|county_local_summary|077bce5883de780344b6bbee138312d0831870e4243922965df5c85dcc45b623|wy-2026-primary|county|lincoln|precinct-committeeman-2-6|rep|write_in_aggregate|write_in_aggregate|Lincoln|COUNTY
wy-2026-primary,wy|lincoln|wy-2026-primary|county_local_summary,Lincoln,wy-2026-primary|county|lincoln|precinct-committeeman-2-6|rep,REP PRECINCT COMMITTEEMAN 2-6,Precinct Committeeman 2-6,county,,REP,REP,precinct,077bce5883de780344b6bbee138312d0831870e4243922965df5c85dcc45b623,2026-08-21T12:50:07Z,,county_summary_pdf_v1,1.1.5,1,verified,https://www.lincolncountywy.gov/government/clerk/elections_voting_information/2026_primary_election_results.php,,,county_complete,overvote,Lincoln,,,,,,0,,wy|lincoln|wy-2026-primary|county_local_summary|077bce5883de780344b6bbee138312d0831870e4243922965df5c85dcc45b623|wy-2026-primary|county|lincoln|precinct-committeeman-2-6|rep|overvote|overvote|Lincoln|COUNTY
wy-2026-primary,wy|lincoln|wy-2026-primary|county_local_summary,Lincoln,wy-2026-primary|county|lincoln|precinct-committeeman-2-6|rep,REP PRECINCT COMMITTEEMAN 2-6,Precinct Committeeman 2-6,county,,REP,REP,precinct,077bce5883de780344b6bbee138312d0831870e4243922965df5c85dcc45b623,2026-08-21T12:50:07Z,,county_summary_pdf_v1,1.1.5,1,verified,https://www.lincolncountywy.gov/government/clerk/elections_voting_information/2026_primary_election_results.php,,,county_complete,undervote,Lincoln,,,,,,240,,wy|lincoln|wy-2026-primary|county_local_summary|077bce5883de780344b6bbee138312d0831870e4243922965df5c85dcc45b623|wy-2026-primary|county|lincoln|precinct-committeeman-2-6|rep|undervote|undervote|Lincoln|COUNTY
wy-2026-primary,wy|lincoln|wy-2026-primary|county_local_summary,Lincoln,wy-2026-primary|county|lincoln|precinct-committeewoman-2-6|rep,REP PRECINCT COMMITTEEWOMAN 2-6,Precinct Committeewoman 2-6,county,,REP,REP,precinct,077bce5883de780344b6bbee138312d0831870e4243922965df5c85dcc45b623,2026-08-21T12:50:07Z,,county_summary_pdf_v1,1.1.5,1,verified,https://www.lincolncountywy.gov/government/clerk/elections_voting_information/2026_primary_election_results.php,,,county_complete,candidate,Lincoln,,,KIMBERLY DOCKSTADER,KIMBERLY DOCKSTADER,,276,,wy|lincoln|wy-2026-primary|county_local_summary|077bce5883de780344b6bbee138312d0831870e4243922965df5c85dcc45b623|wy-2026-primary|county|lincoln|precinct-committeewoman-2-6|rep|candidate|KIMBERLY DOCKSTADER|Lincoln|COUNTY
wy-2026-primary,wy|lincoln|wy-2026-primary|county_local_summary,Lincoln,wy-2026-primary|county|lincoln|precinct-committeewoman-2-6|rep,REP PRECINCT COMMITTEEWOMAN 2-6,Precinct Committeewoman 2-6,county,,REP,REP,precinct,077bce5883de780344b6bbee138312d0831870e4243922965df5c85dcc45b623,2026-08-21T12:50:07Z,,county_summary_pdf_v1,1.1.5,1,verified,https://www.lincolncountywy.gov/government/clerk/elections_voting_information/2026_primary_election_results.php,,,county_complete,candidate,Lincoln,,,CHERA L NELSON,CHERA L NELSON,,236,,wy|lincoln|wy-2026-primary|county_local_summary|077bce5883de780344b6bbee138312d0831870e4243922965df5c85dcc45b623|wy-2026-primary|county|lincoln|precinct-committeewoman-2-6|rep|candidate|CHERA L NELSON|Lincoln|COUNTY
wy-2026-primary,wy|lincoln|wy-2026-primary|county_local_summary,Lincoln,wy-2026-primary|county|lincoln|precinct-committeewoman-2-6|rep,REP PRECINCT COMMITTEEWOMAN 2-6,Precinct Committeewoman 2-6,county,,REP,REP,precinct,077bce5883de780344b6bbee138312d0831870e4243922965df5c85dcc45b623,2026-08-21T12:50:07Z,,county_summary_pdf_v1,1.1.5,1,verified,https://www.lincolncountywy.gov/government/clerk/elections_voting_information/2026_primary_election_results.php,,,county_complete,write_in_aggregate,Lincoln,,,,,,1,,wy|lincoln|wy-2026-primary|county_local_summary|077bce5883de780344b6bbee138312d0831870e4243922965df5c85dcc45b623|wy-2026-primary|county|lincoln|precinct-committeewoman-2-6|rep|write_in_aggregate|write_in_aggregate|Lincoln|COUNTY
wy-2026-primary,wy|lincoln|wy-2026-primary|county_local_summary,Lincoln,wy-2026-primary|county|lincoln|precinct-committeewoman-2-6|rep,REP PRECINCT COMMITTEEWOMAN 2-6,Precinct Committeewoman 2-6,county,,REP,REP,precinct,077bce5883de780344b6bbee138312d0831870e4243922965df5c85dcc45b623,2026-08-21T12:50:07Z,,county_summary_pdf_v1,1.1.5,1,verified,https://www.lincolncountywy.gov/government/clerk/elections_voting_information/2026_primary_election_results.php,,,county_complete,overvote,Lincoln,,,,,,0,,wy|lincoln|wy-2026-primary|county_local_summary|077bce5883de780344b6bbee138312d0831870e4243922965df5c85dcc45b623|wy-2026-primary|county|lincoln|precinct-committeewoman-2-6|rep|overvote|overvote|Lincoln|COUNTY
wy-2026-primary,wy|lincoln|wy-2026-primary|county_local_summary,Lincoln,wy-2026-primary|county|lincoln|precinct-committeewoman-2-6|rep,REP PRECINCT COMMITTEEWOMAN 2-6,Precinct Committeewoman 2-6,county,,REP,REP,precinct,077bce5883de780344b6bbee138312d0831870e4243922965df5c85dcc45b623,2026-08-21T12:50:07Z,,county_summary_pdf_v1,1.1.5,1,verified,https://www.lincolncountywy.gov/government/clerk/elections_voting_information/2026_primary_election_results.php,,,county_complete,undervote,Lincoln,,,,,,265,,wy|lincoln|wy-2026-primary|county_local_summary|077bce5883de780344b6bbee138312d0831870e4243922965df5c85dcc45b623|wy-2026-primary|county|lincoln|precinct-committeewoman-2-6|rep|undervote|undervote|Lincoln|COUNTY
wy-2026-primary,wy|lincoln|wy-2026-primary|county_local_summary,Lincoln,wy-2026-primary|county|lincoln|precinct-committeeman-2-7|rep,REP PRECINCT COMMITTEEMAN 2-7,Precinct Committeeman 2-7,county,,REP,REP,precinct,077bce5883de780344b6bbee138312d0831870e4243922965df5c85dcc45b623,2026-08-21T12:50:07Z,,county_summary_pdf_v1,1.1.5,1,verified,https://www.lincolncountywy.gov/government/clerk/elections_voting_information/2026_primary_election_results.php,,,county_complete,candidate,Lincoln,,,LANE ALLRED,LANE ALLRED,,459,,wy|lincoln|wy-2026-primary|county_local_summary|077bce5883de780344b6bbee138312d0831870e4243922965df5c85dcc45b623|wy-2026-primary|county|lincoln|precinct-committeeman-2-7|rep|candidate|LANE ALLRED|Lincoln|COUNTY
wy-2026-primary,wy|lincoln|wy-2026-primary|county_local_summary,Lincoln,wy-2026-primary|county|lincoln|precinct-committeeman-2-7|rep,REP PRECINCT COMMITTEEMAN 2-7,Precinct Committeeman 2-7,county,,REP,REP,precinct,077bce5883de780344b6bbee138312d0831870e4243922965df5c85dcc45b623,2026-08-21T12:50:07Z,,county_summary_pdf_v1,1.1.5,1,verified,https://www.lincolncountywy.gov/government/clerk/elections_voting_information/2026_primary_election_results.php,,,county_complete,candidate,Lincoln,,,MCKAY L. ERICKSON,MCKAY L. ERICKSON,,593,,wy|lincoln|wy-2026-primary|county_local_summary|077bce5883de780344b6bbee138312d0831870e4243922965df5c85dcc45b623|wy-2026-primary|county|lincoln|precinct-committeeman-2-7|rep|candidate|MCKAY L. ERICKSON|Lincoln|COUNTY
wy-2026-primary,wy|lincoln|wy-2026-primary|county_local_summary,Lincoln,wy-2026-primary|county|lincoln|precinct-committeeman-2-7|rep,REP PRECINCT COMMITTEEMAN 2-7,Precinct Committeeman 2-7,county,,REP,REP,precinct,077bce5883de780344b6bbee138312d0831870e4243922965df5c85dcc45b623,2026-08-21T12:50:07Z,,county_summary_pdf_v1,1.1.5,1,verified,https://www.lincolncountywy.gov/government/clerk/elections_voting_information/2026_primary_election_results.php,,,county_complete,candidate,Lincoln,,,JUSTIN ROLLIN GARDNER,JUSTIN ROLLIN GARDNER,,491,,wy|lincoln|wy-2026-primary|county_local_summary|077bce5883de780344b6bbee138312d0831870e4243922965df5c85dcc45b623|wy-2026-primary|county|lincoln|precinct-committeeman-2-7|rep|candidate|JUSTIN ROLLIN GARDNER|Lincoln|COUNTY
wy-2026-primary,wy|lincoln|wy-2026-primary|county_local_summary,Lincoln,wy-2026-primary|county|lincoln|precinct-committeeman-2-7|rep,REP PRECINCT COMMITTEEMAN 2-7,Precinct Committeeman 2-7,county,,REP,REP,precinct,077bce5883de780344b6bbee138312d0831870e4243922965df5c85dcc45b623,2026-08-21T12:50:07Z,,county_summary_pdf_v1,1.1.5,1,verified,https://www.lincolncountywy.gov/government/clerk/elections_voting_information/2026_primary_election_results.php,,,county_complete,candidate,Lincoln,,,MARLOWE A. SCHERBEL,MARLOWE A. SCHERBEL,,355,,wy|lincoln|wy-2026-primary|county_local_summary|077bce5883de780344b6bbee138312d0831870e4243922965df5c85dcc45b623|wy-2026-primary|county|lincoln|precinct-committeeman-2-7|rep|candidate|MARLOWE A. SCHERBEL|Lincoln|COUNTY
wy-2026-primary,wy|lincoln|wy-2026-primary|county_local_summary,Lincoln,wy-2026-primary|county|lincoln|precinct-committeeman-2-7|rep,REP PRECINCT COMMITTEEMAN 2-7,Precinct Committeeman 2-7,county,,REP,REP,precinct,077bce5883de780344b6bbee138312d0831870e4243922965df5c85dcc45b623,2026-08-21T12:50:07Z,,county_summary_pdf_v1,1.1.5,1,verified,https://www.lincolncountywy.gov/government/clerk/elections_voting_information/2026_primary_election_results.php,,,county_complete,candidate,Lincoln,,,JON SHUMWAY,JON SHUMWAY,,445,,wy|lincoln|wy-2026-primary|county_local_summary|077bce5883de780344b6bbee138312d0831870e4243922965df5c85dcc45b623|wy-2026-primary|county|lincoln|precinct-committeeman-2-7|rep|candidate|JON SHUMWAY|Lincoln|COUNTY
wy-2026-primary,wy|lincoln|wy-2026-primary|county_local_summary,Lincoln,wy-2026-primary|county|lincoln|precinct-committeeman-2-7|rep,REP PRECINCT COMMITTEEMAN 2-7,Precinct Committeeman 2-7,county,,REP,REP,precinct,077bce5883de780344b6bbee138312d0831870e4243922965df5c85dcc45b623,2026-08-21T12:50:07Z,,county_summary_pdf_v1,1.1.5,1,verified,https://www.lincolncountywy.gov/government/clerk/elections_voting_information/2026_primary_election_results.php,,,county_complete,candidate,Lincoln,,,T. DEB WOLFLEY,T. DEB WOLFLEY,,440,,wy|lincoln|wy-2026-primary|county_local_summary|077bce5883de780344b6bbee138312d0831870e4243922965df5c85dcc45b623|wy-2026-primary|county|lincoln|precinct-committeeman-2-7|rep|candidate|T. DEB WOLFLEY|Lincoln|COUNTY
wy-2026-primary,wy|lincoln|wy-2026-primary|county_local_summary,Lincoln,wy-2026-primary|county|lincoln|precinct-committeeman-2-7|rep,REP PRECINCT COMMITTEEMAN 2-7,Precinct Committeeman 2-7,county,,REP,REP,precinct,077bce5883de780344b6bbee138312d0831870e4243922965df5c85dcc45b623,2026-08-21T12:50:07Z,,county_summary_pdf_v1,1.1.5,1,verified,https://www.lincolncountywy.gov/government/clerk/elections_voting_information/2026_primary_election_results.php,,,county_complete,write_in_aggregate,Lincoln,,,,,,22,,wy|lincoln|wy-2026-primary|county_local_summary|077bce5883de780344b6bbee138312d0831870e4243922965df5c85dcc45b623|wy-2026-primary|county|lincoln|precinct-committeeman-2-7|rep|write_in_aggregate|write_in_aggregate|Lincoln|COUNTY
wy-2026-primary,wy|lincoln|wy-2026-primary|county_local_summary,Lincoln,wy-2026-primary|county|lincoln|precinct-committeeman-2-7|rep,REP PRECINCT COMMITTEEMAN 2-7,Precinct Committeeman 2-7,county,,REP,REP,precinct,077bce5883de780344b6bbee138312d0831870e4243922965df5c85dcc45b623,2026-08-21T12:50:07Z,,county_summary_pdf_v1,1.1.5,1,verified,https://www.lincolncountywy.gov/government/clerk/elections_voting_information/2026_primary_election_results.php,,,county_complete,overvote,Lincoln,,,,,,15,,wy|lincoln|wy-2026-primary|county_local_summary|077bce5883de780344b6bbee138312d0831870e4243922965df5c85dcc45b623|wy-2026-primary|county|lincoln|precinct-committeeman-2-7|rep|overvote|overvote|Lincoln|COUNTY
wy-2026-primary,wy|lincoln|wy-2026-primary|county_local_summary,Lincoln,wy-2026-primary|county|lincoln|precinct-committeeman-2-7|rep,REP PRECINCT COMMITTEEMAN 2-7,Precinct Committeeman 2-7,county,,REP,REP,precinct,077bce5883de780344b6bbee138312d0831870e4243922965df5c85dcc45b623,2026-08-21T12:50:07Z,,county_summary_pdf_v1,1.1.5,1,verified,https://www.lincolncountywy.gov/government/clerk/elections_voting_information/2026_primary_election_results.php,,,county_complete,undervote,Lincoln,,,,,,1250,,wy|lincoln|wy-2026-primary|county_local_summary|077bce5883de780344b6bbee138312d0831870e4243922965df5c85dcc45b623|wy-2026-primary|county|lincoln|precinct-committeeman-2-7|rep|undervote|undervote|Lincoln|COUNTY
wy-2026-primary,wy|lincoln|wy-2026-primary|county_local_summary,Lincoln,wy-2026-primary|county|lincoln|precinct-committeewoman-2-7|rep,REP PRECINCT COMMITTEEWOMAN 2-7,Precinct Committeewoman 2-7,county,,REP,REP,precinct,077bce5883de780344b6bbee138312d0831870e4243922965df5c85dcc45b623,2026-08-21T12:50:07Z,,county_summary_pdf_v1,1.1.5,1,verified,https://www.lincolncountywy.gov/government/clerk/elections_voting_information/2026_primary_election_results.php,,,county_complete,candidate,Lincoln,,,BRITANI LESTER ERICKSON,BRITANI LESTER ERICKSON,,468,,wy|lincoln|wy-2026-primary|county_local_summary|077bce5883de780344b6bbee138312d0831870e4243922965df5c85dcc45b623|wy-2026-primary|county|lincoln|precinct-committeewoman-2-7|rep|candidate|BRITANI LESTER ERICKSON|Lincoln|COUNTY
wy-2026-primary,wy|lincoln|wy-2026-primary|county_local_summary,Lincoln,wy-2026-primary|county|lincoln|precinct-committeewoman-2-7|rep,REP PRECINCT COMMITTEEWOMAN 2-7,Precinct Committeewoman 2-7,county,,REP,REP,precinct,077bce5883de780344b6bbee138312d0831870e4243922965df5c85dcc45b623,2026-08-21T12:50:07Z,,county_summary_pdf_v1,1.1.5,1,verified,https://www.lincolncountywy.gov/government/clerk/elections_voting_information/2026_primary_election_results.php,,,county_complete,candidate,Lincoln,,,HEIDI ERICKSON,HEIDI ERICKSON,,550,,wy|lincoln|wy-2026-primary|county_local_summary|077bce5883de780344b6bbee138312d0831870e4243922965df5c85dcc45b623|wy-2026-primary|county|lincoln|precinct-committeewoman-2-7|rep|candidate|HEIDI ERICKSON|Lincoln|COUNTY
wy-2026-primary,wy|lincoln|wy-2026-primary|county_local_summary,Lincoln,wy-2026-primary|county|lincoln|precinct-committeewoman-2-7|rep,REP PRECINCT COMMITTEEWOMAN 2-7,Precinct Committeewoman 2-7,county,,REP,REP,precinct,077bce5883de780344b6bbee138312d0831870e4243922965df5c85dcc45b623,2026-08-21T12:50:07Z,,county_summary_pdf_v1,1.1.5,1,verified,https://www.lincolncountywy.gov/government/clerk/elections_voting_information/2026_primary_election_results.php,,,county_complete,candidate,Lincoln,,,VANESSA GARDNER,VANESSA GARDNER,,452,,wy|lincoln|wy-2026-primary|county_local_summary|077bce5883de780344b6bbee138312d0831870e4243922965df5c85dcc45b623|wy-2026-primary|county|lincoln|precinct-committeewoman-2-7|rep|candidate|VANESSA GARDNER|Lincoln|COUNTY
wy-2026-primary,wy|lincoln|wy-2026-primary|county_local_summary,Lincoln,wy-2026-primary|county|lincoln|precinct-committeewoman-2-7|rep,REP PRECINCT COMMITTEEWOMAN 2-7,Precinct Committeewoman 2-7,county,,REP,REP,precinct,077bce5883de780344b6bbee138312d0831870e4243922965df5c85dcc45b623,2026-08-21T12:50:07Z,,county_summary_pdf_v1,1.1.5,1,verified,https://www.lincolncountywy.gov/government/clerk/elections_voting_information/2026_primary_election_results.php,,,county_complete,candidate,Lincoln,,,JENNIFER LEE SCHERBEL,JENNIFER LEE SCHERBEL,,421,,wy|lincoln|wy-2026-primary|county_local_summary|077bce5883de780344b6bbee138312d0831870e4243922965df5c85dcc45b623|wy-2026-primary|county|lincoln|precinct-committeewoman-2-7|rep|candidate|JENNIFER LEE SCHERBEL|Lincoln|COUNTY
wy-2026-primary,wy|lincoln|wy-2026-primary|county_local_summary,Lincoln,wy-2026-primary|county|lincoln|precinct-committeewoman-2-7|rep,REP PRECINCT COMMITTEEWOMAN 2-7,Precinct Committeewoman 2-7,county,,REP,REP,precinct,077bce5883de780344b6bbee138312d0831870e4243922965df5c85dcc45b623,2026-08-21T12:50:07Z,,county_summary_pdf_v1,1.1.5,1,verified,https://www.lincolncountywy.gov/government/clerk/elections_voting_information/2026_primary_election_results.php,,,county_complete,candidate,Lincoln,,,KADI SHUMWAY,KADI SHUMWAY,,515,,wy|lincoln|wy-2026-primary|county_local_summary|077bce5883de780344b6bbee138312d0831870e4243922965df5c85dcc45b623|wy-2026-primary|county|lincoln|precinct-committeewoman-2-7|rep|candidate|KADI SHUMWAY|Lincoln|COUNTY
wy-2026-primary,wy|lincoln|wy-2026-primary|county_local_summary,Lincoln,wy-2026-primary|county|lincoln|precinct-committeewoman-2-7|rep,REP PRECINCT COMMITTEEWOMAN 2-7,Precinct Committeewoman 2-7,county,,REP,REP,precinct,077bce5883de780344b6bbee138312d0831870e4243922965df5c85dcc45b623,2026-08-21T12:50:07Z,,county_summary_pdf_v1,1.1.5,1,verified,https://www.lincolncountywy.gov/government/clerk/elections_voting_information/2026_primary_election_results.php,,,county_complete,write_in_aggregate,Lincoln,,,,,,29,,wy|lincoln|wy-2026-primary|county_local_summary|077bce5883de780344b6bbee138312d0831870e4243922965df5c85dcc45b623|wy-2026-primary|county|lincoln|precinct-committeewoman-2-7|rep|write_in_aggregate|write_in_aggregate|Lincoln|COUNTY
wy-2026-primary,wy|lincoln|wy-2026-primary|county_local_summary,Lincoln,wy-2026-primary|county|lincoln|precinct-committeewoman-2-7|rep,REP PRECINCT COMMITTEEWOMAN 2-7,Precinct Committeewoman 2-7,county,,REP,REP,precinct,077bce5883de780344b6bbee138312d0831870e4243922965df5c85dcc45b623,2026-08-21T12:50:07Z,,county_summary_pdf_v1,1.1.5,1,verified,https://www.lincolncountywy.gov/government/clerk/elections_voting_information/2026_primary_election_results.php,,,county_complete,overvote,Lincoln,,,,,,10,,wy|lincoln|wy-2026-primary|county_local_summary|077bce5883de780344b6bbee138312d0831870e4243922965df5c85dcc45b623|wy-2026-primary|county|lincoln|precinct-committeewoman-2-7|rep|overvote|overvote|Lincoln|COUNTY
wy-2026-primary,wy|lincoln|wy-2026-primary|county_local_summary,Lincoln,wy-2026-primary|county|lincoln|precinct-committeewoman-2-7|rep,REP PRECINCT COMMITTEEWOMAN 2-7,Precinct Committeewoman 2-7,county,,REP,REP,precinct,077bce5883de780344b6bbee138312d0831870e4243922965df5c85dcc45b623,2026-08-21T12:50:07Z,,county_summary_pdf_v1,1.1.5,1,verified,https://www.lincolncountywy.gov/government/clerk/elections_voting_information/2026_primary_election_results.php,,,county_complete,undervote,Lincoln,,,,,,1625,,wy|lincoln|wy-2026-primary|county_local_summary|077bce5883de780344b6bbee138312d0831870e4243922965df5c85dcc45b623|wy-2026-primary|county|lincoln|precinct-committeewoman-2-7|rep|undervote|undervote|Lincoln|COUNTY
wy-2026-primary,wy|lincoln|wy-2026-primary|county_local_summary,Lincoln,wy-2026-primary|county|lincoln|precinct-committeeman-2-8|rep,REP PRECINCT COMMITTEEMAN 2-8,Precinct Committeeman 2-8,county,,REP,REP,precinct,077bce5883de780344b6bbee138312d0831870e4243922965df5c85dcc45b623,2026-08-21T12:50:07Z,,county_summary_pdf_v1,1.1.5,1,verified,https://www.lincolncountywy.gov/government/clerk/elections_voting_information/2026_primary_election_results.php,,,county_complete,candidate,Lincoln,,,JOE HEWARD,JOE HEWARD,,206,,wy|lincoln|wy-2026-primary|county_local_summary|077bce5883de780344b6bbee138312d0831870e4243922965df5c85dcc45b623|wy-2026-primary|county|lincoln|precinct-committeeman-2-8|rep|candidate|JOE HEWARD|Lincoln|COUNTY
wy-2026-primary,wy|lincoln|wy-2026-primary|county_local_summary,Lincoln,wy-2026-primary|county|lincoln|precinct-committeeman-2-8|rep,REP PRECINCT COMMITTEEMAN 2-8,Precinct Committeeman 2-8,county,,REP,REP,precinct,077bce5883de780344b6bbee138312d0831870e4243922965df5c85dcc45b623,2026-08-21T12:50:07Z,,county_summary_pdf_v1,1.1.5,1,verified,https://www.lincolncountywy.gov/government/clerk/elections_voting_information/2026_primary_election_results.php,,,county_complete,candidate,Lincoln,,,ROBERT E. KING,ROBERT E. KING,,161,,wy|lincoln|wy-2026-primary|county_local_summary|077bce5883de780344b6bbee138312d0831870e4243922965df5c85dcc45b623|wy-2026-primary|county|lincoln|precinct-committeeman-2-8|rep|candidate|ROBERT E. KING|Lincoln|COUNTY
wy-2026-primary,wy|lincoln|wy-2026-primary|county_local_summary,Lincoln,wy-2026-primary|county|lincoln|precinct-committeeman-2-8|rep,REP PRECINCT COMMITTEEMAN 2-8,Precinct Committeeman 2-8,county,,REP,REP,precinct,077bce5883de780344b6bbee138312d0831870e4243922965df5c85dcc45b623,2026-08-21T12:50:07Z,,county_summary_pdf_v1,1.1.5,1,verified,https://www.lincolncountywy.gov/government/clerk/elections_voting_information/2026_primary_election_results.php,,,county_complete,candidate,Lincoln,,,DEVIN SIMPSON,DEVIN SIMPSON,,154,,wy|lincoln|wy-2026-primary|county_local_summary|077bce5883de780344b6bbee138312d0831870e4243922965df5c85dcc45b623|wy-2026-primary|county|lincoln|precinct-committeeman-2-8|rep|candidate|DEVIN SIMPSON|Lincoln|COUNTY
wy-2026-primary,wy|lincoln|wy-2026-primary|county_local_summary,Lincoln,wy-2026-primary|county|lincoln|precinct-committeeman-2-8|rep,REP PRECINCT COMMITTEEMAN 2-8,Precinct Committeeman 2-8,county,,REP,REP,precinct,077bce5883de780344b6bbee138312d0831870e4243922965df5c85dcc45b623,2026-08-21T12:50:07Z,,county_summary_pdf_v1,1.1.5,1,verified,https://www.lincolncountywy.gov/government/clerk/elections_voting_information/2026_primary_election_results.php,,,county_complete,candidate,Lincoln,,,LANE WALTON,LANE WALTON,,177,,wy|lincoln|wy-2026-primary|county_local_summary|077bce5883de780344b6bbee138312d0831870e4243922965df5c85dcc45b623|wy-2026-primary|county|lincoln|precinct-committeeman-2-8|rep|candidate|LANE WALTON|Lincoln|COUNTY
wy-2026-primary,wy|lincoln|wy-2026-primary|county_local_summary,Lincoln,wy-2026-primary|county|lincoln|precinct-committeeman-2-8|rep,REP PRECINCT COMMITTEEMAN 2-8,Precinct Committeeman 2-8,county,,REP,REP,precinct,077bce5883de780344b6bbee138312d0831870e4243922965df5c85dcc45b623,2026-08-21T12:50:07Z,,county_summary_pdf_v1,1.1.5,1,verified,https://www.lincolncountywy.gov/government/clerk/elections_voting_information/2026_primary_election_results.php,,,county_complete,write_in_aggregate,Lincoln,,,,,,7,,wy|lincoln|wy-2026-primary|county_local_summary|077bce5883de780344b6bbee138312d0831870e4243922965df5c85dcc45b623|wy-2026-primary|county|lincoln|precinct-committeeman-2-8|rep|write_in_aggregate|write_in_aggregate|Lincoln|COUNTY
wy-2026-primary,wy|lincoln|wy-2026-primary|county_local_summary,Lincoln,wy-2026-primary|county|lincoln|precinct-committeeman-2-8|rep,REP PRECINCT COMMITTEEMAN 2-8,Precinct Committeeman 2-8,county,,REP,REP,precinct,077bce5883de780344b6bbee138312d0831870e4243922965df5c85dcc45b623,2026-08-21T12:50:07Z,,county_summary_pdf_v1,1.1.5,1,verified,https://www.lincolncountywy.gov/government/clerk/elections_voting_information/2026_primary_election_results.php,,,county_complete,overvote,Lincoln,,,,,,0,,wy|lincoln|wy-2026-primary|county_local_summary|077bce5883de780344b6bbee138312d0831870e4243922965df5c85dcc45b623|wy-2026-primary|county|lincoln|precinct-committeeman-2-8|rep|overvote|overvote|Lincoln|COUNTY
wy-2026-primary,wy|lincoln|wy-2026-primary|county_local_summary,Lincoln,wy-2026-primary|county|lincoln|precinct-committeeman-2-8|rep,REP PRECINCT COMMITTEEMAN 2-8,Precinct Committeeman 2-8,county,,REP,REP,precinct,077bce5883de780344b6bbee138312d0831870e4243922965df5c85dcc45b623,2026-08-21T12:50:07Z,,county_summary_pdf_v1,1.1.5,1,verified,https://www.lincolncountywy.gov/government/clerk/elections_voting_information/2026_primary_election_results.php,,,county_complete,undervote,Lincoln,,,,,,303,,wy|lincoln|wy-2026-primary|county_local_summary|077bce5883de780344b6bbee138312d0831870e4243922965df5c85dcc45b623|wy-2026-primary|county|lincoln|precinct-committeeman-2-8|rep|undervote|undervote|Lincoln|COUNTY
wy-2026-primary,wy|lincoln|wy-2026-primary|county_local_summary,Lincoln,wy-2026-primary|county|lincoln|precinct-committeewoman-2-8|rep,REP PRECINCT COMMITTEEWOMAN 2-8,Precinct Committeewoman 2-8,county,,REP,REP,precinct,077bce5883de780344b6bbee138312d0831870e4243922965df5c85dcc45b623,2026-08-21T12:50:07Z,,county_summary_pdf_v1,1.1.5,1,verified,https://www.lincolncountywy.gov/government/clerk/elections_voting_information/2026_primary_election_results.php,,,county_complete,candidate,Lincoln,,,ANNISA SIMPSON,ANNISA SIMPSON,,198,,wy|lincoln|wy-2026-primary|county_local_summary|077bce5883de780344b6bbee138312d0831870e4243922965df5c85dcc45b623|wy-2026-primary|county|lincoln|precinct-committeewoman-2-8|rep|candidate|ANNISA SIMPSON|Lincoln|COUNTY
wy-2026-primary,wy|lincoln|wy-2026-primary|county_local_summary,Lincoln,wy-2026-primary|county|lincoln|precinct-committeewoman-2-8|rep,REP PRECINCT COMMITTEEWOMAN 2-8,Precinct Committeewoman 2-8,county,,REP,REP,precinct,077bce5883de780344b6bbee138312d0831870e4243922965df5c85dcc45b623,2026-08-21T12:50:07Z,,county_summary_pdf_v1,1.1.5,1,verified,https://www.lincolncountywy.gov/government/clerk/elections_voting_information/2026_primary_election_results.php,,,county_complete,candidate,Lincoln,,,STEPHANIE WALTON,STEPHANIE WALTON,,237,,wy|lincoln|wy-2026-primary|county_local_summary|077bce5883de780344b6bbee138312d0831870e4243922965df5c85dcc45b623|wy-2026-primary|county|lincoln|precinct-committeewoman-2-8|rep|candidate|STEPHANIE WALTON|Lincoln|COUNTY
wy-2026-primary,wy|lincoln|wy-2026-primary|county_local_summary,Lincoln,wy-2026-primary|county|lincoln|precinct-committeewoman-2-8|rep,REP PRECINCT COMMITTEEWOMAN 2-8,Precinct Committeewoman 2-8,county,,REP,REP,precinct,077bce5883de780344b6bbee138312d0831870e4243922965df5c85dcc45b623,2026-08-21T12:50:07Z,,county_summary_pdf_v1,1.1.5,1,verified,https://www.lincolncountywy.gov/government/clerk/elections_voting_information/2026_primary_election_results.php,,,county_complete,write_in_aggregate,Lincoln,,,,,,16,,wy|lincoln|wy-2026-primary|county_local_summary|077bce5883de780344b6bbee138312d0831870e4243922965df5c85dcc45b623|wy-2026-primary|county|lincoln|precinct-committeewoman-2-8|rep|write_in_aggregate|write_in_aggregate|Lincoln|COUNTY
wy-2026-primary,wy|lincoln|wy-2026-primary|county_local_summary,Lincoln,wy-2026-primary|county|lincoln|precinct-committeewoman-2-8|rep,REP PRECINCT COMMITTEEWOMAN 2-8,Precinct Committeewoman 2-8,county,,REP,REP,precinct,077bce5883de780344b6bbee138312d0831870e4243922965df5c85dcc45b623,2026-08-21T12:50:07Z,,county_summary_pdf_v1,1.1.5,1,verified,https://www.lincolncountywy.gov/government/clerk/elections_voting_information/2026_primary_election_results.php,,,county_complete,overvote,Lincoln,,,,,,0,,wy|lincoln|wy-2026-primary|county_local_summary|077bce5883de780344b6bbee138312d0831870e4243922965df5c85dcc45b623|wy-2026-primary|county|lincoln|precinct-committeewoman-2-8|rep|overvote|overvote|Lincoln|COUNTY
wy-2026-primary,wy|lincoln|wy-2026-primary|county_local_summary,Lincoln,wy-2026-primary|county|lincoln|precinct-committeewoman-2-8|rep,REP PRECINCT COMMITTEEWOMAN 2-8,Precinct Committeewoman 2-8,county,,REP,REP,precinct,077bce5883de780344b6bbee138312d0831870e4243922965df5c85dcc45b623,2026-08-21T12:50:07Z,,county_summary_pdf_v1,1.1.5,1,verified,https://www.lincolncountywy.gov/government/clerk/elections_voting_information/2026_primary_election_results.php,,,county_complete,undervote,Lincoln,,,,,,557,,wy|lincoln|wy-2026-primary|county_local_summary|077bce5883de780344b6bbee138312d0831870e4243922965df5c85dcc45b623|wy-2026-primary|county|lincoln|precinct-committeewoman-2-8|rep|undervote|undervote|Lincoln|COUNTY
wy-2026-primary,wy|lincoln|wy-2026-primary|county_local_summary,Lincoln,wy-2026-primary|county|lincoln|precinct-committeeman-2-9|rep,REP PRECINCT COMMITTEEMAN 2-9,Precinct Committeeman 2-9,county,,REP,REP,precinct,077bce5883de780344b6bbee138312d0831870e4243922965df5c85dcc45b623,2026-08-21T12:50:07Z,,county_summary_pdf_v1,1.1.5,1,verified,https://www.lincolncountywy.gov/government/clerk/elections_voting_information/2026_primary_election_results.php,,,county_complete,write_in_aggregate,Lincoln,,,,,,41,,wy|lincoln|wy-2026-primary|county_local_summary|077bce5883de780344b6bbee138312d0831870e4243922965df5c85dcc45b623|wy-2026-primary|county|lincoln|precinct-committeeman-2-9|rep|write_in_aggregate|write_in_aggregate|Lincoln|COUNTY
wy-2026-primary,wy|lincoln|wy-2026-primary|county_local_summary,Lincoln,wy-2026-primary|county|lincoln|precinct-committeeman-2-9|rep,REP PRECINCT COMMITTEEMAN 2-9,Precinct Committeeman 2-9,county,,REP,REP,precinct,077bce5883de780344b6bbee138312d0831870e4243922965df5c85dcc45b623,2026-08-21T12:50:07Z,,county_summary_pdf_v1,1.1.5,1,verified,https://www.lincolncountywy.gov/government/clerk/elections_voting_information/2026_primary_election_results.php,,,county_complete,overvote,Lincoln,,,,,,0,,wy|lincoln|wy-2026-primary|county_local_summary|077bce5883de780344b6bbee138312d0831870e4243922965df5c85dcc45b623|wy-2026-primary|county|lincoln|precinct-committeeman-2-9|rep|overvote|overvote|Lincoln|COUNTY
wy-2026-primary,wy|lincoln|wy-2026-primary|county_local_summary,Lincoln,wy-2026-primary|county|lincoln|precinct-committeeman-2-9|rep,REP PRECINCT COMMITTEEMAN 2-9,Precinct Committeeman 2-9,county,,REP,REP,precinct,077bce5883de780344b6bbee138312d0831870e4243922965df5c85dcc45b623,2026-08-21T12:50:07Z,,county_summary_pdf_v1,1.1.5,1,verified,https://www.lincolncountywy.gov/government/clerk/elections_voting_information/2026_primary_election_results.php,,,county_complete,undervote,Lincoln,,,,,,447,,wy|lincoln|wy-2026-primary|county_local_summary|077bce5883de780344b6bbee138312d0831870e4243922965df5c85dcc45b623|wy-2026-primary|county|lincoln|precinct-committeeman-2-9|rep|undervote|undervote|Lincoln|COUNTY
wy-2026-primary,wy|lincoln|wy-2026-primary|county_local_summary,Lincoln,wy-2026-primary|county|lincoln|precinct-committeewoman-2-9|rep,REP PRECINCT COMMITTEEWOMAN 2-9,Precinct Committeewoman 2-9,county,,REP,REP,precinct,077bce5883de780344b6bbee138312d0831870e4243922965df5c85dcc45b623,2026-08-21T12:50:07Z,,county_summary_pdf_v1,1.1.5,1,verified,https://www.lincolncountywy.gov/government/clerk/elections_voting_information/2026_primary_election_results.php,,,county_complete,candidate,Lincoln,,,CAROLYN REED,CAROLYN REED,,223,,wy|lincoln|wy-2026-primary|county_local_summary|077bce5883de780344b6bbee138312d0831870e4243922965df5c85dcc45b623|wy-2026-primary|county|lincoln|precinct-committeewoman-2-9|rep|candidate|CAROLYN REED|Lincoln|COUNTY
wy-2026-primary,wy|lincoln|wy-2026-primary|county_local_summary,Lincoln,wy-2026-primary|county|lincoln|precinct-committeewoman-2-9|rep,REP PRECINCT COMMITTEEWOMAN 2-9,Precinct Committeewoman 2-9,county,,REP,REP,precinct,077bce5883de780344b6bbee138312d0831870e4243922965df5c85dcc45b623,2026-08-21T12:50:07Z,,county_summary_pdf_v1,1.1.5,1,verified,https://www.lincolncountywy.gov/government/clerk/elections_voting_information/2026_primary_election_results.php,,,county_complete,write_in_aggregate,Lincoln,,,,,,5,,wy|lincoln|wy-2026-primary|county_local_summary|077bce5883de780344b6bbee138312d0831870e4243922965df5c85dcc45b623|wy-2026-primary|county|lincoln|precinct-committeewoman-2-9|rep|write_in_aggregate|write_in_aggregate|Lincoln|COUNTY
wy-2026-primary,wy|lincoln|wy-2026-primary|county_local_summary,Lincoln,wy-2026-primary|county|lincoln|precinct-committeewoman-2-9|rep,REP PRECINCT COMMITTEEWOMAN 2-9,Precinct Committeewoman 2-9,county,,REP,REP,precinct,077bce5883de780344b6bbee138312d0831870e4243922965df5c85dcc45b623,2026-08-21T12:50:07Z,,county_summary_pdf_v1,1.1.5,1,verified,https://www.lincolncountywy.gov/government/clerk/elections_voting_information/2026_primary_election_results.php,,,county_complete,overvote,Lincoln,,,,,,0,,wy|lincoln|wy-2026-primary|county_local_summary|077bce5883de780344b6bbee138312d0831870e4243922965df5c85dcc45b623|wy-2026-primary|county|lincoln|precinct-committeewoman-2-9|rep|overvote|overvote|Lincoln|COUNTY
wy-2026-primary,wy|lincoln|wy-2026-primary|county_local_summary,Lincoln,wy-2026-primary|county|lincoln|precinct-committeewoman-2-9|rep,REP PRECINCT COMMITTEEWOMAN 2-9,Precinct Committeewoman 2-9,county,,REP,REP,precinct,077bce5883de780344b6bbee138312d0831870e4243922965df5c85dcc45b623,2026-08-21T12:50:07Z,,county_summary_pdf_v1,1.1.5,1,verified,https://www.lincolncountywy.gov/government/clerk/elections_voting_information/2026_primary_election_results.php,,,county_complete,undervote,Lincoln,,,,,,260,,wy|lincoln|wy-2026-primary|county_local_summary|077bce5883de780344b6bbee138312d0831870e4243922965df5c85dcc45b623|wy-2026-primary|county|lincoln|precinct-committeewoman-2-9|rep|undervote|undervote|Lincoln|COUNTY
wy-2026-primary,wy|lincoln|wy-2026-primary|county_local_summary,Lincoln,wy-2026-primary|county|lincoln|precinct-committeeman-2-10|rep,REP PRECINCT COMMITTEEMAN 2-10,Precinct Committeeman 2-10,county,,REP,REP,precinct,077bce5883de780344b6bbee138312d0831870e4243922965df5c85dcc45b623,2026-08-21T12:50:07Z,,county_summary_pdf_v1,1.1.5,1,verified,https://www.lincolncountywy.gov/government/clerk/elections_voting_information/2026_primary_election_results.php,,,county_complete,candidate,Lincoln,,,TREVOR AITKEN,TREVOR AITKEN,,442,,wy|lincoln|wy-2026-primary|county_local_summary|077bce5883de780344b6bbee138312d0831870e4243922965df5c85dcc45b623|wy-2026-primary|county|lincoln|precinct-committeeman-2-10|rep|candidate|TREVOR AITKEN|Lincoln|COUNTY
wy-2026-primary,wy|lincoln|wy-2026-primary|county_local_summary,Lincoln,wy-2026-primary|county|lincoln|precinct-committeeman-2-10|rep,REP PRECINCT COMMITTEEMAN 2-10,Precinct Committeeman 2-10,county,,REP,REP,precinct,077bce5883de780344b6bbee138312d0831870e4243922965df5c85dcc45b623,2026-08-21T12:50:07Z,,county_summary_pdf_v1,1.1.5,1,verified,https://www.lincolncountywy.gov/government/clerk/elections_voting_information/2026_primary_election_results.php,,,county_complete,write_in_aggregate,Lincoln,,,,,,44,,wy|lincoln|wy-2026-primary|county_local_summary|077bce5883de780344b6bbee138312d0831870e4243922965df5c85dcc45b623|wy-2026-primary|county|lincoln|precinct-committeeman-2-10|rep|write_in_aggregate|write_in_aggregate|Lincoln|COUNTY
wy-2026-primary,wy|lincoln|wy-2026-primary|county_local_summary,Lincoln,wy-2026-primary|county|lincoln|precinct-committeeman-2-10|rep,REP PRECINCT COMMITTEEMAN 2-10,Precinct Committeeman 2-10,county,,REP,REP,precinct,077bce5883de780344b6bbee138312d0831870e4243922965df5c85dcc45b623,2026-08-21T12:50:07Z,,county_summary_pdf_v1,1.1.5,1,verified,https://www.lincolncountywy.gov/government/clerk/elections_voting_information/2026_primary_election_results.php,,,county_complete,overvote,Lincoln,,,,,,0,,wy|lincoln|wy-2026-primary|county_local_summary|077bce5883de780344b6bbee138312d0831870e4243922965df5c85dcc45b623|wy-2026-primary|county|lincoln|precinct-committeeman-2-10|rep|overvote|overvote|Lincoln|COUNTY
wy-2026-primary,wy|lincoln|wy-2026-primary|county_local_summary,Lincoln,wy-2026-primary|county|lincoln|precinct-committeeman-2-10|rep,REP PRECINCT COMMITTEEMAN 2-10,Precinct Committeeman 2-10,county,,REP,REP,precinct,077bce5883de780344b6bbee138312d0831870e4243922965df5c85dcc45b623,2026-08-21T12:50:07Z,,county_summary_pdf_v1,1.1.5,1,verified,https://www.lincolncountywy.gov/government/clerk/elections_voting_information/2026_primary_election_results.php,,,county_complete,undervote,Lincoln,,,,,,1914,,wy|lincoln|wy-2026-primary|county_local_summary|077bce5883de780344b6bbee138312d0831870e4243922965df5c85dcc45b623|wy-2026-primary|county|lincoln|precinct-committeeman-2-10|rep|undervote|undervote|Lincoln|COUNTY
wy-2026-primary,wy|lincoln|wy-2026-primary|county_local_summary,Lincoln,wy-2026-primary|county|lincoln|precinct-committeewoman-2-10|rep,REP PRECINCT COMMITTEEWOMAN 2-10,Precinct Committeewoman 2-10,county,,REP,REP,precinct,077bce5883de780344b6bbee138312d0831870e4243922965df5c85dcc45b623,2026-08-21T12:50:07Z,,county_summary_pdf_v1,1.1.5,1,verified,https://www.lincolncountywy.gov/government/clerk/elections_voting_information/2026_primary_election_results.php,,,county_complete,candidate,Lincoln,,,SALLY HUMPHERYS,SALLY HUMPHERYS,,373,,wy|lincoln|wy-2026-primary|county_local_summary|077bce5883de780344b6bbee138312d0831870e4243922965df5c85dcc45b623|wy-2026-primary|county|lincoln|precinct-committeewoman-2-10|rep|candidate|SALLY HUMPHERYS|Lincoln|COUNTY
wy-2026-primary,wy|lincoln|wy-2026-primary|county_local_summary,Lincoln,wy-2026-primary|county|lincoln|precinct-committeewoman-2-10|rep,REP PRECINCT COMMITTEEWOMAN 2-10,Precinct Committeewoman 2-10,county,,REP,REP,precinct,077bce5883de780344b6bbee138312d0831870e4243922965df5c85dcc45b623,2026-08-21T12:50:07Z,,county_summary_pdf_v1,1.1.5,1,verified,https://www.lincolncountywy.gov/government/clerk/elections_voting_information/2026_primary_election_results.php,,,county_complete,candidate,Lincoln,,,REBECCA HUTCHINSON,REBECCA HUTCHINSON,,394,,wy|lincoln|wy-2026-primary|county_local_summary|077bce5883de780344b6bbee138312d0831870e4243922965df5c85dcc45b623|wy-2026-primary|county|lincoln|precinct-committeewoman-2-10|rep|candidate|REBECCA HUTCHINSON|Lincoln|COUNTY
wy-2026-primary,wy|lincoln|wy-2026-primary|county_local_summary,Lincoln,wy-2026-primary|county|lincoln|precinct-committeewoman-2-10|rep,REP PRECINCT COMMITTEEWOMAN 2-10,Precinct Committeewoman 2-10,county,,REP,REP,precinct,077bce5883de780344b6bbee138312d0831870e4243922965df5c85dcc45b623,2026-08-21T12:50:07Z,,county_summary_pdf_v1,1.1.5,1,verified,https://www.lincolncountywy.gov/government/clerk/elections_voting_information/2026_primary_election_results.php,,,county_complete,write_in_aggregate,Lincoln,,,,,,23,,wy|lincoln|wy-2026-primary|county_local_summary|077bce5883de780344b6bbee138312d0831870e4243922965df5c85dcc45b623|wy-2026-primary|county|lincoln|precinct-committeewoman-2-10|rep|write_in_aggregate|write_in_aggregate|Lincoln|COUNTY
wy-2026-primary,wy|lincoln|wy-2026-primary|county_local_summary,Lincoln,wy-2026-primary|county|lincoln|precinct-committeewoman-2-10|rep,REP PRECINCT COMMITTEEWOMAN 2-10,Precinct Committeewoman 2-10,county,,REP,REP,precinct,077bce5883de780344b6bbee138312d0831870e4243922965df5c85dcc45b623,2026-08-21T12:50:07Z,,county_summary_pdf_v1,1.1.5,1,verified,https://www.lincolncountywy.gov/government/clerk/elections_voting_information/2026_primary_election_results.php,,,county_complete,overvote,Lincoln,,,,,,0,,wy|lincoln|wy-2026-primary|county_local_summary|077bce5883de780344b6bbee138312d0831870e4243922965df5c85dcc45b623|wy-2026-primary|county|lincoln|precinct-committeewoman-2-10|rep|overvote|overvote|Lincoln|COUNTY
wy-2026-primary,wy|lincoln|wy-2026-primary|county_local_summary,Lincoln,wy-2026-primary|county|lincoln|precinct-committeewoman-2-10|rep,REP PRECINCT COMMITTEEWOMAN 2-10,Precinct Committeewoman 2-10,county,,REP,REP,precinct,077bce5883de780344b6bbee138312d0831870e4243922965df5c85dcc45b623,2026-08-21T12:50:07Z,,county_summary_pdf_v1,1.1.5,1,verified,https://www.lincolncountywy.gov/government/clerk/elections_voting_information/2026_primary_election_results.php,,,county_complete,undervote,Lincoln,,,,,,1610,,wy|lincoln|wy-2026-primary|county_local_summary|077bce5883de780344b6bbee138312d0831870e4243922965df5c85dcc45b623|wy-2026-primary|county|lincoln|precinct-committeewoman-2-10|rep|undervote|undervote|Lincoln|COUNTY
wy-2026-primary,wy|lincoln|wy-2026-primary|county_local_summary,Lincoln,wy-2026-primary|county|lincoln|county-commissioner|dem,DEM COUNTY COMMISSIONER,County Commissioner,county,,DEM,DEM,county,077bce5883de780344b6bbee138312d0831870e4243922965df5c85dcc45b623,2026-08-21T12:50:07Z,,county_summary_pdf_v1,1.1.5,1,verified,https://www.lincolncountywy.gov/government/clerk/elections_voting_information/2026_primary_election_results.php,,,county_complete,write_in_aggregate,Lincoln,,,,,,43,,wy|lincoln|wy-2026-primary|county_local_summary|077bce5883de780344b6bbee138312d0831870e4243922965df5c85dcc45b623|wy-2026-primary|county|lincoln|county-commissioner|dem|write_in_aggregate|write_in_aggregate|Lincoln|COUNTY
wy-2026-primary,wy|lincoln|wy-2026-primary|county_local_summary,Lincoln,wy-2026-primary|county|lincoln|county-commissioner|dem,DEM COUNTY COMMISSIONER,County Commissioner,county,,DEM,DEM,county,077bce5883de780344b6bbee138312d0831870e4243922965df5c85dcc45b623,2026-08-21T12:50:07Z,,county_summary_pdf_v1,1.1.5,1,verified,https://www.lincolncountywy.gov/government/clerk/elections_voting_information/2026_primary_election_results.php,,,county_complete,overvote,Lincoln,,,,,,0,,wy|lincoln|wy-2026-primary|county_local_summary|077bce5883de780344b6bbee138312d0831870e4243922965df5c85dcc45b623|wy-2026-primary|county|lincoln|county-commissioner|dem|overvote|overvote|Lincoln|COUNTY
wy-2026-primary,wy|lincoln|wy-2026-primary|county_local_summary,Lincoln,wy-2026-primary|county|lincoln|county-commissioner|dem,DEM COUNTY COMMISSIONER,County Commissioner,county,,DEM,DEM,county,077bce5883de780344b6bbee138312d0831870e4243922965df5c85dcc45b623,2026-08-21T12:50:07Z,,county_summary_pdf_v1,1.1.5,1,verified,https://www.lincolncountywy.gov/government/clerk/elections_voting_information/2026_primary_election_results.php,,,county_complete,undervote,Lincoln,,,,,,359,,wy|lincoln|wy-2026-primary|county_local_summary|077bce5883de780344b6bbee138312d0831870e4243922965df5c85dcc45b623|wy-2026-primary|county|lincoln|county-commissioner|dem|undervote|undervote|Lincoln|COUNTY
wy-2026-primary,wy|lincoln|wy-2026-primary|county_local_summary,Lincoln,wy-2026-primary|county|lincoln|county-coroner|dem,DEM COUNTY CORONER,County Coroner,county,,DEM,DEM,county,077bce5883de780344b6bbee138312d0831870e4243922965df5c85dcc45b623,2026-08-21T12:50:07Z,,county_summary_pdf_v1,1.1.5,1,verified,https://www.lincolncountywy.gov/government/clerk/elections_voting_information/2026_primary_election_results.php,,,county_complete,write_in_aggregate,Lincoln,,,,,,7,,wy|lincoln|wy-2026-primary|county_local_summary|077bce5883de780344b6bbee138312d0831870e4243922965df5c85dcc45b623|wy-2026-primary|county|lincoln|county-coroner|dem|write_in_aggregate|write_in_aggregate|Lincoln|COUNTY
wy-2026-primary,wy|lincoln|wy-2026-primary|county_local_summary,Lincoln,wy-2026-primary|county|lincoln|county-coroner|dem,DEM COUNTY CORONER,County Coroner,county,,DEM,DEM,county,077bce5883de780344b6bbee138312d0831870e4243922965df5c85dcc45b623,2026-08-21T12:50:07Z,,county_summary_pdf_v1,1.1.5,1,verified,https://www.lincolncountywy.gov/government/clerk/elections_voting_information/2026_primary_election_results.php,,,county_complete,overvote,Lincoln,,,,,,0,,wy|lincoln|wy-2026-primary|county_local_summary|077bce5883de780344b6bbee138312d0831870e4243922965df5c85dcc45b623|wy-2026-primary|county|lincoln|county-coroner|dem|overvote|overvote|Lincoln|COUNTY
wy-2026-primary,wy|lincoln|wy-2026-primary|county_local_summary,Lincoln,wy-2026-primary|county|lincoln|county-coroner|dem,DEM COUNTY CORONER,County Coroner,county,,DEM,DEM,county,077bce5883de780344b6bbee138312d0831870e4243922965df5c85dcc45b623,2026-08-21T12:50:07Z,,county_summary_pdf_v1,1.1.5,1,verified,https://www.lincolncountywy.gov/government/clerk/elections_voting_information/2026_primary_election_results.php,,,county_complete,undervote,Lincoln,,,,,,194,,wy|lincoln|wy-2026-primary|county_local_summary|077bce5883de780344b6bbee138312d0831870e4243922965df5c85dcc45b623|wy-2026-primary|county|lincoln|county-coroner|dem|undervote|undervote|Lincoln|COUNTY
wy-2026-primary,wy|lincoln|wy-2026-primary|county_local_summary,Lincoln,wy-2026-primary|county|lincoln|county-attorney|dem,DEM COUNTY ATTORNEY,County Attorney,county,,DEM,DEM,county,077bce5883de780344b6bbee138312d0831870e4243922965df5c85dcc45b623,2026-08-21T12:50:07Z,,county_summary_pdf_v1,1.1.5,1,verified,https://www.lincolncountywy.gov/government/clerk/elections_voting_information/2026_primary_election_results.php,,,county_complete,write_in_aggregate,Lincoln,,,,,,11,,wy|lincoln|wy-2026-primary|county_local_summary|077bce5883de780344b6bbee138312d0831870e4243922965df5c85dcc45b623|wy-2026-primary|county|lincoln|county-attorney|dem|write_in_aggregate|write_in_aggregate|Lincoln|COUNTY
wy-2026-primary,wy|lincoln|wy-2026-primary|county_local_summary,Lincoln,wy-2026-primary|county|lincoln|county-attorney|dem,DEM COUNTY ATTORNEY,County Attorney,county,,DEM,DEM,county,077bce5883de780344b6bbee138312d0831870e4243922965df5c85dcc45b623,2026-08-21T12:50:07Z,,county_summary_pdf_v1,1.1.5,1,verified,https://www.lincolncountywy.gov/government/clerk/elections_voting_information/2026_primary_election_results.php,,,county_complete,overvote,Lincoln,,,,,,0,,wy|lincoln|wy-2026-primary|county_local_summary|077bce5883de780344b6bbee138312d0831870e4243922965df5c85dcc45b623|wy-2026-primary|county|lincoln|county-attorney|dem|overvote|overvote|Lincoln|COUNTY
wy-2026-primary,wy|lincoln|wy-2026-primary|county_local_summary,Lincoln,wy-2026-primary|county|lincoln|county-attorney|dem,DEM COUNTY ATTORNEY,County Attorney,county,,DEM,DEM,county,077bce5883de780344b6bbee138312d0831870e4243922965df5c85dcc45b623,2026-08-21T12:50:07Z,,county_summary_pdf_v1,1.1.5,1,verified,https://www.lincolncountywy.gov/government/clerk/elections_voting_information/2026_primary_election_results.php,,,county_complete,undervote,Lincoln,,,,,,190,,wy|lincoln|wy-2026-primary|county_local_summary|077bce5883de780344b6bbee138312d0831870e4243922965df5c85dcc45b623|wy-2026-primary|county|lincoln|county-attorney|dem|undervote|undervote|Lincoln|COUNTY
wy-2026-primary,wy|lincoln|wy-2026-primary|county_local_summary,Lincoln,wy-2026-primary|county|lincoln|county-sheriff|dem,DEM COUNTY SHERIFF,County Sheriff,county,,DEM,DEM,county,077bce5883de780344b6bbee138312d0831870e4243922965df5c85dcc45b623,2026-08-21T12:50:07Z,,county_summary_pdf_v1,1.1.5,1,verified,https://www.lincolncountywy.gov/government/clerk/elections_voting_information/2026_primary_election_results.php,,,county_complete,write_in_aggregate,Lincoln,,,,,,16,,wy|lincoln|wy-2026-primary|county_local_summary|077bce5883de780344b6bbee138312d0831870e4243922965df5c85dcc45b623|wy-2026-primary|county|lincoln|county-sheriff|dem|write_in_aggregate|write_in_aggregate|Lincoln|COUNTY
wy-2026-primary,wy|lincoln|wy-2026-primary|county_local_summary,Lincoln,wy-2026-primary|county|lincoln|county-sheriff|dem,DEM COUNTY SHERIFF,County Sheriff,county,,DEM,DEM,county,077bce5883de780344b6bbee138312d0831870e4243922965df5c85dcc45b623,2026-08-21T12:50:07Z,,county_summary_pdf_v1,1.1.5,1,verified,https://www.lincolncountywy.gov/government/clerk/elections_voting_information/2026_primary_election_results.php,,,county_complete,overvote,Lincoln,,,,,,0,,wy|lincoln|wy-2026-primary|county_local_summary|077bce5883de780344b6bbee138312d0831870e4243922965df5c85dcc45b623|wy-2026-primary|county|lincoln|county-sheriff|dem|overvote|overvote|Lincoln|COUNTY
wy-2026-primary,wy|lincoln|wy-2026-primary|county_local_summary,Lincoln,wy-2026-primary|county|lincoln|county-sheriff|dem,DEM COUNTY SHERIFF,County Sheriff,county,,DEM,DEM,county,077bce5883de780344b6bbee138312d0831870e4243922965df5c85dcc45b623,2026-08-21T12:50:07Z,,county_summary_pdf_v1,1.1.5,1,verified,https://www.lincolncountywy.gov/government/clerk/elections_voting_information/2026_primary_election_results.php,,,county_complete,undervote,Lincoln,,,,,,185,,wy|lincoln|wy-2026-primary|county_local_summary|077bce5883de780344b6bbee138312d0831870e4243922965df5c85dcc45b623|wy-2026-primary|county|lincoln|county-sheriff|dem|undervote|undervote|Lincoln|COUNTY
wy-2026-primary,wy|lincoln|wy-2026-primary|county_local_summary,Lincoln,wy-2026-primary|county|lincoln|county-clerk|dem,DEM COUNTY CLERK,County Clerk,county,,DEM,DEM,county,077bce5883de780344b6bbee138312d0831870e4243922965df5c85dcc45b623,2026-08-21T12:50:07Z,,county_summary_pdf_v1,1.1.5,1,verified,https://www.lincolncountywy.gov/government/clerk/elections_voting_information/2026_primary_election_results.php,,,county_complete,write_in_aggregate,Lincoln,,,,,,7,,wy|lincoln|wy-2026-primary|county_local_summary|077bce5883de780344b6bbee138312d0831870e4243922965df5c85dcc45b623|wy-2026-primary|county|lincoln|county-clerk|dem|write_in_aggregate|write_in_aggregate|Lincoln|COUNTY
wy-2026-primary,wy|lincoln|wy-2026-primary|county_local_summary,Lincoln,wy-2026-primary|county|lincoln|county-clerk|dem,DEM COUNTY CLERK,County Clerk,county,,DEM,DEM,county,077bce5883de780344b6bbee138312d0831870e4243922965df5c85dcc45b623,2026-08-21T12:50:07Z,,county_summary_pdf_v1,1.1.5,1,verified,https://www.lincolncountywy.gov/government/clerk/elections_voting_information/2026_primary_election_results.php,,,county_complete,overvote,Lincoln,,,,,,0,,wy|lincoln|wy-2026-primary|county_local_summary|077bce5883de780344b6bbee138312d0831870e4243922965df5c85dcc45b623|wy-2026-primary|county|lincoln|county-clerk|dem|overvote|overvote|Lincoln|COUNTY
wy-2026-primary,wy|lincoln|wy-2026-primary|county_local_summary,Lincoln,wy-2026-primary|county|lincoln|county-clerk|dem,DEM COUNTY CLERK,County Clerk,county,,DEM,DEM,county,077bce5883de780344b6bbee138312d0831870e4243922965df5c85dcc45b623,2026-08-21T12:50:07Z,,county_summary_pdf_v1,1.1.5,1,verified,https://www.lincolncountywy.gov/government/clerk/elections_voting_information/2026_primary_election_results.php,,,county_complete,undervote,Lincoln,,,,,,194,,wy|lincoln|wy-2026-primary|county_local_summary|077bce5883de780344b6bbee138312d0831870e4243922965df5c85dcc45b623|wy-2026-primary|county|lincoln|county-clerk|dem|undervote|undervote|Lincoln|COUNTY
wy-2026-primary,wy|lincoln|wy-2026-primary|county_local_summary,Lincoln,wy-2026-primary|county|lincoln|county-treasurer|dem,DEM COUNTY TREASURER,County Treasurer,county,,DEM,DEM,county,077bce5883de780344b6bbee138312d0831870e4243922965df5c85dcc45b623,2026-08-21T12:50:07Z,,county_summary_pdf_v1,1.1.5,1,verified,https://www.lincolncountywy.gov/government/clerk/elections_voting_information/2026_primary_election_results.php,,,county_complete,write_in_aggregate,Lincoln,,,,,,11,,wy|lincoln|wy-2026-primary|county_local_summary|077bce5883de780344b6bbee138312d0831870e4243922965df5c85dcc45b623|wy-2026-primary|county|lincoln|county-treasurer|dem|write_in_aggregate|write_in_aggregate|Lincoln|COUNTY
wy-2026-primary,wy|lincoln|wy-2026-primary|county_local_summary,Lincoln,wy-2026-primary|county|lincoln|county-treasurer|dem,DEM COUNTY TREASURER,County Treasurer,county,,DEM,DEM,county,077bce5883de780344b6bbee138312d0831870e4243922965df5c85dcc45b623,2026-08-21T12:50:07Z,,county_summary_pdf_v1,1.1.5,1,verified,https://www.lincolncountywy.gov/government/clerk/elections_voting_information/2026_primary_election_results.php,,,county_complete,overvote,Lincoln,,,,,,0,,wy|lincoln|wy-2026-primary|county_local_summary|077bce5883de780344b6bbee138312d0831870e4243922965df5c85dcc45b623|wy-2026-primary|county|lincoln|county-treasurer|dem|overvote|overvote|Lincoln|COUNTY
wy-2026-primary,wy|lincoln|wy-2026-primary|county_local_summary,Lincoln,wy-2026-primary|county|lincoln|county-treasurer|dem,DEM COUNTY TREASURER,County Treasurer,county,,DEM,DEM,county,077bce5883de780344b6bbee138312d0831870e4243922965df5c85dcc45b623,2026-08-21T12:50:07Z,,county_summary_pdf_v1,1.1.5,1,verified,https://www.lincolncountywy.gov/government/clerk/elections_voting_information/2026_primary_election_results.php,,,county_complete,undervote,Lincoln,,,,,,190,,wy|lincoln|wy-2026-primary|county_local_summary|077bce5883de780344b6bbee138312d0831870e4243922965df5c85dcc45b623|wy-2026-primary|county|lincoln|county-treasurer|dem|undervote|undervote|Lincoln|COUNTY
wy-2026-primary,wy|lincoln|wy-2026-primary|county_local_summary,Lincoln,wy-2026-primary|county|lincoln|county-assessor|dem,DEM COUNTY ASSESSOR,County Assessor,county,,DEM,DEM,county,077bce5883de780344b6bbee138312d0831870e4243922965df5c85dcc45b623,2026-08-21T12:50:07Z,,county_summary_pdf_v1,1.1.5,1,verified,https://www.lincolncountywy.gov/government/clerk/elections_voting_information/2026_primary_election_results.php,,,county_complete,write_in_aggregate,Lincoln,,,,,,11,,wy|lincoln|wy-2026-primary|county_local_summary|077bce5883de780344b6bbee138312d0831870e4243922965df5c85dcc45b623|wy-2026-primary|county|lincoln|county-assessor|dem|write_in_aggregate|write_in_aggregate|Lincoln|COUNTY
wy-2026-primary,wy|lincoln|wy-2026-primary|county_local_summary,Lincoln,wy-2026-primary|county|lincoln|county-assessor|dem,DEM COUNTY ASSESSOR,County Assessor,county,,DEM,DEM,county,077bce5883de780344b6bbee138312d0831870e4243922965df5c85dcc45b623,2026-08-21T12:50:07Z,,county_summary_pdf_v1,1.1.5,1,verified,https://www.lincolncountywy.gov/government/clerk/elections_voting_information/2026_primary_election_results.php,,,county_complete,overvote,Lincoln,,,,,,0,,wy|lincoln|wy-2026-primary|county_local_summary|077bce5883de780344b6bbee138312d0831870e4243922965df5c85dcc45b623|wy-2026-primary|county|lincoln|county-assessor|dem|overvote|overvote|Lincoln|COUNTY
wy-2026-primary,wy|lincoln|wy-2026-primary|county_local_summary,Lincoln,wy-2026-primary|county|lincoln|county-assessor|dem,DEM COUNTY ASSESSOR,County Assessor,county,,DEM,DEM,county,077bce5883de780344b6bbee138312d0831870e4243922965df5c85dcc45b623,2026-08-21T12:50:07Z,,county_summary_pdf_v1,1.1.5,1,verified,https://www.lincolncountywy.gov/government/clerk/elections_voting_information/2026_primary_election_results.php,,,county_complete,undervote,Lincoln,,,,,,190,,wy|lincoln|wy-2026-primary|county_local_summary|077bce5883de780344b6bbee138312d0831870e4243922965df5c85dcc45b623|wy-2026-primary|county|lincoln|county-assessor|dem|undervote|undervote|Lincoln|COUNTY
wy-2026-primary,wy|lincoln|wy-2026-primary|county_local_summary,Lincoln,wy-2026-primary|county|lincoln|clerk-of-district-court|dem,DEM CLERK OF DISTRICT COURT,Clerk Of District Court,county,,DEM,DEM,county,077bce5883de780344b6bbee138312d0831870e4243922965df5c85dcc45b623,2026-08-21T12:50:07Z,,county_summary_pdf_v1,1.1.5,1,verified,https://www.lincolncountywy.gov/government/clerk/elections_voting_information/2026_primary_election_results.php,,,county_complete,write_in_aggregate,Lincoln,,,,,,4,,wy|lincoln|wy-2026-primary|county_local_summary|077bce5883de780344b6bbee138312d0831870e4243922965df5c85dcc45b623|wy-2026-primary|county|lincoln|clerk-of-district-court|dem|write_in_aggregate|write_in_aggregate|Lincoln|COUNTY
wy-2026-primary,wy|lincoln|wy-2026-primary|county_local_summary,Lincoln,wy-2026-primary|county|lincoln|clerk-of-district-court|dem,DEM CLERK OF DISTRICT COURT,Clerk Of District Court,county,,DEM,DEM,county,077bce5883de780344b6bbee138312d0831870e4243922965df5c85dcc45b623,2026-08-21T12:50:07Z,,county_summary_pdf_v1,1.1.5,1,verified,https://www.lincolncountywy.gov/government/clerk/elections_voting_information/2026_primary_election_results.php,,,county_complete,overvote,Lincoln,,,,,,0,,wy|lincoln|wy-2026-primary|county_local_summary|077bce5883de780344b6bbee138312d0831870e4243922965df5c85dcc45b623|wy-2026-primary|county|lincoln|clerk-of-district-court|dem|overvote|overvote|Lincoln|COUNTY
wy-2026-primary,wy|lincoln|wy-2026-primary|county_local_summary,Lincoln,wy-2026-primary|county|lincoln|clerk-of-district-court|dem,DEM CLERK OF DISTRICT COURT,Clerk Of District Court,county,,DEM,DEM,county,077bce5883de780344b6bbee138312d0831870e4243922965df5c85dcc45b623,2026-08-21T12:50:07Z,,county_summary_pdf_v1,1.1.5,1,verified,https://www.lincolncountywy.gov/government/clerk/elections_voting_information/2026_primary_election_results.php,,,county_complete,undervote,Lincoln,,,,,,197,,wy|lincoln|wy-2026-primary|county_local_summary|077bce5883de780344b6bbee138312d0831870e4243922965df5c85dcc45b623|wy-2026-primary|county|lincoln|clerk-of-district-court|dem|undervote|undervote|Lincoln|COUNTY
wy-2026-primary,wy|lincoln|wy-2026-primary|county_local_summary,Lincoln,wy-2026-primary|county|lincoln|precinct-committeeman-1-1|dem,DEM PRECINCT COMMITTEEMAN 1-1,Precinct Committeeman 1-1,county,,DEM,DEM,precinct,077bce5883de780344b6bbee138312d0831870e4243922965df5c85dcc45b623,2026-08-21T12:50:07Z,,county_summary_pdf_v1,1.1.5,1,verified,https://www.lincolncountywy.gov/government/clerk/elections_voting_information/2026_primary_election_results.php,,,county_complete,write_in_aggregate,Lincoln,,,,,,1,,wy|lincoln|wy-2026-primary|county_local_summary|077bce5883de780344b6bbee138312d0831870e4243922965df5c85dcc45b623|wy-2026-primary|county|lincoln|precinct-committeeman-1-1|dem|write_in_aggregate|write_in_aggregate|Lincoln|COUNTY
wy-2026-primary,wy|lincoln|wy-2026-primary|county_local_summary,Lincoln,wy-2026-primary|county|lincoln|precinct-committeeman-1-1|dem,DEM PRECINCT COMMITTEEMAN 1-1,Precinct Committeeman 1-1,county,,DEM,DEM,precinct,077bce5883de780344b6bbee138312d0831870e4243922965df5c85dcc45b623,2026-08-21T12:50:07Z,,county_summary_pdf_v1,1.1.5,1,verified,https://www.lincolncountywy.gov/government/clerk/elections_voting_information/2026_primary_election_results.php,,,county_complete,overvote,Lincoln,,,,,,0,,wy|lincoln|wy-2026-primary|county_local_summary|077bce5883de780344b6bbee138312d0831870e4243922965df5c85dcc45b623|wy-2026-primary|county|lincoln|precinct-committeeman-1-1|dem|overvote|overvote|Lincoln|COUNTY
wy-2026-primary,wy|lincoln|wy-2026-primary|county_local_summary,Lincoln,wy-2026-primary|county|lincoln|precinct-committeeman-1-1|dem,DEM PRECINCT COMMITTEEMAN 1-1,Precinct Committeeman 1-1,county,,DEM,DEM,precinct,077bce5883de780344b6bbee138312d0831870e4243922965df5c85dcc45b623,2026-08-21T12:50:07Z,,county_summary_pdf_v1,1.1.5,1,verified,https://www.lincolncountywy.gov/government/clerk/elections_voting_information/2026_primary_election_results.php,,,county_complete,undervote,Lincoln,,,,,,48,,wy|lincoln|wy-2026-primary|county_local_summary|077bce5883de780344b6bbee138312d0831870e4243922965df5c85dcc45b623|wy-2026-primary|county|lincoln|precinct-committeeman-1-1|dem|undervote|undervote|Lincoln|COUNTY
wy-2026-primary,wy|lincoln|wy-2026-primary|county_local_summary,Lincoln,wy-2026-primary|county|lincoln|precinct-committeewoman-1-1|dem,DEM PRECINCT COMMITTEEWOMAN 1-1,Precinct Committeewoman 1-1,county,,DEM,DEM,precinct,077bce5883de780344b6bbee138312d0831870e4243922965df5c85dcc45b623,2026-08-21T12:50:07Z,,county_summary_pdf_v1,1.1.5,1,verified,https://www.lincolncountywy.gov/government/clerk/elections_voting_information/2026_primary_election_results.php,,,county_complete,write_in_aggregate,Lincoln,,,,,,0,,wy|lincoln|wy-2026-primary|county_local_summary|077bce5883de780344b6bbee138312d0831870e4243922965df5c85dcc45b623|wy-2026-primary|county|lincoln|precinct-committeewoman-1-1|dem|write_in_aggregate|write_in_aggregate|Lincoln|COUNTY
wy-2026-primary,wy|lincoln|wy-2026-primary|county_local_summary,Lincoln,wy-2026-primary|county|lincoln|precinct-committeewoman-1-1|dem,DEM PRECINCT COMMITTEEWOMAN 1-1,Precinct Committeewoman 1-1,county,,DEM,DEM,precinct,077bce5883de780344b6bbee138312d0831870e4243922965df5c85dcc45b623,2026-08-21T12:50:07Z,,county_summary_pdf_v1,1.1.5,1,verified,https://www.lincolncountywy.gov/government/clerk/elections_voting_information/2026_primary_election_results.php,,,county_complete,overvote,Lincoln,,,,,,0,,wy|lincoln|wy-2026-primary|county_local_summary|077bce5883de780344b6bbee138312d0831870e4243922965df5c85dcc45b623|wy-2026-primary|county|lincoln|precinct-committeewoman-1-1|dem|overvote|overvote|Lincoln|COUNTY
wy-2026-primary,wy|lincoln|wy-2026-primary|county_local_summary,Lincoln,wy-2026-primary|county|lincoln|precinct-committeewoman-1-1|dem,DEM PRECINCT COMMITTEEWOMAN 1-1,Precinct Committeewoman 1-1,county,,DEM,DEM,precinct,077bce5883de780344b6bbee138312d0831870e4243922965df5c85dcc45b623,2026-08-21T12:50:07Z,,county_summary_pdf_v1,1.1.5,1,verified,https://www.lincolncountywy.gov/government/clerk/elections_voting_information/2026_primary_election_results.php,,,county_complete,undervote,Lincoln,,,,,,49,,wy|lincoln|wy-2026-primary|county_local_summary|077bce5883de780344b6bbee138312d0831870e4243922965df5c85dcc45b623|wy-2026-primary|county|lincoln|precinct-committeewoman-1-1|dem|undervote|undervote|Lincoln|COUNTY
wy-2026-primary,wy|lincoln|wy-2026-primary|county_local_summary,Lincoln,wy-2026-primary|county|lincoln|precinct-committeeman-1-4|dem,DEM PRECINCT COMMITTEEMAN 1-4,Precinct Committeeman 1-4,county,,DEM,DEM,precinct,077bce5883de780344b6bbee138312d0831870e4243922965df5c85dcc45b623,2026-08-21T12:50:07Z,,county_summary_pdf_v1,1.1.5,1,verified,https://www.lincolncountywy.gov/government/clerk/elections_voting_information/2026_primary_election_results.php,,,county_complete,write_in_aggregate,Lincoln,,,,,,1,,wy|lincoln|wy-2026-primary|county_local_summary|077bce5883de780344b6bbee138312d0831870e4243922965df5c85dcc45b623|wy-2026-primary|county|lincoln|precinct-committeeman-1-4|dem|write_in_aggregate|write_in_aggregate|Lincoln|COUNTY
wy-2026-primary,wy|lincoln|wy-2026-primary|county_local_summary,Lincoln,wy-2026-primary|county|lincoln|precinct-committeeman-1-4|dem,DEM PRECINCT COMMITTEEMAN 1-4,Precinct Committeeman 1-4,county,,DEM,DEM,precinct,077bce5883de780344b6bbee138312d0831870e4243922965df5c85dcc45b623,2026-08-21T12:50:07Z,,county_summary_pdf_v1,1.1.5,1,verified,https://www.lincolncountywy.gov/government/clerk/elections_voting_information/2026_primary_election_results.php,,,county_complete,overvote,Lincoln,,,,,,0,,wy|lincoln|wy-2026-primary|county_local_summary|077bce5883de780344b6bbee138312d0831870e4243922965df5c85dcc45b623|wy-2026-primary|county|lincoln|precinct-committeeman-1-4|dem|overvote|overvote|Lincoln|COUNTY
wy-2026-primary,wy|lincoln|wy-2026-primary|county_local_summary,Lincoln,wy-2026-primary|county|lincoln|precinct-committeeman-1-4|dem,DEM PRECINCT COMMITTEEMAN 1-4,Precinct Committeeman 1-4,county,,DEM,DEM,precinct,077bce5883de780344b6bbee138312d0831870e4243922965df5c85dcc45b623,2026-08-21T12:50:07Z,,county_summary_pdf_v1,1.1.5,1,verified,https://www.lincolncountywy.gov/government/clerk/elections_voting_information/2026_primary_election_results.php,,,county_complete,undervote,Lincoln,,,,,,14,,wy|lincoln|wy-2026-primary|county_local_summary|077bce5883de780344b6bbee138312d0831870e4243922965df5c85dcc45b623|wy-2026-primary|county|lincoln|precinct-committeeman-1-4|dem|undervote|undervote|Lincoln|COUNTY
wy-2026-primary,wy|lincoln|wy-2026-primary|county_local_summary,Lincoln,wy-2026-primary|county|lincoln|precinct-committeewoman-1-4|dem,DEM PRECINCT COMMITTEEWOMAN 1-4,Precinct Committeewoman 1-4,county,,DEM,DEM,precinct,077bce5883de780344b6bbee138312d0831870e4243922965df5c85dcc45b623,2026-08-21T12:50:07Z,,county_summary_pdf_v1,1.1.5,1,verified,https://www.lincolncountywy.gov/government/clerk/elections_voting_information/2026_primary_election_results.php,,,county_complete,write_in_aggregate,Lincoln,,,,,,0,,wy|lincoln|wy-2026-primary|county_local_summary|077bce5883de780344b6bbee138312d0831870e4243922965df5c85dcc45b623|wy-2026-primary|county|lincoln|precinct-committeewoman-1-4|dem|write_in_aggregate|write_in_aggregate|Lincoln|COUNTY
wy-2026-primary,wy|lincoln|wy-2026-primary|county_local_summary,Lincoln,wy-2026-primary|county|lincoln|precinct-committeewoman-1-4|dem,DEM PRECINCT COMMITTEEWOMAN 1-4,Precinct Committeewoman 1-4,county,,DEM,DEM,precinct,077bce5883de780344b6bbee138312d0831870e4243922965df5c85dcc45b623,2026-08-21T12:50:07Z,,county_summary_pdf_v1,1.1.5,1,verified,https://www.lincolncountywy.gov/government/clerk/elections_voting_information/2026_primary_election_results.php,,,county_complete,overvote,Lincoln,,,,,,0,,wy|lincoln|wy-2026-primary|county_local_summary|077bce5883de780344b6bbee138312d0831870e4243922965df5c85dcc45b623|wy-2026-primary|county|lincoln|precinct-committeewoman-1-4|dem|overvote|overvote|Lincoln|COUNTY
wy-2026-primary,wy|lincoln|wy-2026-primary|county_local_summary,Lincoln,wy-2026-primary|county|lincoln|precinct-committeewoman-1-4|dem,DEM PRECINCT COMMITTEEWOMAN 1-4,Precinct Committeewoman 1-4,county,,DEM,DEM,precinct,077bce5883de780344b6bbee138312d0831870e4243922965df5c85dcc45b623,2026-08-21T12:50:07Z,,county_summary_pdf_v1,1.1.5,1,verified,https://www.lincolncountywy.gov/government/clerk/elections_voting_information/2026_primary_election_results.php,,,county_complete,undervote,Lincoln,,,,,,15,,wy|lincoln|wy-2026-primary|county_local_summary|077bce5883de780344b6bbee138312d0831870e4243922965df5c85dcc45b623|wy-2026-primary|county|lincoln|precinct-committeewoman-1-4|dem|undervote|undervote|Lincoln|COUNTY
wy-2026-primary,wy|lincoln|wy-2026-primary|county_local_summary,Lincoln,wy-2026-primary|county|lincoln|precinct-committeeman-1-6|dem,DEM PRECINCT COMMITTEEMAN 1-6,Precinct Committeeman 1-6,county,,DEM,DEM,precinct,077bce5883de780344b6bbee138312d0831870e4243922965df5c85dcc45b623,2026-08-21T12:50:07Z,,county_summary_pdf_v1,1.1.5,1,verified,https://www.lincolncountywy.gov/government/clerk/elections_voting_information/2026_primary_election_results.php,,,county_complete,write_in_aggregate,Lincoln,,,,,,0,,wy|lincoln|wy-2026-primary|county_local_summary|077bce5883de780344b6bbee138312d0831870e4243922965df5c85dcc45b623|wy-2026-primary|county|lincoln|precinct-committeeman-1-6|dem|write_in_aggregate|write_in_aggregate|Lincoln|COUNTY
wy-2026-primary,wy|lincoln|wy-2026-primary|county_local_summary,Lincoln,wy-2026-primary|county|lincoln|precinct-committeeman-1-6|dem,DEM PRECINCT COMMITTEEMAN 1-6,Precinct Committeeman 1-6,county,,DEM,DEM,precinct,077bce5883de780344b6bbee138312d0831870e4243922965df5c85dcc45b623,2026-08-21T12:50:07Z,,county_summary_pdf_v1,1.1.5,1,verified,https://www.lincolncountywy.gov/government/clerk/elections_voting_information/2026_primary_election_results.php,,,county_complete,overvote,Lincoln,,,,,,0,,wy|lincoln|wy-2026-primary|county_local_summary|077bce5883de780344b6bbee138312d0831870e4243922965df5c85dcc45b623|wy-2026-primary|county|lincoln|precinct-committeeman-1-6|dem|overvote|overvote|Lincoln|COUNTY
wy-2026-primary,wy|lincoln|wy-2026-primary|county_local_summary,Lincoln,wy-2026-primary|county|lincoln|precinct-committeeman-1-6|dem,DEM PRECINCT COMMITTEEMAN 1-6,Precinct Committeeman 1-6,county,,DEM,DEM,precinct,077bce5883de780344b6bbee138312d0831870e4243922965df5c85dcc45b623,2026-08-21T12:50:07Z,,county_summary_pdf_v1,1.1.5,1,verified,https://www.lincolncountywy.gov/government/clerk/elections_voting_information/2026_primary_election_results.php,,,county_complete,undervote,Lincoln,,,,,,1,,wy|lincoln|wy-2026-primary|county_local_summary|077bce5883de780344b6bbee138312d0831870e4243922965df5c85dcc45b623|wy-2026-primary|county|lincoln|precinct-committeeman-1-6|dem|undervote|undervote|Lincoln|COUNTY
wy-2026-primary,wy|lincoln|wy-2026-primary|county_local_summary,Lincoln,wy-2026-primary|county|lincoln|precinct-committeewoman-1-6|dem,DEM PRECINCT COMMITTEEWOMAN 1-6,Precinct Committeewoman 1-6,county,,DEM,DEM,precinct,077bce5883de780344b6bbee138312d0831870e4243922965df5c85dcc45b623,2026-08-21T12:50:07Z,,county_summary_pdf_v1,1.1.5,1,verified,https://www.lincolncountywy.gov/government/clerk/elections_voting_information/2026_primary_election_results.php,,,county_complete,write_in_aggregate,Lincoln,,,,,,0,,wy|lincoln|wy-2026-primary|county_local_summary|077bce5883de780344b6bbee138312d0831870e4243922965df5c85dcc45b623|wy-2026-primary|county|lincoln|precinct-committeewoman-1-6|dem|write_in_aggregate|write_in_aggregate|Lincoln|COUNTY
wy-2026-primary,wy|lincoln|wy-2026-primary|county_local_summary,Lincoln,wy-2026-primary|county|lincoln|precinct-committeewoman-1-6|dem,DEM PRECINCT COMMITTEEWOMAN 1-6,Precinct Committeewoman 1-6,county,,DEM,DEM,precinct,077bce5883de780344b6bbee138312d0831870e4243922965df5c85dcc45b623,2026-08-21T12:50:07Z,,county_summary_pdf_v1,1.1.5,1,verified,https://www.lincolncountywy.gov/government/clerk/elections_voting_information/2026_primary_election_results.php,,,county_complete,overvote,Lincoln,,,,,,0,,wy|lincoln|wy-2026-primary|county_local_summary|077bce5883de780344b6bbee138312d0831870e4243922965df5c85dcc45b623|wy-2026-primary|county|lincoln|precinct-committeewoman-1-6|dem|overvote|overvote|Lincoln|COUNTY
wy-2026-primary,wy|lincoln|wy-2026-primary|county_local_summary,Lincoln,wy-2026-primary|county|lincoln|precinct-committeewoman-1-6|dem,DEM PRECINCT COMMITTEEWOMAN 1-6,Precinct Committeewoman 1-6,county,,DEM,DEM,precinct,077bce5883de780344b6bbee138312d0831870e4243922965df5c85dcc45b623,2026-08-21T12:50:07Z,,county_summary_pdf_v1,1.1.5,1,verified,https://www.lincolncountywy.gov/government/clerk/elections_voting_information/2026_primary_election_results.php,,,county_complete,undervote,Lincoln,,,,,,1,,wy|lincoln|wy-2026-primary|county_local_summary|077bce5883de780344b6bbee138312d0831870e4243922965df5c85dcc45b623|wy-2026-primary|county|lincoln|precinct-committeewoman-1-6|dem|undervote|undervote|Lincoln|COUNTY
wy-2026-primary,wy|lincoln|wy-2026-primary|county_local_summary,Lincoln,wy-2026-primary|county|lincoln|precinct-committeeman-1-7|dem,DEM PRECINCT COMMITTEEMAN 1-7,Precinct Committeeman 1-7,county,,DEM,DEM,precinct,077bce5883de780344b6bbee138312d0831870e4243922965df5c85dcc45b623,2026-08-21T12:50:07Z,,county_summary_pdf_v1,1.1.5,1,verified,https://www.lincolncountywy.gov/government/clerk/elections_voting_information/2026_primary_election_results.php,,,county_complete,write_in_aggregate,Lincoln,,,,,,0,,wy|lincoln|wy-2026-primary|county_local_summary|077bce5883de780344b6bbee138312d0831870e4243922965df5c85dcc45b623|wy-2026-primary|county|lincoln|precinct-committeeman-1-7|dem|write_in_aggregate|write_in_aggregate|Lincoln|COUNTY
wy-2026-primary,wy|lincoln|wy-2026-primary|county_local_summary,Lincoln,wy-2026-primary|county|lincoln|precinct-committeeman-1-7|dem,DEM PRECINCT COMMITTEEMAN 1-7,Precinct Committeeman 1-7,county,,DEM,DEM,precinct,077bce5883de780344b6bbee138312d0831870e4243922965df5c85dcc45b623,2026-08-21T12:50:07Z,,county_summary_pdf_v1,1.1.5,1,verified,https://www.lincolncountywy.gov/government/clerk/elections_voting_information/2026_primary_election_results.php,,,county_complete,overvote,Lincoln,,,,,,0,,wy|lincoln|wy-2026-primary|county_local_summary|077bce5883de780344b6bbee138312d0831870e4243922965df5c85dcc45b623|wy-2026-primary|county|lincoln|precinct-committeeman-1-7|dem|overvote|overvote|Lincoln|COUNTY
wy-2026-primary,wy|lincoln|wy-2026-primary|county_local_summary,Lincoln,wy-2026-primary|county|lincoln|precinct-committeeman-1-7|dem,DEM PRECINCT COMMITTEEMAN 1-7,Precinct Committeeman 1-7,county,,DEM,DEM,precinct,077bce5883de780344b6bbee138312d0831870e4243922965df5c85dcc45b623,2026-08-21T12:50:07Z,,county_summary_pdf_v1,1.1.5,1,verified,https://www.lincolncountywy.gov/government/clerk/elections_voting_information/2026_primary_election_results.php,,,county_complete,undervote,Lincoln,,,,,,2,,wy|lincoln|wy-2026-primary|county_local_summary|077bce5883de780344b6bbee138312d0831870e4243922965df5c85dcc45b623|wy-2026-primary|county|lincoln|precinct-committeeman-1-7|dem|undervote|undervote|Lincoln|COUNTY
wy-2026-primary,wy|lincoln|wy-2026-primary|county_local_summary,Lincoln,wy-2026-primary|county|lincoln|precinct-committeewoman-1-7|dem,DEM PRECINCT COMMITTEEWOMAN 1-7,Precinct Committeewoman 1-7,county,,DEM,DEM,precinct,077bce5883de780344b6bbee138312d0831870e4243922965df5c85dcc45b623,2026-08-21T12:50:07Z,,county_summary_pdf_v1,1.1.5,1,verified,https://www.lincolncountywy.gov/government/clerk/elections_voting_information/2026_primary_election_results.php,,,county_complete,write_in_aggregate,Lincoln,,,,,,0,,wy|lincoln|wy-2026-primary|county_local_summary|077bce5883de780344b6bbee138312d0831870e4243922965df5c85dcc45b623|wy-2026-primary|county|lincoln|precinct-committeewoman-1-7|dem|write_in_aggregate|write_in_aggregate|Lincoln|COUNTY
wy-2026-primary,wy|lincoln|wy-2026-primary|county_local_summary,Lincoln,wy-2026-primary|county|lincoln|precinct-committeewoman-1-7|dem,DEM PRECINCT COMMITTEEWOMAN 1-7,Precinct Committeewoman 1-7,county,,DEM,DEM,precinct,077bce5883de780344b6bbee138312d0831870e4243922965df5c85dcc45b623,2026-08-21T12:50:07Z,,county_summary_pdf_v1,1.1.5,1,verified,https://www.lincolncountywy.gov/government/clerk/elections_voting_information/2026_primary_election_results.php,,,county_complete,overvote,Lincoln,,,,,,0,,wy|lincoln|wy-2026-primary|county_local_summary|077bce5883de780344b6bbee138312d0831870e4243922965df5c85dcc45b623|wy-2026-primary|county|lincoln|precinct-committeewoman-1-7|dem|overvote|overvote|Lincoln|COUNTY
wy-2026-primary,wy|lincoln|wy-2026-primary|county_local_summary,Lincoln,wy-2026-primary|county|lincoln|precinct-committeewoman-1-7|dem,DEM PRECINCT COMMITTEEWOMAN 1-7,Precinct Committeewoman 1-7,county,,DEM,DEM,precinct,077bce5883de780344b6bbee138312d0831870e4243922965df5c85dcc45b623,2026-08-21T12:50:07Z,,county_summary_pdf_v1,1.1.5,1,verified,https://www.lincolncountywy.gov/government/clerk/elections_voting_information/2026_primary_election_results.php,,,county_complete,undervote,Lincoln,,,,,,2,,wy|lincoln|wy-2026-primary|county_local_summary|077bce5883de780344b6bbee138312d0831870e4243922965df5c85dcc45b623|wy-2026-primary|county|lincoln|precinct-committeewoman-1-7|dem|undervote|undervote|Lincoln|COUNTY
wy-2026-primary,wy|lincoln|wy-2026-primary|county_local_summary,Lincoln,wy-2026-primary|county|lincoln|precinct-committeeman-1-8|dem,DEM PRECINCT COMMITTEEMAN 1-8,Precinct Committeeman 1-8,county,,DEM,DEM,precinct,077bce5883de780344b6bbee138312d0831870e4243922965df5c85dcc45b623,2026-08-21T12:50:07Z,,county_summary_pdf_v1,1.1.5,1,verified,https://www.lincolncountywy.gov/government/clerk/elections_voting_information/2026_primary_election_results.php,,,county_complete,write_in_aggregate,Lincoln,,,,,,0,,wy|lincoln|wy-2026-primary|county_local_summary|077bce5883de780344b6bbee138312d0831870e4243922965df5c85dcc45b623|wy-2026-primary|county|lincoln|precinct-committeeman-1-8|dem|write_in_aggregate|write_in_aggregate|Lincoln|COUNTY
wy-2026-primary,wy|lincoln|wy-2026-primary|county_local_summary,Lincoln,wy-2026-primary|county|lincoln|precinct-committeeman-1-8|dem,DEM PRECINCT COMMITTEEMAN 1-8,Precinct Committeeman 1-8,county,,DEM,DEM,precinct,077bce5883de780344b6bbee138312d0831870e4243922965df5c85dcc45b623,2026-08-21T12:50:07Z,,county_summary_pdf_v1,1.1.5,1,verified,https://www.lincolncountywy.gov/government/clerk/elections_voting_information/2026_primary_election_results.php,,,county_complete,overvote,Lincoln,,,,,,0,,wy|lincoln|wy-2026-primary|county_local_summary|077bce5883de780344b6bbee138312d0831870e4243922965df5c85dcc45b623|wy-2026-primary|county|lincoln|precinct-committeeman-1-8|dem|overvote|overvote|Lincoln|COUNTY
wy-2026-primary,wy|lincoln|wy-2026-primary|county_local_summary,Lincoln,wy-2026-primary|county|lincoln|precinct-committeeman-1-8|dem,DEM PRECINCT COMMITTEEMAN 1-8,Precinct Committeeman 1-8,county,,DEM,DEM,precinct,077bce5883de780344b6bbee138312d0831870e4243922965df5c85dcc45b623,2026-08-21T12:50:07Z,,county_summary_pdf_v1,1.1.5,1,verified,https://www.lincolncountywy.gov/government/clerk/elections_voting_information/2026_primary_election_results.php,,,county_complete,undervote,Lincoln,,,,,,3,,wy|lincoln|wy-2026-primary|county_local_summary|077bce5883de780344b6bbee138312d0831870e4243922965df5c85dcc45b623|wy-2026-primary|county|lincoln|precinct-committeeman-1-8|dem|undervote|undervote|Lincoln|COUNTY
wy-2026-primary,wy|lincoln|wy-2026-primary|county_local_summary,Lincoln,wy-2026-primary|county|lincoln|precinct-committeewoman-1-8|dem,DEM PRECINCT COMMITTEEWOMAN 1-8,Precinct Committeewoman 1-8,county,,DEM,DEM,precinct,077bce5883de780344b6bbee138312d0831870e4243922965df5c85dcc45b623,2026-08-21T12:50:07Z,,county_summary_pdf_v1,1.1.5,1,verified,https://www.lincolncountywy.gov/government/clerk/elections_voting_information/2026_primary_election_results.php,,,county_complete,write_in_aggregate,Lincoln,,,,,,0,,wy|lincoln|wy-2026-primary|county_local_summary|077bce5883de780344b6bbee138312d0831870e4243922965df5c85dcc45b623|wy-2026-primary|county|lincoln|precinct-committeewoman-1-8|dem|write_in_aggregate|write_in_aggregate|Lincoln|COUNTY
wy-2026-primary,wy|lincoln|wy-2026-primary|county_local_summary,Lincoln,wy-2026-primary|county|lincoln|precinct-committeewoman-1-8|dem,DEM PRECINCT COMMITTEEWOMAN 1-8,Precinct Committeewoman 1-8,county,,DEM,DEM,precinct,077bce5883de780344b6bbee138312d0831870e4243922965df5c85dcc45b623,2026-08-21T12:50:07Z,,county_summary_pdf_v1,1.1.5,1,verified,https://www.lincolncountywy.gov/government/clerk/elections_voting_information/2026_primary_election_results.php,,,county_complete,overvote,Lincoln,,,,,,0,,wy|lincoln|wy-2026-primary|county_local_summary|077bce5883de780344b6bbee138312d0831870e4243922965df5c85dcc45b623|wy-2026-primary|county|lincoln|precinct-committeewoman-1-8|dem|overvote|overvote|Lincoln|COUNTY
wy-2026-primary,wy|lincoln|wy-2026-primary|county_local_summary,Lincoln,wy-2026-primary|county|lincoln|precinct-committeewoman-1-8|dem,DEM PRECINCT COMMITTEEWOMAN 1-8,Precinct Committeewoman 1-8,county,,DEM,DEM,precinct,077bce5883de780344b6bbee138312d0831870e4243922965df5c85dcc45b623,2026-08-21T12:50:07Z,,county_summary_pdf_v1,1.1.5,1,verified,https://www.lincolncountywy.gov/government/clerk/elections_voting_information/2026_primary_election_results.php,,,county_complete,undervote,Lincoln,,,,,,3,,wy|lincoln|wy-2026-primary|county_local_summary|077bce5883de780344b6bbee138312d0831870e4243922965df5c85dcc45b623|wy-2026-primary|county|lincoln|precinct-committeewoman-1-8|dem|undervote|undervote|Lincoln|COUNTY
wy-2026-primary,wy|lincoln|wy-2026-primary|county_local_summary,Lincoln,wy-2026-primary|county|lincoln|precinct-committeeman-2-1|dem,DEM PRECINCT COMMITTEEMAN 2-1,Precinct Committeeman 2-1,county,,DEM,DEM,precinct,077bce5883de780344b6bbee138312d0831870e4243922965df5c85dcc45b623,2026-08-21T12:50:07Z,,county_summary_pdf_v1,1.1.5,1,verified,https://www.lincolncountywy.gov/government/clerk/elections_voting_information/2026_primary_election_results.php,,,county_complete,write_in_aggregate,Lincoln,,,,,,0,,wy|lincoln|wy-2026-primary|county_local_summary|077bce5883de780344b6bbee138312d0831870e4243922965df5c85dcc45b623|wy-2026-primary|county|lincoln|precinct-committeeman-2-1|dem|write_in_aggregate|write_in_aggregate|Lincoln|COUNTY
wy-2026-primary,wy|lincoln|wy-2026-primary|county_local_summary,Lincoln,wy-2026-primary|county|lincoln|precinct-committeeman-2-1|dem,DEM PRECINCT COMMITTEEMAN 2-1,Precinct Committeeman 2-1,county,,DEM,DEM,precinct,077bce5883de780344b6bbee138312d0831870e4243922965df5c85dcc45b623,2026-08-21T12:50:07Z,,county_summary_pdf_v1,1.1.5,1,verified,https://www.lincolncountywy.gov/government/clerk/elections_voting_information/2026_primary_election_results.php,,,county_complete,overvote,Lincoln,,,,,,0,,wy|lincoln|wy-2026-primary|county_local_summary|077bce5883de780344b6bbee138312d0831870e4243922965df5c85dcc45b623|wy-2026-primary|county|lincoln|precinct-committeeman-2-1|dem|overvote|overvote|Lincoln|COUNTY
wy-2026-primary,wy|lincoln|wy-2026-primary|county_local_summary,Lincoln,wy-2026-primary|county|lincoln|precinct-committeeman-2-1|dem,DEM PRECINCT COMMITTEEMAN 2-1,Precinct Committeeman 2-1,county,,DEM,DEM,precinct,077bce5883de780344b6bbee138312d0831870e4243922965df5c85dcc45b623,2026-08-21T12:50:07Z,,county_summary_pdf_v1,1.1.5,1,verified,https://www.lincolncountywy.gov/government/clerk/elections_voting_information/2026_primary_election_results.php,,,county_complete,undervote,Lincoln,,,,,,9,,wy|lincoln|wy-2026-primary|county_local_summary|077bce5883de780344b6bbee138312d0831870e4243922965df5c85dcc45b623|wy-2026-primary|county|lincoln|precinct-committeeman-2-1|dem|undervote|undervote|Lincoln|COUNTY
wy-2026-primary,wy|lincoln|wy-2026-primary|county_local_summary,Lincoln,wy-2026-primary|county|lincoln|precinct-committeewoman-2-1|dem,DEM PRECINCT COMMITTEEWOMAN 2-1,Precinct Committeewoman 2-1,county,,DEM,DEM,precinct,077bce5883de780344b6bbee138312d0831870e4243922965df5c85dcc45b623,2026-08-21T12:50:07Z,,county_summary_pdf_v1,1.1.5,1,verified,https://www.lincolncountywy.gov/government/clerk/elections_voting_information/2026_primary_election_results.php,,,county_complete,write_in_aggregate,Lincoln,,,,,,0,,wy|lincoln|wy-2026-primary|county_local_summary|077bce5883de780344b6bbee138312d0831870e4243922965df5c85dcc45b623|wy-2026-primary|county|lincoln|precinct-committeewoman-2-1|dem|write_in_aggregate|write_in_aggregate|Lincoln|COUNTY
wy-2026-primary,wy|lincoln|wy-2026-primary|county_local_summary,Lincoln,wy-2026-primary|county|lincoln|precinct-committeewoman-2-1|dem,DEM PRECINCT COMMITTEEWOMAN 2-1,Precinct Committeewoman 2-1,county,,DEM,DEM,precinct,077bce5883de780344b6bbee138312d0831870e4243922965df5c85dcc45b623,2026-08-21T12:50:07Z,,county_summary_pdf_v1,1.1.5,1,verified,https://www.lincolncountywy.gov/government/clerk/elections_voting_information/2026_primary_election_results.php,,,county_complete,overvote,Lincoln,,,,,,0,,wy|lincoln|wy-2026-primary|county_local_summary|077bce5883de780344b6bbee138312d0831870e4243922965df5c85dcc45b623|wy-2026-primary|county|lincoln|precinct-committeewoman-2-1|dem|overvote|overvote|Lincoln|COUNTY
wy-2026-primary,wy|lincoln|wy-2026-primary|county_local_summary,Lincoln,wy-2026-primary|county|lincoln|precinct-committeewoman-2-1|dem,DEM PRECINCT COMMITTEEWOMAN 2-1,Precinct Committeewoman 2-1,county,,DEM,DEM,precinct,077bce5883de780344b6bbee138312d0831870e4243922965df5c85dcc45b623,2026-08-21T12:50:07Z,,county_summary_pdf_v1,1.1.5,1,verified,https://www.lincolncountywy.gov/government/clerk/elections_voting_information/2026_primary_election_results.php,,,county_complete,undervote,Lincoln,,,,,,9,,wy|lincoln|wy-2026-primary|county_local_summary|077bce5883de780344b6bbee138312d0831870e4243922965df5c85dcc45b623|wy-2026-primary|county|lincoln|precinct-committeewoman-2-1|dem|undervote|undervote|Lincoln|COUNTY
wy-2026-primary,wy|lincoln|wy-2026-primary|county_local_summary,Lincoln,wy-2026-primary|county|lincoln|precinct-committeeman-2-2|dem,DEM PRECINCT COMMITTEEMAN 2-2,Precinct Committeeman 2-2,county,,DEM,DEM,precinct,077bce5883de780344b6bbee138312d0831870e4243922965df5c85dcc45b623,2026-08-21T12:50:07Z,,county_summary_pdf_v1,1.1.5,1,verified,https://www.lincolncountywy.gov/government/clerk/elections_voting_information/2026_primary_election_results.php,,,county_complete,write_in_aggregate,Lincoln,,,,,,0,,wy|lincoln|wy-2026-primary|county_local_summary|077bce5883de780344b6bbee138312d0831870e4243922965df5c85dcc45b623|wy-2026-primary|county|lincoln|precinct-committeeman-2-2|dem|write_in_aggregate|write_in_aggregate|Lincoln|COUNTY
wy-2026-primary,wy|lincoln|wy-2026-primary|county_local_summary,Lincoln,wy-2026-primary|county|lincoln|precinct-committeeman-2-2|dem,DEM PRECINCT COMMITTEEMAN 2-2,Precinct Committeeman 2-2,county,,DEM,DEM,precinct,077bce5883de780344b6bbee138312d0831870e4243922965df5c85dcc45b623,2026-08-21T12:50:07Z,,county_summary_pdf_v1,1.1.5,1,verified,https://www.lincolncountywy.gov/government/clerk/elections_voting_information/2026_primary_election_results.php,,,county_complete,overvote,Lincoln,,,,,,0,,wy|lincoln|wy-2026-primary|county_local_summary|077bce5883de780344b6bbee138312d0831870e4243922965df5c85dcc45b623|wy-2026-primary|county|lincoln|precinct-committeeman-2-2|dem|overvote|overvote|Lincoln|COUNTY
wy-2026-primary,wy|lincoln|wy-2026-primary|county_local_summary,Lincoln,wy-2026-primary|county|lincoln|precinct-committeeman-2-2|dem,DEM PRECINCT COMMITTEEMAN 2-2,Precinct Committeeman 2-2,county,,DEM,DEM,precinct,077bce5883de780344b6bbee138312d0831870e4243922965df5c85dcc45b623,2026-08-21T12:50:07Z,,county_summary_pdf_v1,1.1.5,1,verified,https://www.lincolncountywy.gov/government/clerk/elections_voting_information/2026_primary_election_results.php,,,county_complete,undervote,Lincoln,,,,,,1,,wy|lincoln|wy-2026-primary|county_local_summary|077bce5883de780344b6bbee138312d0831870e4243922965df5c85dcc45b623|wy-2026-primary|county|lincoln|precinct-committeeman-2-2|dem|undervote|undervote|Lincoln|COUNTY
wy-2026-primary,wy|lincoln|wy-2026-primary|county_local_summary,Lincoln,wy-2026-primary|county|lincoln|precinct-committeewoman-2-2|dem,DEM PRECINCT COMMITTEEWOMAN 2-2,Precinct Committeewoman 2-2,county,,DEM,DEM,precinct,077bce5883de780344b6bbee138312d0831870e4243922965df5c85dcc45b623,2026-08-21T12:50:07Z,,county_summary_pdf_v1,1.1.5,1,verified,https://www.lincolncountywy.gov/government/clerk/elections_voting_information/2026_primary_election_results.php,,,county_complete,write_in_aggregate,Lincoln,,,,,,0,,wy|lincoln|wy-2026-primary|county_local_summary|077bce5883de780344b6bbee138312d0831870e4243922965df5c85dcc45b623|wy-2026-primary|county|lincoln|precinct-committeewoman-2-2|dem|write_in_aggregate|write_in_aggregate|Lincoln|COUNTY
wy-2026-primary,wy|lincoln|wy-2026-primary|county_local_summary,Lincoln,wy-2026-primary|county|lincoln|precinct-committeewoman-2-2|dem,DEM PRECINCT COMMITTEEWOMAN 2-2,Precinct Committeewoman 2-2,county,,DEM,DEM,precinct,077bce5883de780344b6bbee138312d0831870e4243922965df5c85dcc45b623,2026-08-21T12:50:07Z,,county_summary_pdf_v1,1.1.5,1,verified,https://www.lincolncountywy.gov/government/clerk/elections_voting_information/2026_primary_election_results.php,,,county_complete,overvote,Lincoln,,,,,,0,,wy|lincoln|wy-2026-primary|county_local_summary|077bce5883de780344b6bbee138312d0831870e4243922965df5c85dcc45b623|wy-2026-primary|county|lincoln|precinct-committeewoman-2-2|dem|overvote|overvote|Lincoln|COUNTY
wy-2026-primary,wy|lincoln|wy-2026-primary|county_local_summary,Lincoln,wy-2026-primary|county|lincoln|precinct-committeewoman-2-2|dem,DEM PRECINCT COMMITTEEWOMAN 2-2,Precinct Committeewoman 2-2,county,,DEM,DEM,precinct,077bce5883de780344b6bbee138312d0831870e4243922965df5c85dcc45b623,2026-08-21T12:50:07Z,,county_summary_pdf_v1,1.1.5,1,verified,https://www.lincolncountywy.gov/government/clerk/elections_voting_information/2026_primary_election_results.php,,,county_complete,undervote,Lincoln,,,,,,1,,wy|lincoln|wy-2026-primary|county_local_summary|077bce5883de780344b6bbee138312d0831870e4243922965df5c85dcc45b623|wy-2026-primary|county|lincoln|precinct-committeewoman-2-2|dem|undervote|undervote|Lincoln|COUNTY
wy-2026-primary,wy|lincoln|wy-2026-primary|county_local_summary,Lincoln,wy-2026-primary|county|lincoln|precinct-committeeman-2-3|dem,DEM PRECINCT COMMITTEEMAN 2-3,Precinct Committeeman 2-3,county,,DEM,DEM,precinct,077bce5883de780344b6bbee138312d0831870e4243922965df5c85dcc45b623,2026-08-21T12:50:07Z,,county_summary_pdf_v1,1.1.5,1,verified,https://www.lincolncountywy.gov/government/clerk/elections_voting_information/2026_primary_election_results.php,,,county_complete,write_in_aggregate,Lincoln,,,,,,0,,wy|lincoln|wy-2026-primary|county_local_summary|077bce5883de780344b6bbee138312d0831870e4243922965df5c85dcc45b623|wy-2026-primary|county|lincoln|precinct-committeeman-2-3|dem|write_in_aggregate|write_in_aggregate|Lincoln|COUNTY
wy-2026-primary,wy|lincoln|wy-2026-primary|county_local_summary,Lincoln,wy-2026-primary|county|lincoln|precinct-committeeman-2-3|dem,DEM PRECINCT COMMITTEEMAN 2-3,Precinct Committeeman 2-3,county,,DEM,DEM,precinct,077bce5883de780344b6bbee138312d0831870e4243922965df5c85dcc45b623,2026-08-21T12:50:07Z,,county_summary_pdf_v1,1.1.5,1,verified,https://www.lincolncountywy.gov/government/clerk/elections_voting_information/2026_primary_election_results.php,,,county_complete,overvote,Lincoln,,,,,,0,,wy|lincoln|wy-2026-primary|county_local_summary|077bce5883de780344b6bbee138312d0831870e4243922965df5c85dcc45b623|wy-2026-primary|county|lincoln|precinct-committeeman-2-3|dem|overvote|overvote|Lincoln|COUNTY
wy-2026-primary,wy|lincoln|wy-2026-primary|county_local_summary,Lincoln,wy-2026-primary|county|lincoln|precinct-committeeman-2-3|dem,DEM PRECINCT COMMITTEEMAN 2-3,Precinct Committeeman 2-3,county,,DEM,DEM,precinct,077bce5883de780344b6bbee138312d0831870e4243922965df5c85dcc45b623,2026-08-21T12:50:07Z,,county_summary_pdf_v1,1.1.5,1,verified,https://www.lincolncountywy.gov/government/clerk/elections_voting_information/2026_primary_election_results.php,,,county_complete,undervote,Lincoln,,,,,,29,,wy|lincoln|wy-2026-primary|county_local_summary|077bce5883de780344b6bbee138312d0831870e4243922965df5c85dcc45b623|wy-2026-primary|county|lincoln|precinct-committeeman-2-3|dem|undervote|undervote|Lincoln|COUNTY
wy-2026-primary,wy|lincoln|wy-2026-primary|county_local_summary,Lincoln,wy-2026-primary|county|lincoln|precinct-committeewoman-2-3|dem,DEM PRECINCT COMMITTEEWOMAN 2-3,Precinct Committeewoman 2-3,county,,DEM,DEM,precinct,077bce5883de780344b6bbee138312d0831870e4243922965df5c85dcc45b623,2026-08-21T12:50:07Z,,county_summary_pdf_v1,1.1.5,1,verified,https://www.lincolncountywy.gov/government/clerk/elections_voting_information/2026_primary_election_results.php,,,county_complete,write_in_aggregate,Lincoln,,,,,,0,,wy|lincoln|wy-2026-primary|county_local_summary|077bce5883de780344b6bbee138312d0831870e4243922965df5c85dcc45b623|wy-2026-primary|county|lincoln|precinct-committeewoman-2-3|dem|write_in_aggregate|write_in_aggregate|Lincoln|COUNTY
wy-2026-primary,wy|lincoln|wy-2026-primary|county_local_summary,Lincoln,wy-2026-primary|county|lincoln|precinct-committeewoman-2-3|dem,DEM PRECINCT COMMITTEEWOMAN 2-3,Precinct Committeewoman 2-3,county,,DEM,DEM,precinct,077bce5883de780344b6bbee138312d0831870e4243922965df5c85dcc45b623,2026-08-21T12:50:07Z,,county_summary_pdf_v1,1.1.5,1,verified,https://www.lincolncountywy.gov/government/clerk/elections_voting_information/2026_primary_election_results.php,,,county_complete,overvote,Lincoln,,,,,,0,,wy|lincoln|wy-2026-primary|county_local_summary|077bce5883de780344b6bbee138312d0831870e4243922965df5c85dcc45b623|wy-2026-primary|county|lincoln|precinct-committeewoman-2-3|dem|overvote|overvote|Lincoln|COUNTY
wy-2026-primary,wy|lincoln|wy-2026-primary|county_local_summary,Lincoln,wy-2026-primary|county|lincoln|precinct-committeewoman-2-3|dem,DEM PRECINCT COMMITTEEWOMAN 2-3,Precinct Committeewoman 2-3,county,,DEM,DEM,precinct,077bce5883de780344b6bbee138312d0831870e4243922965df5c85dcc45b623,2026-08-21T12:50:07Z,,county_summary_pdf_v1,1.1.5,1,verified,https://www.lincolncountywy.gov/government/clerk/elections_voting_information/2026_primary_election_results.php,,,county_complete,undervote,Lincoln,,,,,,29,,wy|lincoln|wy-2026-primary|county_local_summary|077bce5883de780344b6bbee138312d0831870e4243922965df5c85dcc45b623|wy-2026-primary|county|lincoln|precinct-committeewoman-2-3|dem|undervote|undervote|Lincoln|COUNTY
wy-2026-primary,wy|lincoln|wy-2026-primary|county_local_summary,Lincoln,wy-2026-primary|county|lincoln|precinct-committeeman-2-4|dem,DEM PRECINCT COMMITTEEMAN 2-4,Precinct Committeeman 2-4,county,,DEM,DEM,precinct,077bce5883de780344b6bbee138312d0831870e4243922965df5c85dcc45b623,2026-08-21T12:50:07Z,,county_summary_pdf_v1,1.1.5,1,verified,https://www.lincolncountywy.gov/government/clerk/elections_voting_information/2026_primary_election_results.php,,,county_complete,write_in_aggregate,Lincoln,,,,,,0,,wy|lincoln|wy-2026-primary|county_local_summary|077bce5883de780344b6bbee138312d0831870e4243922965df5c85dcc45b623|wy-2026-primary|county|lincoln|precinct-committeeman-2-4|dem|write_in_aggregate|write_in_aggregate|Lincoln|COUNTY
wy-2026-primary,wy|lincoln|wy-2026-primary|county_local_summary,Lincoln,wy-2026-primary|county|lincoln|precinct-committeeman-2-4|dem,DEM PRECINCT COMMITTEEMAN 2-4,Precinct Committeeman 2-4,county,,DEM,DEM,precinct,077bce5883de780344b6bbee138312d0831870e4243922965df5c85dcc45b623,2026-08-21T12:50:07Z,,county_summary_pdf_v1,1.1.5,1,verified,https://www.lincolncountywy.gov/government/clerk/elections_voting_information/2026_primary_election_results.php,,,county_complete,overvote,Lincoln,,,,,,0,,wy|lincoln|wy-2026-primary|county_local_summary|077bce5883de780344b6bbee138312d0831870e4243922965df5c85dcc45b623|wy-2026-primary|county|lincoln|precinct-committeeman-2-4|dem|overvote|overvote|Lincoln|COUNTY
wy-2026-primary,wy|lincoln|wy-2026-primary|county_local_summary,Lincoln,wy-2026-primary|county|lincoln|precinct-committeeman-2-4|dem,DEM PRECINCT COMMITTEEMAN 2-4,Precinct Committeeman 2-4,county,,DEM,DEM,precinct,077bce5883de780344b6bbee138312d0831870e4243922965df5c85dcc45b623,2026-08-21T12:50:07Z,,county_summary_pdf_v1,1.1.5,1,verified,https://www.lincolncountywy.gov/government/clerk/elections_voting_information/2026_primary_election_results.php,,,county_complete,undervote,Lincoln,,,,,,5,,wy|lincoln|wy-2026-primary|county_local_summary|077bce5883de780344b6bbee138312d0831870e4243922965df5c85dcc45b623|wy-2026-primary|county|lincoln|precinct-committeeman-2-4|dem|undervote|undervote|Lincoln|COUNTY
wy-2026-primary,wy|lincoln|wy-2026-primary|county_local_summary,Lincoln,wy-2026-primary|county|lincoln|precinct-committeewoman-2-4|dem,DEM PRECINCT COMMITTEEWOMAN 2-4,Precinct Committeewoman 2-4,county,,DEM,DEM,precinct,077bce5883de780344b6bbee138312d0831870e4243922965df5c85dcc45b623,2026-08-21T12:50:07Z,,county_summary_pdf_v1,1.1.5,1,verified,https://www.lincolncountywy.gov/government/clerk/elections_voting_information/2026_primary_election_results.php,,,county_complete,write_in_aggregate,Lincoln,,,,,,2,,wy|lincoln|wy-2026-primary|county_local_summary|077bce5883de780344b6bbee138312d0831870e4243922965df5c85dcc45b623|wy-2026-primary|county|lincoln|precinct-committeewoman-2-4|dem|write_in_aggregate|write_in_aggregate|Lincoln|COUNTY
wy-2026-primary,wy|lincoln|wy-2026-primary|county_local_summary,Lincoln,wy-2026-primary|county|lincoln|precinct-committeewoman-2-4|dem,DEM PRECINCT COMMITTEEWOMAN 2-4,Precinct Committeewoman 2-4,county,,DEM,DEM,precinct,077bce5883de780344b6bbee138312d0831870e4243922965df5c85dcc45b623,2026-08-21T12:50:07Z,,county_summary_pdf_v1,1.1.5,1,verified,https://www.lincolncountywy.gov/government/clerk/elections_voting_information/2026_primary_election_results.php,,,county_complete,overvote,Lincoln,,,,,,0,,wy|lincoln|wy-2026-primary|county_local_summary|077bce5883de780344b6bbee138312d0831870e4243922965df5c85dcc45b623|wy-2026-primary|county|lincoln|precinct-committeewoman-2-4|dem|overvote|overvote|Lincoln|COUNTY
wy-2026-primary,wy|lincoln|wy-2026-primary|county_local_summary,Lincoln,wy-2026-primary|county|lincoln|precinct-committeewoman-2-4|dem,DEM PRECINCT COMMITTEEWOMAN 2-4,Precinct Committeewoman 2-4,county,,DEM,DEM,precinct,077bce5883de780344b6bbee138312d0831870e4243922965df5c85dcc45b623,2026-08-21T12:50:07Z,,county_summary_pdf_v1,1.1.5,1,verified,https://www.lincolncountywy.gov/government/clerk/elections_voting_information/2026_primary_election_results.php,,,county_complete,undervote,Lincoln,,,,,,3,,wy|lincoln|wy-2026-primary|county_local_summary|077bce5883de780344b6bbee138312d0831870e4243922965df5c85dcc45b623|wy-2026-primary|county|lincoln|precinct-committeewoman-2-4|dem|undervote|undervote|Lincoln|COUNTY
wy-2026-primary,wy|lincoln|wy-2026-primary|county_local_summary,Lincoln,wy-2026-primary|county|lincoln|precinct-committeeman-2-5|dem,DEM PRECINCT COMMITTEEMAN 2-5,Precinct Committeeman 2-5,county,,DEM,DEM,precinct,077bce5883de780344b6bbee138312d0831870e4243922965df5c85dcc45b623,2026-08-21T12:50:07Z,,county_summary_pdf_v1,1.1.5,1,verified,https://www.lincolncountywy.gov/government/clerk/elections_voting_information/2026_primary_election_results.php,,,county_complete,write_in_aggregate,Lincoln,,,,,,2,,wy|lincoln|wy-2026-primary|county_local_summary|077bce5883de780344b6bbee138312d0831870e4243922965df5c85dcc45b623|wy-2026-primary|county|lincoln|precinct-committeeman-2-5|dem|write_in_aggregate|write_in_aggregate|Lincoln|COUNTY
wy-2026-primary,wy|lincoln|wy-2026-primary|county_local_summary,Lincoln,wy-2026-primary|county|lincoln|precinct-committeeman-2-5|dem,DEM PRECINCT COMMITTEEMAN 2-5,Precinct Committeeman 2-5,county,,DEM,DEM,precinct,077bce5883de780344b6bbee138312d0831870e4243922965df5c85dcc45b623,2026-08-21T12:50:07Z,,county_summary_pdf_v1,1.1.5,1,verified,https://www.lincolncountywy.gov/government/clerk/elections_voting_information/2026_primary_election_results.php,,,county_complete,overvote,Lincoln,,,,,,0,,wy|lincoln|wy-2026-primary|county_local_summary|077bce5883de780344b6bbee138312d0831870e4243922965df5c85dcc45b623|wy-2026-primary|county|lincoln|precinct-committeeman-2-5|dem|overvote|overvote|Lincoln|COUNTY
wy-2026-primary,wy|lincoln|wy-2026-primary|county_local_summary,Lincoln,wy-2026-primary|county|lincoln|precinct-committeeman-2-5|dem,DEM PRECINCT COMMITTEEMAN 2-5,Precinct Committeeman 2-5,county,,DEM,DEM,precinct,077bce5883de780344b6bbee138312d0831870e4243922965df5c85dcc45b623,2026-08-21T12:50:07Z,,county_summary_pdf_v1,1.1.5,1,verified,https://www.lincolncountywy.gov/government/clerk/elections_voting_information/2026_primary_election_results.php,,,county_complete,undervote,Lincoln,,,,,,9,,wy|lincoln|wy-2026-primary|county_local_summary|077bce5883de780344b6bbee138312d0831870e4243922965df5c85dcc45b623|wy-2026-primary|county|lincoln|precinct-committeeman-2-5|dem|undervote|undervote|Lincoln|COUNTY
wy-2026-primary,wy|lincoln|wy-2026-primary|county_local_summary,Lincoln,wy-2026-primary|county|lincoln|precinct-committeewoman-2-5|dem,DEM PRECINCT COMMITTEEWOMAN 2-5,Precinct Committeewoman 2-5,county,,DEM,DEM,precinct,077bce5883de780344b6bbee138312d0831870e4243922965df5c85dcc45b623,2026-08-21T12:50:07Z,,county_summary_pdf_v1,1.1.5,1,verified,https://www.lincolncountywy.gov/government/clerk/elections_voting_information/2026_primary_election_results.php,,,county_complete,write_in_aggregate,Lincoln,,,,,,2,,wy|lincoln|wy-2026-primary|county_local_summary|077bce5883de780344b6bbee138312d0831870e4243922965df5c85dcc45b623|wy-2026-primary|county|lincoln|precinct-committeewoman-2-5|dem|write_in_aggregate|write_in_aggregate|Lincoln|COUNTY
wy-2026-primary,wy|lincoln|wy-2026-primary|county_local_summary,Lincoln,wy-2026-primary|county|lincoln|precinct-committeewoman-2-5|dem,DEM PRECINCT COMMITTEEWOMAN 2-5,Precinct Committeewoman 2-5,county,,DEM,DEM,precinct,077bce5883de780344b6bbee138312d0831870e4243922965df5c85dcc45b623,2026-08-21T12:50:07Z,,county_summary_pdf_v1,1.1.5,1,verified,https://www.lincolncountywy.gov/government/clerk/elections_voting_information/2026_primary_election_results.php,,,county_complete,overvote,Lincoln,,,,,,0,,wy|lincoln|wy-2026-primary|county_local_summary|077bce5883de780344b6bbee138312d0831870e4243922965df5c85dcc45b623|wy-2026-primary|county|lincoln|precinct-committeewoman-2-5|dem|overvote|overvote|Lincoln|COUNTY
wy-2026-primary,wy|lincoln|wy-2026-primary|county_local_summary,Lincoln,wy-2026-primary|county|lincoln|precinct-committeewoman-2-5|dem,DEM PRECINCT COMMITTEEWOMAN 2-5,Precinct Committeewoman 2-5,county,,DEM,DEM,precinct,077bce5883de780344b6bbee138312d0831870e4243922965df5c85dcc45b623,2026-08-21T12:50:07Z,,county_summary_pdf_v1,1.1.5,1,verified,https://www.lincolncountywy.gov/government/clerk/elections_voting_information/2026_primary_election_results.php,,,county_complete,undervote,Lincoln,,,,,,9,,wy|lincoln|wy-2026-primary|county_local_summary|077bce5883de780344b6bbee138312d0831870e4243922965df5c85dcc45b623|wy-2026-primary|county|lincoln|precinct-committeewoman-2-5|dem|undervote|undervote|Lincoln|COUNTY
wy-2026-primary,wy|lincoln|wy-2026-primary|county_local_summary,Lincoln,wy-2026-primary|county|lincoln|precinct-committeeman-2-6|dem,DEM PRECINCT COMMITTEEMAN 2-6,Precinct Committeeman 2-6,county,,DEM,DEM,precinct,077bce5883de780344b6bbee138312d0831870e4243922965df5c85dcc45b623,2026-08-21T12:50:07Z,,county_summary_pdf_v1,1.1.5,1,verified,https://www.lincolncountywy.gov/government/clerk/elections_voting_information/2026_primary_election_results.php,,,county_complete,write_in_aggregate,Lincoln,,,,,,1,,wy|lincoln|wy-2026-primary|county_local_summary|077bce5883de780344b6bbee138312d0831870e4243922965df5c85dcc45b623|wy-2026-primary|county|lincoln|precinct-committeeman-2-6|dem|write_in_aggregate|write_in_aggregate|Lincoln|COUNTY
wy-2026-primary,wy|lincoln|wy-2026-primary|county_local_summary,Lincoln,wy-2026-primary|county|lincoln|precinct-committeeman-2-6|dem,DEM PRECINCT COMMITTEEMAN 2-6,Precinct Committeeman 2-6,county,,DEM,DEM,precinct,077bce5883de780344b6bbee138312d0831870e4243922965df5c85dcc45b623,2026-08-21T12:50:07Z,,county_summary_pdf_v1,1.1.5,1,verified,https://www.lincolncountywy.gov/government/clerk/elections_voting_information/2026_primary_election_results.php,,,county_complete,overvote,Lincoln,,,,,,0,,wy|lincoln|wy-2026-primary|county_local_summary|077bce5883de780344b6bbee138312d0831870e4243922965df5c85dcc45b623|wy-2026-primary|county|lincoln|precinct-committeeman-2-6|dem|overvote|overvote|Lincoln|COUNTY
wy-2026-primary,wy|lincoln|wy-2026-primary|county_local_summary,Lincoln,wy-2026-primary|county|lincoln|precinct-committeeman-2-6|dem,DEM PRECINCT COMMITTEEMAN 2-6,Precinct Committeeman 2-6,county,,DEM,DEM,precinct,077bce5883de780344b6bbee138312d0831870e4243922965df5c85dcc45b623,2026-08-21T12:50:07Z,,county_summary_pdf_v1,1.1.5,1,verified,https://www.lincolncountywy.gov/government/clerk/elections_voting_information/2026_primary_election_results.php,,,county_complete,undervote,Lincoln,,,,,,8,,wy|lincoln|wy-2026-primary|county_local_summary|077bce5883de780344b6bbee138312d0831870e4243922965df5c85dcc45b623|wy-2026-primary|county|lincoln|precinct-committeeman-2-6|dem|undervote|undervote|Lincoln|COUNTY
wy-2026-primary,wy|lincoln|wy-2026-primary|county_local_summary,Lincoln,wy-2026-primary|county|lincoln|precinct-committeewoman-2-6|dem,DEM PRECINCT COMMITTEEWOMAN 2-6,Precinct Committeewoman 2-6,county,,DEM,DEM,precinct,077bce5883de780344b6bbee138312d0831870e4243922965df5c85dcc45b623,2026-08-21T12:50:07Z,,county_summary_pdf_v1,1.1.5,1,verified,https://www.lincolncountywy.gov/government/clerk/elections_voting_information/2026_primary_election_results.php,,,county_complete,write_in_aggregate,Lincoln,,,,,,0,,wy|lincoln|wy-2026-primary|county_local_summary|077bce5883de780344b6bbee138312d0831870e4243922965df5c85dcc45b623|wy-2026-primary|county|lincoln|precinct-committeewoman-2-6|dem|write_in_aggregate|write_in_aggregate|Lincoln|COUNTY
wy-2026-primary,wy|lincoln|wy-2026-primary|county_local_summary,Lincoln,wy-2026-primary|county|lincoln|precinct-committeewoman-2-6|dem,DEM PRECINCT COMMITTEEWOMAN 2-6,Precinct Committeewoman 2-6,county,,DEM,DEM,precinct,077bce5883de780344b6bbee138312d0831870e4243922965df5c85dcc45b623,2026-08-21T12:50:07Z,,county_summary_pdf_v1,1.1.5,1,verified,https://www.lincolncountywy.gov/government/clerk/elections_voting_information/2026_primary_election_results.php,,,county_complete,overvote,Lincoln,,,,,,0,,wy|lincoln|wy-2026-primary|county_local_summary|077bce5883de780344b6bbee138312d0831870e4243922965df5c85dcc45b623|wy-2026-primary|county|lincoln|precinct-committeewoman-2-6|dem|overvote|overvote|Lincoln|COUNTY
wy-2026-primary,wy|lincoln|wy-2026-primary|county_local_summary,Lincoln,wy-2026-primary|county|lincoln|precinct-committeewoman-2-6|dem,DEM PRECINCT COMMITTEEWOMAN 2-6,Precinct Committeewoman 2-6,county,,DEM,DEM,precinct,077bce5883de780344b6bbee138312d0831870e4243922965df5c85dcc45b623,2026-08-21T12:50:07Z,,county_summary_pdf_v1,1.1.5,1,verified,https://www.lincolncountywy.gov/government/clerk/elections_voting_information/2026_primary_election_results.php,,,county_complete,undervote,Lincoln,,,,,,9,,wy|lincoln|wy-2026-primary|county_local_summary|077bce5883de780344b6bbee138312d0831870e4243922965df5c85dcc45b623|wy-2026-primary|county|lincoln|precinct-committeewoman-2-6|dem|undervote|undervote|Lincoln|COUNTY
wy-2026-primary,wy|lincoln|wy-2026-primary|county_local_summary,Lincoln,wy-2026-primary|county|lincoln|precinct-committeeman-2-7|dem,DEM PRECINCT COMMITTEEMAN 2-7,Precinct Committeeman 2-7,county,,DEM,DEM,precinct,077bce5883de780344b6bbee138312d0831870e4243922965df5c85dcc45b623,2026-08-21T12:50:07Z,,county_summary_pdf_v1,1.1.5,1,verified,https://www.lincolncountywy.gov/government/clerk/elections_voting_information/2026_primary_election_results.php,,,county_complete,write_in_aggregate,Lincoln,,,,,,0,,wy|lincoln|wy-2026-primary|county_local_summary|077bce5883de780344b6bbee138312d0831870e4243922965df5c85dcc45b623|wy-2026-primary|county|lincoln|precinct-committeeman-2-7|dem|write_in_aggregate|write_in_aggregate|Lincoln|COUNTY
wy-2026-primary,wy|lincoln|wy-2026-primary|county_local_summary,Lincoln,wy-2026-primary|county|lincoln|precinct-committeeman-2-7|dem,DEM PRECINCT COMMITTEEMAN 2-7,Precinct Committeeman 2-7,county,,DEM,DEM,precinct,077bce5883de780344b6bbee138312d0831870e4243922965df5c85dcc45b623,2026-08-21T12:50:07Z,,county_summary_pdf_v1,1.1.5,1,verified,https://www.lincolncountywy.gov/government/clerk/elections_voting_information/2026_primary_election_results.php,,,county_complete,overvote,Lincoln,,,,,,0,,wy|lincoln|wy-2026-primary|county_local_summary|077bce5883de780344b6bbee138312d0831870e4243922965df5c85dcc45b623|wy-2026-primary|county|lincoln|precinct-committeeman-2-7|dem|overvote|overvote|Lincoln|COUNTY
wy-2026-primary,wy|lincoln|wy-2026-primary|county_local_summary,Lincoln,wy-2026-primary|county|lincoln|precinct-committeeman-2-7|dem,DEM PRECINCT COMMITTEEMAN 2-7,Precinct Committeeman 2-7,county,,DEM,DEM,precinct,077bce5883de780344b6bbee138312d0831870e4243922965df5c85dcc45b623,2026-08-21T12:50:07Z,,county_summary_pdf_v1,1.1.5,1,verified,https://www.lincolncountywy.gov/government/clerk/elections_voting_information/2026_primary_election_results.php,,,county_complete,undervote,Lincoln,,,,,,7,,wy|lincoln|wy-2026-primary|county_local_summary|077bce5883de780344b6bbee138312d0831870e4243922965df5c85dcc45b623|wy-2026-primary|county|lincoln|precinct-committeeman-2-7|dem|undervote|undervote|Lincoln|COUNTY
wy-2026-primary,wy|lincoln|wy-2026-primary|county_local_summary,Lincoln,wy-2026-primary|county|lincoln|precinct-committeewoman-2-7|dem,DEM PRECINCT COMMITTEEWOMAN 2-7,Precinct Committeewoman 2-7,county,,DEM,DEM,precinct,077bce5883de780344b6bbee138312d0831870e4243922965df5c85dcc45b623,2026-08-21T12:50:07Z,,county_summary_pdf_v1,1.1.5,1,verified,https://www.lincolncountywy.gov/government/clerk/elections_voting_information/2026_primary_election_results.php,,,county_complete,write_in_aggregate,Lincoln,,,,,,0,,wy|lincoln|wy-2026-primary|county_local_summary|077bce5883de780344b6bbee138312d0831870e4243922965df5c85dcc45b623|wy-2026-primary|county|lincoln|precinct-committeewoman-2-7|dem|write_in_aggregate|write_in_aggregate|Lincoln|COUNTY
wy-2026-primary,wy|lincoln|wy-2026-primary|county_local_summary,Lincoln,wy-2026-primary|county|lincoln|precinct-committeewoman-2-7|dem,DEM PRECINCT COMMITTEEWOMAN 2-7,Precinct Committeewoman 2-7,county,,DEM,DEM,precinct,077bce5883de780344b6bbee138312d0831870e4243922965df5c85dcc45b623,2026-08-21T12:50:07Z,,county_summary_pdf_v1,1.1.5,1,verified,https://www.lincolncountywy.gov/government/clerk/elections_voting_information/2026_primary_election_results.php,,,county_complete,overvote,Lincoln,,,,,,0,,wy|lincoln|wy-2026-primary|county_local_summary|077bce5883de780344b6bbee138312d0831870e4243922965df5c85dcc45b623|wy-2026-primary|county|lincoln|precinct-committeewoman-2-7|dem|overvote|overvote|Lincoln|COUNTY
wy-2026-primary,wy|lincoln|wy-2026-primary|county_local_summary,Lincoln,wy-2026-primary|county|lincoln|precinct-committeewoman-2-7|dem,DEM PRECINCT COMMITTEEWOMAN 2-7,Precinct Committeewoman 2-7,county,,DEM,DEM,precinct,077bce5883de780344b6bbee138312d0831870e4243922965df5c85dcc45b623,2026-08-21T12:50:07Z,,county_summary_pdf_v1,1.1.5,1,verified,https://www.lincolncountywy.gov/government/clerk/elections_voting_information/2026_primary_election_results.php,,,county_complete,undervote,Lincoln,,,,,,7,,wy|lincoln|wy-2026-primary|county_local_summary|077bce5883de780344b6bbee138312d0831870e4243922965df5c85dcc45b623|wy-2026-primary|county|lincoln|precinct-committeewoman-2-7|dem|undervote|undervote|Lincoln|COUNTY
wy-2026-primary,wy|lincoln|wy-2026-primary|county_local_summary,Lincoln,wy-2026-primary|county|lincoln|precinct-committeeman-2-8|dem,DEM PRECINCT COMMITTEEMAN 2-8,Precinct Committeeman 2-8,county,,DEM,DEM,precinct,077bce5883de780344b6bbee138312d0831870e4243922965df5c85dcc45b623,2026-08-21T12:50:07Z,,county_summary_pdf_v1,1.1.5,1,verified,https://www.lincolncountywy.gov/government/clerk/elections_voting_information/2026_primary_election_results.php,,,county_complete,write_in_aggregate,Lincoln,,,,,,0,,wy|lincoln|wy-2026-primary|county_local_summary|077bce5883de780344b6bbee138312d0831870e4243922965df5c85dcc45b623|wy-2026-primary|county|lincoln|precinct-committeeman-2-8|dem|write_in_aggregate|write_in_aggregate|Lincoln|COUNTY
wy-2026-primary,wy|lincoln|wy-2026-primary|county_local_summary,Lincoln,wy-2026-primary|county|lincoln|precinct-committeeman-2-8|dem,DEM PRECINCT COMMITTEEMAN 2-8,Precinct Committeeman 2-8,county,,DEM,DEM,precinct,077bce5883de780344b6bbee138312d0831870e4243922965df5c85dcc45b623,2026-08-21T12:50:07Z,,county_summary_pdf_v1,1.1.5,1,verified,https://www.lincolncountywy.gov/government/clerk/elections_voting_information/2026_primary_election_results.php,,,county_complete,overvote,Lincoln,,,,,,0,,wy|lincoln|wy-2026-primary|county_local_summary|077bce5883de780344b6bbee138312d0831870e4243922965df5c85dcc45b623|wy-2026-primary|county|lincoln|precinct-committeeman-2-8|dem|overvote|overvote|Lincoln|COUNTY
wy-2026-primary,wy|lincoln|wy-2026-primary|county_local_summary,Lincoln,wy-2026-primary|county|lincoln|precinct-committeeman-2-8|dem,DEM PRECINCT COMMITTEEMAN 2-8,Precinct Committeeman 2-8,county,,DEM,DEM,precinct,077bce5883de780344b6bbee138312d0831870e4243922965df5c85dcc45b623,2026-08-21T12:50:07Z,,county_summary_pdf_v1,1.1.5,1,verified,https://www.lincolncountywy.gov/government/clerk/elections_voting_information/2026_primary_election_results.php,,,county_complete,undervote,Lincoln,,,,,,7,,wy|lincoln|wy-2026-primary|county_local_summary|077bce5883de780344b6bbee138312d0831870e4243922965df5c85dcc45b623|wy-2026-primary|county|lincoln|precinct-committeeman-2-8|dem|undervote|undervote|Lincoln|COUNTY
wy-2026-primary,wy|lincoln|wy-2026-primary|county_local_summary,Lincoln,wy-2026-primary|county|lincoln|precinct-committeewoman-2-8|dem,DEM PRECINCT COMMITTEEWOMAN 2-8,Precinct Committeewoman 2-8,county,,DEM,DEM,precinct,077bce5883de780344b6bbee138312d0831870e4243922965df5c85dcc45b623,2026-08-21T12:50:07Z,,county_summary_pdf_v1,1.1.5,1,verified,https://www.lincolncountywy.gov/government/clerk/elections_voting_information/2026_primary_election_results.php,,,county_complete,write_in_aggregate,Lincoln,,,,,,0,,wy|lincoln|wy-2026-primary|county_local_summary|077bce5883de780344b6bbee138312d0831870e4243922965df5c85dcc45b623|wy-2026-primary|county|lincoln|precinct-committeewoman-2-8|dem|write_in_aggregate|write_in_aggregate|Lincoln|COUNTY
wy-2026-primary,wy|lincoln|wy-2026-primary|county_local_summary,Lincoln,wy-2026-primary|county|lincoln|precinct-committeewoman-2-8|dem,DEM PRECINCT COMMITTEEWOMAN 2-8,Precinct Committeewoman 2-8,county,,DEM,DEM,precinct,077bce5883de780344b6bbee138312d0831870e4243922965df5c85dcc45b623,2026-08-21T12:50:07Z,,county_summary_pdf_v1,1.1.5,1,verified,https://www.lincolncountywy.gov/government/clerk/elections_voting_information/2026_primary_election_results.php,,,county_complete,overvote,Lincoln,,,,,,0,,wy|lincoln|wy-2026-primary|county_local_summary|077bce5883de780344b6bbee138312d0831870e4243922965df5c85dcc45b623|wy-2026-primary|county|lincoln|precinct-committeewoman-2-8|dem|overvote|overvote|Lincoln|COUNTY
wy-2026-primary,wy|lincoln|wy-2026-primary|county_local_summary,Lincoln,wy-2026-primary|county|lincoln|precinct-committeewoman-2-8|dem,DEM PRECINCT COMMITTEEWOMAN 2-8,Precinct Committeewoman 2-8,county,,DEM,DEM,precinct,077bce5883de780344b6bbee138312d0831870e4243922965df5c85dcc45b623,2026-08-21T12:50:07Z,,county_summary_pdf_v1,1.1.5,1,verified,https://www.lincolncountywy.gov/government/clerk/elections_voting_information/2026_primary_election_results.php,,,county_complete,undervote,Lincoln,,,,,,7,,wy|lincoln|wy-2026-primary|county_local_summary|077bce5883de780344b6bbee138312d0831870e4243922965df5c85dcc45b623|wy-2026-primary|county|lincoln|precinct-committeewoman-2-8|dem|undervote|undervote|Lincoln|COUNTY
wy-2026-primary,wy|lincoln|wy-2026-primary|county_local_summary,Lincoln,wy-2026-primary|county|lincoln|precinct-committeeman-2-9|dem,DEM PRECINCT COMMITTEEMAN 2-9,Precinct Committeeman 2-9,county,,DEM,DEM,precinct,077bce5883de780344b6bbee138312d0831870e4243922965df5c85dcc45b623,2026-08-21T12:50:07Z,,county_summary_pdf_v1,1.1.5,1,verified,https://www.lincolncountywy.gov/government/clerk/elections_voting_information/2026_primary_election_results.php,,,county_complete,write_in_aggregate,Lincoln,,,,,,0,,wy|lincoln|wy-2026-primary|county_local_summary|077bce5883de780344b6bbee138312d0831870e4243922965df5c85dcc45b623|wy-2026-primary|county|lincoln|precinct-committeeman-2-9|dem|write_in_aggregate|write_in_aggregate|Lincoln|COUNTY
wy-2026-primary,wy|lincoln|wy-2026-primary|county_local_summary,Lincoln,wy-2026-primary|county|lincoln|precinct-committeeman-2-9|dem,DEM PRECINCT COMMITTEEMAN 2-9,Precinct Committeeman 2-9,county,,DEM,DEM,precinct,077bce5883de780344b6bbee138312d0831870e4243922965df5c85dcc45b623,2026-08-21T12:50:07Z,,county_summary_pdf_v1,1.1.5,1,verified,https://www.lincolncountywy.gov/government/clerk/elections_voting_information/2026_primary_election_results.php,,,county_complete,overvote,Lincoln,,,,,,0,,wy|lincoln|wy-2026-primary|county_local_summary|077bce5883de780344b6bbee138312d0831870e4243922965df5c85dcc45b623|wy-2026-primary|county|lincoln|precinct-committeeman-2-9|dem|overvote|overvote|Lincoln|COUNTY
wy-2026-primary,wy|lincoln|wy-2026-primary|county_local_summary,Lincoln,wy-2026-primary|county|lincoln|precinct-committeeman-2-9|dem,DEM PRECINCT COMMITTEEMAN 2-9,Precinct Committeeman 2-9,county,,DEM,DEM,precinct,077bce5883de780344b6bbee138312d0831870e4243922965df5c85dcc45b623,2026-08-21T12:50:07Z,,county_summary_pdf_v1,1.1.5,1,verified,https://www.lincolncountywy.gov/government/clerk/elections_voting_information/2026_primary_election_results.php,,,county_complete,undervote,Lincoln,,,,,,6,,wy|lincoln|wy-2026-primary|county_local_summary|077bce5883de780344b6bbee138312d0831870e4243922965df5c85dcc45b623|wy-2026-primary|county|lincoln|precinct-committeeman-2-9|dem|undervote|undervote|Lincoln|COUNTY
wy-2026-primary,wy|lincoln|wy-2026-primary|county_local_summary,Lincoln,wy-2026-primary|county|lincoln|precinct-committeewoman-2-9|dem,DEM PRECINCT COMMITTEEWOMAN 2-9,Precinct Committeewoman 2-9,county,,DEM,DEM,precinct,077bce5883de780344b6bbee138312d0831870e4243922965df5c85dcc45b623,2026-08-21T12:50:07Z,,county_summary_pdf_v1,1.1.5,1,verified,https://www.lincolncountywy.gov/government/clerk/elections_voting_information/2026_primary_election_results.php,,,county_complete,write_in_aggregate,Lincoln,,,,,,0,,wy|lincoln|wy-2026-primary|county_local_summary|077bce5883de780344b6bbee138312d0831870e4243922965df5c85dcc45b623|wy-2026-primary|county|lincoln|precinct-committeewoman-2-9|dem|write_in_aggregate|write_in_aggregate|Lincoln|COUNTY
wy-2026-primary,wy|lincoln|wy-2026-primary|county_local_summary,Lincoln,wy-2026-primary|county|lincoln|precinct-committeewoman-2-9|dem,DEM PRECINCT COMMITTEEWOMAN 2-9,Precinct Committeewoman 2-9,county,,DEM,DEM,precinct,077bce5883de780344b6bbee138312d0831870e4243922965df5c85dcc45b623,2026-08-21T12:50:07Z,,county_summary_pdf_v1,1.1.5,1,verified,https://www.lincolncountywy.gov/government/clerk/elections_voting_information/2026_primary_election_results.php,,,county_complete,overvote,Lincoln,,,,,,0,,wy|lincoln|wy-2026-primary|county_local_summary|077bce5883de780344b6bbee138312d0831870e4243922965df5c85dcc45b623|wy-2026-primary|county|lincoln|precinct-committeewoman-2-9|dem|overvote|overvote|Lincoln|COUNTY
wy-2026-primary,wy|lincoln|wy-2026-primary|county_local_summary,Lincoln,wy-2026-primary|county|lincoln|precinct-committeewoman-2-9|dem,DEM PRECINCT COMMITTEEWOMAN 2-9,Precinct Committeewoman 2-9,county,,DEM,DEM,precinct,077bce5883de780344b6bbee138312d0831870e4243922965df5c85dcc45b623,2026-08-21T12:50:07Z,,county_summary_pdf_v1,1.1.5,1,verified,https://www.lincolncountywy.gov/government/clerk/elections_voting_information/2026_primary_election_results.php,,,county_complete,undervote,Lincoln,,,,,,6,,wy|lincoln|wy-2026-primary|county_local_summary|077bce5883de780344b6bbee138312d0831870e4243922965df5c85dcc45b623|wy-2026-primary|county|lincoln|precinct-committeewoman-2-9|dem|undervote|undervote|Lincoln|COUNTY
wy-2026-primary,wy|lincoln|wy-2026-primary|county_local_summary,Lincoln,wy-2026-primary|county|lincoln|precinct-committeeman-2-10|dem,DEM PRECINCT COMMITTEEMAN 2-10,Precinct Committeeman 2-10,county,,DEM,DEM,precinct,077bce5883de780344b6bbee138312d0831870e4243922965df5c85dcc45b623,2026-08-21T12:50:07Z,,county_summary_pdf_v1,1.1.5,1,verified,https://www.lincolncountywy.gov/government/clerk/elections_voting_information/2026_primary_election_results.php,,,county_complete,write_in_aggregate,Lincoln,,,,,,4,,wy|lincoln|wy-2026-primary|county_local_summary|077bce5883de780344b6bbee138312d0831870e4243922965df5c85dcc45b623|wy-2026-primary|county|lincoln|precinct-committeeman-2-10|dem|write_in_aggregate|write_in_aggregate|Lincoln|COUNTY
wy-2026-primary,wy|lincoln|wy-2026-primary|county_local_summary,Lincoln,wy-2026-primary|county|lincoln|precinct-committeeman-2-10|dem,DEM PRECINCT COMMITTEEMAN 2-10,Precinct Committeeman 2-10,county,,DEM,DEM,precinct,077bce5883de780344b6bbee138312d0831870e4243922965df5c85dcc45b623,2026-08-21T12:50:07Z,,county_summary_pdf_v1,1.1.5,1,verified,https://www.lincolncountywy.gov/government/clerk/elections_voting_information/2026_primary_election_results.php,,,county_complete,overvote,Lincoln,,,,,,0,,wy|lincoln|wy-2026-primary|county_local_summary|077bce5883de780344b6bbee138312d0831870e4243922965df5c85dcc45b623|wy-2026-primary|county|lincoln|precinct-committeeman-2-10|dem|overvote|overvote|Lincoln|COUNTY
wy-2026-primary,wy|lincoln|wy-2026-primary|county_local_summary,Lincoln,wy-2026-primary|county|lincoln|precinct-committeeman-2-10|dem,DEM PRECINCT COMMITTEEMAN 2-10,Precinct Committeeman 2-10,county,,DEM,DEM,precinct,077bce5883de780344b6bbee138312d0831870e4243922965df5c85dcc45b623,2026-08-21T12:50:07Z,,county_summary_pdf_v1,1.1.5,1,verified,https://www.lincolncountywy.gov/government/clerk/elections_voting_information/2026_primary_election_results.php,,,county_complete,undervote,Lincoln,,,,,,43,,wy|lincoln|wy-2026-primary|county_local_summary|077bce5883de780344b6bbee138312d0831870e4243922965df5c85dcc45b623|wy-2026-primary|county|lincoln|precinct-committeeman-2-10|dem|undervote|undervote|Lincoln|COUNTY
wy-2026-primary,wy|lincoln|wy-2026-primary|county_local_summary,Lincoln,wy-2026-primary|county|lincoln|precinct-committeewoman-2-10|dem,DEM PRECINCT COMMITTEEWOMAN 2-10,Precinct Committeewoman 2-10,county,,DEM,DEM,precinct,077bce5883de780344b6bbee138312d0831870e4243922965df5c85dcc45b623,2026-08-21T12:50:07Z,,county_summary_pdf_v1,1.1.5,1,verified,https://www.lincolncountywy.gov/government/clerk/elections_voting_information/2026_primary_election_results.php,,,county_complete,write_in_aggregate,Lincoln,,,,,,4,,wy|lincoln|wy-2026-primary|county_local_summary|077bce5883de780344b6bbee138312d0831870e4243922965df5c85dcc45b623|wy-2026-primary|county|lincoln|precinct-committeewoman-2-10|dem|write_in_aggregate|write_in_aggregate|Lincoln|COUNTY
wy-2026-primary,wy|lincoln|wy-2026-primary|county_local_summary,Lincoln,wy-2026-primary|county|lincoln|precinct-committeewoman-2-10|dem,DEM PRECINCT COMMITTEEWOMAN 2-10,Precinct Committeewoman 2-10,county,,DEM,DEM,precinct,077bce5883de780344b6bbee138312d0831870e4243922965df5c85dcc45b623,2026-08-21T12:50:07Z,,county_summary_pdf_v1,1.1.5,1,verified,https://www.lincolncountywy.gov/government/clerk/elections_voting_information/2026_primary_election_results.php,,,county_complete,overvote,Lincoln,,,,,,0,,wy|lincoln|wy-2026-primary|county_local_summary|077bce5883de780344b6bbee138312d0831870e4243922965df5c85dcc45b623|wy-2026-primary|county|lincoln|precinct-committeewoman-2-10|dem|overvote|overvote|Lincoln|COUNTY
wy-2026-primary,wy|lincoln|wy-2026-primary|county_local_summary,Lincoln,wy-2026-primary|county|lincoln|precinct-committeewoman-2-10|dem,DEM PRECINCT COMMITTEEWOMAN 2-10,Precinct Committeewoman 2-10,county,,DEM,DEM,precinct,077bce5883de780344b6bbee138312d0831870e4243922965df5c85dcc45b623,2026-08-21T12:50:07Z,,county_summary_pdf_v1,1.1.5,1,verified,https://www.lincolncountywy.gov/government/clerk/elections_voting_information/2026_primary_election_results.php,,,county_complete,undervote,Lincoln,,,,,,43,,wy|lincoln|wy-2026-primary|county_local_summary|077bce5883de780344b6bbee138312d0831870e4243922965df5c85dcc45b623|wy-2026-primary|county|lincoln|precinct-committeewoman-2-10|dem|undervote|undervote|Lincoln|COUNTY
wy-2026-primary,wy|lincoln|wy-2026-primary|county_local_summary,Lincoln,wy-2026-primary|city|lincoln|kemmerer-council-3---4yr|na,KEMMERER COUNCIL (3) - 4YR,Kemmerer Council (3) - 4Yr,city,,,,city,077bce5883de780344b6bbee138312d0831870e4243922965df5c85dcc45b623,2026-08-21T12:50:07Z,,county_summary_pdf_v1,1.1.5,1,verified,https://www.lincolncountywy.gov/government/clerk/elections_voting_information/2026_primary_election_results.php,,,county_complete,candidate,Lincoln,,,MICHAEL L. ARCHIBALD,MICHAEL L. ARCHIBALD,,360,,wy|lincoln|wy-2026-primary|county_local_summary|077bce5883de780344b6bbee138312d0831870e4243922965df5c85dcc45b623|wy-2026-primary|city|lincoln|kemmerer-council-3---4yr|na|candidate|MICHAEL L. ARCHIBALD|Lincoln|COUNTY
wy-2026-primary,wy|lincoln|wy-2026-primary|county_local_summary,Lincoln,wy-2026-primary|city|lincoln|kemmerer-council-3---4yr|na,KEMMERER COUNCIL (3) - 4YR,Kemmerer Council (3) - 4Yr,city,,,,city,077bce5883de780344b6bbee138312d0831870e4243922965df5c85dcc45b623,2026-08-21T12:50:07Z,,county_summary_pdf_v1,1.1.5,1,verified,https://www.lincolncountywy.gov/government/clerk/elections_voting_information/2026_primary_election_results.php,,,county_complete,candidate,Lincoln,,,RILEY JO CHAMBERS,RILEY JO CHAMBERS,,245,,wy|lincoln|wy-2026-primary|county_local_summary|077bce5883de780344b6bbee138312d0831870e4243922965df5c85dcc45b623|wy-2026-primary|city|lincoln|kemmerer-council-3---4yr|na|candidate|RILEY JO CHAMBERS|Lincoln|COUNTY
wy-2026-primary,wy|lincoln|wy-2026-primary|county_local_summary,Lincoln,wy-2026-primary|city|lincoln|kemmerer-council-3---4yr|na,KEMMERER COUNCIL (3) - 4YR,Kemmerer Council (3) - 4Yr,city,,,,city,077bce5883de780344b6bbee138312d0831870e4243922965df5c85dcc45b623,2026-08-21T12:50:07Z,,county_summary_pdf_v1,1.1.5,1,verified,https://www.lincolncountywy.gov/government/clerk/elections_voting_information/2026_primary_election_results.php,,,county_complete,candidate,Lincoln,,,DALE L. HICKS,DALE L. HICKS,,97,,wy|lincoln|wy-2026-primary|county_local_summary|077bce5883de780344b6bbee138312d0831870e4243922965df5c85dcc45b623|wy-2026-primary|city|lincoln|kemmerer-council-3---4yr|na|candidate|DALE L. HICKS|Lincoln|COUNTY
wy-2026-primary,wy|lincoln|wy-2026-primary|county_local_summary,Lincoln,wy-2026-primary|city|lincoln|kemmerer-council-3---4yr|na,KEMMERER COUNCIL (3) - 4YR,Kemmerer Council (3) - 4Yr,city,,,,city,077bce5883de780344b6bbee138312d0831870e4243922965df5c85dcc45b623,2026-08-21T12:50:07Z,,county_summary_pdf_v1,1.1.5,1,verified,https://www.lincolncountywy.gov/government/clerk/elections_voting_information/2026_primary_election_results.php,,,county_complete,candidate,Lincoln,,,BARBARA PEAVLER,BARBARA PEAVLER,,450,,wy|lincoln|wy-2026-primary|county_local_summary|077bce5883de780344b6bbee138312d0831870e4243922965df5c85dcc45b623|wy-2026-primary|city|lincoln|kemmerer-council-3---4yr|na|candidate|BARBARA PEAVLER|Lincoln|COUNTY
wy-2026-primary,wy|lincoln|wy-2026-primary|county_local_summary,Lincoln,wy-2026-primary|city|lincoln|kemmerer-council-3---4yr|na,KEMMERER COUNCIL (3) - 4YR,Kemmerer Council (3) - 4Yr,city,,,,city,077bce5883de780344b6bbee138312d0831870e4243922965df5c85dcc45b623,2026-08-21T12:50:07Z,,county_summary_pdf_v1,1.1.5,1,verified,https://www.lincolncountywy.gov/government/clerk/elections_voting_information/2026_primary_election_results.php,,,county_complete,candidate,Lincoln,,,KEN SPEARS,KEN SPEARS,,441,,wy|lincoln|wy-2026-primary|county_local_summary|077bce5883de780344b6bbee138312d0831870e4243922965df5c85dcc45b623|wy-2026-primary|city|lincoln|kemmerer-council-3---4yr|na|candidate|KEN SPEARS|Lincoln|COUNTY
wy-2026-primary,wy|lincoln|wy-2026-primary|county_local_summary,Lincoln,wy-2026-primary|city|lincoln|kemmerer-council-3---4yr|na,KEMMERER COUNCIL (3) - 4YR,Kemmerer Council (3) - 4Yr,city,,,,city,077bce5883de780344b6bbee138312d0831870e4243922965df5c85dcc45b623,2026-08-21T12:50:07Z,,county_summary_pdf_v1,1.1.5,1,verified,https://www.lincolncountywy.gov/government/clerk/elections_voting_information/2026_primary_election_results.php,,,county_complete,candidate,Lincoln,,,MARK THATCHER,MARK THATCHER,,250,,wy|lincoln|wy-2026-primary|county_local_summary|077bce5883de780344b6bbee138312d0831870e4243922965df5c85dcc45b623|wy-2026-primary|city|lincoln|kemmerer-council-3---4yr|na|candidate|MARK THATCHER|Lincoln|COUNTY
wy-2026-primary,wy|lincoln|wy-2026-primary|county_local_summary,Lincoln,wy-2026-primary|city|lincoln|kemmerer-council-3---4yr|na,KEMMERER COUNCIL (3) - 4YR,Kemmerer Council (3) - 4Yr,city,,,,city,077bce5883de780344b6bbee138312d0831870e4243922965df5c85dcc45b623,2026-08-21T12:50:07Z,,county_summary_pdf_v1,1.1.5,1,verified,https://www.lincolncountywy.gov/government/clerk/elections_voting_information/2026_primary_election_results.php,,,county_complete,write_in_aggregate,Lincoln,,,,,,34,,wy|lincoln|wy-2026-primary|county_local_summary|077bce5883de780344b6bbee138312d0831870e4243922965df5c85dcc45b623|wy-2026-primary|city|lincoln|kemmerer-council-3---4yr|na|write_in_aggregate|write_in_aggregate|Lincoln|COUNTY
wy-2026-primary,wy|lincoln|wy-2026-primary|county_local_summary,Lincoln,wy-2026-primary|city|lincoln|kemmerer-council-3---4yr|na,KEMMERER COUNCIL (3) - 4YR,Kemmerer Council (3) - 4Yr,city,,,,city,077bce5883de780344b6bbee138312d0831870e4243922965df5c85dcc45b623,2026-08-21T12:50:07Z,,county_summary_pdf_v1,1.1.5,1,verified,https://www.lincolncountywy.gov/government/clerk/elections_voting_information/2026_primary_election_results.php,,,county_complete,overvote,Lincoln,,,,,,18,,wy|lincoln|wy-2026-primary|county_local_summary|077bce5883de780344b6bbee138312d0831870e4243922965df5c85dcc45b623|wy-2026-primary|city|lincoln|kemmerer-council-3---4yr|na|overvote|overvote|Lincoln|COUNTY
wy-2026-primary,wy|lincoln|wy-2026-primary|county_local_summary,Lincoln,wy-2026-primary|city|lincoln|kemmerer-council-3---4yr|na,KEMMERER COUNCIL (3) - 4YR,Kemmerer Council (3) - 4Yr,city,,,,city,077bce5883de780344b6bbee138312d0831870e4243922965df5c85dcc45b623,2026-08-21T12:50:07Z,,county_summary_pdf_v1,1.1.5,1,verified,https://www.lincolncountywy.gov/government/clerk/elections_voting_information/2026_primary_election_results.php,,,county_complete,undervote,Lincoln,,,,,,427,,wy|lincoln|wy-2026-primary|county_local_summary|077bce5883de780344b6bbee138312d0831870e4243922965df5c85dcc45b623|wy-2026-primary|city|lincoln|kemmerer-council-3---4yr|na|undervote|undervote|Lincoln|COUNTY
wy-2026-primary,wy|lincoln|wy-2026-primary|county_local_summary,Lincoln,wy-2026-primary|city|lincoln|diamondville-mayor|na,DIAMONDVILLE MAYOR,Diamondville Mayor,city,,,,city,077bce5883de780344b6bbee138312d0831870e4243922965df5c85dcc45b623,2026-08-21T12:50:07Z,,county_summary_pdf_v1,1.1.5,1,verified,https://www.lincolncountywy.gov/government/clerk/elections_voting_information/2026_primary_election_results.php,,,county_complete,candidate,Lincoln,,,ERIC BACKMAN,ERIC BACKMAN,,148,,wy|lincoln|wy-2026-primary|county_local_summary|077bce5883de780344b6bbee138312d0831870e4243922965df5c85dcc45b623|wy-2026-primary|city|lincoln|diamondville-mayor|na|candidate|ERIC BACKMAN|Lincoln|COUNTY
wy-2026-primary,wy|lincoln|wy-2026-primary|county_local_summary,Lincoln,wy-2026-primary|city|lincoln|diamondville-mayor|na,DIAMONDVILLE MAYOR,Diamondville Mayor,city,,,,city,077bce5883de780344b6bbee138312d0831870e4243922965df5c85dcc45b623,2026-08-21T12:50:07Z,,county_summary_pdf_v1,1.1.5,1,verified,https://www.lincolncountywy.gov/government/clerk/elections_voting_information/2026_primary_election_results.php,,,county_complete,write_in_aggregate,Lincoln,,,,,,8,,wy|lincoln|wy-2026-primary|county_local_summary|077bce5883de780344b6bbee138312d0831870e4243922965df5c85dcc45b623|wy-2026-primary|city|lincoln|diamondville-mayor|na|write_in_aggregate|write_in_aggregate|Lincoln|COUNTY
wy-2026-primary,wy|lincoln|wy-2026-primary|county_local_summary,Lincoln,wy-2026-primary|city|lincoln|diamondville-mayor|na,DIAMONDVILLE MAYOR,Diamondville Mayor,city,,,,city,077bce5883de780344b6bbee138312d0831870e4243922965df5c85dcc45b623,2026-08-21T12:50:07Z,,county_summary_pdf_v1,1.1.5,1,verified,https://www.lincolncountywy.gov/government/clerk/elections_voting_information/2026_primary_election_results.php,,,county_complete,overvote,Lincoln,,,,,,1,,wy|lincoln|wy-2026-primary|county_local_summary|077bce5883de780344b6bbee138312d0831870e4243922965df5c85dcc45b623|wy-2026-primary|city|lincoln|diamondville-mayor|na|overvote|overvote|Lincoln|COUNTY
wy-2026-primary,wy|lincoln|wy-2026-primary|county_local_summary,Lincoln,wy-2026-primary|city|lincoln|diamondville-mayor|na,DIAMONDVILLE MAYOR,Diamondville Mayor,city,,,,city,077bce5883de780344b6bbee138312d0831870e4243922965df5c85dcc45b623,2026-08-21T12:50:07Z,,county_summary_pdf_v1,1.1.5,1,verified,https://www.lincolncountywy.gov/government/clerk/elections_voting_information/2026_primary_election_results.php,,,county_complete,undervote,Lincoln,,,,,,22,,wy|lincoln|wy-2026-primary|county_local_summary|077bce5883de780344b6bbee138312d0831870e4243922965df5c85dcc45b623|wy-2026-primary|city|lincoln|diamondville-mayor|na|undervote|undervote|Lincoln|COUNTY
wy-2026-primary,wy|lincoln|wy-2026-primary|county_local_summary,Lincoln,wy-2026-primary|city|lincoln|diamondville-council-2---4-yr|na,DIAMONDVILLE COUNCIL (2) - 4 YR,Diamondville Council (2) - 4 Yr,city,,,,city,077bce5883de780344b6bbee138312d0831870e4243922965df5c85dcc45b623,2026-08-21T12:50:07Z,,county_summary_pdf_v1,1.1.5,1,verified,https://www.lincolncountywy.gov/government/clerk/elections_voting_information/2026_primary_election_results.php,,,county_complete,candidate,Lincoln,,,CASEY CLARK,CASEY CLARK,,153,,wy|lincoln|wy-2026-primary|county_local_summary|077bce5883de780344b6bbee138312d0831870e4243922965df5c85dcc45b623|wy-2026-primary|city|lincoln|diamondville-council-2---4-yr|na|candidate|CASEY CLARK|Lincoln|COUNTY
wy-2026-primary,wy|lincoln|wy-2026-primary|county_local_summary,Lincoln,wy-2026-primary|city|lincoln|diamondville-council-2---4-yr|na,DIAMONDVILLE COUNCIL (2) - 4 YR,Diamondville Council (2) - 4 Yr,city,,,,city,077bce5883de780344b6bbee138312d0831870e4243922965df5c85dcc45b623,2026-08-21T12:50:07Z,,county_summary_pdf_v1,1.1.5,1,verified,https://www.lincolncountywy.gov/government/clerk/elections_voting_information/2026_primary_election_results.php,,,county_complete,write_in_aggregate,Lincoln,,,,,,38,,wy|lincoln|wy-2026-primary|county_local_summary|077bce5883de780344b6bbee138312d0831870e4243922965df5c85dcc45b623|wy-2026-primary|city|lincoln|diamondville-council-2---4-yr|na|write_in_aggregate|write_in_aggregate|Lincoln|COUNTY
wy-2026-primary,wy|lincoln|wy-2026-primary|county_local_summary,Lincoln,wy-2026-primary|city|lincoln|diamondville-council-2---4-yr|na,DIAMONDVILLE COUNCIL (2) - 4 YR,Diamondville Council (2) - 4 Yr,city,,,,city,077bce5883de780344b6bbee138312d0831870e4243922965df5c85dcc45b623,2026-08-21T12:50:07Z,,county_summary_pdf_v1,1.1.5,1,verified,https://www.lincolncountywy.gov/government/clerk/elections_voting_information/2026_primary_election_results.php,,,county_complete,overvote,Lincoln,,,,,,0,,wy|lincoln|wy-2026-primary|county_local_summary|077bce5883de780344b6bbee138312d0831870e4243922965df5c85dcc45b623|wy-2026-primary|city|lincoln|diamondville-council-2---4-yr|na|overvote|overvote|Lincoln|COUNTY
wy-2026-primary,wy|lincoln|wy-2026-primary|county_local_summary,Lincoln,wy-2026-primary|city|lincoln|diamondville-council-2---4-yr|na,DIAMONDVILLE COUNCIL (2) - 4 YR,Diamondville Council (2) - 4 Yr,city,,,,city,077bce5883de780344b6bbee138312d0831870e4243922965df5c85dcc45b623,2026-08-21T12:50:07Z,,county_summary_pdf_v1,1.1.5,1,verified,https://www.lincolncountywy.gov/government/clerk/elections_voting_information/2026_primary_election_results.php,,,county_complete,undervote,Lincoln,,,,,,167,,wy|lincoln|wy-2026-primary|county_local_summary|077bce5883de780344b6bbee138312d0831870e4243922965df5c85dcc45b623|wy-2026-primary|city|lincoln|diamondville-council-2---4-yr|na|undervote|undervote|Lincoln|COUNTY
wy-2026-primary,wy|lincoln|wy-2026-primary|county_local_summary,Lincoln,wy-2026-primary|city|lincoln|diamondville-council-1---2yr|na,DIAMONDVILLE COUNCIL (1) - 2YR,Diamondville Council (1) - 2Yr,city,,,,city,077bce5883de780344b6bbee138312d0831870e4243922965df5c85dcc45b623,2026-08-21T12:50:07Z,,county_summary_pdf_v1,1.1.5,1,verified,https://www.lincolncountywy.gov/government/clerk/elections_voting_information/2026_primary_election_results.php,,,county_complete,write_in_aggregate,Lincoln,,,,,,34,,wy|lincoln|wy-2026-primary|county_local_summary|077bce5883de780344b6bbee138312d0831870e4243922965df5c85dcc45b623|wy-2026-primary|city|lincoln|diamondville-council-1---2yr|na|write_in_aggregate|write_in_aggregate|Lincoln|COUNTY
wy-2026-primary,wy|lincoln|wy-2026-primary|county_local_summary,Lincoln,wy-2026-primary|city|lincoln|diamondville-council-1---2yr|na,DIAMONDVILLE COUNCIL (1) - 2YR,Diamondville Council (1) - 2Yr,city,,,,city,077bce5883de780344b6bbee138312d0831870e4243922965df5c85dcc45b623,2026-08-21T12:50:07Z,,county_summary_pdf_v1,1.1.5,1,verified,https://www.lincolncountywy.gov/government/clerk/elections_voting_information/2026_primary_election_results.php,,,county_complete,overvote,Lincoln,,,,,,0,,wy|lincoln|wy-2026-primary|county_local_summary|077bce5883de780344b6bbee138312d0831870e4243922965df5c85dcc45b623|wy-2026-primary|city|lincoln|diamondville-council-1---2yr|na|overvote|overvote|Lincoln|COUNTY
wy-2026-primary,wy|lincoln|wy-2026-primary|county_local_summary,Lincoln,wy-2026-primary|city|lincoln|diamondville-council-1---2yr|na,DIAMONDVILLE COUNCIL (1) - 2YR,Diamondville Council (1) - 2Yr,city,,,,city,077bce5883de780344b6bbee138312d0831870e4243922965df5c85dcc45b623,2026-08-21T12:50:07Z,,county_summary_pdf_v1,1.1.5,1,verified,https://www.lincolncountywy.gov/government/clerk/elections_voting_information/2026_primary_election_results.php,,,county_complete,undervote,Lincoln,,,,,,145,,wy|lincoln|wy-2026-primary|county_local_summary|077bce5883de780344b6bbee138312d0831870e4243922965df5c85dcc45b623|wy-2026-primary|city|lincoln|diamondville-council-1---2yr|na|undervote|undervote|Lincoln|COUNTY
wy-2026-primary,wy|lincoln|wy-2026-primary|county_local_summary,Lincoln,wy-2026-primary|city|lincoln|opal-mayor|na,OPAL MAYOR,Opal Mayor,city,,,,city,077bce5883de780344b6bbee138312d0831870e4243922965df5c85dcc45b623,2026-08-21T12:50:07Z,,county_summary_pdf_v1,1.1.5,1,verified,https://www.lincolncountywy.gov/government/clerk/elections_voting_information/2026_primary_election_results.php,,,county_complete,candidate,Lincoln,,,ROBERT CHAPIN,ROBERT CHAPIN,,13,,wy|lincoln|wy-2026-primary|county_local_summary|077bce5883de780344b6bbee138312d0831870e4243922965df5c85dcc45b623|wy-2026-primary|city|lincoln|opal-mayor|na|candidate|ROBERT CHAPIN|Lincoln|COUNTY
wy-2026-primary,wy|lincoln|wy-2026-primary|county_local_summary,Lincoln,wy-2026-primary|city|lincoln|opal-mayor|na,OPAL MAYOR,Opal Mayor,city,,,,city,077bce5883de780344b6bbee138312d0831870e4243922965df5c85dcc45b623,2026-08-21T12:50:07Z,,county_summary_pdf_v1,1.1.5,1,verified,https://www.lincolncountywy.gov/government/clerk/elections_voting_information/2026_primary_election_results.php,,,county_complete,candidate,Lincoln,,,MARY O. HALL,MARY O. HALL,,27,,wy|lincoln|wy-2026-primary|county_local_summary|077bce5883de780344b6bbee138312d0831870e4243922965df5c85dcc45b623|wy-2026-primary|city|lincoln|opal-mayor|na|candidate|MARY O. HALL|Lincoln|COUNTY
wy-2026-primary,wy|lincoln|wy-2026-primary|county_local_summary,Lincoln,wy-2026-primary|city|lincoln|opal-mayor|na,OPAL MAYOR,Opal Mayor,city,,,,city,077bce5883de780344b6bbee138312d0831870e4243922965df5c85dcc45b623,2026-08-21T12:50:07Z,,county_summary_pdf_v1,1.1.5,1,verified,https://www.lincolncountywy.gov/government/clerk/elections_voting_information/2026_primary_election_results.php,,,county_complete,write_in_aggregate,Lincoln,,,,,,0,,wy|lincoln|wy-2026-primary|county_local_summary|077bce5883de780344b6bbee138312d0831870e4243922965df5c85dcc45b623|wy-2026-primary|city|lincoln|opal-mayor|na|write_in_aggregate|write_in_aggregate|Lincoln|COUNTY
wy-2026-primary,wy|lincoln|wy-2026-primary|county_local_summary,Lincoln,wy-2026-primary|city|lincoln|opal-mayor|na,OPAL MAYOR,Opal Mayor,city,,,,city,077bce5883de780344b6bbee138312d0831870e4243922965df5c85dcc45b623,2026-08-21T12:50:07Z,,county_summary_pdf_v1,1.1.5,1,verified,https://www.lincolncountywy.gov/government/clerk/elections_voting_information/2026_primary_election_results.php,,,county_complete,overvote,Lincoln,,,,,,0,,wy|lincoln|wy-2026-primary|county_local_summary|077bce5883de780344b6bbee138312d0831870e4243922965df5c85dcc45b623|wy-2026-primary|city|lincoln|opal-mayor|na|overvote|overvote|Lincoln|COUNTY
wy-2026-primary,wy|lincoln|wy-2026-primary|county_local_summary,Lincoln,wy-2026-primary|city|lincoln|opal-mayor|na,OPAL MAYOR,Opal Mayor,city,,,,city,077bce5883de780344b6bbee138312d0831870e4243922965df5c85dcc45b623,2026-08-21T12:50:07Z,,county_summary_pdf_v1,1.1.5,1,verified,https://www.lincolncountywy.gov/government/clerk/elections_voting_information/2026_primary_election_results.php,,,county_complete,undervote,Lincoln,,,,,,1,,wy|lincoln|wy-2026-primary|county_local_summary|077bce5883de780344b6bbee138312d0831870e4243922965df5c85dcc45b623|wy-2026-primary|city|lincoln|opal-mayor|na|undervote|undervote|Lincoln|COUNTY
wy-2026-primary,wy|lincoln|wy-2026-primary|county_local_summary,Lincoln,wy-2026-primary|city|lincoln|opal-council-2---4yr|na,OPAL COUNCIL (2) - 4YR,Opal Council (2) - 4Yr,city,,,,city,077bce5883de780344b6bbee138312d0831870e4243922965df5c85dcc45b623,2026-08-21T12:50:07Z,,county_summary_pdf_v1,1.1.5,1,verified,https://www.lincolncountywy.gov/government/clerk/elections_voting_information/2026_primary_election_results.php,,,county_complete,candidate,Lincoln,,,MICHALE BEEHLER,MICHALE BEEHLER,,26,,wy|lincoln|wy-2026-primary|county_local_summary|077bce5883de780344b6bbee138312d0831870e4243922965df5c85dcc45b623|wy-2026-primary|city|lincoln|opal-council-2---4yr|na|candidate|MICHALE BEEHLER|Lincoln|COUNTY
wy-2026-primary,wy|lincoln|wy-2026-primary|county_local_summary,Lincoln,wy-2026-primary|city|lincoln|opal-council-2---4yr|na,OPAL COUNCIL (2) - 4YR,Opal Council (2) - 4Yr,city,,,,city,077bce5883de780344b6bbee138312d0831870e4243922965df5c85dcc45b623,2026-08-21T12:50:07Z,,county_summary_pdf_v1,1.1.5,1,verified,https://www.lincolncountywy.gov/government/clerk/elections_voting_information/2026_primary_election_results.php,,,county_complete,candidate,Lincoln,,,JONATHAN J. DERAYMOND,JONATHAN J. DERAYMOND,,11,,wy|lincoln|wy-2026-primary|county_local_summary|077bce5883de780344b6bbee138312d0831870e4243922965df5c85dcc45b623|wy-2026-primary|city|lincoln|opal-council-2---4yr|na|candidate|JONATHAN J. DERAYMOND|Lincoln|COUNTY
wy-2026-primary,wy|lincoln|wy-2026-primary|county_local_summary,Lincoln,wy-2026-primary|city|lincoln|opal-council-2---4yr|na,OPAL COUNCIL (2) - 4YR,Opal Council (2) - 4Yr,city,,,,city,077bce5883de780344b6bbee138312d0831870e4243922965df5c85dcc45b623,2026-08-21T12:50:07Z,,county_summary_pdf_v1,1.1.5,1,verified,https://www.lincolncountywy.gov/government/clerk/elections_voting_information/2026_primary_election_results.php,,,county_complete,candidate,Lincoln,,,RICHARD DUNN,RICHARD DUNN,,12,,wy|lincoln|wy-2026-primary|county_local_summary|077bce5883de780344b6bbee138312d0831870e4243922965df5c85dcc45b623|wy-2026-primary|city|lincoln|opal-council-2---4yr|na|candidate|RICHARD DUNN|Lincoln|COUNTY
wy-2026-primary,wy|lincoln|wy-2026-primary|county_local_summary,Lincoln,wy-2026-primary|city|lincoln|opal-council-2---4yr|na,OPAL COUNCIL (2) - 4YR,Opal Council (2) - 4Yr,city,,,,city,077bce5883de780344b6bbee138312d0831870e4243922965df5c85dcc45b623,2026-08-21T12:50:07Z,,county_summary_pdf_v1,1.1.5,1,verified,https://www.lincolncountywy.gov/government/clerk/elections_voting_information/2026_primary_election_results.php,,,county_complete,candidate,Lincoln,,,ANTHONY RITZDORF,ANTHONY RITZDORF,,12,,wy|lincoln|wy-2026-primary|county_local_summary|077bce5883de780344b6bbee138312d0831870e4243922965df5c85dcc45b623|wy-2026-primary|city|lincoln|opal-council-2---4yr|na|candidate|ANTHONY RITZDORF|Lincoln|COUNTY
wy-2026-primary,wy|lincoln|wy-2026-primary|county_local_summary,Lincoln,wy-2026-primary|city|lincoln|opal-council-2---4yr|na,OPAL COUNCIL (2) - 4YR,Opal Council (2) - 4Yr,city,,,,city,077bce5883de780344b6bbee138312d0831870e4243922965df5c85dcc45b623,2026-08-21T12:50:07Z,,county_summary_pdf_v1,1.1.5,1,verified,https://www.lincolncountywy.gov/government/clerk/elections_voting_information/2026_primary_election_results.php,,,county_complete,write_in_aggregate,Lincoln,,,,,,13,,wy|lincoln|wy-2026-primary|county_local_summary|077bce5883de780344b6bbee138312d0831870e4243922965df5c85dcc45b623|wy-2026-primary|city|lincoln|opal-council-2---4yr|na|write_in_aggregate|write_in_aggregate|Lincoln|COUNTY
wy-2026-primary,wy|lincoln|wy-2026-primary|county_local_summary,Lincoln,wy-2026-primary|city|lincoln|opal-council-2---4yr|na,OPAL COUNCIL (2) - 4YR,Opal Council (2) - 4Yr,city,,,,city,077bce5883de780344b6bbee138312d0831870e4243922965df5c85dcc45b623,2026-08-21T12:50:07Z,,county_summary_pdf_v1,1.1.5,1,verified,https://www.lincolncountywy.gov/government/clerk/elections_voting_information/2026_primary_election_results.php,,,county_complete,overvote,Lincoln,,,,,,0,,wy|lincoln|wy-2026-primary|county_local_summary|077bce5883de780344b6bbee138312d0831870e4243922965df5c85dcc45b623|wy-2026-primary|city|lincoln|opal-council-2---4yr|na|overvote|overvote|Lincoln|COUNTY
wy-2026-primary,wy|lincoln|wy-2026-primary|county_local_summary,Lincoln,wy-2026-primary|city|lincoln|opal-council-2---4yr|na,OPAL COUNCIL (2) - 4YR,Opal Council (2) - 4Yr,city,,,,city,077bce5883de780344b6bbee138312d0831870e4243922965df5c85dcc45b623,2026-08-21T12:50:07Z,,county_summary_pdf_v1,1.1.5,1,verified,https://www.lincolncountywy.gov/government/clerk/elections_voting_information/2026_primary_election_results.php,,,county_complete,undervote,Lincoln,,,,,,8,,wy|lincoln|wy-2026-primary|county_local_summary|077bce5883de780344b6bbee138312d0831870e4243922965df5c85dcc45b623|wy-2026-primary|city|lincoln|opal-council-2---4yr|na|undervote|undervote|Lincoln|COUNTY
wy-2026-primary,wy|lincoln|wy-2026-primary|county_local_summary,Lincoln,wy-2026-primary|city|lincoln|labarge-mayor|na,LABARGE MAYOR,Labarge Mayor,city,,,,city,077bce5883de780344b6bbee138312d0831870e4243922965df5c85dcc45b623,2026-08-21T12:50:07Z,,county_summary_pdf_v1,1.1.5,1,verified,https://www.lincolncountywy.gov/government/clerk/elections_voting_information/2026_primary_election_results.php,,,county_complete,candidate,Lincoln,,,RALPH HINSON,RALPH HINSON,,78,,wy|lincoln|wy-2026-primary|county_local_summary|077bce5883de780344b6bbee138312d0831870e4243922965df5c85dcc45b623|wy-2026-primary|city|lincoln|labarge-mayor|na|candidate|RALPH HINSON|Lincoln|COUNTY
wy-2026-primary,wy|lincoln|wy-2026-primary|county_local_summary,Lincoln,wy-2026-primary|city|lincoln|labarge-mayor|na,LABARGE MAYOR,Labarge Mayor,city,,,,city,077bce5883de780344b6bbee138312d0831870e4243922965df5c85dcc45b623,2026-08-21T12:50:07Z,,county_summary_pdf_v1,1.1.5,1,verified,https://www.lincolncountywy.gov/government/clerk/elections_voting_information/2026_primary_election_results.php,,,county_complete,candidate,Lincoln,,,TAYLOR MOCEIKA,TAYLOR MOCEIKA,,55,,wy|lincoln|wy-2026-primary|county_local_summary|077bce5883de780344b6bbee138312d0831870e4243922965df5c85dcc45b623|wy-2026-primary|city|lincoln|labarge-mayor|na|candidate|TAYLOR MOCEIKA|Lincoln|COUNTY
wy-2026-primary,wy|lincoln|wy-2026-primary|county_local_summary,Lincoln,wy-2026-primary|city|lincoln|labarge-mayor|na,LABARGE MAYOR,Labarge Mayor,city,,,,city,077bce5883de780344b6bbee138312d0831870e4243922965df5c85dcc45b623,2026-08-21T12:50:07Z,,county_summary_pdf_v1,1.1.5,1,verified,https://www.lincolncountywy.gov/government/clerk/elections_voting_information/2026_primary_election_results.php,,,county_complete,write_in_aggregate,Lincoln,,,,,,3,,wy|lincoln|wy-2026-primary|county_local_summary|077bce5883de780344b6bbee138312d0831870e4243922965df5c85dcc45b623|wy-2026-primary|city|lincoln|labarge-mayor|na|write_in_aggregate|write_in_aggregate|Lincoln|COUNTY
wy-2026-primary,wy|lincoln|wy-2026-primary|county_local_summary,Lincoln,wy-2026-primary|city|lincoln|labarge-mayor|na,LABARGE MAYOR,Labarge Mayor,city,,,,city,077bce5883de780344b6bbee138312d0831870e4243922965df5c85dcc45b623,2026-08-21T12:50:07Z,,county_summary_pdf_v1,1.1.5,1,verified,https://www.lincolncountywy.gov/government/clerk/elections_voting_information/2026_primary_election_results.php,,,county_complete,overvote,Lincoln,,,,,,0,,wy|lincoln|wy-2026-primary|county_local_summary|077bce5883de780344b6bbee138312d0831870e4243922965df5c85dcc45b623|wy-2026-primary|city|lincoln|labarge-mayor|na|overvote|overvote|Lincoln|COUNTY
wy-2026-primary,wy|lincoln|wy-2026-primary|county_local_summary,Lincoln,wy-2026-primary|city|lincoln|labarge-mayor|na,LABARGE MAYOR,Labarge Mayor,city,,,,city,077bce5883de780344b6bbee138312d0831870e4243922965df5c85dcc45b623,2026-08-21T12:50:07Z,,county_summary_pdf_v1,1.1.5,1,verified,https://www.lincolncountywy.gov/government/clerk/elections_voting_information/2026_primary_election_results.php,,,county_complete,undervote,Lincoln,,,,,,0,,wy|lincoln|wy-2026-primary|county_local_summary|077bce5883de780344b6bbee138312d0831870e4243922965df5c85dcc45b623|wy-2026-primary|city|lincoln|labarge-mayor|na|undervote|undervote|Lincoln|COUNTY
wy-2026-primary,wy|lincoln|wy-2026-primary|county_local_summary,Lincoln,wy-2026-primary|city|lincoln|labarge-council-2---4yr|na,LABARGE COUNCIL (2) - 4YR,Labarge Council (2) - 4Yr,city,,,,city,077bce5883de780344b6bbee138312d0831870e4243922965df5c85dcc45b623,2026-08-21T12:50:07Z,,county_summary_pdf_v1,1.1.5,1,verified,https://www.lincolncountywy.gov/government/clerk/elections_voting_information/2026_primary_election_results.php,,,county_complete,candidate,Lincoln,,,BENJAMIN HOWARD,BENJAMIN HOWARD,,73,,wy|lincoln|wy-2026-primary|county_local_summary|077bce5883de780344b6bbee138312d0831870e4243922965df5c85dcc45b623|wy-2026-primary|city|lincoln|labarge-council-2---4yr|na|candidate|BENJAMIN HOWARD|Lincoln|COUNTY
wy-2026-primary,wy|lincoln|wy-2026-primary|county_local_summary,Lincoln,wy-2026-primary|city|lincoln|labarge-council-2---4yr|na,LABARGE COUNCIL (2) - 4YR,Labarge Council (2) - 4Yr,city,,,,city,077bce5883de780344b6bbee138312d0831870e4243922965df5c85dcc45b623,2026-08-21T12:50:07Z,,county_summary_pdf_v1,1.1.5,1,verified,https://www.lincolncountywy.gov/government/clerk/elections_voting_information/2026_primary_election_results.php,,,county_complete,candidate,Lincoln,,,RICK MARQUARDT,RICK MARQUARDT,,75,,wy|lincoln|wy-2026-primary|county_local_summary|077bce5883de780344b6bbee138312d0831870e4243922965df5c85dcc45b623|wy-2026-primary|city|lincoln|labarge-council-2---4yr|na|candidate|RICK MARQUARDT|Lincoln|COUNTY
wy-2026-primary,wy|lincoln|wy-2026-primary|county_local_summary,Lincoln,wy-2026-primary|city|lincoln|labarge-council-2---4yr|na,LABARGE COUNCIL (2) - 4YR,Labarge Council (2) - 4Yr,city,,,,city,077bce5883de780344b6bbee138312d0831870e4243922965df5c85dcc45b623,2026-08-21T12:50:07Z,,county_summary_pdf_v1,1.1.5,1,verified,https://www.lincolncountywy.gov/government/clerk/elections_voting_information/2026_primary_election_results.php,,,county_complete,write_in_aggregate,Lincoln,,,,,,42,,wy|lincoln|wy-2026-primary|county_local_summary|077bce5883de780344b6bbee138312d0831870e4243922965df5c85dcc45b623|wy-2026-primary|city|lincoln|labarge-council-2---4yr|na|write_in_aggregate|write_in_aggregate|Lincoln|COUNTY
wy-2026-primary,wy|lincoln|wy-2026-primary|county_local_summary,Lincoln,wy-2026-primary|city|lincoln|labarge-council-2---4yr|na,LABARGE COUNCIL (2) - 4YR,Labarge Council (2) - 4Yr,city,,,,city,077bce5883de780344b6bbee138312d0831870e4243922965df5c85dcc45b623,2026-08-21T12:50:07Z,,county_summary_pdf_v1,1.1.5,1,verified,https://www.lincolncountywy.gov/government/clerk/elections_voting_information/2026_primary_election_results.php,,,county_complete,overvote,Lincoln,,,,,,0,,wy|lincoln|wy-2026-primary|county_local_summary|077bce5883de780344b6bbee138312d0831870e4243922965df5c85dcc45b623|wy-2026-primary|city|lincoln|labarge-council-2---4yr|na|overvote|overvote|Lincoln|COUNTY
wy-2026-primary,wy|lincoln|wy-2026-primary|county_local_summary,Lincoln,wy-2026-primary|city|lincoln|labarge-council-2---4yr|na,LABARGE COUNCIL (2) - 4YR,Labarge Council (2) - 4Yr,city,,,,city,077bce5883de780344b6bbee138312d0831870e4243922965df5c85dcc45b623,2026-08-21T12:50:07Z,,county_summary_pdf_v1,1.1.5,1,verified,https://www.lincolncountywy.gov/government/clerk/elections_voting_information/2026_primary_election_results.php,,,county_complete,undervote,Lincoln,,,,,,82,,wy|lincoln|wy-2026-primary|county_local_summary|077bce5883de780344b6bbee138312d0831870e4243922965df5c85dcc45b623|wy-2026-primary|city|lincoln|labarge-council-2---4yr|na|undervote|undervote|Lincoln|COUNTY
wy-2026-primary,wy|lincoln|wy-2026-primary|county_local_summary,Lincoln,wy-2026-primary|city|lincoln|afton-mayor|na,AFTON MAYOR,Afton Mayor,city,,,,city,077bce5883de780344b6bbee138312d0831870e4243922965df5c85dcc45b623,2026-08-21T12:50:07Z,,county_summary_pdf_v1,1.1.5,1,verified,https://www.lincolncountywy.gov/government/clerk/elections_voting_information/2026_primary_election_results.php,,,county_complete,candidate,Lincoln,,,JEFFREY JENSEN,JEFFREY JENSEN,,430,,wy|lincoln|wy-2026-primary|county_local_summary|077bce5883de780344b6bbee138312d0831870e4243922965df5c85dcc45b623|wy-2026-primary|city|lincoln|afton-mayor|na|candidate|JEFFREY JENSEN|Lincoln|COUNTY
wy-2026-primary,wy|lincoln|wy-2026-primary|county_local_summary,Lincoln,wy-2026-primary|city|lincoln|afton-mayor|na,AFTON MAYOR,Afton Mayor,city,,,,city,077bce5883de780344b6bbee138312d0831870e4243922965df5c85dcc45b623,2026-08-21T12:50:07Z,,county_summary_pdf_v1,1.1.5,1,verified,https://www.lincolncountywy.gov/government/clerk/elections_voting_information/2026_primary_election_results.php,,,county_complete,write_in_aggregate,Lincoln,,,,,,64,,wy|lincoln|wy-2026-primary|county_local_summary|077bce5883de780344b6bbee138312d0831870e4243922965df5c85dcc45b623|wy-2026-primary|city|lincoln|afton-mayor|na|write_in_aggregate|write_in_aggregate|Lincoln|COUNTY
wy-2026-primary,wy|lincoln|wy-2026-primary|county_local_summary,Lincoln,wy-2026-primary|city|lincoln|afton-mayor|na,AFTON MAYOR,Afton Mayor,city,,,,city,077bce5883de780344b6bbee138312d0831870e4243922965df5c85dcc45b623,2026-08-21T12:50:07Z,,county_summary_pdf_v1,1.1.5,1,verified,https://www.lincolncountywy.gov/government/clerk/elections_voting_information/2026_primary_election_results.php,,,county_complete,overvote,Lincoln,,,,,,0,,wy|lincoln|wy-2026-primary|county_local_summary|077bce5883de780344b6bbee138312d0831870e4243922965df5c85dcc45b623|wy-2026-primary|city|lincoln|afton-mayor|na|overvote|overvote|Lincoln|COUNTY
wy-2026-primary,wy|lincoln|wy-2026-primary|county_local_summary,Lincoln,wy-2026-primary|city|lincoln|afton-mayor|na,AFTON MAYOR,Afton Mayor,city,,,,city,077bce5883de780344b6bbee138312d0831870e4243922965df5c85dcc45b623,2026-08-21T12:50:07Z,,county_summary_pdf_v1,1.1.5,1,verified,https://www.lincolncountywy.gov/government/clerk/elections_voting_information/2026_primary_election_results.php,,,county_complete,undervote,Lincoln,,,,,,108,,wy|lincoln|wy-2026-primary|county_local_summary|077bce5883de780344b6bbee138312d0831870e4243922965df5c85dcc45b623|wy-2026-primary|city|lincoln|afton-mayor|na|undervote|undervote|Lincoln|COUNTY
wy-2026-primary,wy|lincoln|wy-2026-primary|county_local_summary,Lincoln,wy-2026-primary|city|lincoln|afton-council-2---4yr|na,AFTON COUNCIL (2) - 4YR,Afton Council (2) - 4Yr,city,,,,city,077bce5883de780344b6bbee138312d0831870e4243922965df5c85dcc45b623,2026-08-21T12:50:07Z,,county_summary_pdf_v1,1.1.5,1,verified,https://www.lincolncountywy.gov/government/clerk/elections_voting_information/2026_primary_election_results.php,,,county_complete,candidate,Lincoln,,,BROCK BROWN,BROCK BROWN,,358,,wy|lincoln|wy-2026-primary|county_local_summary|077bce5883de780344b6bbee138312d0831870e4243922965df5c85dcc45b623|wy-2026-primary|city|lincoln|afton-council-2---4yr|na|candidate|BROCK BROWN|Lincoln|COUNTY
wy-2026-primary,wy|lincoln|wy-2026-primary|county_local_summary,Lincoln,wy-2026-primary|city|lincoln|afton-council-2---4yr|na,AFTON COUNCIL (2) - 4YR,Afton Council (2) - 4Yr,city,,,,city,077bce5883de780344b6bbee138312d0831870e4243922965df5c85dcc45b623,2026-08-21T12:50:07Z,,county_summary_pdf_v1,1.1.5,1,verified,https://www.lincolncountywy.gov/government/clerk/elections_voting_information/2026_primary_election_results.php,,,county_complete,candidate,Lincoln,,,JEREMY J. PRICE,JEREMY J. PRICE,,185,,wy|lincoln|wy-2026-primary|county_local_summary|077bce5883de780344b6bbee138312d0831870e4243922965df5c85dcc45b623|wy-2026-primary|city|lincoln|afton-council-2---4yr|na|candidate|JEREMY J. PRICE|Lincoln|COUNTY
wy-2026-primary,wy|lincoln|wy-2026-primary|county_local_summary,Lincoln,wy-2026-primary|city|lincoln|afton-council-2---4yr|na,AFTON COUNCIL (2) - 4YR,Afton Council (2) - 4Yr,city,,,,city,077bce5883de780344b6bbee138312d0831870e4243922965df5c85dcc45b623,2026-08-21T12:50:07Z,,county_summary_pdf_v1,1.1.5,1,verified,https://www.lincolncountywy.gov/government/clerk/elections_voting_information/2026_primary_election_results.php,,,county_complete,candidate,Lincoln,,,WILLIAM WILKES,WILLIAM WILKES,,353,,wy|lincoln|wy-2026-primary|county_local_summary|077bce5883de780344b6bbee138312d0831870e4243922965df5c85dcc45b623|wy-2026-primary|city|lincoln|afton-council-2---4yr|na|candidate|WILLIAM WILKES|Lincoln|COUNTY
wy-2026-primary,wy|lincoln|wy-2026-primary|county_local_summary,Lincoln,wy-2026-primary|city|lincoln|afton-council-2---4yr|na,AFTON COUNCIL (2) - 4YR,Afton Council (2) - 4Yr,city,,,,city,077bce5883de780344b6bbee138312d0831870e4243922965df5c85dcc45b623,2026-08-21T12:50:07Z,,county_summary_pdf_v1,1.1.5,1,verified,https://www.lincolncountywy.gov/government/clerk/elections_voting_information/2026_primary_election_results.php,,,county_complete,write_in_aggregate,Lincoln,,,,,,6,,wy|lincoln|wy-2026-primary|county_local_summary|077bce5883de780344b6bbee138312d0831870e4243922965df5c85dcc45b623|wy-2026-primary|city|lincoln|afton-council-2---4yr|na|write_in_aggregate|write_in_aggregate|Lincoln|COUNTY
wy-2026-primary,wy|lincoln|wy-2026-primary|county_local_summary,Lincoln,wy-2026-primary|city|lincoln|afton-council-2---4yr|na,AFTON COUNCIL (2) - 4YR,Afton Council (2) - 4Yr,city,,,,city,077bce5883de780344b6bbee138312d0831870e4243922965df5c85dcc45b623,2026-08-21T12:50:07Z,,county_summary_pdf_v1,1.1.5,1,verified,https://www.lincolncountywy.gov/government/clerk/elections_voting_information/2026_primary_election_results.php,,,county_complete,overvote,Lincoln,,,,,,2,,wy|lincoln|wy-2026-primary|county_local_summary|077bce5883de780344b6bbee138312d0831870e4243922965df5c85dcc45b623|wy-2026-primary|city|lincoln|afton-council-2---4yr|na|overvote|overvote|Lincoln|COUNTY
wy-2026-primary,wy|lincoln|wy-2026-primary|county_local_summary,Lincoln,wy-2026-primary|city|lincoln|afton-council-2---4yr|na,AFTON COUNCIL (2) - 4YR,Afton Council (2) - 4Yr,city,,,,city,077bce5883de780344b6bbee138312d0831870e4243922965df5c85dcc45b623,2026-08-21T12:50:07Z,,county_summary_pdf_v1,1.1.5,1,verified,https://www.lincolncountywy.gov/government/clerk/elections_voting_information/2026_primary_election_results.php,,,county_complete,undervote,Lincoln,,,,,,300,,wy|lincoln|wy-2026-primary|county_local_summary|077bce5883de780344b6bbee138312d0831870e4243922965df5c85dcc45b623|wy-2026-primary|city|lincoln|afton-council-2---4yr|na|undervote|undervote|Lincoln|COUNTY
wy-2026-primary,wy|lincoln|wy-2026-primary|county_local_summary,Lincoln,wy-2026-primary|city|lincoln|afton-council-1---2yr|na,AFTON COUNCIL (1) - 2YR,Afton Council (1) - 2Yr,city,,,,city,077bce5883de780344b6bbee138312d0831870e4243922965df5c85dcc45b623,2026-08-21T12:50:07Z,,county_summary_pdf_v1,1.1.5,1,verified,https://www.lincolncountywy.gov/government/clerk/elections_voting_information/2026_primary_election_results.php,,,county_complete,candidate,Lincoln,,,DIRK HILLYARD,DIRK HILLYARD,,433,,wy|lincoln|wy-2026-primary|county_local_summary|077bce5883de780344b6bbee138312d0831870e4243922965df5c85dcc45b623|wy-2026-primary|city|lincoln|afton-council-1---2yr|na|candidate|DIRK HILLYARD|Lincoln|COUNTY
wy-2026-primary,wy|lincoln|wy-2026-primary|county_local_summary,Lincoln,wy-2026-primary|city|lincoln|afton-council-1---2yr|na,AFTON COUNCIL (1) - 2YR,Afton Council (1) - 2Yr,city,,,,city,077bce5883de780344b6bbee138312d0831870e4243922965df5c85dcc45b623,2026-08-21T12:50:07Z,,county_summary_pdf_v1,1.1.5,1,verified,https://www.lincolncountywy.gov/government/clerk/elections_voting_information/2026_primary_election_results.php,,,county_complete,candidate,Lincoln,,,STOCKTON D JONES,STOCKTON D JONES,,51,,wy|lincoln|wy-2026-primary|county_local_summary|077bce5883de780344b6bbee138312d0831870e4243922965df5c85dcc45b623|wy-2026-primary|city|lincoln|afton-council-1---2yr|na|candidate|STOCKTON D JONES|Lincoln|COUNTY
wy-2026-primary,wy|lincoln|wy-2026-primary|county_local_summary,Lincoln,wy-2026-primary|city|lincoln|afton-council-1---2yr|na,AFTON COUNCIL (1) - 2YR,Afton Council (1) - 2Yr,city,,,,city,077bce5883de780344b6bbee138312d0831870e4243922965df5c85dcc45b623,2026-08-21T12:50:07Z,,county_summary_pdf_v1,1.1.5,1,verified,https://www.lincolncountywy.gov/government/clerk/elections_voting_information/2026_primary_election_results.php,,,county_complete,candidate,Lincoln,,,LYNK NIELD,LYNK NIELD,,51,,wy|lincoln|wy-2026-primary|county_local_summary|077bce5883de780344b6bbee138312d0831870e4243922965df5c85dcc45b623|wy-2026-primary|city|lincoln|afton-council-1---2yr|na|candidate|LYNK NIELD|Lincoln|COUNTY
wy-2026-primary,wy|lincoln|wy-2026-primary|county_local_summary,Lincoln,wy-2026-primary|city|lincoln|afton-council-1---2yr|na,AFTON COUNCIL (1) - 2YR,Afton Council (1) - 2Yr,city,,,,city,077bce5883de780344b6bbee138312d0831870e4243922965df5c85dcc45b623,2026-08-21T12:50:07Z,,county_summary_pdf_v1,1.1.5,1,verified,https://www.lincolncountywy.gov/government/clerk/elections_voting_information/2026_primary_election_results.php,,,county_complete,write_in_aggregate,Lincoln,,,,,,2,,wy|lincoln|wy-2026-primary|county_local_summary|077bce5883de780344b6bbee138312d0831870e4243922965df5c85dcc45b623|wy-2026-primary|city|lincoln|afton-council-1---2yr|na|write_in_aggregate|write_in_aggregate|Lincoln|COUNTY
wy-2026-primary,wy|lincoln|wy-2026-primary|county_local_summary,Lincoln,wy-2026-primary|city|lincoln|afton-council-1---2yr|na,AFTON COUNCIL (1) - 2YR,Afton Council (1) - 2Yr,city,,,,city,077bce5883de780344b6bbee138312d0831870e4243922965df5c85dcc45b623,2026-08-21T12:50:07Z,,county_summary_pdf_v1,1.1.5,1,verified,https://www.lincolncountywy.gov/government/clerk/elections_voting_information/2026_primary_election_results.php,,,county_complete,overvote,Lincoln,,,,,,15,,wy|lincoln|wy-2026-primary|county_local_summary|077bce5883de780344b6bbee138312d0831870e4243922965df5c85dcc45b623|wy-2026-primary|city|lincoln|afton-council-1---2yr|na|overvote|overvote|Lincoln|COUNTY
wy-2026-primary,wy|lincoln|wy-2026-primary|county_local_summary,Lincoln,wy-2026-primary|city|lincoln|afton-council-1---2yr|na,AFTON COUNCIL (1) - 2YR,Afton Council (1) - 2Yr,city,,,,city,077bce5883de780344b6bbee138312d0831870e4243922965df5c85dcc45b623,2026-08-21T12:50:07Z,,county_summary_pdf_v1,1.1.5,1,verified,https://www.lincolncountywy.gov/government/clerk/elections_voting_information/2026_primary_election_results.php,,,county_complete,undervote,Lincoln,,,,,,50,,wy|lincoln|wy-2026-primary|county_local_summary|077bce5883de780344b6bbee138312d0831870e4243922965df5c85dcc45b623|wy-2026-primary|city|lincoln|afton-council-1---2yr|na|undervote|undervote|Lincoln|COUNTY
wy-2026-primary,wy|lincoln|wy-2026-primary|county_local_summary,Lincoln,wy-2026-primary|city|lincoln|alpine-mayor|na,ALPINE MAYOR,Alpine Mayor,city,,,,city,077bce5883de780344b6bbee138312d0831870e4243922965df5c85dcc45b623,2026-08-21T12:50:07Z,,county_summary_pdf_v1,1.1.5,1,verified,https://www.lincolncountywy.gov/government/clerk/elections_voting_information/2026_primary_election_results.php,,,county_complete,candidate,Lincoln,,,ISAAC AZNOE,ISAAC AZNOE,,20,,wy|lincoln|wy-2026-primary|county_local_summary|077bce5883de780344b6bbee138312d0831870e4243922965df5c85dcc45b623|wy-2026-primary|city|lincoln|alpine-mayor|na|candidate|ISAAC AZNOE|Lincoln|COUNTY
wy-2026-primary,wy|lincoln|wy-2026-primary|county_local_summary,Lincoln,wy-2026-primary|city|lincoln|alpine-mayor|na,ALPINE MAYOR,Alpine Mayor,city,,,,city,077bce5883de780344b6bbee138312d0831870e4243922965df5c85dcc45b623,2026-08-21T12:50:07Z,,county_summary_pdf_v1,1.1.5,1,verified,https://www.lincolncountywy.gov/government/clerk/elections_voting_information/2026_primary_election_results.php,,,county_complete,candidate,Lincoln,,,JEREMY LARSEN,JEREMY LARSEN,,150,,wy|lincoln|wy-2026-primary|county_local_summary|077bce5883de780344b6bbee138312d0831870e4243922965df5c85dcc45b623|wy-2026-primary|city|lincoln|alpine-mayor|na|candidate|JEREMY LARSEN|Lincoln|COUNTY
wy-2026-primary,wy|lincoln|wy-2026-primary|county_local_summary,Lincoln,wy-2026-primary|city|lincoln|alpine-mayor|na,ALPINE MAYOR,Alpine Mayor,city,,,,city,077bce5883de780344b6bbee138312d0831870e4243922965df5c85dcc45b623,2026-08-21T12:50:07Z,,county_summary_pdf_v1,1.1.5,1,verified,https://www.lincolncountywy.gov/government/clerk/elections_voting_information/2026_primary_election_results.php,,,county_complete,candidate,Lincoln,,,WILLIAM J SAKS,WILLIAM J SAKS,,90,,wy|lincoln|wy-2026-primary|county_local_summary|077bce5883de780344b6bbee138312d0831870e4243922965df5c85dcc45b623|wy-2026-primary|city|lincoln|alpine-mayor|na|candidate|WILLIAM J SAKS|Lincoln|COUNTY
wy-2026-primary,wy|lincoln|wy-2026-primary|county_local_summary,Lincoln,wy-2026-primary|city|lincoln|alpine-mayor|na,ALPINE MAYOR,Alpine Mayor,city,,,,city,077bce5883de780344b6bbee138312d0831870e4243922965df5c85dcc45b623,2026-08-21T12:50:07Z,,county_summary_pdf_v1,1.1.5,1,verified,https://www.lincolncountywy.gov/government/clerk/elections_voting_information/2026_primary_election_results.php,,,county_complete,write_in_aggregate,Lincoln,,,,,,1,,wy|lincoln|wy-2026-primary|county_local_summary|077bce5883de780344b6bbee138312d0831870e4243922965df5c85dcc45b623|wy-2026-primary|city|lincoln|alpine-mayor|na|write_in_aggregate|write_in_aggregate|Lincoln|COUNTY
wy-2026-primary,wy|lincoln|wy-2026-primary|county_local_summary,Lincoln,wy-2026-primary|city|lincoln|alpine-mayor|na,ALPINE MAYOR,Alpine Mayor,city,,,,city,077bce5883de780344b6bbee138312d0831870e4243922965df5c85dcc45b623,2026-08-21T12:50:07Z,,county_summary_pdf_v1,1.1.5,1,verified,https://www.lincolncountywy.gov/government/clerk/elections_voting_information/2026_primary_election_results.php,,,county_complete,overvote,Lincoln,,,,,,0,,wy|lincoln|wy-2026-primary|county_local_summary|077bce5883de780344b6bbee138312d0831870e4243922965df5c85dcc45b623|wy-2026-primary|city|lincoln|alpine-mayor|na|overvote|overvote|Lincoln|COUNTY
wy-2026-primary,wy|lincoln|wy-2026-primary|county_local_summary,Lincoln,wy-2026-primary|city|lincoln|alpine-mayor|na,ALPINE MAYOR,Alpine Mayor,city,,,,city,077bce5883de780344b6bbee138312d0831870e4243922965df5c85dcc45b623,2026-08-21T12:50:07Z,,county_summary_pdf_v1,1.1.5,1,verified,https://www.lincolncountywy.gov/government/clerk/elections_voting_information/2026_primary_election_results.php,,,county_complete,undervote,Lincoln,,,,,,15,,wy|lincoln|wy-2026-primary|county_local_summary|077bce5883de780344b6bbee138312d0831870e4243922965df5c85dcc45b623|wy-2026-primary|city|lincoln|alpine-mayor|na|undervote|undervote|Lincoln|COUNTY
wy-2026-primary,wy|lincoln|wy-2026-primary|county_local_summary,Lincoln,wy-2026-primary|city|lincoln|alpine-council-2---4yr|na,ALPINE COUNCIL (2) - 4YR,Alpine Council (2) - 4Yr,city,,,,city,077bce5883de780344b6bbee138312d0831870e4243922965df5c85dcc45b623,2026-08-21T12:50:07Z,,county_summary_pdf_v1,1.1.5,1,verified,https://www.lincolncountywy.gov/government/clerk/elections_voting_information/2026_primary_election_results.php,,,county_complete,candidate,Lincoln,,,KEN HARRIS,KEN HARRIS,,139,,wy|lincoln|wy-2026-primary|county_local_summary|077bce5883de780344b6bbee138312d0831870e4243922965df5c85dcc45b623|wy-2026-primary|city|lincoln|alpine-council-2---4yr|na|candidate|KEN HARRIS|Lincoln|COUNTY
wy-2026-primary,wy|lincoln|wy-2026-primary|county_local_summary,Lincoln,wy-2026-primary|city|lincoln|alpine-council-2---4yr|na,ALPINE COUNCIL (2) - 4YR,Alpine Council (2) - 4Yr,city,,,,city,077bce5883de780344b6bbee138312d0831870e4243922965df5c85dcc45b623,2026-08-21T12:50:07Z,,county_summary_pdf_v1,1.1.5,1,verified,https://www.lincolncountywy.gov/government/clerk/elections_voting_information/2026_primary_election_results.php,,,county_complete,candidate,Lincoln,,,TROY JOHNSON,TROY JOHNSON,,89,,wy|lincoln|wy-2026-primary|county_local_summary|077bce5883de780344b6bbee138312d0831870e4243922965df5c85dcc45b623|wy-2026-primary|city|lincoln|alpine-council-2---4yr|na|candidate|TROY JOHNSON|Lincoln|COUNTY
wy-2026-primary,wy|lincoln|wy-2026-primary|county_local_summary,Lincoln,wy-2026-primary|city|lincoln|alpine-council-2---4yr|na,ALPINE COUNCIL (2) - 4YR,Alpine Council (2) - 4Yr,city,,,,city,077bce5883de780344b6bbee138312d0831870e4243922965df5c85dcc45b623,2026-08-21T12:50:07Z,,county_summary_pdf_v1,1.1.5,1,verified,https://www.lincolncountywy.gov/government/clerk/elections_voting_information/2026_primary_election_results.php,,,county_complete,candidate,Lincoln,,,MICHAEL MCELROY,MICHAEL MCELROY,,71,,wy|lincoln|wy-2026-primary|county_local_summary|077bce5883de780344b6bbee138312d0831870e4243922965df5c85dcc45b623|wy-2026-primary|city|lincoln|alpine-council-2---4yr|na|candidate|MICHAEL MCELROY|Lincoln|COUNTY
wy-2026-primary,wy|lincoln|wy-2026-primary|county_local_summary,Lincoln,wy-2026-primary|city|lincoln|alpine-council-2---4yr|na,ALPINE COUNCIL (2) - 4YR,Alpine Council (2) - 4Yr,city,,,,city,077bce5883de780344b6bbee138312d0831870e4243922965df5c85dcc45b623,2026-08-21T12:50:07Z,,county_summary_pdf_v1,1.1.5,1,verified,https://www.lincolncountywy.gov/government/clerk/elections_voting_information/2026_primary_election_results.php,,,county_complete,candidate,Lincoln,,,MARLENE O'LEARY,MARLENE O'LEARY,,49,,wy|lincoln|wy-2026-primary|county_local_summary|077bce5883de780344b6bbee138312d0831870e4243922965df5c85dcc45b623|wy-2026-primary|city|lincoln|alpine-council-2---4yr|na|candidate|MARLENE O'LEARY|Lincoln|COUNTY
wy-2026-primary,wy|lincoln|wy-2026-primary|county_local_summary,Lincoln,wy-2026-primary|city|lincoln|alpine-council-2---4yr|na,ALPINE COUNCIL (2) - 4YR,Alpine Council (2) - 4Yr,city,,,,city,077bce5883de780344b6bbee138312d0831870e4243922965df5c85dcc45b623,2026-08-21T12:50:07Z,,county_summary_pdf_v1,1.1.5,1,verified,https://www.lincolncountywy.gov/government/clerk/elections_voting_information/2026_primary_election_results.php,,,county_complete,candidate,Lincoln,,,AMY WIERDA,AMY WIERDA,,112,,wy|lincoln|wy-2026-primary|county_local_summary|077bce5883de780344b6bbee138312d0831870e4243922965df5c85dcc45b623|wy-2026-primary|city|lincoln|alpine-council-2---4yr|na|candidate|AMY WIERDA|Lincoln|COUNTY
wy-2026-primary,wy|lincoln|wy-2026-primary|county_local_summary,Lincoln,wy-2026-primary|city|lincoln|alpine-council-2---4yr|na,ALPINE COUNCIL (2) - 4YR,Alpine Council (2) - 4Yr,city,,,,city,077bce5883de780344b6bbee138312d0831870e4243922965df5c85dcc45b623,2026-08-21T12:50:07Z,,county_summary_pdf_v1,1.1.5,1,verified,https://www.lincolncountywy.gov/government/clerk/elections_voting_information/2026_primary_election_results.php,,,county_complete,write_in_aggregate,Lincoln,,,,,,2,,wy|lincoln|wy-2026-primary|county_local_summary|077bce5883de780344b6bbee138312d0831870e4243922965df5c85dcc45b623|wy-2026-primary|city|lincoln|alpine-council-2---4yr|na|write_in_aggregate|write_in_aggregate|Lincoln|COUNTY
wy-2026-primary,wy|lincoln|wy-2026-primary|county_local_summary,Lincoln,wy-2026-primary|city|lincoln|alpine-council-2---4yr|na,ALPINE COUNCIL (2) - 4YR,Alpine Council (2) - 4Yr,city,,,,city,077bce5883de780344b6bbee138312d0831870e4243922965df5c85dcc45b623,2026-08-21T12:50:07Z,,county_summary_pdf_v1,1.1.5,1,verified,https://www.lincolncountywy.gov/government/clerk/elections_voting_information/2026_primary_election_results.php,,,county_complete,overvote,Lincoln,,,,,,0,,wy|lincoln|wy-2026-primary|county_local_summary|077bce5883de780344b6bbee138312d0831870e4243922965df5c85dcc45b623|wy-2026-primary|city|lincoln|alpine-council-2---4yr|na|overvote|overvote|Lincoln|COUNTY
wy-2026-primary,wy|lincoln|wy-2026-primary|county_local_summary,Lincoln,wy-2026-primary|city|lincoln|alpine-council-2---4yr|na,ALPINE COUNCIL (2) - 4YR,Alpine Council (2) - 4Yr,city,,,,city,077bce5883de780344b6bbee138312d0831870e4243922965df5c85dcc45b623,2026-08-21T12:50:07Z,,county_summary_pdf_v1,1.1.5,1,verified,https://www.lincolncountywy.gov/government/clerk/elections_voting_information/2026_primary_election_results.php,,,county_complete,undervote,Lincoln,,,,,,90,,wy|lincoln|wy-2026-primary|county_local_summary|077bce5883de780344b6bbee138312d0831870e4243922965df5c85dcc45b623|wy-2026-primary|city|lincoln|alpine-council-2---4yr|na|undervote|undervote|Lincoln|COUNTY
wy-2026-primary,wy|lincoln|wy-2026-primary|county_local_summary,Lincoln,wy-2026-primary|city|lincoln|thayne-mayor|na,THAYNE MAYOR,Thayne Mayor,city,,,,city,077bce5883de780344b6bbee138312d0831870e4243922965df5c85dcc45b623,2026-08-21T12:50:07Z,,county_summary_pdf_v1,1.1.5,1,verified,https://www.lincolncountywy.gov/government/clerk/elections_voting_information/2026_primary_election_results.php,,,county_complete,candidate,Lincoln,,,DEVIN SIMPSON,DEVIN SIMPSON,,61,,wy|lincoln|wy-2026-primary|county_local_summary|077bce5883de780344b6bbee138312d0831870e4243922965df5c85dcc45b623|wy-2026-primary|city|lincoln|thayne-mayor|na|candidate|DEVIN SIMPSON|Lincoln|COUNTY
wy-2026-primary,wy|lincoln|wy-2026-primary|county_local_summary,Lincoln,wy-2026-primary|city|lincoln|thayne-mayor|na,THAYNE MAYOR,Thayne Mayor,city,,,,city,077bce5883de780344b6bbee138312d0831870e4243922965df5c85dcc45b623,2026-08-21T12:50:07Z,,county_summary_pdf_v1,1.1.5,1,verified,https://www.lincolncountywy.gov/government/clerk/elections_voting_information/2026_primary_election_results.php,,,county_complete,write_in_aggregate,Lincoln,,,,,,5,,wy|lincoln|wy-2026-primary|county_local_summary|077bce5883de780344b6bbee138312d0831870e4243922965df5c85dcc45b623|wy-2026-primary|city|lincoln|thayne-mayor|na|write_in_aggregate|write_in_aggregate|Lincoln|COUNTY
wy-2026-primary,wy|lincoln|wy-2026-primary|county_local_summary,Lincoln,wy-2026-primary|city|lincoln|thayne-mayor|na,THAYNE MAYOR,Thayne Mayor,city,,,,city,077bce5883de780344b6bbee138312d0831870e4243922965df5c85dcc45b623,2026-08-21T12:50:07Z,,county_summary_pdf_v1,1.1.5,1,verified,https://www.lincolncountywy.gov/government/clerk/elections_voting_information/2026_primary_election_results.php,,,county_complete,overvote,Lincoln,,,,,,0,,wy|lincoln|wy-2026-primary|county_local_summary|077bce5883de780344b6bbee138312d0831870e4243922965df5c85dcc45b623|wy-2026-primary|city|lincoln|thayne-mayor|na|overvote|overvote|Lincoln|COUNTY
wy-2026-primary,wy|lincoln|wy-2026-primary|county_local_summary,Lincoln,wy-2026-primary|city|lincoln|thayne-mayor|na,THAYNE MAYOR,Thayne Mayor,city,,,,city,077bce5883de780344b6bbee138312d0831870e4243922965df5c85dcc45b623,2026-08-21T12:50:07Z,,county_summary_pdf_v1,1.1.5,1,verified,https://www.lincolncountywy.gov/government/clerk/elections_voting_information/2026_primary_election_results.php,,,county_complete,undervote,Lincoln,,,,,,19,,wy|lincoln|wy-2026-primary|county_local_summary|077bce5883de780344b6bbee138312d0831870e4243922965df5c85dcc45b623|wy-2026-primary|city|lincoln|thayne-mayor|na|undervote|undervote|Lincoln|COUNTY
wy-2026-primary,wy|lincoln|wy-2026-primary|county_local_summary,Lincoln,wy-2026-primary|city|lincoln|thayne-council-2---4yr|na,THAYNE COUNCIL (2) - 4YR,Thayne Council (2) - 4Yr,city,,,,city,077bce5883de780344b6bbee138312d0831870e4243922965df5c85dcc45b623,2026-08-21T12:50:07Z,,county_summary_pdf_v1,1.1.5,1,verified,https://www.lincolncountywy.gov/government/clerk/elections_voting_information/2026_primary_election_results.php,,,county_complete,candidate,Lincoln,,,TANNER PASSEY,TANNER PASSEY,,56,,wy|lincoln|wy-2026-primary|county_local_summary|077bce5883de780344b6bbee138312d0831870e4243922965df5c85dcc45b623|wy-2026-primary|city|lincoln|thayne-council-2---4yr|na|candidate|TANNER PASSEY|Lincoln|COUNTY
wy-2026-primary,wy|lincoln|wy-2026-primary|county_local_summary,Lincoln,wy-2026-primary|city|lincoln|thayne-council-2---4yr|na,THAYNE COUNCIL (2) - 4YR,Thayne Council (2) - 4Yr,city,,,,city,077bce5883de780344b6bbee138312d0831870e4243922965df5c85dcc45b623,2026-08-21T12:50:07Z,,county_summary_pdf_v1,1.1.5,1,verified,https://www.lincolncountywy.gov/government/clerk/elections_voting_information/2026_primary_election_results.php,,,county_complete,candidate,Lincoln,,,JUSTIN C. VISSER,JUSTIN C. VISSER,,61,,wy|lincoln|wy-2026-primary|county_local_summary|077bce5883de780344b6bbee138312d0831870e4243922965df5c85dcc45b623|wy-2026-primary|city|lincoln|thayne-council-2---4yr|na|candidate|JUSTIN C. VISSER|Lincoln|COUNTY
wy-2026-primary,wy|lincoln|wy-2026-primary|county_local_summary,Lincoln,wy-2026-primary|city|lincoln|thayne-council-2---4yr|na,THAYNE COUNCIL (2) - 4YR,Thayne Council (2) - 4Yr,city,,,,city,077bce5883de780344b6bbee138312d0831870e4243922965df5c85dcc45b623,2026-08-21T12:50:07Z,,county_summary_pdf_v1,1.1.5,1,verified,https://www.lincolncountywy.gov/government/clerk/elections_voting_information/2026_primary_election_results.php,,,county_complete,write_in_aggregate,Lincoln,,,,,,2,,wy|lincoln|wy-2026-primary|county_local_summary|077bce5883de780344b6bbee138312d0831870e4243922965df5c85dcc45b623|wy-2026-primary|city|lincoln|thayne-council-2---4yr|na|write_in_aggregate|write_in_aggregate|Lincoln|COUNTY
wy-2026-primary,wy|lincoln|wy-2026-primary|county_local_summary,Lincoln,wy-2026-primary|city|lincoln|thayne-council-2---4yr|na,THAYNE COUNCIL (2) - 4YR,Thayne Council (2) - 4Yr,city,,,,city,077bce5883de780344b6bbee138312d0831870e4243922965df5c85dcc45b623,2026-08-21T12:50:07Z,,county_summary_pdf_v1,1.1.5,1,verified,https://www.lincolncountywy.gov/government/clerk/elections_voting_information/2026_primary_election_results.php,,,county_complete,overvote,Lincoln,,,,,,0,,wy|lincoln|wy-2026-primary|county_local_summary|077bce5883de780344b6bbee138312d0831870e4243922965df5c85dcc45b623|wy-2026-primary|city|lincoln|thayne-council-2---4yr|na|overvote|overvote|Lincoln|COUNTY
wy-2026-primary,wy|lincoln|wy-2026-primary|county_local_summary,Lincoln,wy-2026-primary|city|lincoln|thayne-council-2---4yr|na,THAYNE COUNCIL (2) - 4YR,Thayne Council (2) - 4Yr,city,,,,city,077bce5883de780344b6bbee138312d0831870e4243922965df5c85dcc45b623,2026-08-21T12:50:07Z,,county_summary_pdf_v1,1.1.5,1,verified,https://www.lincolncountywy.gov/government/clerk/elections_voting_information/2026_primary_election_results.php,,,county_complete,undervote,Lincoln,,,,,,51,,wy|lincoln|wy-2026-primary|county_local_summary|077bce5883de780344b6bbee138312d0831870e4243922965df5c85dcc45b623|wy-2026-primary|city|lincoln|thayne-council-2---4yr|na|undervote|undervote|Lincoln|COUNTY
wy-2026-primary,wy|lincoln|wy-2026-primary|county_local_summary,Lincoln,wy-2026-primary|city|lincoln|thayne-council-2---2yr|na,THAYNE COUNCIL (2) - 2YR,Thayne Council (2) - 2Yr,city,,,,city,077bce5883de780344b6bbee138312d0831870e4243922965df5c85dcc45b623,2026-08-21T12:50:07Z,,county_summary_pdf_v1,1.1.5,1,verified,https://www.lincolncountywy.gov/government/clerk/elections_voting_information/2026_primary_election_results.php,,,county_complete,candidate,Lincoln,,,SPENCER VEIGEL,SPENCER VEIGEL,,74,,wy|lincoln|wy-2026-primary|county_local_summary|077bce5883de780344b6bbee138312d0831870e4243922965df5c85dcc45b623|wy-2026-primary|city|lincoln|thayne-council-2---2yr|na|candidate|SPENCER VEIGEL|Lincoln|COUNTY
wy-2026-primary,wy|lincoln|wy-2026-primary|county_local_summary,Lincoln,wy-2026-primary|city|lincoln|thayne-council-2---2yr|na,THAYNE COUNCIL (2) - 2YR,Thayne Council (2) - 2Yr,city,,,,city,077bce5883de780344b6bbee138312d0831870e4243922965df5c85dcc45b623,2026-08-21T12:50:07Z,,county_summary_pdf_v1,1.1.5,1,verified,https://www.lincolncountywy.gov/government/clerk/elections_voting_information/2026_primary_election_results.php,,,county_complete,write_in_aggregate,Lincoln,,,,,,8,,wy|lincoln|wy-2026-primary|county_local_summary|077bce5883de780344b6bbee138312d0831870e4243922965df5c85dcc45b623|wy-2026-primary|city|lincoln|thayne-council-2---2yr|na|write_in_aggregate|write_in_aggregate|Lincoln|COUNTY
wy-2026-primary,wy|lincoln|wy-2026-primary|county_local_summary,Lincoln,wy-2026-primary|city|lincoln|thayne-council-2---2yr|na,THAYNE COUNCIL (2) - 2YR,Thayne Council (2) - 2Yr,city,,,,city,077bce5883de780344b6bbee138312d0831870e4243922965df5c85dcc45b623,2026-08-21T12:50:07Z,,county_summary_pdf_v1,1.1.5,1,verified,https://www.lincolncountywy.gov/government/clerk/elections_voting_information/2026_primary_election_results.php,,,county_complete,overvote,Lincoln,,,,,,0,,wy|lincoln|wy-2026-primary|county_local_summary|077bce5883de780344b6bbee138312d0831870e4243922965df5c85dcc45b623|wy-2026-primary|city|lincoln|thayne-council-2---2yr|na|overvote|overvote|Lincoln|COUNTY
wy-2026-primary,wy|lincoln|wy-2026-primary|county_local_summary,Lincoln,wy-2026-primary|city|lincoln|thayne-council-2---2yr|na,THAYNE COUNCIL (2) - 2YR,Thayne Council (2) - 2Yr,city,,,,city,077bce5883de780344b6bbee138312d0831870e4243922965df5c85dcc45b623,2026-08-21T12:50:07Z,,county_summary_pdf_v1,1.1.5,1,verified,https://www.lincolncountywy.gov/government/clerk/elections_voting_information/2026_primary_election_results.php,,,county_complete,undervote,Lincoln,,,,,,88,,wy|lincoln|wy-2026-primary|county_local_summary|077bce5883de780344b6bbee138312d0831870e4243922965df5c85dcc45b623|wy-2026-primary|city|lincoln|thayne-council-2---2yr|na|undervote|undervote|Lincoln|COUNTY
wy-2026-primary,wy|lincoln|wy-2026-primary|county_local_summary,Lincoln,wy-2026-primary|city|lincoln|cokeville-mayor|na,COKEVILLE MAYOR,Cokeville Mayor,city,,,,city,077bce5883de780344b6bbee138312d0831870e4243922965df5c85dcc45b623,2026-08-21T12:50:07Z,,county_summary_pdf_v1,1.1.5,1,verified,https://www.lincolncountywy.gov/government/clerk/elections_voting_information/2026_primary_election_results.php,,,county_complete,candidate,Lincoln,,,COLBY MARTIN PECK,COLBY MARTIN PECK,,120,,wy|lincoln|wy-2026-primary|county_local_summary|077bce5883de780344b6bbee138312d0831870e4243922965df5c85dcc45b623|wy-2026-primary|city|lincoln|cokeville-mayor|na|candidate|COLBY MARTIN PECK|Lincoln|COUNTY
wy-2026-primary,wy|lincoln|wy-2026-primary|county_local_summary,Lincoln,wy-2026-primary|city|lincoln|cokeville-mayor|na,COKEVILLE MAYOR,Cokeville Mayor,city,,,,city,077bce5883de780344b6bbee138312d0831870e4243922965df5c85dcc45b623,2026-08-21T12:50:07Z,,county_summary_pdf_v1,1.1.5,1,verified,https://www.lincolncountywy.gov/government/clerk/elections_voting_information/2026_primary_election_results.php,,,county_complete,write_in_aggregate,Lincoln,,,,,,37,,wy|lincoln|wy-2026-primary|county_local_summary|077bce5883de780344b6bbee138312d0831870e4243922965df5c85dcc45b623|wy-2026-primary|city|lincoln|cokeville-mayor|na|write_in_aggregate|write_in_aggregate|Lincoln|COUNTY
wy-2026-primary,wy|lincoln|wy-2026-primary|county_local_summary,Lincoln,wy-2026-primary|city|lincoln|cokeville-mayor|na,COKEVILLE MAYOR,Cokeville Mayor,city,,,,city,077bce5883de780344b6bbee138312d0831870e4243922965df5c85dcc45b623,2026-08-21T12:50:07Z,,county_summary_pdf_v1,1.1.5,1,verified,https://www.lincolncountywy.gov/government/clerk/elections_voting_information/2026_primary_election_results.php,,,county_complete,overvote,Lincoln,,,,,,1,,wy|lincoln|wy-2026-primary|county_local_summary|077bce5883de780344b6bbee138312d0831870e4243922965df5c85dcc45b623|wy-2026-primary|city|lincoln|cokeville-mayor|na|overvote|overvote|Lincoln|COUNTY
wy-2026-primary,wy|lincoln|wy-2026-primary|county_local_summary,Lincoln,wy-2026-primary|city|lincoln|cokeville-mayor|na,COKEVILLE MAYOR,Cokeville Mayor,city,,,,city,077bce5883de780344b6bbee138312d0831870e4243922965df5c85dcc45b623,2026-08-21T12:50:07Z,,county_summary_pdf_v1,1.1.5,1,verified,https://www.lincolncountywy.gov/government/clerk/elections_voting_information/2026_primary_election_results.php,,,county_complete,undervote,Lincoln,,,,,,9,,wy|lincoln|wy-2026-primary|county_local_summary|077bce5883de780344b6bbee138312d0831870e4243922965df5c85dcc45b623|wy-2026-primary|city|lincoln|cokeville-mayor|na|undervote|undervote|Lincoln|COUNTY
wy-2026-primary,wy|lincoln|wy-2026-primary|county_local_summary,Lincoln,wy-2026-primary|city|lincoln|cokeville-council-2--4yr|na,COKEVILLE COUNCIL (2) -4YR,Cokeville Council (2) -4Yr,city,,,,city,077bce5883de780344b6bbee138312d0831870e4243922965df5c85dcc45b623,2026-08-21T12:50:07Z,,county_summary_pdf_v1,1.1.5,1,verified,https://www.lincolncountywy.gov/government/clerk/elections_voting_information/2026_primary_election_results.php,,,county_complete,candidate,Lincoln,,,CAMERON JOHN BIRD,CAMERON JOHN BIRD,,122,,wy|lincoln|wy-2026-primary|county_local_summary|077bce5883de780344b6bbee138312d0831870e4243922965df5c85dcc45b623|wy-2026-primary|city|lincoln|cokeville-council-2--4yr|na|candidate|CAMERON JOHN BIRD|Lincoln|COUNTY
wy-2026-primary,wy|lincoln|wy-2026-primary|county_local_summary,Lincoln,wy-2026-primary|city|lincoln|cokeville-council-2--4yr|na,COKEVILLE COUNCIL (2) -4YR,Cokeville Council (2) -4Yr,city,,,,city,077bce5883de780344b6bbee138312d0831870e4243922965df5c85dcc45b623,2026-08-21T12:50:07Z,,county_summary_pdf_v1,1.1.5,1,verified,https://www.lincolncountywy.gov/government/clerk/elections_voting_information/2026_primary_election_results.php,,,county_complete,candidate,Lincoln,,,SUSAN FISCUS,SUSAN FISCUS,,135,,wy|lincoln|wy-2026-primary|county_local_summary|077bce5883de780344b6bbee138312d0831870e4243922965df5c85dcc45b623|wy-2026-primary|city|lincoln|cokeville-council-2--4yr|na|candidate|SUSAN FISCUS|Lincoln|COUNTY
wy-2026-primary,wy|lincoln|wy-2026-primary|county_local_summary,Lincoln,wy-2026-primary|city|lincoln|cokeville-council-2--4yr|na,COKEVILLE COUNCIL (2) -4YR,Cokeville Council (2) -4Yr,city,,,,city,077bce5883de780344b6bbee138312d0831870e4243922965df5c85dcc45b623,2026-08-21T12:50:07Z,,county_summary_pdf_v1,1.1.5,1,verified,https://www.lincolncountywy.gov/government/clerk/elections_voting_information/2026_primary_election_results.php,,,county_complete,candidate,Lincoln,,,AIMEE NIELSEN,AIMEE NIELSEN,,19,,wy|lincoln|wy-2026-primary|county_local_summary|077bce5883de780344b6bbee138312d0831870e4243922965df5c85dcc45b623|wy-2026-primary|city|lincoln|cokeville-council-2--4yr|na|candidate|AIMEE NIELSEN|Lincoln|COUNTY
wy-2026-primary,wy|lincoln|wy-2026-primary|county_local_summary,Lincoln,wy-2026-primary|city|lincoln|cokeville-council-2--4yr|na,COKEVILLE COUNCIL (2) -4YR,Cokeville Council (2) -4Yr,city,,,,city,077bce5883de780344b6bbee138312d0831870e4243922965df5c85dcc45b623,2026-08-21T12:50:07Z,,county_summary_pdf_v1,1.1.5,1,verified,https://www.lincolncountywy.gov/government/clerk/elections_voting_information/2026_primary_election_results.php,,,county_complete,write_in_aggregate,Lincoln,,,,,,22,,wy|lincoln|wy-2026-primary|county_local_summary|077bce5883de780344b6bbee138312d0831870e4243922965df5c85dcc45b623|wy-2026-primary|city|lincoln|cokeville-council-2--4yr|na|write_in_aggregate|write_in_aggregate|Lincoln|COUNTY
wy-2026-primary,wy|lincoln|wy-2026-primary|county_local_summary,Lincoln,wy-2026-primary|city|lincoln|cokeville-council-2--4yr|na,COKEVILLE COUNCIL (2) -4YR,Cokeville Council (2) -4Yr,city,,,,city,077bce5883de780344b6bbee138312d0831870e4243922965df5c85dcc45b623,2026-08-21T12:50:07Z,,county_summary_pdf_v1,1.1.5,1,verified,https://www.lincolncountywy.gov/government/clerk/elections_voting_information/2026_primary_election_results.php,,,county_complete,overvote,Lincoln,,,,,,0,,wy|lincoln|wy-2026-primary|county_local_summary|077bce5883de780344b6bbee138312d0831870e4243922965df5c85dcc45b623|wy-2026-primary|city|lincoln|cokeville-council-2--4yr|na|overvote|overvote|Lincoln|COUNTY
wy-2026-primary,wy|lincoln|wy-2026-primary|county_local_summary,Lincoln,wy-2026-primary|city|lincoln|cokeville-council-2--4yr|na,COKEVILLE COUNCIL (2) -4YR,Cokeville Council (2) -4Yr,city,,,,city,077bce5883de780344b6bbee138312d0831870e4243922965df5c85dcc45b623,2026-08-21T12:50:07Z,,county_summary_pdf_v1,1.1.5,1,verified,https://www.lincolncountywy.gov/government/clerk/elections_voting_information/2026_primary_election_results.php,,,county_complete,undervote,Lincoln,,,,,,36,,wy|lincoln|wy-2026-primary|county_local_summary|077bce5883de780344b6bbee138312d0831870e4243922965df5c85dcc45b623|wy-2026-primary|city|lincoln|cokeville-council-2--4yr|na|undervote|undervote|Lincoln|COUNTY
wy-2026-primary,wy|lincoln|wy-2026-primary|county_local_summary,Lincoln,wy-2026-primary|city|lincoln|svr-mayor|na,SVR MAYOR,Svr Mayor,city,,,,city,077bce5883de780344b6bbee138312d0831870e4243922965df5c85dcc45b623,2026-08-21T12:50:07Z,,county_summary_pdf_v1,1.1.5,1,verified,https://www.lincolncountywy.gov/government/clerk/elections_voting_information/2026_primary_election_results.php,,,county_complete,candidate,Lincoln,,,KEITH JACKSON,KEITH JACKSON,,217,,wy|lincoln|wy-2026-primary|county_local_summary|077bce5883de780344b6bbee138312d0831870e4243922965df5c85dcc45b623|wy-2026-primary|city|lincoln|svr-mayor|na|candidate|KEITH JACKSON|Lincoln|COUNTY
wy-2026-primary,wy|lincoln|wy-2026-primary|county_local_summary,Lincoln,wy-2026-primary|city|lincoln|svr-mayor|na,SVR MAYOR,Svr Mayor,city,,,,city,077bce5883de780344b6bbee138312d0831870e4243922965df5c85dcc45b623,2026-08-21T12:50:07Z,,county_summary_pdf_v1,1.1.5,1,verified,https://www.lincolncountywy.gov/government/clerk/elections_voting_information/2026_primary_election_results.php,,,county_complete,candidate,Lincoln,,,LARS ROBINSON,LARS ROBINSON,,36,,wy|lincoln|wy-2026-primary|county_local_summary|077bce5883de780344b6bbee138312d0831870e4243922965df5c85dcc45b623|wy-2026-primary|city|lincoln|svr-mayor|na|candidate|LARS ROBINSON|Lincoln|COUNTY
wy-2026-primary,wy|lincoln|wy-2026-primary|county_local_summary,Lincoln,wy-2026-primary|city|lincoln|svr-mayor|na,SVR MAYOR,Svr Mayor,city,,,,city,077bce5883de780344b6bbee138312d0831870e4243922965df5c85dcc45b623,2026-08-21T12:50:07Z,,county_summary_pdf_v1,1.1.5,1,verified,https://www.lincolncountywy.gov/government/clerk/elections_voting_information/2026_primary_election_results.php,,,county_complete,candidate,Lincoln,,,RUZENA ROK,RUZENA ROK,,304,,wy|lincoln|wy-2026-primary|county_local_summary|077bce5883de780344b6bbee138312d0831870e4243922965df5c85dcc45b623|wy-2026-primary|city|lincoln|svr-mayor|na|candidate|RUZENA ROK|Lincoln|COUNTY
wy-2026-primary,wy|lincoln|wy-2026-primary|county_local_summary,Lincoln,wy-2026-primary|city|lincoln|svr-mayor|na,SVR MAYOR,Svr Mayor,city,,,,city,077bce5883de780344b6bbee138312d0831870e4243922965df5c85dcc45b623,2026-08-21T12:50:07Z,,county_summary_pdf_v1,1.1.5,1,verified,https://www.lincolncountywy.gov/government/clerk/elections_voting_information/2026_primary_election_results.php,,,county_complete,write_in_aggregate,Lincoln,,,,,,3,,wy|lincoln|wy-2026-primary|county_local_summary|077bce5883de780344b6bbee138312d0831870e4243922965df5c85dcc45b623|wy-2026-primary|city|lincoln|svr-mayor|na|write_in_aggregate|write_in_aggregate|Lincoln|COUNTY
wy-2026-primary,wy|lincoln|wy-2026-primary|county_local_summary,Lincoln,wy-2026-primary|city|lincoln|svr-mayor|na,SVR MAYOR,Svr Mayor,city,,,,city,077bce5883de780344b6bbee138312d0831870e4243922965df5c85dcc45b623,2026-08-21T12:50:07Z,,county_summary_pdf_v1,1.1.5,1,verified,https://www.lincolncountywy.gov/government/clerk/elections_voting_information/2026_primary_election_results.php,,,county_complete,overvote,Lincoln,,,,,,0,,wy|lincoln|wy-2026-primary|county_local_summary|077bce5883de780344b6bbee138312d0831870e4243922965df5c85dcc45b623|wy-2026-primary|city|lincoln|svr-mayor|na|overvote|overvote|Lincoln|COUNTY
wy-2026-primary,wy|lincoln|wy-2026-primary|county_local_summary,Lincoln,wy-2026-primary|city|lincoln|svr-mayor|na,SVR MAYOR,Svr Mayor,city,,,,city,077bce5883de780344b6bbee138312d0831870e4243922965df5c85dcc45b623,2026-08-21T12:50:07Z,,county_summary_pdf_v1,1.1.5,1,verified,https://www.lincolncountywy.gov/government/clerk/elections_voting_information/2026_primary_election_results.php,,,county_complete,undervote,Lincoln,,,,,,32,,wy|lincoln|wy-2026-primary|county_local_summary|077bce5883de780344b6bbee138312d0831870e4243922965df5c85dcc45b623|wy-2026-primary|city|lincoln|svr-mayor|na|undervote|undervote|Lincoln|COUNTY
wy-2026-primary,wy|lincoln|wy-2026-primary|county_local_summary,Lincoln,wy-2026-primary|city|lincoln|svr-council-2---4yr|na,SVR COUNCIL (2) - 4YR,Svr Council (2) - 4Yr,city,,,,city,077bce5883de780344b6bbee138312d0831870e4243922965df5c85dcc45b623,2026-08-21T12:50:07Z,,county_summary_pdf_v1,1.1.5,1,verified,https://www.lincolncountywy.gov/government/clerk/elections_voting_information/2026_primary_election_results.php,,,county_complete,candidate,Lincoln,,,B. EVAN BYRD,B. EVAN BYRD,,121,,wy|lincoln|wy-2026-primary|county_local_summary|077bce5883de780344b6bbee138312d0831870e4243922965df5c85dcc45b623|wy-2026-primary|city|lincoln|svr-council-2---4yr|na|candidate|B. EVAN BYRD|Lincoln|COUNTY
wy-2026-primary,wy|lincoln|wy-2026-primary|county_local_summary,Lincoln,wy-2026-primary|city|lincoln|svr-council-2---4yr|na,SVR COUNCIL (2) - 4YR,Svr Council (2) - 4Yr,city,,,,city,077bce5883de780344b6bbee138312d0831870e4243922965df5c85dcc45b623,2026-08-21T12:50:07Z,,county_summary_pdf_v1,1.1.5,1,verified,https://www.lincolncountywy.gov/government/clerk/elections_voting_information/2026_primary_election_results.php,,,county_complete,candidate,Lincoln,,,CHARLES FRITZ,CHARLES FRITZ,,59,,wy|lincoln|wy-2026-primary|county_local_summary|077bce5883de780344b6bbee138312d0831870e4243922965df5c85dcc45b623|wy-2026-primary|city|lincoln|svr-council-2---4yr|na|candidate|CHARLES FRITZ|Lincoln|COUNTY
wy-2026-primary,wy|lincoln|wy-2026-primary|county_local_summary,Lincoln,wy-2026-primary|city|lincoln|svr-council-2---4yr|na,SVR COUNCIL (2) - 4YR,Svr Council (2) - 4Yr,city,,,,city,077bce5883de780344b6bbee138312d0831870e4243922965df5c85dcc45b623,2026-08-21T12:50:07Z,,county_summary_pdf_v1,1.1.5,1,verified,https://www.lincolncountywy.gov/government/clerk/elections_voting_information/2026_primary_election_results.php,,,county_complete,candidate,Lincoln,,,GORDON T HOWE,GORDON T HOWE,,175,,wy|lincoln|wy-2026-primary|county_local_summary|077bce5883de780344b6bbee138312d0831870e4243922965df5c85dcc45b623|wy-2026-primary|city|lincoln|svr-council-2---4yr|na|candidate|GORDON T HOWE|Lincoln|COUNTY
wy-2026-primary,wy|lincoln|wy-2026-primary|county_local_summary,Lincoln,wy-2026-primary|city|lincoln|svr-council-2---4yr|na,SVR COUNCIL (2) - 4YR,Svr Council (2) - 4Yr,city,,,,city,077bce5883de780344b6bbee138312d0831870e4243922965df5c85dcc45b623,2026-08-21T12:50:07Z,,county_summary_pdf_v1,1.1.5,1,verified,https://www.lincolncountywy.gov/government/clerk/elections_voting_information/2026_primary_election_results.php,,,county_complete,candidate,Lincoln,,,KIRSTEN MERRILL,KIRSTEN MERRILL,,162,,wy|lincoln|wy-2026-primary|county_local_summary|077bce5883de780344b6bbee138312d0831870e4243922965df5c85dcc45b623|wy-2026-primary|city|lincoln|svr-council-2---4yr|na|candidate|KIRSTEN MERRILL|Lincoln|COUNTY
wy-2026-primary,wy|lincoln|wy-2026-primary|county_local_summary,Lincoln,wy-2026-primary|city|lincoln|svr-council-2---4yr|na,SVR COUNCIL (2) - 4YR,Svr Council (2) - 4Yr,city,,,,city,077bce5883de780344b6bbee138312d0831870e4243922965df5c85dcc45b623,2026-08-21T12:50:07Z,,county_summary_pdf_v1,1.1.5,1,verified,https://www.lincolncountywy.gov/government/clerk/elections_voting_information/2026_primary_election_results.php,,,county_complete,candidate,Lincoln,,,MARTIN T. OCCHI,MARTIN T. OCCHI,,97,,wy|lincoln|wy-2026-primary|county_local_summary|077bce5883de780344b6bbee138312d0831870e4243922965df5c85dcc45b623|wy-2026-primary|city|lincoln|svr-council-2---4yr|na|candidate|MARTIN T. OCCHI|Lincoln|COUNTY
wy-2026-primary,wy|lincoln|wy-2026-primary|county_local_summary,Lincoln,wy-2026-primary|city|lincoln|svr-council-2---4yr|na,SVR COUNCIL (2) - 4YR,Svr Council (2) - 4Yr,city,,,,city,077bce5883de780344b6bbee138312d0831870e4243922965df5c85dcc45b623,2026-08-21T12:50:07Z,,county_summary_pdf_v1,1.1.5,1,verified,https://www.lincolncountywy.gov/government/clerk/elections_voting_information/2026_primary_election_results.php,,,county_complete,candidate,Lincoln,,,DAVE ROBERTS,DAVE ROBERTS,,228,,wy|lincoln|wy-2026-primary|county_local_summary|077bce5883de780344b6bbee138312d0831870e4243922965df5c85dcc45b623|wy-2026-primary|city|lincoln|svr-council-2---4yr|na|candidate|DAVE ROBERTS|Lincoln|COUNTY
wy-2026-primary,wy|lincoln|wy-2026-primary|county_local_summary,Lincoln,wy-2026-primary|city|lincoln|svr-council-2---4yr|na,SVR COUNCIL (2) - 4YR,Svr Council (2) - 4Yr,city,,,,city,077bce5883de780344b6bbee138312d0831870e4243922965df5c85dcc45b623,2026-08-21T12:50:07Z,,county_summary_pdf_v1,1.1.5,1,verified,https://www.lincolncountywy.gov/government/clerk/elections_voting_information/2026_primary_election_results.php,,,county_complete,candidate,Lincoln,,,MARIA SIMENTAL,MARIA SIMENTAL,,188,,wy|lincoln|wy-2026-primary|county_local_summary|077bce5883de780344b6bbee138312d0831870e4243922965df5c85dcc45b623|wy-2026-primary|city|lincoln|svr-council-2---4yr|na|candidate|MARIA SIMENTAL|Lincoln|COUNTY
wy-2026-primary,wy|lincoln|wy-2026-primary|county_local_summary,Lincoln,wy-2026-primary|city|lincoln|svr-council-2---4yr|na,SVR COUNCIL (2) - 4YR,Svr Council (2) - 4Yr,city,,,,city,077bce5883de780344b6bbee138312d0831870e4243922965df5c85dcc45b623,2026-08-21T12:50:07Z,,county_summary_pdf_v1,1.1.5,1,verified,https://www.lincolncountywy.gov/government/clerk/elections_voting_information/2026_primary_election_results.php,,,county_complete,write_in_aggregate,Lincoln,,,,,,9,,wy|lincoln|wy-2026-primary|county_local_summary|077bce5883de780344b6bbee138312d0831870e4243922965df5c85dcc45b623|wy-2026-primary|city|lincoln|svr-council-2---4yr|na|write_in_aggregate|write_in_aggregate|Lincoln|COUNTY
wy-2026-primary,wy|lincoln|wy-2026-primary|county_local_summary,Lincoln,wy-2026-primary|city|lincoln|svr-council-2---4yr|na,SVR COUNCIL (2) - 4YR,Svr Council (2) - 4Yr,city,,,,city,077bce5883de780344b6bbee138312d0831870e4243922965df5c85dcc45b623,2026-08-21T12:50:07Z,,county_summary_pdf_v1,1.1.5,1,verified,https://www.lincolncountywy.gov/government/clerk/elections_voting_information/2026_primary_election_results.php,,,county_complete,overvote,Lincoln,,,,,,0,,wy|lincoln|wy-2026-primary|county_local_summary|077bce5883de780344b6bbee138312d0831870e4243922965df5c85dcc45b623|wy-2026-primary|city|lincoln|svr-council-2---4yr|na|overvote|overvote|Lincoln|COUNTY
wy-2026-primary,wy|lincoln|wy-2026-primary|county_local_summary,Lincoln,wy-2026-primary|city|lincoln|svr-council-2---4yr|na,SVR COUNCIL (2) - 4YR,Svr Council (2) - 4Yr,city,,,,city,077bce5883de780344b6bbee138312d0831870e4243922965df5c85dcc45b623,2026-08-21T12:50:07Z,,county_summary_pdf_v1,1.1.5,1,verified,https://www.lincolncountywy.gov/government/clerk/elections_voting_information/2026_primary_election_results.php,,,county_complete,undervote,Lincoln,,,,,,145,,wy|lincoln|wy-2026-primary|county_local_summary|077bce5883de780344b6bbee138312d0831870e4243922965df5c85dcc45b623|wy-2026-primary|city|lincoln|svr-council-2---4yr|na|undervote|undervote|Lincoln|COUNTY
