election_key,source_key,county,contest_key,contest_name_raw,contest_name_normalized,level,district,ballot_party,ballot_party_raw,reporting_scope,sha256,retrieved_at,source_published_at,parser_name,parser_version,is_unofficial,verification_status,source_url,precincts_reporting,precincts_total,reporting_status,row_type,reporting_county,precinct_code,precinct_name_raw,candidate_name_raw,candidate_name_normalized,external_candidate_id,votes,percentage_reported,result_row_key
wy-2026-primary,wy|sheridan|wy-2026-primary|county_local_summary,Sheridan,wy-2026-primary|county|sheridan|county-commissioner|rep,REP COUNTY COMMISSIONER,County Commissioner,county,,REP,REP,county,39edca2c579e34f3aa8d5879b238abf44f64fc74d463938d90027acc965759fd,2026-08-21T12:51:32Z,,county_summary_pdf_v1,1.1.6,1,needs_review,https://www.sheridancountywy.gov/departments/elections/2026_election_results.php,,,manual_required,candidate,Sheridan,,,JIM SCHELLINGER,JIM SCHELLINGER,,4559,,wy|sheridan|wy-2026-primary|county_local_summary|39edca2c579e34f3aa8d5879b238abf44f64fc74d463938d90027acc965759fd|wy-2026-primary|county|sheridan|county-commissioner|rep|candidate|JIM SCHELLINGER|Sheridan|COUNTY
wy-2026-primary,wy|sheridan|wy-2026-primary|county_local_summary,Sheridan,wy-2026-primary|county|sheridan|county-commissioner|rep,REP COUNTY COMMISSIONER,County Commissioner,county,,REP,REP,county,39edca2c579e34f3aa8d5879b238abf44f64fc74d463938d90027acc965759fd,2026-08-21T12:51:32Z,,county_summary_pdf_v1,1.1.6,1,needs_review,https://www.sheridancountywy.gov/departments/elections/2026_election_results.php,,,manual_required,candidate,Sheridan,,,CHRISTI HASWELL,CHRISTI HASWELL,,4215,,wy|sheridan|wy-2026-primary|county_local_summary|39edca2c579e34f3aa8d5879b238abf44f64fc74d463938d90027acc965759fd|wy-2026-primary|county|sheridan|county-commissioner|rep|candidate|CHRISTI HASWELL|Sheridan|COUNTY
wy-2026-primary,wy|sheridan|wy-2026-primary|county_local_summary,Sheridan,wy-2026-primary|county|sheridan|county-commissioner|rep,REP COUNTY COMMISSIONER,County Commissioner,county,,REP,REP,county,39edca2c579e34f3aa8d5879b238abf44f64fc74d463938d90027acc965759fd,2026-08-21T12:51:32Z,,county_summary_pdf_v1,1.1.6,1,needs_review,https://www.sheridancountywy.gov/departments/elections/2026_election_results.php,,,manual_required,candidate,Sheridan,,,HOLLY JENNINGS,HOLLY JENNINGS,,3687,,wy|sheridan|wy-2026-primary|county_local_summary|39edca2c579e34f3aa8d5879b238abf44f64fc74d463938d90027acc965759fd|wy-2026-primary|county|sheridan|county-commissioner|rep|candidate|HOLLY JENNINGS|Sheridan|COUNTY
wy-2026-primary,wy|sheridan|wy-2026-primary|county_local_summary,Sheridan,wy-2026-primary|county|sheridan|county-commissioner|rep,REP COUNTY COMMISSIONER,County Commissioner,county,,REP,REP,county,39edca2c579e34f3aa8d5879b238abf44f64fc74d463938d90027acc965759fd,2026-08-21T12:51:32Z,,county_summary_pdf_v1,1.1.6,1,needs_review,https://www.sheridancountywy.gov/departments/elections/2026_election_results.php,,,manual_required,candidate,Sheridan,,,GLENN DRUMMOND,GLENN DRUMMOND,,3245,,wy|sheridan|wy-2026-primary|county_local_summary|39edca2c579e34f3aa8d5879b238abf44f64fc74d463938d90027acc965759fd|wy-2026-primary|county|sheridan|county-commissioner|rep|candidate|GLENN DRUMMOND|Sheridan|COUNTY
wy-2026-primary,wy|sheridan|wy-2026-primary|county_local_summary,Sheridan,wy-2026-primary|county|sheridan|county-commissioner|rep,REP COUNTY COMMISSIONER,County Commissioner,county,,REP,REP,county,39edca2c579e34f3aa8d5879b238abf44f64fc74d463938d90027acc965759fd,2026-08-21T12:51:32Z,,county_summary_pdf_v1,1.1.6,1,needs_review,https://www.sheridancountywy.gov/departments/elections/2026_election_results.php,,,manual_required,candidate,Sheridan,,,DENNIS FOX,DENNIS FOX,,2758,,wy|sheridan|wy-2026-primary|county_local_summary|39edca2c579e34f3aa8d5879b238abf44f64fc74d463938d90027acc965759fd|wy-2026-primary|county|sheridan|county-commissioner|rep|candidate|DENNIS FOX|Sheridan|COUNTY
wy-2026-primary,wy|sheridan|wy-2026-primary|county_local_summary,Sheridan,wy-2026-primary|county|sheridan|county-commissioner|rep,REP COUNTY COMMISSIONER,County Commissioner,county,,REP,REP,county,39edca2c579e34f3aa8d5879b238abf44f64fc74d463938d90027acc965759fd,2026-08-21T12:51:32Z,,county_summary_pdf_v1,1.1.6,1,needs_review,https://www.sheridancountywy.gov/departments/elections/2026_election_results.php,,,manual_required,candidate,Sheridan,,,KARLA KALEY,KARLA KALEY,,2376,,wy|sheridan|wy-2026-primary|county_local_summary|39edca2c579e34f3aa8d5879b238abf44f64fc74d463938d90027acc965759fd|wy-2026-primary|county|sheridan|county-commissioner|rep|candidate|KARLA KALEY|Sheridan|COUNTY
wy-2026-primary,wy|sheridan|wy-2026-primary|county_local_summary,Sheridan,wy-2026-primary|county|sheridan|county-commissioner|rep,REP COUNTY COMMISSIONER,County Commissioner,county,,REP,REP,county,39edca2c579e34f3aa8d5879b238abf44f64fc74d463938d90027acc965759fd,2026-08-21T12:51:32Z,,county_summary_pdf_v1,1.1.6,1,needs_review,https://www.sheridancountywy.gov/departments/elections/2026_election_results.php,,,manual_required,candidate,Sheridan,,,HARLEY SHUCK,HARLEY SHUCK,,788,,wy|sheridan|wy-2026-primary|county_local_summary|39edca2c579e34f3aa8d5879b238abf44f64fc74d463938d90027acc965759fd|wy-2026-primary|county|sheridan|county-commissioner|rep|candidate|HARLEY SHUCK|Sheridan|COUNTY
wy-2026-primary,wy|sheridan|wy-2026-primary|county_local_summary,Sheridan,wy-2026-primary|county|sheridan|county-commissioner|rep,REP COUNTY COMMISSIONER,County Commissioner,county,,REP,REP,county,39edca2c579e34f3aa8d5879b238abf44f64fc74d463938d90027acc965759fd,2026-08-21T12:51:32Z,,county_summary_pdf_v1,1.1.6,1,needs_review,https://www.sheridancountywy.gov/departments/elections/2026_election_results.php,,,manual_required,candidate,Sheridan,,,DUSTIN BATES,DUSTIN BATES,,643,,wy|sheridan|wy-2026-primary|county_local_summary|39edca2c579e34f3aa8d5879b238abf44f64fc74d463938d90027acc965759fd|wy-2026-primary|county|sheridan|county-commissioner|rep|candidate|DUSTIN BATES|Sheridan|COUNTY
wy-2026-primary,wy|sheridan|wy-2026-primary|county_local_summary,Sheridan,wy-2026-primary|county|sheridan|county-commissioner|rep,REP COUNTY COMMISSIONER,County Commissioner,county,,REP,REP,county,39edca2c579e34f3aa8d5879b238abf44f64fc74d463938d90027acc965759fd,2026-08-21T12:51:32Z,,county_summary_pdf_v1,1.1.6,1,needs_review,https://www.sheridancountywy.gov/departments/elections/2026_election_results.php,,,manual_required,candidate,Sheridan,,,LEE ACKERLEY,LEE ACKERLEY,,424,,wy|sheridan|wy-2026-primary|county_local_summary|39edca2c579e34f3aa8d5879b238abf44f64fc74d463938d90027acc965759fd|wy-2026-primary|county|sheridan|county-commissioner|rep|candidate|LEE ACKERLEY|Sheridan|COUNTY
wy-2026-primary,wy|sheridan|wy-2026-primary|county_local_summary,Sheridan,wy-2026-primary|county|sheridan|county-commissioner|rep,REP COUNTY COMMISSIONER,County Commissioner,county,,REP,REP,county,39edca2c579e34f3aa8d5879b238abf44f64fc74d463938d90027acc965759fd,2026-08-21T12:51:32Z,,county_summary_pdf_v1,1.1.6,1,needs_review,https://www.sheridancountywy.gov/departments/elections/2026_election_results.php,,,manual_required,write_in_aggregate,Sheridan,,,,,,62,,wy|sheridan|wy-2026-primary|county_local_summary|39edca2c579e34f3aa8d5879b238abf44f64fc74d463938d90027acc965759fd|wy-2026-primary|county|sheridan|county-commissioner|rep|write_in_aggregate|write_in_aggregate|Sheridan|COUNTY
wy-2026-primary,wy|sheridan|wy-2026-primary|county_local_summary,Sheridan,wy-2026-primary|county|sheridan|county-coroner|rep,REP CORONER,County Coroner,county,,REP,REP,county,39edca2c579e34f3aa8d5879b238abf44f64fc74d463938d90027acc965759fd,2026-08-21T12:51:32Z,,county_summary_pdf_v1,1.1.6,1,needs_review,https://www.sheridancountywy.gov/departments/elections/2026_election_results.php,,,manual_required,candidate,Sheridan,,,ROBERT BYRD,ROBERT BYRD,,4586,,wy|sheridan|wy-2026-primary|county_local_summary|39edca2c579e34f3aa8d5879b238abf44f64fc74d463938d90027acc965759fd|wy-2026-primary|county|sheridan|county-coroner|rep|candidate|ROBERT BYRD|Sheridan|COUNTY
wy-2026-primary,wy|sheridan|wy-2026-primary|county_local_summary,Sheridan,wy-2026-primary|county|sheridan|county-coroner|rep,REP CORONER,County Coroner,county,,REP,REP,county,39edca2c579e34f3aa8d5879b238abf44f64fc74d463938d90027acc965759fd,2026-08-21T12:51:32Z,,county_summary_pdf_v1,1.1.6,1,needs_review,https://www.sheridancountywy.gov/departments/elections/2026_election_results.php,,,manual_required,candidate,Sheridan,,,KEVIN SESSIONS,KEVIN SESSIONS,,3943,,wy|sheridan|wy-2026-primary|county_local_summary|39edca2c579e34f3aa8d5879b238abf44f64fc74d463938d90027acc965759fd|wy-2026-primary|county|sheridan|county-coroner|rep|candidate|KEVIN SESSIONS|Sheridan|COUNTY
wy-2026-primary,wy|sheridan|wy-2026-primary|county_local_summary,Sheridan,wy-2026-primary|county|sheridan|county-coroner|rep,REP CORONER,County Coroner,county,,REP,REP,county,39edca2c579e34f3aa8d5879b238abf44f64fc74d463938d90027acc965759fd,2026-08-21T12:51:32Z,,county_summary_pdf_v1,1.1.6,1,needs_review,https://www.sheridancountywy.gov/departments/elections/2026_election_results.php,,,manual_required,write_in_aggregate,Sheridan,,,,,,9,,wy|sheridan|wy-2026-primary|county_local_summary|39edca2c579e34f3aa8d5879b238abf44f64fc74d463938d90027acc965759fd|wy-2026-primary|county|sheridan|county-coroner|rep|write_in_aggregate|write_in_aggregate|Sheridan|COUNTY
wy-2026-primary,wy|sheridan|wy-2026-primary|county_local_summary,Sheridan,wy-2026-primary|county|sheridan|county-attorney|rep,REP COUNTY ATTORNEY,County Attorney,county,,REP,REP,county,39edca2c579e34f3aa8d5879b238abf44f64fc74d463938d90027acc965759fd,2026-08-21T12:51:32Z,,county_summary_pdf_v1,1.1.6,1,needs_review,https://www.sheridancountywy.gov/departments/elections/2026_election_results.php,,,manual_required,candidate,Sheridan,,,DIANNA D. BENNETT,DIANNA D. BENNETT,,6866,,wy|sheridan|wy-2026-primary|county_local_summary|39edca2c579e34f3aa8d5879b238abf44f64fc74d463938d90027acc965759fd|wy-2026-primary|county|sheridan|county-attorney|rep|candidate|DIANNA D. BENNETT|Sheridan|COUNTY
wy-2026-primary,wy|sheridan|wy-2026-primary|county_local_summary,Sheridan,wy-2026-primary|county|sheridan|county-attorney|rep,REP COUNTY ATTORNEY,County Attorney,county,,REP,REP,county,39edca2c579e34f3aa8d5879b238abf44f64fc74d463938d90027acc965759fd,2026-08-21T12:51:32Z,,county_summary_pdf_v1,1.1.6,1,needs_review,https://www.sheridancountywy.gov/departments/elections/2026_election_results.php,,,manual_required,write_in_aggregate,Sheridan,,,,,,171,,wy|sheridan|wy-2026-primary|county_local_summary|39edca2c579e34f3aa8d5879b238abf44f64fc74d463938d90027acc965759fd|wy-2026-primary|county|sheridan|county-attorney|rep|write_in_aggregate|write_in_aggregate|Sheridan|COUNTY
wy-2026-primary,wy|sheridan|wy-2026-primary|county_local_summary,Sheridan,wy-2026-primary|county|sheridan|county-sheriff|rep,REP SHERIFF,County Sheriff,county,,REP,REP,county,39edca2c579e34f3aa8d5879b238abf44f64fc74d463938d90027acc965759fd,2026-08-21T12:51:32Z,,county_summary_pdf_v1,1.1.6,1,needs_review,https://www.sheridancountywy.gov/departments/elections/2026_election_results.php,,,manual_required,candidate,Sheridan,,,LEVI DOMINGUEZ,LEVI DOMINGUEZ,,5667,,wy|sheridan|wy-2026-primary|county_local_summary|39edca2c579e34f3aa8d5879b238abf44f64fc74d463938d90027acc965759fd|wy-2026-primary|county|sheridan|county-sheriff|rep|candidate|LEVI DOMINGUEZ|Sheridan|COUNTY
wy-2026-primary,wy|sheridan|wy-2026-primary|county_local_summary,Sheridan,wy-2026-primary|county|sheridan|county-sheriff|rep,REP SHERIFF,County Sheriff,county,,REP,REP,county,39edca2c579e34f3aa8d5879b238abf44f64fc74d463938d90027acc965759fd,2026-08-21T12:51:32Z,,county_summary_pdf_v1,1.1.6,1,needs_review,https://www.sheridancountywy.gov/departments/elections/2026_election_results.php,,,manual_required,candidate,Sheridan,,,HOWIE FITZPATRICK,HOWIE FITZPATRICK,,3226,,wy|sheridan|wy-2026-primary|county_local_summary|39edca2c579e34f3aa8d5879b238abf44f64fc74d463938d90027acc965759fd|wy-2026-primary|county|sheridan|county-sheriff|rep|candidate|HOWIE FITZPATRICK|Sheridan|COUNTY
wy-2026-primary,wy|sheridan|wy-2026-primary|county_local_summary,Sheridan,wy-2026-primary|county|sheridan|county-sheriff|rep,REP SHERIFF,County Sheriff,county,,REP,REP,county,39edca2c579e34f3aa8d5879b238abf44f64fc74d463938d90027acc965759fd,2026-08-21T12:51:32Z,,county_summary_pdf_v1,1.1.6,1,needs_review,https://www.sheridancountywy.gov/departments/elections/2026_election_results.php,,,manual_required,write_in_aggregate,Sheridan,,,,,,6,,wy|sheridan|wy-2026-primary|county_local_summary|39edca2c579e34f3aa8d5879b238abf44f64fc74d463938d90027acc965759fd|wy-2026-primary|county|sheridan|county-sheriff|rep|write_in_aggregate|write_in_aggregate|Sheridan|COUNTY
wy-2026-primary,wy|sheridan|wy-2026-primary|county_local_summary,Sheridan,wy-2026-primary|county|sheridan|county-clerk|rep,REP COUNTY CLERK,County Clerk,county,,REP,REP,county,39edca2c579e34f3aa8d5879b238abf44f64fc74d463938d90027acc965759fd,2026-08-21T12:51:32Z,,county_summary_pdf_v1,1.1.6,1,needs_review,https://www.sheridancountywy.gov/departments/elections/2026_election_results.php,,,manual_required,candidate,Sheridan,,,EDA SCHUNK THOMPSON,EDA SCHUNK THOMPSON,,5467,,wy|sheridan|wy-2026-primary|county_local_summary|39edca2c579e34f3aa8d5879b238abf44f64fc74d463938d90027acc965759fd|wy-2026-primary|county|sheridan|county-clerk|rep|candidate|EDA SCHUNK THOMPSON|Sheridan|COUNTY
wy-2026-primary,wy|sheridan|wy-2026-primary|county_local_summary,Sheridan,wy-2026-primary|county|sheridan|county-clerk|rep,REP COUNTY CLERK,County Clerk,county,,REP,REP,county,39edca2c579e34f3aa8d5879b238abf44f64fc74d463938d90027acc965759fd,2026-08-21T12:51:32Z,,county_summary_pdf_v1,1.1.6,1,needs_review,https://www.sheridancountywy.gov/departments/elections/2026_election_results.php,,,manual_required,candidate,Sheridan,,,CHRISTINE TEMPLE,CHRISTINE TEMPLE,,2393,,wy|sheridan|wy-2026-primary|county_local_summary|39edca2c579e34f3aa8d5879b238abf44f64fc74d463938d90027acc965759fd|wy-2026-primary|county|sheridan|county-clerk|rep|candidate|CHRISTINE TEMPLE|Sheridan|COUNTY
wy-2026-primary,wy|sheridan|wy-2026-primary|county_local_summary,Sheridan,wy-2026-primary|county|sheridan|county-clerk|rep,REP COUNTY CLERK,County Clerk,county,,REP,REP,county,39edca2c579e34f3aa8d5879b238abf44f64fc74d463938d90027acc965759fd,2026-08-21T12:51:32Z,,county_summary_pdf_v1,1.1.6,1,needs_review,https://www.sheridancountywy.gov/departments/elections/2026_election_results.php,,,manual_required,candidate,Sheridan,,,DYLAN DALTON,DYLAN DALTON,,475,,wy|sheridan|wy-2026-primary|county_local_summary|39edca2c579e34f3aa8d5879b238abf44f64fc74d463938d90027acc965759fd|wy-2026-primary|county|sheridan|county-clerk|rep|candidate|DYLAN DALTON|Sheridan|COUNTY
wy-2026-primary,wy|sheridan|wy-2026-primary|county_local_summary,Sheridan,wy-2026-primary|county|sheridan|county-clerk|rep,REP COUNTY CLERK,County Clerk,county,,REP,REP,county,39edca2c579e34f3aa8d5879b238abf44f64fc74d463938d90027acc965759fd,2026-08-21T12:51:32Z,,county_summary_pdf_v1,1.1.6,1,needs_review,https://www.sheridancountywy.gov/departments/elections/2026_election_results.php,,,manual_required,write_in_aggregate,Sheridan,,,,,,15,,wy|sheridan|wy-2026-primary|county_local_summary|39edca2c579e34f3aa8d5879b238abf44f64fc74d463938d90027acc965759fd|wy-2026-primary|county|sheridan|county-clerk|rep|write_in_aggregate|write_in_aggregate|Sheridan|COUNTY
wy-2026-primary,wy|sheridan|wy-2026-primary|county_local_summary,Sheridan,wy-2026-primary|county|sheridan|county-treasurer|rep,REP TREASURER,County Treasurer,county,,REP,REP,county,39edca2c579e34f3aa8d5879b238abf44f64fc74d463938d90027acc965759fd,2026-08-21T12:51:32Z,,county_summary_pdf_v1,1.1.6,1,needs_review,https://www.sheridancountywy.gov/departments/elections/2026_election_results.php,,,manual_required,candidate,Sheridan,,,KATIE ARAAS,KATIE ARAAS,,7440,,wy|sheridan|wy-2026-primary|county_local_summary|39edca2c579e34f3aa8d5879b238abf44f64fc74d463938d90027acc965759fd|wy-2026-primary|county|sheridan|county-treasurer|rep|candidate|KATIE ARAAS|Sheridan|COUNTY
wy-2026-primary,wy|sheridan|wy-2026-primary|county_local_summary,Sheridan,wy-2026-primary|county|sheridan|county-treasurer|rep,REP TREASURER,County Treasurer,county,,REP,REP,county,39edca2c579e34f3aa8d5879b238abf44f64fc74d463938d90027acc965759fd,2026-08-21T12:51:32Z,,county_summary_pdf_v1,1.1.6,1,needs_review,https://www.sheridancountywy.gov/departments/elections/2026_election_results.php,,,manual_required,write_in_aggregate,Sheridan,,,,,,32,,wy|sheridan|wy-2026-primary|county_local_summary|39edca2c579e34f3aa8d5879b238abf44f64fc74d463938d90027acc965759fd|wy-2026-primary|county|sheridan|county-treasurer|rep|write_in_aggregate|write_in_aggregate|Sheridan|COUNTY
wy-2026-primary,wy|sheridan|wy-2026-primary|county_local_summary,Sheridan,wy-2026-primary|county|sheridan|county-assessor|rep,REP ASSESSOR,County Assessor,county,,REP,REP,county,39edca2c579e34f3aa8d5879b238abf44f64fc74d463938d90027acc965759fd,2026-08-21T12:51:32Z,,county_summary_pdf_v1,1.1.6,1,needs_review,https://www.sheridancountywy.gov/departments/elections/2026_election_results.php,,,manual_required,candidate,Sheridan,,,KOKO KNUDTSON,KOKO KNUDTSON,,6833,,wy|sheridan|wy-2026-primary|county_local_summary|39edca2c579e34f3aa8d5879b238abf44f64fc74d463938d90027acc965759fd|wy-2026-primary|county|sheridan|county-assessor|rep|candidate|KOKO KNUDTSON|Sheridan|COUNTY
wy-2026-primary,wy|sheridan|wy-2026-primary|county_local_summary,Sheridan,wy-2026-primary|county|sheridan|county-assessor|rep,REP ASSESSOR,County Assessor,county,,REP,REP,county,39edca2c579e34f3aa8d5879b238abf44f64fc74d463938d90027acc965759fd,2026-08-21T12:51:32Z,,county_summary_pdf_v1,1.1.6,1,needs_review,https://www.sheridancountywy.gov/departments/elections/2026_election_results.php,,,manual_required,write_in_aggregate,Sheridan,,,,,,84,,wy|sheridan|wy-2026-primary|county_local_summary|39edca2c579e34f3aa8d5879b238abf44f64fc74d463938d90027acc965759fd|wy-2026-primary|county|sheridan|county-assessor|rep|write_in_aggregate|write_in_aggregate|Sheridan|COUNTY
wy-2026-primary,wy|sheridan|wy-2026-primary|county_local_summary,Sheridan,wy-2026-primary|county|sheridan|clerk-of-district-court|rep,REP CLERK OF DISTRICT COURT,Clerk Of District Court,county,,REP,REP,county,39edca2c579e34f3aa8d5879b238abf44f64fc74d463938d90027acc965759fd,2026-08-21T12:51:32Z,,county_summary_pdf_v1,1.1.6,1,needs_review,https://www.sheridancountywy.gov/departments/elections/2026_election_results.php,,,manual_required,candidate,Sheridan,,,RENE BOTTEN,RENE BOTTEN,,7038,,wy|sheridan|wy-2026-primary|county_local_summary|39edca2c579e34f3aa8d5879b238abf44f64fc74d463938d90027acc965759fd|wy-2026-primary|county|sheridan|clerk-of-district-court|rep|candidate|RENE BOTTEN|Sheridan|COUNTY
wy-2026-primary,wy|sheridan|wy-2026-primary|county_local_summary,Sheridan,wy-2026-primary|county|sheridan|clerk-of-district-court|rep,REP CLERK OF DISTRICT COURT,Clerk Of District Court,county,,REP,REP,county,39edca2c579e34f3aa8d5879b238abf44f64fc74d463938d90027acc965759fd,2026-08-21T12:51:32Z,,county_summary_pdf_v1,1.1.6,1,needs_review,https://www.sheridancountywy.gov/departments/elections/2026_election_results.php,,,manual_required,write_in_aggregate,Sheridan,,,,,,42,,wy|sheridan|wy-2026-primary|county_local_summary|39edca2c579e34f3aa8d5879b238abf44f64fc74d463938d90027acc965759fd|wy-2026-primary|county|sheridan|clerk-of-district-court|rep|write_in_aggregate|write_in_aggregate|Sheridan|COUNTY
wy-2026-primary,wy|sheridan|wy-2026-primary|county_local_summary,Sheridan,wy-2026-primary|county|sheridan|precinct-committeeman-1-1|rep,REP PRECINCT MAN 1-1,Precinct Committeeman 1-1,county,,REP,REP,precinct,39edca2c579e34f3aa8d5879b238abf44f64fc74d463938d90027acc965759fd,2026-08-21T12:51:32Z,,county_summary_pdf_v1,1.1.6,1,needs_review,https://www.sheridancountywy.gov/departments/elections/2026_election_results.php,,,manual_required,candidate,Sheridan,,,SHANE RADER,SHANE RADER,,178,,wy|sheridan|wy-2026-primary|county_local_summary|39edca2c579e34f3aa8d5879b238abf44f64fc74d463938d90027acc965759fd|wy-2026-primary|county|sheridan|precinct-committeeman-1-1|rep|candidate|SHANE RADER|Sheridan|COUNTY
wy-2026-primary,wy|sheridan|wy-2026-primary|county_local_summary,Sheridan,wy-2026-primary|county|sheridan|precinct-committeeman-1-1|rep,REP PRECINCT MAN 1-1,Precinct Committeeman 1-1,county,,REP,REP,precinct,39edca2c579e34f3aa8d5879b238abf44f64fc74d463938d90027acc965759fd,2026-08-21T12:51:32Z,,county_summary_pdf_v1,1.1.6,1,needs_review,https://www.sheridancountywy.gov/departments/elections/2026_election_results.php,,,manual_required,candidate,Sheridan,,,DAVID IVERSON,DAVID IVERSON,,131,,wy|sheridan|wy-2026-primary|county_local_summary|39edca2c579e34f3aa8d5879b238abf44f64fc74d463938d90027acc965759fd|wy-2026-primary|county|sheridan|precinct-committeeman-1-1|rep|candidate|DAVID IVERSON|Sheridan|COUNTY
wy-2026-primary,wy|sheridan|wy-2026-primary|county_local_summary,Sheridan,wy-2026-primary|county|sheridan|precinct-committeeman-1-1|rep,REP PRECINCT MAN 1-1,Precinct Committeeman 1-1,county,,REP,REP,precinct,39edca2c579e34f3aa8d5879b238abf44f64fc74d463938d90027acc965759fd,2026-08-21T12:51:32Z,,county_summary_pdf_v1,1.1.6,1,needs_review,https://www.sheridancountywy.gov/departments/elections/2026_election_results.php,,,manual_required,write_in_aggregate,Sheridan,,,,,,5,,wy|sheridan|wy-2026-primary|county_local_summary|39edca2c579e34f3aa8d5879b238abf44f64fc74d463938d90027acc965759fd|wy-2026-primary|county|sheridan|precinct-committeeman-1-1|rep|write_in_aggregate|write_in_aggregate|Sheridan|COUNTY
wy-2026-primary,wy|sheridan|wy-2026-primary|county_local_summary,Sheridan,wy-2026-primary|county|sheridan|precinct-committeewoman-1-1|rep,REP PRECINCT WOMAN 1-1,Precinct Committeewoman 1-1,county,,REP,REP,precinct,39edca2c579e34f3aa8d5879b238abf44f64fc74d463938d90027acc965759fd,2026-08-21T12:51:32Z,,county_summary_pdf_v1,1.1.6,1,needs_review,https://www.sheridancountywy.gov/departments/elections/2026_election_results.php,,,manual_required,candidate,Sheridan,,,SHANNA HARRIS,SHANNA HARRIS,,149,,wy|sheridan|wy-2026-primary|county_local_summary|39edca2c579e34f3aa8d5879b238abf44f64fc74d463938d90027acc965759fd|wy-2026-primary|county|sheridan|precinct-committeewoman-1-1|rep|candidate|SHANNA HARRIS|Sheridan|COUNTY
wy-2026-primary,wy|sheridan|wy-2026-primary|county_local_summary,Sheridan,wy-2026-primary|county|sheridan|precinct-committeewoman-1-1|rep,REP PRECINCT WOMAN 1-1,Precinct Committeewoman 1-1,county,,REP,REP,precinct,39edca2c579e34f3aa8d5879b238abf44f64fc74d463938d90027acc965759fd,2026-08-21T12:51:32Z,,county_summary_pdf_v1,1.1.6,1,needs_review,https://www.sheridancountywy.gov/departments/elections/2026_election_results.php,,,manual_required,candidate,Sheridan,,,CHRISTINE IVERSON,CHRISTINE IVERSON,,147,,wy|sheridan|wy-2026-primary|county_local_summary|39edca2c579e34f3aa8d5879b238abf44f64fc74d463938d90027acc965759fd|wy-2026-primary|county|sheridan|precinct-committeewoman-1-1|rep|candidate|CHRISTINE IVERSON|Sheridan|COUNTY
wy-2026-primary,wy|sheridan|wy-2026-primary|county_local_summary,Sheridan,wy-2026-primary|county|sheridan|precinct-committeewoman-1-1|rep,REP PRECINCT WOMAN 1-1,Precinct Committeewoman 1-1,county,,REP,REP,precinct,39edca2c579e34f3aa8d5879b238abf44f64fc74d463938d90027acc965759fd,2026-08-21T12:51:32Z,,county_summary_pdf_v1,1.1.6,1,needs_review,https://www.sheridancountywy.gov/departments/elections/2026_election_results.php,,,manual_required,write_in_aggregate,Sheridan,,,,,,6,,wy|sheridan|wy-2026-primary|county_local_summary|39edca2c579e34f3aa8d5879b238abf44f64fc74d463938d90027acc965759fd|wy-2026-primary|county|sheridan|precinct-committeewoman-1-1|rep|write_in_aggregate|write_in_aggregate|Sheridan|COUNTY
wy-2026-primary,wy|sheridan|wy-2026-primary|county_local_summary,Sheridan,wy-2026-primary|county|sheridan|precinct-committeeman-2-1|rep,REP PRECINCT MAN 2-1,Precinct Committeeman 2-1,county,,REP,REP,precinct,39edca2c579e34f3aa8d5879b238abf44f64fc74d463938d90027acc965759fd,2026-08-21T12:51:32Z,,county_summary_pdf_v1,1.1.6,1,needs_review,https://www.sheridancountywy.gov/departments/elections/2026_election_results.php,,,manual_required,candidate,Sheridan,,,DAVID DEBOLT,DAVID DEBOLT,,184,,wy|sheridan|wy-2026-primary|county_local_summary|39edca2c579e34f3aa8d5879b238abf44f64fc74d463938d90027acc965759fd|wy-2026-primary|county|sheridan|precinct-committeeman-2-1|rep|candidate|DAVID DEBOLT|Sheridan|COUNTY
wy-2026-primary,wy|sheridan|wy-2026-primary|county_local_summary,Sheridan,wy-2026-primary|county|sheridan|precinct-committeeman-2-1|rep,REP PRECINCT MAN 2-1,Precinct Committeeman 2-1,county,,REP,REP,precinct,39edca2c579e34f3aa8d5879b238abf44f64fc74d463938d90027acc965759fd,2026-08-21T12:51:32Z,,county_summary_pdf_v1,1.1.6,1,needs_review,https://www.sheridancountywy.gov/departments/elections/2026_election_results.php,,,manual_required,candidate,Sheridan,,,JAMES TEMPLE,JAMES TEMPLE,,142,,wy|sheridan|wy-2026-primary|county_local_summary|39edca2c579e34f3aa8d5879b238abf44f64fc74d463938d90027acc965759fd|wy-2026-primary|county|sheridan|precinct-committeeman-2-1|rep|candidate|JAMES TEMPLE|Sheridan|COUNTY
wy-2026-primary,wy|sheridan|wy-2026-primary|county_local_summary,Sheridan,wy-2026-primary|county|sheridan|precinct-committeeman-2-1|rep,REP PRECINCT MAN 2-1,Precinct Committeeman 2-1,county,,REP,REP,precinct,39edca2c579e34f3aa8d5879b238abf44f64fc74d463938d90027acc965759fd,2026-08-21T12:51:32Z,,county_summary_pdf_v1,1.1.6,1,needs_review,https://www.sheridancountywy.gov/departments/elections/2026_election_results.php,,,manual_required,write_in_aggregate,Sheridan,,,,,,3,,wy|sheridan|wy-2026-primary|county_local_summary|39edca2c579e34f3aa8d5879b238abf44f64fc74d463938d90027acc965759fd|wy-2026-primary|county|sheridan|precinct-committeeman-2-1|rep|write_in_aggregate|write_in_aggregate|Sheridan|COUNTY
wy-2026-primary,wy|sheridan|wy-2026-primary|county_local_summary,Sheridan,wy-2026-primary|county|sheridan|precinct-committeewoman-2-1|rep,REP PRECINCT WOMAN 2-1,Precinct Committeewoman 2-1,county,,REP,REP,precinct,39edca2c579e34f3aa8d5879b238abf44f64fc74d463938d90027acc965759fd,2026-08-21T12:51:32Z,,county_summary_pdf_v1,1.1.6,1,needs_review,https://www.sheridancountywy.gov/departments/elections/2026_election_results.php,,,manual_required,candidate,Sheridan,,,BARBARA MILLER,BARBARA MILLER,,176,,wy|sheridan|wy-2026-primary|county_local_summary|39edca2c579e34f3aa8d5879b238abf44f64fc74d463938d90027acc965759fd|wy-2026-primary|county|sheridan|precinct-committeewoman-2-1|rep|candidate|BARBARA MILLER|Sheridan|COUNTY
wy-2026-primary,wy|sheridan|wy-2026-primary|county_local_summary,Sheridan,wy-2026-primary|county|sheridan|precinct-committeewoman-2-1|rep,REP PRECINCT WOMAN 2-1,Precinct Committeewoman 2-1,county,,REP,REP,precinct,39edca2c579e34f3aa8d5879b238abf44f64fc74d463938d90027acc965759fd,2026-08-21T12:51:32Z,,county_summary_pdf_v1,1.1.6,1,needs_review,https://www.sheridancountywy.gov/departments/elections/2026_election_results.php,,,manual_required,candidate,Sheridan,,,CHRISTINE TEMPLE,CHRISTINE TEMPLE,,146,,wy|sheridan|wy-2026-primary|county_local_summary|39edca2c579e34f3aa8d5879b238abf44f64fc74d463938d90027acc965759fd|wy-2026-primary|county|sheridan|precinct-committeewoman-2-1|rep|candidate|CHRISTINE TEMPLE|Sheridan|COUNTY
wy-2026-primary,wy|sheridan|wy-2026-primary|county_local_summary,Sheridan,wy-2026-primary|county|sheridan|precinct-committeewoman-2-1|rep,REP PRECINCT WOMAN 2-1,Precinct Committeewoman 2-1,county,,REP,REP,precinct,39edca2c579e34f3aa8d5879b238abf44f64fc74d463938d90027acc965759fd,2026-08-21T12:51:32Z,,county_summary_pdf_v1,1.1.6,1,needs_review,https://www.sheridancountywy.gov/departments/elections/2026_election_results.php,,,manual_required,write_in_aggregate,Sheridan,,,,,,1,,wy|sheridan|wy-2026-primary|county_local_summary|39edca2c579e34f3aa8d5879b238abf44f64fc74d463938d90027acc965759fd|wy-2026-primary|county|sheridan|precinct-committeewoman-2-1|rep|write_in_aggregate|write_in_aggregate|Sheridan|COUNTY
wy-2026-primary,wy|sheridan|wy-2026-primary|county_local_summary,Sheridan,wy-2026-primary|county|sheridan|precinct-committeeman-2-2|rep,REP PRECINCT MAN 2-2,Precinct Committeeman 2-2,county,,REP,REP,precinct,39edca2c579e34f3aa8d5879b238abf44f64fc74d463938d90027acc965759fd,2026-08-21T12:51:32Z,,county_summary_pdf_v1,1.1.6,1,needs_review,https://www.sheridancountywy.gov/departments/elections/2026_election_results.php,,,manual_required,candidate,Sheridan,,,HARRY POLLAK,HARRY POLLAK,,143,,wy|sheridan|wy-2026-primary|county_local_summary|39edca2c579e34f3aa8d5879b238abf44f64fc74d463938d90027acc965759fd|wy-2026-primary|county|sheridan|precinct-committeeman-2-2|rep|candidate|HARRY POLLAK|Sheridan|COUNTY
wy-2026-primary,wy|sheridan|wy-2026-primary|county_local_summary,Sheridan,wy-2026-primary|county|sheridan|precinct-committeeman-2-2|rep,REP PRECINCT MAN 2-2,Precinct Committeeman 2-2,county,,REP,REP,precinct,39edca2c579e34f3aa8d5879b238abf44f64fc74d463938d90027acc965759fd,2026-08-21T12:51:32Z,,county_summary_pdf_v1,1.1.6,1,needs_review,https://www.sheridancountywy.gov/departments/elections/2026_election_results.php,,,manual_required,write_in_aggregate,Sheridan,,,,,,8,,wy|sheridan|wy-2026-primary|county_local_summary|39edca2c579e34f3aa8d5879b238abf44f64fc74d463938d90027acc965759fd|wy-2026-primary|county|sheridan|precinct-committeeman-2-2|rep|write_in_aggregate|write_in_aggregate|Sheridan|COUNTY
wy-2026-primary,wy|sheridan|wy-2026-primary|county_local_summary,Sheridan,wy-2026-primary|county|sheridan|precinct-committeewoman-2-2|rep,REP PRECINCT WOMAN 2-2,Precinct Committeewoman 2-2,county,,REP,REP,precinct,39edca2c579e34f3aa8d5879b238abf44f64fc74d463938d90027acc965759fd,2026-08-21T12:51:32Z,,county_summary_pdf_v1,1.1.6,1,needs_review,https://www.sheridancountywy.gov/departments/elections/2026_election_results.php,,,manual_required,candidate,Sheridan,,,ALEXANDRIA LOFTUS,ALEXANDRIA LOFTUS,,150,,wy|sheridan|wy-2026-primary|county_local_summary|39edca2c579e34f3aa8d5879b238abf44f64fc74d463938d90027acc965759fd|wy-2026-primary|county|sheridan|precinct-committeewoman-2-2|rep|candidate|ALEXANDRIA LOFTUS|Sheridan|COUNTY
wy-2026-primary,wy|sheridan|wy-2026-primary|county_local_summary,Sheridan,wy-2026-primary|county|sheridan|precinct-committeewoman-2-2|rep,REP PRECINCT WOMAN 2-2,Precinct Committeewoman 2-2,county,,REP,REP,precinct,39edca2c579e34f3aa8d5879b238abf44f64fc74d463938d90027acc965759fd,2026-08-21T12:51:32Z,,county_summary_pdf_v1,1.1.6,1,needs_review,https://www.sheridancountywy.gov/departments/elections/2026_election_results.php,,,manual_required,write_in_aggregate,Sheridan,,,,,,3,,wy|sheridan|wy-2026-primary|county_local_summary|39edca2c579e34f3aa8d5879b238abf44f64fc74d463938d90027acc965759fd|wy-2026-primary|county|sheridan|precinct-committeewoman-2-2|rep|write_in_aggregate|write_in_aggregate|Sheridan|COUNTY
wy-2026-primary,wy|sheridan|wy-2026-primary|county_local_summary,Sheridan,wy-2026-primary|county|sheridan|precinct-committeeman-2-3|rep,REP PRECINCT MAN 2-3,Precinct Committeeman 2-3,county,,REP,REP,precinct,39edca2c579e34f3aa8d5879b238abf44f64fc74d463938d90027acc965759fd,2026-08-21T12:51:32Z,,county_summary_pdf_v1,1.1.6,1,needs_review,https://www.sheridancountywy.gov/departments/elections/2026_election_results.php,,,manual_required,candidate,Sheridan,,,CLARENCE E. MONTANO,CLARENCE E. MONTANO,,283,,wy|sheridan|wy-2026-primary|county_local_summary|39edca2c579e34f3aa8d5879b238abf44f64fc74d463938d90027acc965759fd|wy-2026-primary|county|sheridan|precinct-committeeman-2-3|rep|candidate|CLARENCE E. MONTANO|Sheridan|COUNTY
wy-2026-primary,wy|sheridan|wy-2026-primary|county_local_summary,Sheridan,wy-2026-primary|county|sheridan|precinct-committeeman-2-3|rep,REP PRECINCT MAN 2-3,Precinct Committeeman 2-3,county,,REP,REP,precinct,39edca2c579e34f3aa8d5879b238abf44f64fc74d463938d90027acc965759fd,2026-08-21T12:51:32Z,,county_summary_pdf_v1,1.1.6,1,needs_review,https://www.sheridancountywy.gov/departments/elections/2026_election_results.php,,,manual_required,candidate,Sheridan,,,ROGER C MILLER,ROGER C MILLER,,260,,wy|sheridan|wy-2026-primary|county_local_summary|39edca2c579e34f3aa8d5879b238abf44f64fc74d463938d90027acc965759fd|wy-2026-primary|county|sheridan|precinct-committeeman-2-3|rep|candidate|ROGER C MILLER|Sheridan|COUNTY
wy-2026-primary,wy|sheridan|wy-2026-primary|county_local_summary,Sheridan,wy-2026-primary|county|sheridan|precinct-committeeman-2-3|rep,REP PRECINCT MAN 2-3,Precinct Committeeman 2-3,county,,REP,REP,precinct,39edca2c579e34f3aa8d5879b238abf44f64fc74d463938d90027acc965759fd,2026-08-21T12:51:32Z,,county_summary_pdf_v1,1.1.6,1,needs_review,https://www.sheridancountywy.gov/departments/elections/2026_election_results.php,,,manual_required,write_in_aggregate,Sheridan,,,,,,8,,wy|sheridan|wy-2026-primary|county_local_summary|39edca2c579e34f3aa8d5879b238abf44f64fc74d463938d90027acc965759fd|wy-2026-primary|county|sheridan|precinct-committeeman-2-3|rep|write_in_aggregate|write_in_aggregate|Sheridan|COUNTY
wy-2026-primary,wy|sheridan|wy-2026-primary|county_local_summary,Sheridan,wy-2026-primary|county|sheridan|precinct-committeewoman-2-3|rep,REP PRECINCT WOMAN 2-3,Precinct Committeewoman 2-3,county,,REP,REP,precinct,39edca2c579e34f3aa8d5879b238abf44f64fc74d463938d90027acc965759fd,2026-08-21T12:51:32Z,,county_summary_pdf_v1,1.1.6,1,needs_review,https://www.sheridancountywy.gov/departments/elections/2026_election_results.php,,,manual_required,candidate,Sheridan,,,STELLA MONTANO,STELLA MONTANO,,231,,wy|sheridan|wy-2026-primary|county_local_summary|39edca2c579e34f3aa8d5879b238abf44f64fc74d463938d90027acc965759fd|wy-2026-primary|county|sheridan|precinct-committeewoman-2-3|rep|candidate|STELLA MONTANO|Sheridan|COUNTY
wy-2026-primary,wy|sheridan|wy-2026-primary|county_local_summary,Sheridan,wy-2026-primary|county|sheridan|precinct-committeewoman-2-3|rep,REP PRECINCT WOMAN 2-3,Precinct Committeewoman 2-3,county,,REP,REP,precinct,39edca2c579e34f3aa8d5879b238abf44f64fc74d463938d90027acc965759fd,2026-08-21T12:51:32Z,,county_summary_pdf_v1,1.1.6,1,needs_review,https://www.sheridancountywy.gov/departments/elections/2026_election_results.php,,,manual_required,candidate,Sheridan,,,HOLLY JENNINGS,HOLLY JENNINGS,,210,,wy|sheridan|wy-2026-primary|county_local_summary|39edca2c579e34f3aa8d5879b238abf44f64fc74d463938d90027acc965759fd|wy-2026-primary|county|sheridan|precinct-committeewoman-2-3|rep|candidate|HOLLY JENNINGS|Sheridan|COUNTY
wy-2026-primary,wy|sheridan|wy-2026-primary|county_local_summary,Sheridan,wy-2026-primary|county|sheridan|precinct-committeewoman-2-3|rep,REP PRECINCT WOMAN 2-3,Precinct Committeewoman 2-3,county,,REP,REP,precinct,39edca2c579e34f3aa8d5879b238abf44f64fc74d463938d90027acc965759fd,2026-08-21T12:51:32Z,,county_summary_pdf_v1,1.1.6,1,needs_review,https://www.sheridancountywy.gov/departments/elections/2026_election_results.php,,,manual_required,candidate,Sheridan,,,BEV LEICHTNAM,BEV LEICHTNAM,,183,,wy|sheridan|wy-2026-primary|county_local_summary|39edca2c579e34f3aa8d5879b238abf44f64fc74d463938d90027acc965759fd|wy-2026-primary|county|sheridan|precinct-committeewoman-2-3|rep|candidate|BEV LEICHTNAM|Sheridan|COUNTY
wy-2026-primary,wy|sheridan|wy-2026-primary|county_local_summary,Sheridan,wy-2026-primary|county|sheridan|precinct-committeewoman-2-3|rep,REP PRECINCT WOMAN 2-3,Precinct Committeewoman 2-3,county,,REP,REP,precinct,39edca2c579e34f3aa8d5879b238abf44f64fc74d463938d90027acc965759fd,2026-08-21T12:51:32Z,,county_summary_pdf_v1,1.1.6,1,needs_review,https://www.sheridancountywy.gov/departments/elections/2026_election_results.php,,,manual_required,write_in_aggregate,Sheridan,,,,,,5,,wy|sheridan|wy-2026-primary|county_local_summary|39edca2c579e34f3aa8d5879b238abf44f64fc74d463938d90027acc965759fd|wy-2026-primary|county|sheridan|precinct-committeewoman-2-3|rep|write_in_aggregate|write_in_aggregate|Sheridan|COUNTY
wy-2026-primary,wy|sheridan|wy-2026-primary|county_local_summary,Sheridan,wy-2026-primary|county|sheridan|precinct-committeeman-2-4|rep,REP PRECINCT MAN 2-4,Precinct Committeeman 2-4,county,,REP,REP,precinct,39edca2c579e34f3aa8d5879b238abf44f64fc74d463938d90027acc965759fd,2026-08-21T12:51:32Z,,county_summary_pdf_v1,1.1.6,1,needs_review,https://www.sheridancountywy.gov/departments/elections/2026_election_results.php,,,manual_required,candidate,Sheridan,,,PISTOL ABBOTT,PISTOL ABBOTT,,202,,wy|sheridan|wy-2026-primary|county_local_summary|39edca2c579e34f3aa8d5879b238abf44f64fc74d463938d90027acc965759fd|wy-2026-primary|county|sheridan|precinct-committeeman-2-4|rep|candidate|PISTOL ABBOTT|Sheridan|COUNTY
wy-2026-primary,wy|sheridan|wy-2026-primary|county_local_summary,Sheridan,wy-2026-primary|county|sheridan|precinct-committeeman-2-4|rep,REP PRECINCT MAN 2-4,Precinct Committeeman 2-4,county,,REP,REP,precinct,39edca2c579e34f3aa8d5879b238abf44f64fc74d463938d90027acc965759fd,2026-08-21T12:51:32Z,,county_summary_pdf_v1,1.1.6,1,needs_review,https://www.sheridancountywy.gov/departments/elections/2026_election_results.php,,,manual_required,write_in_aggregate,Sheridan,,,,,,4,,wy|sheridan|wy-2026-primary|county_local_summary|39edca2c579e34f3aa8d5879b238abf44f64fc74d463938d90027acc965759fd|wy-2026-primary|county|sheridan|precinct-committeeman-2-4|rep|write_in_aggregate|write_in_aggregate|Sheridan|COUNTY
wy-2026-primary,wy|sheridan|wy-2026-primary|county_local_summary,Sheridan,wy-2026-primary|county|sheridan|precinct-committeewoman-2-4|rep,REP PRECINCT WOMAN 2-4,Precinct Committeewoman 2-4,county,,REP,REP,precinct,39edca2c579e34f3aa8d5879b238abf44f64fc74d463938d90027acc965759fd,2026-08-21T12:51:32Z,,county_summary_pdf_v1,1.1.6,1,needs_review,https://www.sheridancountywy.gov/departments/elections/2026_election_results.php,,,manual_required,candidate,Sheridan,,,MELINDA ABBOTT,MELINDA ABBOTT,,112,,wy|sheridan|wy-2026-primary|county_local_summary|39edca2c579e34f3aa8d5879b238abf44f64fc74d463938d90027acc965759fd|wy-2026-primary|county|sheridan|precinct-committeewoman-2-4|rep|candidate|MELINDA ABBOTT|Sheridan|COUNTY
wy-2026-primary,wy|sheridan|wy-2026-primary|county_local_summary,Sheridan,wy-2026-primary|county|sheridan|precinct-committeewoman-2-4|rep,REP PRECINCT WOMAN 2-4,Precinct Committeewoman 2-4,county,,REP,REP,precinct,39edca2c579e34f3aa8d5879b238abf44f64fc74d463938d90027acc965759fd,2026-08-21T12:51:32Z,,county_summary_pdf_v1,1.1.6,1,needs_review,https://www.sheridancountywy.gov/departments/elections/2026_election_results.php,,,manual_required,candidate,Sheridan,,,RITA GEARY,RITA GEARY,,105,,wy|sheridan|wy-2026-primary|county_local_summary|39edca2c579e34f3aa8d5879b238abf44f64fc74d463938d90027acc965759fd|wy-2026-primary|county|sheridan|precinct-committeewoman-2-4|rep|candidate|RITA GEARY|Sheridan|COUNTY
wy-2026-primary,wy|sheridan|wy-2026-primary|county_local_summary,Sheridan,wy-2026-primary|county|sheridan|precinct-committeewoman-2-4|rep,REP PRECINCT WOMAN 2-4,Precinct Committeewoman 2-4,county,,REP,REP,precinct,39edca2c579e34f3aa8d5879b238abf44f64fc74d463938d90027acc965759fd,2026-08-21T12:51:32Z,,county_summary_pdf_v1,1.1.6,1,needs_review,https://www.sheridancountywy.gov/departments/elections/2026_election_results.php,,,manual_required,write_in_aggregate,Sheridan,,,,,,1,,wy|sheridan|wy-2026-primary|county_local_summary|39edca2c579e34f3aa8d5879b238abf44f64fc74d463938d90027acc965759fd|wy-2026-primary|county|sheridan|precinct-committeewoman-2-4|rep|write_in_aggregate|write_in_aggregate|Sheridan|COUNTY
wy-2026-primary,wy|sheridan|wy-2026-primary|county_local_summary,Sheridan,wy-2026-primary|county|sheridan|precinct-committeeman-2-5|rep,REP PRECINCT MAN 2-5,Precinct Committeeman 2-5,county,,REP,REP,precinct,39edca2c579e34f3aa8d5879b238abf44f64fc74d463938d90027acc965759fd,2026-08-21T12:51:32Z,,county_summary_pdf_v1,1.1.6,1,needs_review,https://www.sheridancountywy.gov/departments/elections/2026_election_results.php,,,manual_required,candidate,Sheridan,,,JIM SCHELLINGER,JIM SCHELLINGER,,603,,wy|sheridan|wy-2026-primary|county_local_summary|39edca2c579e34f3aa8d5879b238abf44f64fc74d463938d90027acc965759fd|wy-2026-primary|county|sheridan|precinct-committeeman-2-5|rep|candidate|JIM SCHELLINGER|Sheridan|COUNTY
wy-2026-primary,wy|sheridan|wy-2026-primary|county_local_summary,Sheridan,wy-2026-primary|county|sheridan|precinct-committeeman-2-5|rep,REP PRECINCT MAN 2-5,Precinct Committeeman 2-5,county,,REP,REP,precinct,39edca2c579e34f3aa8d5879b238abf44f64fc74d463938d90027acc965759fd,2026-08-21T12:51:32Z,,county_summary_pdf_v1,1.1.6,1,needs_review,https://www.sheridancountywy.gov/departments/elections/2026_election_results.php,,,manual_required,candidate,Sheridan,,,"MICHAEL ""MIKE"" EVERS","MICHAEL ""MIKE"" EVERS",,515,,"wy|sheridan|wy-2026-primary|county_local_summary|39edca2c579e34f3aa8d5879b238abf44f64fc74d463938d90027acc965759fd|wy-2026-primary|county|sheridan|precinct-committeeman-2-5|rep|candidate|MICHAEL ""MIKE"" EVERS|Sheridan|COUNTY"
wy-2026-primary,wy|sheridan|wy-2026-primary|county_local_summary,Sheridan,wy-2026-primary|county|sheridan|precinct-committeeman-2-5|rep,REP PRECINCT MAN 2-5,Precinct Committeeman 2-5,county,,REP,REP,precinct,39edca2c579e34f3aa8d5879b238abf44f64fc74d463938d90027acc965759fd,2026-08-21T12:51:32Z,,county_summary_pdf_v1,1.1.6,1,needs_review,https://www.sheridancountywy.gov/departments/elections/2026_election_results.php,,,manual_required,candidate,Sheridan,,,DAVID M SCHULTZ,DAVID M SCHULTZ,,393,,wy|sheridan|wy-2026-primary|county_local_summary|39edca2c579e34f3aa8d5879b238abf44f64fc74d463938d90027acc965759fd|wy-2026-primary|county|sheridan|precinct-committeeman-2-5|rep|candidate|DAVID M SCHULTZ|Sheridan|COUNTY
wy-2026-primary,wy|sheridan|wy-2026-primary|county_local_summary,Sheridan,wy-2026-primary|county|sheridan|precinct-committeeman-2-5|rep,REP PRECINCT MAN 2-5,Precinct Committeeman 2-5,county,,REP,REP,precinct,39edca2c579e34f3aa8d5879b238abf44f64fc74d463938d90027acc965759fd,2026-08-21T12:51:32Z,,county_summary_pdf_v1,1.1.6,1,needs_review,https://www.sheridancountywy.gov/departments/elections/2026_election_results.php,,,manual_required,candidate,Sheridan,,,JON R. WILCOX,JON R. WILCOX,,261,,wy|sheridan|wy-2026-primary|county_local_summary|39edca2c579e34f3aa8d5879b238abf44f64fc74d463938d90027acc965759fd|wy-2026-primary|county|sheridan|precinct-committeeman-2-5|rep|candidate|JON R. WILCOX|Sheridan|COUNTY
wy-2026-primary,wy|sheridan|wy-2026-primary|county_local_summary,Sheridan,wy-2026-primary|county|sheridan|precinct-committeeman-2-5|rep,REP PRECINCT MAN 2-5,Precinct Committeeman 2-5,county,,REP,REP,precinct,39edca2c579e34f3aa8d5879b238abf44f64fc74d463938d90027acc965759fd,2026-08-21T12:51:32Z,,county_summary_pdf_v1,1.1.6,1,needs_review,https://www.sheridancountywy.gov/departments/elections/2026_election_results.php,,,manual_required,candidate,Sheridan,,,HANK WISNIEWSKI,HANK WISNIEWSKI,,225,,wy|sheridan|wy-2026-primary|county_local_summary|39edca2c579e34f3aa8d5879b238abf44f64fc74d463938d90027acc965759fd|wy-2026-primary|county|sheridan|precinct-committeeman-2-5|rep|candidate|HANK WISNIEWSKI|Sheridan|COUNTY
wy-2026-primary,wy|sheridan|wy-2026-primary|county_local_summary,Sheridan,wy-2026-primary|county|sheridan|precinct-committeeman-2-5|rep,REP PRECINCT MAN 2-5,Precinct Committeeman 2-5,county,,REP,REP,precinct,39edca2c579e34f3aa8d5879b238abf44f64fc74d463938d90027acc965759fd,2026-08-21T12:51:32Z,,county_summary_pdf_v1,1.1.6,1,needs_review,https://www.sheridancountywy.gov/departments/elections/2026_election_results.php,,,manual_required,write_in_aggregate,Sheridan,,,,,,16,,wy|sheridan|wy-2026-primary|county_local_summary|39edca2c579e34f3aa8d5879b238abf44f64fc74d463938d90027acc965759fd|wy-2026-primary|county|sheridan|precinct-committeeman-2-5|rep|write_in_aggregate|write_in_aggregate|Sheridan|COUNTY
wy-2026-primary,wy|sheridan|wy-2026-primary|county_local_summary,Sheridan,wy-2026-primary|county|sheridan|precinct-committeewoman-2-5|rep,REP PRECINCT WOMAN 2-5,Precinct Committeewoman 2-5,county,,REP,REP,precinct,39edca2c579e34f3aa8d5879b238abf44f64fc74d463938d90027acc965759fd,2026-08-21T12:51:32Z,,county_summary_pdf_v1,1.1.6,1,needs_review,https://www.sheridancountywy.gov/departments/elections/2026_election_results.php,,,manual_required,candidate,Sheridan,,,SUSAN L BIGELOW,SUSAN L BIGELOW,,594,,wy|sheridan|wy-2026-primary|county_local_summary|39edca2c579e34f3aa8d5879b238abf44f64fc74d463938d90027acc965759fd|wy-2026-primary|county|sheridan|precinct-committeewoman-2-5|rep|candidate|SUSAN L BIGELOW|Sheridan|COUNTY
wy-2026-primary,wy|sheridan|wy-2026-primary|county_local_summary,Sheridan,wy-2026-primary|county|sheridan|precinct-committeewoman-2-5|rep,REP PRECINCT WOMAN 2-5,Precinct Committeewoman 2-5,county,,REP,REP,precinct,39edca2c579e34f3aa8d5879b238abf44f64fc74d463938d90027acc965759fd,2026-08-21T12:51:32Z,,county_summary_pdf_v1,1.1.6,1,needs_review,https://www.sheridancountywy.gov/departments/elections/2026_election_results.php,,,manual_required,candidate,Sheridan,,,ELIZABETH DEARCORN,ELIZABETH DEARCORN,,493,,wy|sheridan|wy-2026-primary|county_local_summary|39edca2c579e34f3aa8d5879b238abf44f64fc74d463938d90027acc965759fd|wy-2026-primary|county|sheridan|precinct-committeewoman-2-5|rep|candidate|ELIZABETH DEARCORN|Sheridan|COUNTY
wy-2026-primary,wy|sheridan|wy-2026-primary|county_local_summary,Sheridan,wy-2026-primary|county|sheridan|precinct-committeewoman-2-5|rep,REP PRECINCT WOMAN 2-5,Precinct Committeewoman 2-5,county,,REP,REP,precinct,39edca2c579e34f3aa8d5879b238abf44f64fc74d463938d90027acc965759fd,2026-08-21T12:51:32Z,,county_summary_pdf_v1,1.1.6,1,needs_review,https://www.sheridancountywy.gov/departments/elections/2026_election_results.php,,,manual_required,candidate,Sheridan,,,SHARON RASMUSSEN,SHARON RASMUSSEN,,377,,wy|sheridan|wy-2026-primary|county_local_summary|39edca2c579e34f3aa8d5879b238abf44f64fc74d463938d90027acc965759fd|wy-2026-primary|county|sheridan|precinct-committeewoman-2-5|rep|candidate|SHARON RASMUSSEN|Sheridan|COUNTY
wy-2026-primary,wy|sheridan|wy-2026-primary|county_local_summary,Sheridan,wy-2026-primary|county|sheridan|precinct-committeewoman-2-5|rep,REP PRECINCT WOMAN 2-5,Precinct Committeewoman 2-5,county,,REP,REP,precinct,39edca2c579e34f3aa8d5879b238abf44f64fc74d463938d90027acc965759fd,2026-08-21T12:51:32Z,,county_summary_pdf_v1,1.1.6,1,needs_review,https://www.sheridancountywy.gov/departments/elections/2026_election_results.php,,,manual_required,candidate,Sheridan,,,JANELL WILCOX,JANELL WILCOX,,239,,wy|sheridan|wy-2026-primary|county_local_summary|39edca2c579e34f3aa8d5879b238abf44f64fc74d463938d90027acc965759fd|wy-2026-primary|county|sheridan|precinct-committeewoman-2-5|rep|candidate|JANELL WILCOX|Sheridan|COUNTY
wy-2026-primary,wy|sheridan|wy-2026-primary|county_local_summary,Sheridan,wy-2026-primary|county|sheridan|precinct-committeewoman-2-5|rep,REP PRECINCT WOMAN 2-5,Precinct Committeewoman 2-5,county,,REP,REP,precinct,39edca2c579e34f3aa8d5879b238abf44f64fc74d463938d90027acc965759fd,2026-08-21T12:51:32Z,,county_summary_pdf_v1,1.1.6,1,needs_review,https://www.sheridancountywy.gov/departments/elections/2026_election_results.php,,,manual_required,candidate,Sheridan,,,MAGGIE WISNIEWSKI,MAGGIE WISNIEWSKI,,214,,wy|sheridan|wy-2026-primary|county_local_summary|39edca2c579e34f3aa8d5879b238abf44f64fc74d463938d90027acc965759fd|wy-2026-primary|county|sheridan|precinct-committeewoman-2-5|rep|candidate|MAGGIE WISNIEWSKI|Sheridan|COUNTY
wy-2026-primary,wy|sheridan|wy-2026-primary|county_local_summary,Sheridan,wy-2026-primary|county|sheridan|precinct-committeewoman-2-5|rep,REP PRECINCT WOMAN 2-5,Precinct Committeewoman 2-5,county,,REP,REP,precinct,39edca2c579e34f3aa8d5879b238abf44f64fc74d463938d90027acc965759fd,2026-08-21T12:51:32Z,,county_summary_pdf_v1,1.1.6,1,needs_review,https://www.sheridancountywy.gov/departments/elections/2026_election_results.php,,,manual_required,candidate,Sheridan,,,CARLA KLOPFENSTEIN,CARLA KLOPFENSTEIN,,203,,wy|sheridan|wy-2026-primary|county_local_summary|39edca2c579e34f3aa8d5879b238abf44f64fc74d463938d90027acc965759fd|wy-2026-primary|county|sheridan|precinct-committeewoman-2-5|rep|candidate|CARLA KLOPFENSTEIN|Sheridan|COUNTY
wy-2026-primary,wy|sheridan|wy-2026-primary|county_local_summary,Sheridan,wy-2026-primary|county|sheridan|precinct-committeewoman-2-5|rep,REP PRECINCT WOMAN 2-5,Precinct Committeewoman 2-5,county,,REP,REP,precinct,39edca2c579e34f3aa8d5879b238abf44f64fc74d463938d90027acc965759fd,2026-08-21T12:51:32Z,,county_summary_pdf_v1,1.1.6,1,needs_review,https://www.sheridancountywy.gov/departments/elections/2026_election_results.php,,,manual_required,write_in_aggregate,Sheridan,,,,,,17,,wy|sheridan|wy-2026-primary|county_local_summary|39edca2c579e34f3aa8d5879b238abf44f64fc74d463938d90027acc965759fd|wy-2026-primary|county|sheridan|precinct-committeewoman-2-5|rep|write_in_aggregate|write_in_aggregate|Sheridan|COUNTY
wy-2026-primary,wy|sheridan|wy-2026-primary|county_local_summary,Sheridan,wy-2026-primary|county|sheridan|precinct-committeeman-3-2|rep,REP PRECINCT MAN 3-2,Precinct Committeeman 3-2,county,,REP,REP,precinct,39edca2c579e34f3aa8d5879b238abf44f64fc74d463938d90027acc965759fd,2026-08-21T12:51:32Z,,county_summary_pdf_v1,1.1.6,1,needs_review,https://www.sheridancountywy.gov/departments/elections/2026_election_results.php,,,manual_required,candidate,Sheridan,,,ROBERT JAMES WYATT,ROBERT JAMES WYATT,,142,,wy|sheridan|wy-2026-primary|county_local_summary|39edca2c579e34f3aa8d5879b238abf44f64fc74d463938d90027acc965759fd|wy-2026-primary|county|sheridan|precinct-committeeman-3-2|rep|candidate|ROBERT JAMES WYATT|Sheridan|COUNTY
wy-2026-primary,wy|sheridan|wy-2026-primary|county_local_summary,Sheridan,wy-2026-primary|county|sheridan|precinct-committeeman-3-2|rep,REP PRECINCT MAN 3-2,Precinct Committeeman 3-2,county,,REP,REP,precinct,39edca2c579e34f3aa8d5879b238abf44f64fc74d463938d90027acc965759fd,2026-08-21T12:51:32Z,,county_summary_pdf_v1,1.1.6,1,needs_review,https://www.sheridancountywy.gov/departments/elections/2026_election_results.php,,,manual_required,write_in_aggregate,Sheridan,,,,,,2,,wy|sheridan|wy-2026-primary|county_local_summary|39edca2c579e34f3aa8d5879b238abf44f64fc74d463938d90027acc965759fd|wy-2026-primary|county|sheridan|precinct-committeeman-3-2|rep|write_in_aggregate|write_in_aggregate|Sheridan|COUNTY
wy-2026-primary,wy|sheridan|wy-2026-primary|county_local_summary,Sheridan,wy-2026-primary|county|sheridan|precinct-committeewoman-3-2|rep,REP PRECINCT WOMAN 3-2,Precinct Committeewoman 3-2,county,,REP,REP,precinct,39edca2c579e34f3aa8d5879b238abf44f64fc74d463938d90027acc965759fd,2026-08-21T12:51:32Z,,county_summary_pdf_v1,1.1.6,1,needs_review,https://www.sheridancountywy.gov/departments/elections/2026_election_results.php,,,manual_required,candidate,Sheridan,,,MYCA STURTEVANT,MYCA STURTEVANT,,143,,wy|sheridan|wy-2026-primary|county_local_summary|39edca2c579e34f3aa8d5879b238abf44f64fc74d463938d90027acc965759fd|wy-2026-primary|county|sheridan|precinct-committeewoman-3-2|rep|candidate|MYCA STURTEVANT|Sheridan|COUNTY
wy-2026-primary,wy|sheridan|wy-2026-primary|county_local_summary,Sheridan,wy-2026-primary|county|sheridan|precinct-committeewoman-3-2|rep,REP PRECINCT WOMAN 3-2,Precinct Committeewoman 3-2,county,,REP,REP,precinct,39edca2c579e34f3aa8d5879b238abf44f64fc74d463938d90027acc965759fd,2026-08-21T12:51:32Z,,county_summary_pdf_v1,1.1.6,1,needs_review,https://www.sheridancountywy.gov/departments/elections/2026_election_results.php,,,manual_required,candidate,Sheridan,,,DIANE PENDERGRAFT,DIANE PENDERGRAFT,,47,,wy|sheridan|wy-2026-primary|county_local_summary|39edca2c579e34f3aa8d5879b238abf44f64fc74d463938d90027acc965759fd|wy-2026-primary|county|sheridan|precinct-committeewoman-3-2|rep|candidate|DIANE PENDERGRAFT|Sheridan|COUNTY
wy-2026-primary,wy|sheridan|wy-2026-primary|county_local_summary,Sheridan,wy-2026-primary|county|sheridan|precinct-committeewoman-3-2|rep,REP PRECINCT WOMAN 3-2,Precinct Committeewoman 3-2,county,,REP,REP,precinct,39edca2c579e34f3aa8d5879b238abf44f64fc74d463938d90027acc965759fd,2026-08-21T12:51:32Z,,county_summary_pdf_v1,1.1.6,1,needs_review,https://www.sheridancountywy.gov/departments/elections/2026_election_results.php,,,manual_required,write_in_aggregate,Sheridan,,,,,,0,,wy|sheridan|wy-2026-primary|county_local_summary|39edca2c579e34f3aa8d5879b238abf44f64fc74d463938d90027acc965759fd|wy-2026-primary|county|sheridan|precinct-committeewoman-3-2|rep|write_in_aggregate|write_in_aggregate|Sheridan|COUNTY
wy-2026-primary,wy|sheridan|wy-2026-primary|county_local_summary,Sheridan,wy-2026-primary|county|sheridan|precinct-committeeman-3-3|rep,REP PRECINCT MAN 3-3,Precinct Committeeman 3-3,county,,REP,REP,precinct,39edca2c579e34f3aa8d5879b238abf44f64fc74d463938d90027acc965759fd,2026-08-21T12:51:32Z,,county_summary_pdf_v1,1.1.6,1,needs_review,https://www.sheridancountywy.gov/departments/elections/2026_election_results.php,,,manual_required,candidate,Sheridan,,,TOD WINDSOR,TOD WINDSOR,,84,,wy|sheridan|wy-2026-primary|county_local_summary|39edca2c579e34f3aa8d5879b238abf44f64fc74d463938d90027acc965759fd|wy-2026-primary|county|sheridan|precinct-committeeman-3-3|rep|candidate|TOD WINDSOR|Sheridan|COUNTY
wy-2026-primary,wy|sheridan|wy-2026-primary|county_local_summary,Sheridan,wy-2026-primary|county|sheridan|precinct-committeeman-3-3|rep,REP PRECINCT MAN 3-3,Precinct Committeeman 3-3,county,,REP,REP,precinct,39edca2c579e34f3aa8d5879b238abf44f64fc74d463938d90027acc965759fd,2026-08-21T12:51:32Z,,county_summary_pdf_v1,1.1.6,1,needs_review,https://www.sheridancountywy.gov/departments/elections/2026_election_results.php,,,manual_required,candidate,Sheridan,,,SCOTT D. ADELL,SCOTT D. ADELL,,66,,wy|sheridan|wy-2026-primary|county_local_summary|39edca2c579e34f3aa8d5879b238abf44f64fc74d463938d90027acc965759fd|wy-2026-primary|county|sheridan|precinct-committeeman-3-3|rep|candidate|SCOTT D. ADELL|Sheridan|COUNTY
wy-2026-primary,wy|sheridan|wy-2026-primary|county_local_summary,Sheridan,wy-2026-primary|county|sheridan|precinct-committeeman-3-3|rep,REP PRECINCT MAN 3-3,Precinct Committeeman 3-3,county,,REP,REP,precinct,39edca2c579e34f3aa8d5879b238abf44f64fc74d463938d90027acc965759fd,2026-08-21T12:51:32Z,,county_summary_pdf_v1,1.1.6,1,needs_review,https://www.sheridancountywy.gov/departments/elections/2026_election_results.php,,,manual_required,write_in_aggregate,Sheridan,,,,,,0,,wy|sheridan|wy-2026-primary|county_local_summary|39edca2c579e34f3aa8d5879b238abf44f64fc74d463938d90027acc965759fd|wy-2026-primary|county|sheridan|precinct-committeeman-3-3|rep|write_in_aggregate|write_in_aggregate|Sheridan|COUNTY
wy-2026-primary,wy|sheridan|wy-2026-primary|county_local_summary,Sheridan,wy-2026-primary|county|sheridan|precinct-committeewoman-3-3|rep,REP PRECINCT WOMAN 3-3,Precinct Committeewoman 3-3,county,,REP,REP,precinct,39edca2c579e34f3aa8d5879b238abf44f64fc74d463938d90027acc965759fd,2026-08-21T12:51:32Z,,county_summary_pdf_v1,1.1.6,1,needs_review,https://www.sheridancountywy.gov/departments/elections/2026_election_results.php,,,manual_required,candidate,Sheridan,,,JENNIFER CRAFT,JENNIFER CRAFT,,117,,wy|sheridan|wy-2026-primary|county_local_summary|39edca2c579e34f3aa8d5879b238abf44f64fc74d463938d90027acc965759fd|wy-2026-primary|county|sheridan|precinct-committeewoman-3-3|rep|candidate|JENNIFER CRAFT|Sheridan|COUNTY
wy-2026-primary,wy|sheridan|wy-2026-primary|county_local_summary,Sheridan,wy-2026-primary|county|sheridan|precinct-committeewoman-3-3|rep,REP PRECINCT WOMAN 3-3,Precinct Committeewoman 3-3,county,,REP,REP,precinct,39edca2c579e34f3aa8d5879b238abf44f64fc74d463938d90027acc965759fd,2026-08-21T12:51:32Z,,county_summary_pdf_v1,1.1.6,1,needs_review,https://www.sheridancountywy.gov/departments/elections/2026_election_results.php,,,manual_required,candidate,Sheridan,,,THERESA E. ADELL,THERESA E. ADELL,,40,,wy|sheridan|wy-2026-primary|county_local_summary|39edca2c579e34f3aa8d5879b238abf44f64fc74d463938d90027acc965759fd|wy-2026-primary|county|sheridan|precinct-committeewoman-3-3|rep|candidate|THERESA E. ADELL|Sheridan|COUNTY
wy-2026-primary,wy|sheridan|wy-2026-primary|county_local_summary,Sheridan,wy-2026-primary|county|sheridan|precinct-committeewoman-3-3|rep,REP PRECINCT WOMAN 3-3,Precinct Committeewoman 3-3,county,,REP,REP,precinct,39edca2c579e34f3aa8d5879b238abf44f64fc74d463938d90027acc965759fd,2026-08-21T12:51:32Z,,county_summary_pdf_v1,1.1.6,1,needs_review,https://www.sheridancountywy.gov/departments/elections/2026_election_results.php,,,manual_required,write_in_aggregate,Sheridan,,,,,,0,,wy|sheridan|wy-2026-primary|county_local_summary|39edca2c579e34f3aa8d5879b238abf44f64fc74d463938d90027acc965759fd|wy-2026-primary|county|sheridan|precinct-committeewoman-3-3|rep|write_in_aggregate|write_in_aggregate|Sheridan|COUNTY
wy-2026-primary,wy|sheridan|wy-2026-primary|county_local_summary,Sheridan,wy-2026-primary|county|sheridan|precinct-committeeman-3-4|rep,REP PRECINCT MAN 3-4,Precinct Committeeman 3-4,county,,REP,REP,precinct,39edca2c579e34f3aa8d5879b238abf44f64fc74d463938d90027acc965759fd,2026-08-21T12:51:32Z,,county_summary_pdf_v1,1.1.6,1,needs_review,https://www.sheridancountywy.gov/departments/elections/2026_election_results.php,,,manual_required,candidate,Sheridan,,,BRYAN RITTERBUSH,BRYAN RITTERBUSH,,156,,wy|sheridan|wy-2026-primary|county_local_summary|39edca2c579e34f3aa8d5879b238abf44f64fc74d463938d90027acc965759fd|wy-2026-primary|county|sheridan|precinct-committeeman-3-4|rep|candidate|BRYAN RITTERBUSH|Sheridan|COUNTY
wy-2026-primary,wy|sheridan|wy-2026-primary|county_local_summary,Sheridan,wy-2026-primary|county|sheridan|precinct-committeeman-3-4|rep,REP PRECINCT MAN 3-4,Precinct Committeeman 3-4,county,,REP,REP,precinct,39edca2c579e34f3aa8d5879b238abf44f64fc74d463938d90027acc965759fd,2026-08-21T12:51:32Z,,county_summary_pdf_v1,1.1.6,1,needs_review,https://www.sheridancountywy.gov/departments/elections/2026_election_results.php,,,manual_required,candidate,Sheridan,,,GREGORY M MARSHALL,GREGORY M MARSHALL,,154,,wy|sheridan|wy-2026-primary|county_local_summary|39edca2c579e34f3aa8d5879b238abf44f64fc74d463938d90027acc965759fd|wy-2026-primary|county|sheridan|precinct-committeeman-3-4|rep|candidate|GREGORY M MARSHALL|Sheridan|COUNTY
wy-2026-primary,wy|sheridan|wy-2026-primary|county_local_summary,Sheridan,wy-2026-primary|county|sheridan|precinct-committeeman-3-4|rep,REP PRECINCT MAN 3-4,Precinct Committeeman 3-4,county,,REP,REP,precinct,39edca2c579e34f3aa8d5879b238abf44f64fc74d463938d90027acc965759fd,2026-08-21T12:51:32Z,,county_summary_pdf_v1,1.1.6,1,needs_review,https://www.sheridancountywy.gov/departments/elections/2026_election_results.php,,,manual_required,candidate,Sheridan,,,KEVIN KESSNER,KEVIN KESSNER,,137,,wy|sheridan|wy-2026-primary|county_local_summary|39edca2c579e34f3aa8d5879b238abf44f64fc74d463938d90027acc965759fd|wy-2026-primary|county|sheridan|precinct-committeeman-3-4|rep|candidate|KEVIN KESSNER|Sheridan|COUNTY
wy-2026-primary,wy|sheridan|wy-2026-primary|county_local_summary,Sheridan,wy-2026-primary|county|sheridan|precinct-committeeman-3-4|rep,REP PRECINCT MAN 3-4,Precinct Committeeman 3-4,county,,REP,REP,precinct,39edca2c579e34f3aa8d5879b238abf44f64fc74d463938d90027acc965759fd,2026-08-21T12:51:32Z,,county_summary_pdf_v1,1.1.6,1,needs_review,https://www.sheridancountywy.gov/departments/elections/2026_election_results.php,,,manual_required,write_in_aggregate,Sheridan,,,,,,3,,wy|sheridan|wy-2026-primary|county_local_summary|39edca2c579e34f3aa8d5879b238abf44f64fc74d463938d90027acc965759fd|wy-2026-primary|county|sheridan|precinct-committeeman-3-4|rep|write_in_aggregate|write_in_aggregate|Sheridan|COUNTY
wy-2026-primary,wy|sheridan|wy-2026-primary|county_local_summary,Sheridan,wy-2026-primary|county|sheridan|precinct-committeewoman-3-4|rep,REP PRECINCT WOMAN 3-4,Precinct Committeewoman 3-4,county,,REP,REP,precinct,39edca2c579e34f3aa8d5879b238abf44f64fc74d463938d90027acc965759fd,2026-08-21T12:51:32Z,,county_summary_pdf_v1,1.1.6,1,needs_review,https://www.sheridancountywy.gov/departments/elections/2026_election_results.php,,,manual_required,candidate,Sheridan,,,NATALIE TRAMPE,NATALIE TRAMPE,,214,,wy|sheridan|wy-2026-primary|county_local_summary|39edca2c579e34f3aa8d5879b238abf44f64fc74d463938d90027acc965759fd|wy-2026-primary|county|sheridan|precinct-committeewoman-3-4|rep|candidate|NATALIE TRAMPE|Sheridan|COUNTY
wy-2026-primary,wy|sheridan|wy-2026-primary|county_local_summary,Sheridan,wy-2026-primary|county|sheridan|precinct-committeewoman-3-4|rep,REP PRECINCT WOMAN 3-4,Precinct Committeewoman 3-4,county,,REP,REP,precinct,39edca2c579e34f3aa8d5879b238abf44f64fc74d463938d90027acc965759fd,2026-08-21T12:51:32Z,,county_summary_pdf_v1,1.1.6,1,needs_review,https://www.sheridancountywy.gov/departments/elections/2026_election_results.php,,,manual_required,candidate,Sheridan,,,MICHELLE RITTERBUSH,MICHELLE RITTERBUSH,,207,,wy|sheridan|wy-2026-primary|county_local_summary|39edca2c579e34f3aa8d5879b238abf44f64fc74d463938d90027acc965759fd|wy-2026-primary|county|sheridan|precinct-committeewoman-3-4|rep|candidate|MICHELLE RITTERBUSH|Sheridan|COUNTY
wy-2026-primary,wy|sheridan|wy-2026-primary|county_local_summary,Sheridan,wy-2026-primary|county|sheridan|precinct-committeewoman-3-4|rep,REP PRECINCT WOMAN 3-4,Precinct Committeewoman 3-4,county,,REP,REP,precinct,39edca2c579e34f3aa8d5879b238abf44f64fc74d463938d90027acc965759fd,2026-08-21T12:51:32Z,,county_summary_pdf_v1,1.1.6,1,needs_review,https://www.sheridancountywy.gov/departments/elections/2026_election_results.php,,,manual_required,write_in_aggregate,Sheridan,,,,,,3,,wy|sheridan|wy-2026-primary|county_local_summary|39edca2c579e34f3aa8d5879b238abf44f64fc74d463938d90027acc965759fd|wy-2026-primary|county|sheridan|precinct-committeewoman-3-4|rep|write_in_aggregate|write_in_aggregate|Sheridan|COUNTY
wy-2026-primary,wy|sheridan|wy-2026-primary|county_local_summary,Sheridan,wy-2026-primary|county|sheridan|precinct-committeeman-3-5|rep,REP PRECINCT MAN 3-5,Precinct Committeeman 3-5,county,,REP,REP,precinct,39edca2c579e34f3aa8d5879b238abf44f64fc74d463938d90027acc965759fd,2026-08-21T12:51:32Z,,county_summary_pdf_v1,1.1.6,1,needs_review,https://www.sheridancountywy.gov/departments/elections/2026_election_results.php,,,manual_required,candidate,Sheridan,,,JOHN HEYNEMAN,JOHN HEYNEMAN,,335,,wy|sheridan|wy-2026-primary|county_local_summary|39edca2c579e34f3aa8d5879b238abf44f64fc74d463938d90027acc965759fd|wy-2026-primary|county|sheridan|precinct-committeeman-3-5|rep|candidate|JOHN HEYNEMAN|Sheridan|COUNTY
wy-2026-primary,wy|sheridan|wy-2026-primary|county_local_summary,Sheridan,wy-2026-primary|county|sheridan|precinct-committeeman-3-5|rep,REP PRECINCT MAN 3-5,Precinct Committeeman 3-5,county,,REP,REP,precinct,39edca2c579e34f3aa8d5879b238abf44f64fc74d463938d90027acc965759fd,2026-08-21T12:51:32Z,,county_summary_pdf_v1,1.1.6,1,needs_review,https://www.sheridancountywy.gov/departments/elections/2026_election_results.php,,,manual_required,candidate,Sheridan,,,ANDREW PATCEG,ANDREW PATCEG,,321,,wy|sheridan|wy-2026-primary|county_local_summary|39edca2c579e34f3aa8d5879b238abf44f64fc74d463938d90027acc965759fd|wy-2026-primary|county|sheridan|precinct-committeeman-3-5|rep|candidate|ANDREW PATCEG|Sheridan|COUNTY
wy-2026-primary,wy|sheridan|wy-2026-primary|county_local_summary,Sheridan,wy-2026-primary|county|sheridan|precinct-committeeman-3-5|rep,REP PRECINCT MAN 3-5,Precinct Committeeman 3-5,county,,REP,REP,precinct,39edca2c579e34f3aa8d5879b238abf44f64fc74d463938d90027acc965759fd,2026-08-21T12:51:32Z,,county_summary_pdf_v1,1.1.6,1,needs_review,https://www.sheridancountywy.gov/departments/elections/2026_election_results.php,,,manual_required,candidate,Sheridan,,,JACOB HASEMAN,JACOB HASEMAN,,259,,wy|sheridan|wy-2026-primary|county_local_summary|39edca2c579e34f3aa8d5879b238abf44f64fc74d463938d90027acc965759fd|wy-2026-primary|county|sheridan|precinct-committeeman-3-5|rep|candidate|JACOB HASEMAN|Sheridan|COUNTY
wy-2026-primary,wy|sheridan|wy-2026-primary|county_local_summary,Sheridan,wy-2026-primary|county|sheridan|precinct-committeeman-3-5|rep,REP PRECINCT MAN 3-5,Precinct Committeeman 3-5,county,,REP,REP,precinct,39edca2c579e34f3aa8d5879b238abf44f64fc74d463938d90027acc965759fd,2026-08-21T12:51:32Z,,county_summary_pdf_v1,1.1.6,1,needs_review,https://www.sheridancountywy.gov/departments/elections/2026_election_results.php,,,manual_required,write_in_aggregate,Sheridan,,,,,,20,,wy|sheridan|wy-2026-primary|county_local_summary|39edca2c579e34f3aa8d5879b238abf44f64fc74d463938d90027acc965759fd|wy-2026-primary|county|sheridan|precinct-committeeman-3-5|rep|write_in_aggregate|write_in_aggregate|Sheridan|COUNTY
wy-2026-primary,wy|sheridan|wy-2026-primary|county_local_summary,Sheridan,wy-2026-primary|county|sheridan|precinct-committeewoman-3-5|rep,REP PRECINCT WOMAN 3-5,Precinct Committeewoman 3-5,county,,REP,REP,precinct,39edca2c579e34f3aa8d5879b238abf44f64fc74d463938d90027acc965759fd,2026-08-21T12:51:32Z,,county_summary_pdf_v1,1.1.6,1,needs_review,https://www.sheridancountywy.gov/departments/elections/2026_election_results.php,,,manual_required,candidate,Sheridan,,,ARIN WADDELL,ARIN WADDELL,,358,,wy|sheridan|wy-2026-primary|county_local_summary|39edca2c579e34f3aa8d5879b238abf44f64fc74d463938d90027acc965759fd|wy-2026-primary|county|sheridan|precinct-committeewoman-3-5|rep|candidate|ARIN WADDELL|Sheridan|COUNTY
wy-2026-primary,wy|sheridan|wy-2026-primary|county_local_summary,Sheridan,wy-2026-primary|county|sheridan|precinct-committeewoman-3-5|rep,REP PRECINCT WOMAN 3-5,Precinct Committeewoman 3-5,county,,REP,REP,precinct,39edca2c579e34f3aa8d5879b238abf44f64fc74d463938d90027acc965759fd,2026-08-21T12:51:32Z,,county_summary_pdf_v1,1.1.6,1,needs_review,https://www.sheridancountywy.gov/departments/elections/2026_election_results.php,,,manual_required,candidate,Sheridan,,,BRANDY PATCEG,BRANDY PATCEG,,307,,wy|sheridan|wy-2026-primary|county_local_summary|39edca2c579e34f3aa8d5879b238abf44f64fc74d463938d90027acc965759fd|wy-2026-primary|county|sheridan|precinct-committeewoman-3-5|rep|candidate|BRANDY PATCEG|Sheridan|COUNTY
wy-2026-primary,wy|sheridan|wy-2026-primary|county_local_summary,Sheridan,wy-2026-primary|county|sheridan|precinct-committeewoman-3-5|rep,REP PRECINCT WOMAN 3-5,Precinct Committeewoman 3-5,county,,REP,REP,precinct,39edca2c579e34f3aa8d5879b238abf44f64fc74d463938d90027acc965759fd,2026-08-21T12:51:32Z,,county_summary_pdf_v1,1.1.6,1,needs_review,https://www.sheridancountywy.gov/departments/elections/2026_election_results.php,,,manual_required,candidate,Sheridan,,,YVONNE DYER,YVONNE DYER,,266,,wy|sheridan|wy-2026-primary|county_local_summary|39edca2c579e34f3aa8d5879b238abf44f64fc74d463938d90027acc965759fd|wy-2026-primary|county|sheridan|precinct-committeewoman-3-5|rep|candidate|YVONNE DYER|Sheridan|COUNTY
wy-2026-primary,wy|sheridan|wy-2026-primary|county_local_summary,Sheridan,wy-2026-primary|county|sheridan|precinct-committeewoman-3-5|rep,REP PRECINCT WOMAN 3-5,Precinct Committeewoman 3-5,county,,REP,REP,precinct,39edca2c579e34f3aa8d5879b238abf44f64fc74d463938d90027acc965759fd,2026-08-21T12:51:32Z,,county_summary_pdf_v1,1.1.6,1,needs_review,https://www.sheridancountywy.gov/departments/elections/2026_election_results.php,,,manual_required,write_in_aggregate,Sheridan,,,,,,15,,wy|sheridan|wy-2026-primary|county_local_summary|39edca2c579e34f3aa8d5879b238abf44f64fc74d463938d90027acc965759fd|wy-2026-primary|county|sheridan|precinct-committeewoman-3-5|rep|write_in_aggregate|write_in_aggregate|Sheridan|COUNTY
wy-2026-primary,wy|sheridan|wy-2026-primary|county_local_summary,Sheridan,wy-2026-primary|county|sheridan|precinct-committeeman-4-2|rep,REP PRECINCT MAN 4-2,Precinct Committeeman 4-2,county,,REP,REP,precinct,39edca2c579e34f3aa8d5879b238abf44f64fc74d463938d90027acc965759fd,2026-08-21T12:51:32Z,,county_summary_pdf_v1,1.1.6,1,needs_review,https://www.sheridancountywy.gov/departments/elections/2026_election_results.php,,,manual_required,candidate,Sheridan,,,GLENN DRUMMOND,GLENN DRUMMOND,,174,,wy|sheridan|wy-2026-primary|county_local_summary|39edca2c579e34f3aa8d5879b238abf44f64fc74d463938d90027acc965759fd|wy-2026-primary|county|sheridan|precinct-committeeman-4-2|rep|candidate|GLENN DRUMMOND|Sheridan|COUNTY
wy-2026-primary,wy|sheridan|wy-2026-primary|county_local_summary,Sheridan,wy-2026-primary|county|sheridan|precinct-committeeman-4-2|rep,REP PRECINCT MAN 4-2,Precinct Committeeman 4-2,county,,REP,REP,precinct,39edca2c579e34f3aa8d5879b238abf44f64fc74d463938d90027acc965759fd,2026-08-21T12:51:32Z,,county_summary_pdf_v1,1.1.6,1,needs_review,https://www.sheridancountywy.gov/departments/elections/2026_election_results.php,,,manual_required,candidate,Sheridan,,,TERRY WEITZEL,TERRY WEITZEL,,169,,wy|sheridan|wy-2026-primary|county_local_summary|39edca2c579e34f3aa8d5879b238abf44f64fc74d463938d90027acc965759fd|wy-2026-primary|county|sheridan|precinct-committeeman-4-2|rep|candidate|TERRY WEITZEL|Sheridan|COUNTY
wy-2026-primary,wy|sheridan|wy-2026-primary|county_local_summary,Sheridan,wy-2026-primary|county|sheridan|precinct-committeeman-4-2|rep,REP PRECINCT MAN 4-2,Precinct Committeeman 4-2,county,,REP,REP,precinct,39edca2c579e34f3aa8d5879b238abf44f64fc74d463938d90027acc965759fd,2026-08-21T12:51:32Z,,county_summary_pdf_v1,1.1.6,1,needs_review,https://www.sheridancountywy.gov/departments/elections/2026_election_results.php,,,manual_required,write_in_aggregate,Sheridan,,,,,,2,,wy|sheridan|wy-2026-primary|county_local_summary|39edca2c579e34f3aa8d5879b238abf44f64fc74d463938d90027acc965759fd|wy-2026-primary|county|sheridan|precinct-committeeman-4-2|rep|write_in_aggregate|write_in_aggregate|Sheridan|COUNTY
wy-2026-primary,wy|sheridan|wy-2026-primary|county_local_summary,Sheridan,wy-2026-primary|county|sheridan|precinct-committeewoman-4-2|rep,REP PRECINCT WOMAN 4-2,Precinct Committeewoman 4-2,county,,REP,REP,precinct,39edca2c579e34f3aa8d5879b238abf44f64fc74d463938d90027acc965759fd,2026-08-21T12:51:32Z,,county_summary_pdf_v1,1.1.6,1,needs_review,https://www.sheridancountywy.gov/departments/elections/2026_election_results.php,,,manual_required,candidate,Sheridan,,,DAPHNE WEITZEL,DAPHNE WEITZEL,,208,,wy|sheridan|wy-2026-primary|county_local_summary|39edca2c579e34f3aa8d5879b238abf44f64fc74d463938d90027acc965759fd|wy-2026-primary|county|sheridan|precinct-committeewoman-4-2|rep|candidate|DAPHNE WEITZEL|Sheridan|COUNTY
wy-2026-primary,wy|sheridan|wy-2026-primary|county_local_summary,Sheridan,wy-2026-primary|county|sheridan|precinct-committeewoman-4-2|rep,REP PRECINCT WOMAN 4-2,Precinct Committeewoman 4-2,county,,REP,REP,precinct,39edca2c579e34f3aa8d5879b238abf44f64fc74d463938d90027acc965759fd,2026-08-21T12:51:32Z,,county_summary_pdf_v1,1.1.6,1,needs_review,https://www.sheridancountywy.gov/departments/elections/2026_election_results.php,,,manual_required,write_in_aggregate,Sheridan,,,,,,13,,wy|sheridan|wy-2026-primary|county_local_summary|39edca2c579e34f3aa8d5879b238abf44f64fc74d463938d90027acc965759fd|wy-2026-primary|county|sheridan|precinct-committeewoman-4-2|rep|write_in_aggregate|write_in_aggregate|Sheridan|COUNTY
wy-2026-primary,wy|sheridan|wy-2026-primary|county_local_summary,Sheridan,wy-2026-primary|county|sheridan|precinct-committeeman-4-3|rep,REP PRECINCT MAN 4-3,Precinct Committeeman 4-3,county,,REP,REP,precinct,39edca2c579e34f3aa8d5879b238abf44f64fc74d463938d90027acc965759fd,2026-08-21T12:51:32Z,,county_summary_pdf_v1,1.1.6,1,needs_review,https://www.sheridancountywy.gov/departments/elections/2026_election_results.php,,,manual_required,candidate,Sheridan,,,MARK JENNINGS,MARK JENNINGS,,223,,wy|sheridan|wy-2026-primary|county_local_summary|39edca2c579e34f3aa8d5879b238abf44f64fc74d463938d90027acc965759fd|wy-2026-primary|county|sheridan|precinct-committeeman-4-3|rep|candidate|MARK JENNINGS|Sheridan|COUNTY
wy-2026-primary,wy|sheridan|wy-2026-primary|county_local_summary,Sheridan,wy-2026-primary|county|sheridan|precinct-committeeman-4-3|rep,REP PRECINCT MAN 4-3,Precinct Committeeman 4-3,county,,REP,REP,precinct,39edca2c579e34f3aa8d5879b238abf44f64fc74d463938d90027acc965759fd,2026-08-21T12:51:32Z,,county_summary_pdf_v1,1.1.6,1,needs_review,https://www.sheridancountywy.gov/departments/elections/2026_election_results.php,,,manual_required,candidate,Sheridan,,,RYAN KENNEDA,RYAN KENNEDA,,193,,wy|sheridan|wy-2026-primary|county_local_summary|39edca2c579e34f3aa8d5879b238abf44f64fc74d463938d90027acc965759fd|wy-2026-primary|county|sheridan|precinct-committeeman-4-3|rep|candidate|RYAN KENNEDA|Sheridan|COUNTY
wy-2026-primary,wy|sheridan|wy-2026-primary|county_local_summary,Sheridan,wy-2026-primary|county|sheridan|precinct-committeeman-4-3|rep,REP PRECINCT MAN 4-3,Precinct Committeeman 4-3,county,,REP,REP,precinct,39edca2c579e34f3aa8d5879b238abf44f64fc74d463938d90027acc965759fd,2026-08-21T12:51:32Z,,county_summary_pdf_v1,1.1.6,1,needs_review,https://www.sheridancountywy.gov/departments/elections/2026_election_results.php,,,manual_required,write_in_aggregate,Sheridan,,,,,,22,,wy|sheridan|wy-2026-primary|county_local_summary|39edca2c579e34f3aa8d5879b238abf44f64fc74d463938d90027acc965759fd|wy-2026-primary|county|sheridan|precinct-committeeman-4-3|rep|write_in_aggregate|write_in_aggregate|Sheridan|COUNTY
wy-2026-primary,wy|sheridan|wy-2026-primary|county_local_summary,Sheridan,wy-2026-primary|county|sheridan|precinct-committeewoman-4-3|rep,REP PRECINCT WOMAN 4-3,Precinct Committeewoman 4-3,county,,REP,REP,precinct,39edca2c579e34f3aa8d5879b238abf44f64fc74d463938d90027acc965759fd,2026-08-21T12:51:32Z,,county_summary_pdf_v1,1.1.6,1,needs_review,https://www.sheridancountywy.gov/departments/elections/2026_election_results.php,,,manual_required,candidate,Sheridan,,,DANA JENNINGS,DANA JENNINGS,,208,,wy|sheridan|wy-2026-primary|county_local_summary|39edca2c579e34f3aa8d5879b238abf44f64fc74d463938d90027acc965759fd|wy-2026-primary|county|sheridan|precinct-committeewoman-4-3|rep|candidate|DANA JENNINGS|Sheridan|COUNTY
wy-2026-primary,wy|sheridan|wy-2026-primary|county_local_summary,Sheridan,wy-2026-primary|county|sheridan|precinct-committeewoman-4-3|rep,REP PRECINCT WOMAN 4-3,Precinct Committeewoman 4-3,county,,REP,REP,precinct,39edca2c579e34f3aa8d5879b238abf44f64fc74d463938d90027acc965759fd,2026-08-21T12:51:32Z,,county_summary_pdf_v1,1.1.6,1,needs_review,https://www.sheridancountywy.gov/departments/elections/2026_election_results.php,,,manual_required,candidate,Sheridan,,,DAWN KENNEDA,DAWN KENNEDA,,206,,wy|sheridan|wy-2026-primary|county_local_summary|39edca2c579e34f3aa8d5879b238abf44f64fc74d463938d90027acc965759fd|wy-2026-primary|county|sheridan|precinct-committeewoman-4-3|rep|candidate|DAWN KENNEDA|Sheridan|COUNTY
wy-2026-primary,wy|sheridan|wy-2026-primary|county_local_summary,Sheridan,wy-2026-primary|county|sheridan|precinct-committeewoman-4-3|rep,REP PRECINCT WOMAN 4-3,Precinct Committeewoman 4-3,county,,REP,REP,precinct,39edca2c579e34f3aa8d5879b238abf44f64fc74d463938d90027acc965759fd,2026-08-21T12:51:32Z,,county_summary_pdf_v1,1.1.6,1,needs_review,https://www.sheridancountywy.gov/departments/elections/2026_election_results.php,,,manual_required,write_in_aggregate,Sheridan,,,,,,24,,wy|sheridan|wy-2026-primary|county_local_summary|39edca2c579e34f3aa8d5879b238abf44f64fc74d463938d90027acc965759fd|wy-2026-primary|county|sheridan|precinct-committeewoman-4-3|rep|write_in_aggregate|write_in_aggregate|Sheridan|COUNTY
wy-2026-primary,wy|sheridan|wy-2026-primary|county_local_summary,Sheridan,wy-2026-primary|county|sheridan|precinct-committeeman-4-4|rep,REP PRECINCT MAN 4-4,Precinct Committeeman 4-4,county,,REP,REP,precinct,39edca2c579e34f3aa8d5879b238abf44f64fc74d463938d90027acc965759fd,2026-08-21T12:51:32Z,,county_summary_pdf_v1,1.1.6,1,needs_review,https://www.sheridancountywy.gov/departments/elections/2026_election_results.php,,,manual_required,candidate,Sheridan,,,DAVID C. FISHER,DAVID C. FISHER,,63,,wy|sheridan|wy-2026-primary|county_local_summary|39edca2c579e34f3aa8d5879b238abf44f64fc74d463938d90027acc965759fd|wy-2026-primary|county|sheridan|precinct-committeeman-4-4|rep|candidate|DAVID C. FISHER|Sheridan|COUNTY
wy-2026-primary,wy|sheridan|wy-2026-primary|county_local_summary,Sheridan,wy-2026-primary|county|sheridan|precinct-committeeman-4-4|rep,REP PRECINCT MAN 4-4,Precinct Committeeman 4-4,county,,REP,REP,precinct,39edca2c579e34f3aa8d5879b238abf44f64fc74d463938d90027acc965759fd,2026-08-21T12:51:32Z,,county_summary_pdf_v1,1.1.6,1,needs_review,https://www.sheridancountywy.gov/departments/elections/2026_election_results.php,,,manual_required,write_in_aggregate,Sheridan,,,,,,1,,wy|sheridan|wy-2026-primary|county_local_summary|39edca2c579e34f3aa8d5879b238abf44f64fc74d463938d90027acc965759fd|wy-2026-primary|county|sheridan|precinct-committeeman-4-4|rep|write_in_aggregate|write_in_aggregate|Sheridan|COUNTY
wy-2026-primary,wy|sheridan|wy-2026-primary|county_local_summary,Sheridan,wy-2026-primary|county|sheridan|precinct-committeewoman-4-4|rep,REP PRECINCT WOMAN 4-4,Precinct Committeewoman 4-4,county,,REP,REP,precinct,39edca2c579e34f3aa8d5879b238abf44f64fc74d463938d90027acc965759fd,2026-08-21T12:51:32Z,,county_summary_pdf_v1,1.1.6,1,needs_review,https://www.sheridancountywy.gov/departments/elections/2026_election_results.php,,,manual_required,candidate,Sheridan,,,BARBARA A. HILL,BARBARA A. HILL,,59,,wy|sheridan|wy-2026-primary|county_local_summary|39edca2c579e34f3aa8d5879b238abf44f64fc74d463938d90027acc965759fd|wy-2026-primary|county|sheridan|precinct-committeewoman-4-4|rep|candidate|BARBARA A. HILL|Sheridan|COUNTY
wy-2026-primary,wy|sheridan|wy-2026-primary|county_local_summary,Sheridan,wy-2026-primary|county|sheridan|precinct-committeewoman-4-4|rep,REP PRECINCT WOMAN 4-4,Precinct Committeewoman 4-4,county,,REP,REP,precinct,39edca2c579e34f3aa8d5879b238abf44f64fc74d463938d90027acc965759fd,2026-08-21T12:51:32Z,,county_summary_pdf_v1,1.1.6,1,needs_review,https://www.sheridancountywy.gov/departments/elections/2026_election_results.php,,,manual_required,write_in_aggregate,Sheridan,,,,,,1,,wy|sheridan|wy-2026-primary|county_local_summary|39edca2c579e34f3aa8d5879b238abf44f64fc74d463938d90027acc965759fd|wy-2026-primary|county|sheridan|precinct-committeewoman-4-4|rep|write_in_aggregate|write_in_aggregate|Sheridan|COUNTY
wy-2026-primary,wy|sheridan|wy-2026-primary|county_local_summary,Sheridan,wy-2026-primary|county|sheridan|precinct-committeeman-5-1|rep,REP PRECINCT MAN 5-1,Precinct Committeeman 5-1,county,,REP,REP,precinct,39edca2c579e34f3aa8d5879b238abf44f64fc74d463938d90027acc965759fd,2026-08-21T12:51:32Z,,county_summary_pdf_v1,1.1.6,1,needs_review,https://www.sheridancountywy.gov/departments/elections/2026_election_results.php,,,manual_required,candidate,Sheridan,,,TYLER CROSSLEY,TYLER CROSSLEY,,55,,wy|sheridan|wy-2026-primary|county_local_summary|39edca2c579e34f3aa8d5879b238abf44f64fc74d463938d90027acc965759fd|wy-2026-primary|county|sheridan|precinct-committeeman-5-1|rep|candidate|TYLER CROSSLEY|Sheridan|COUNTY
wy-2026-primary,wy|sheridan|wy-2026-primary|county_local_summary,Sheridan,wy-2026-primary|county|sheridan|precinct-committeeman-5-1|rep,REP PRECINCT MAN 5-1,Precinct Committeeman 5-1,county,,REP,REP,precinct,39edca2c579e34f3aa8d5879b238abf44f64fc74d463938d90027acc965759fd,2026-08-21T12:51:32Z,,county_summary_pdf_v1,1.1.6,1,needs_review,https://www.sheridancountywy.gov/departments/elections/2026_election_results.php,,,manual_required,write_in_aggregate,Sheridan,,,,,,4,,wy|sheridan|wy-2026-primary|county_local_summary|39edca2c579e34f3aa8d5879b238abf44f64fc74d463938d90027acc965759fd|wy-2026-primary|county|sheridan|precinct-committeeman-5-1|rep|write_in_aggregate|write_in_aggregate|Sheridan|COUNTY
wy-2026-primary,wy|sheridan|wy-2026-primary|county_local_summary,Sheridan,wy-2026-primary|county|sheridan|precinct-committeewoman-5-1|rep,REP PRECINCT WOMAN 5-1,Precinct Committeewoman 5-1,county,,REP,REP,precinct,39edca2c579e34f3aa8d5879b238abf44f64fc74d463938d90027acc965759fd,2026-08-21T12:51:32Z,,county_summary_pdf_v1,1.1.6,1,needs_review,https://www.sheridancountywy.gov/departments/elections/2026_election_results.php,,,manual_required,write_in_aggregate,Sheridan,,,,,,8,,wy|sheridan|wy-2026-primary|county_local_summary|39edca2c579e34f3aa8d5879b238abf44f64fc74d463938d90027acc965759fd|wy-2026-primary|county|sheridan|precinct-committeewoman-5-1|rep|write_in_aggregate|write_in_aggregate|Sheridan|COUNTY
wy-2026-primary,wy|sheridan|wy-2026-primary|county_local_summary,Sheridan,wy-2026-primary|county|sheridan|precinct-committeeman-6-1|rep,REP PRECINCT MAN 6-1,Precinct Committeeman 6-1,county,,REP,REP,precinct,39edca2c579e34f3aa8d5879b238abf44f64fc74d463938d90027acc965759fd,2026-08-21T12:51:32Z,,county_summary_pdf_v1,1.1.6,1,needs_review,https://www.sheridancountywy.gov/departments/elections/2026_election_results.php,,,manual_required,candidate,Sheridan,,,NATHAN MULLINAX,NATHAN MULLINAX,,318,,wy|sheridan|wy-2026-primary|county_local_summary|39edca2c579e34f3aa8d5879b238abf44f64fc74d463938d90027acc965759fd|wy-2026-primary|county|sheridan|precinct-committeeman-6-1|rep|candidate|NATHAN MULLINAX|Sheridan|COUNTY
wy-2026-primary,wy|sheridan|wy-2026-primary|county_local_summary,Sheridan,wy-2026-primary|county|sheridan|precinct-committeeman-6-1|rep,REP PRECINCT MAN 6-1,Precinct Committeeman 6-1,county,,REP,REP,precinct,39edca2c579e34f3aa8d5879b238abf44f64fc74d463938d90027acc965759fd,2026-08-21T12:51:32Z,,county_summary_pdf_v1,1.1.6,1,needs_review,https://www.sheridancountywy.gov/departments/elections/2026_election_results.php,,,manual_required,candidate,Sheridan,,,GARY ELLIS,GARY ELLIS,,279,,wy|sheridan|wy-2026-primary|county_local_summary|39edca2c579e34f3aa8d5879b238abf44f64fc74d463938d90027acc965759fd|wy-2026-primary|county|sheridan|precinct-committeeman-6-1|rep|candidate|GARY ELLIS|Sheridan|COUNTY
wy-2026-primary,wy|sheridan|wy-2026-primary|county_local_summary,Sheridan,wy-2026-primary|county|sheridan|precinct-committeeman-6-1|rep,REP PRECINCT MAN 6-1,Precinct Committeeman 6-1,county,,REP,REP,precinct,39edca2c579e34f3aa8d5879b238abf44f64fc74d463938d90027acc965759fd,2026-08-21T12:51:32Z,,county_summary_pdf_v1,1.1.6,1,needs_review,https://www.sheridancountywy.gov/departments/elections/2026_election_results.php,,,manual_required,write_in_aggregate,Sheridan,,,,,,6,,wy|sheridan|wy-2026-primary|county_local_summary|39edca2c579e34f3aa8d5879b238abf44f64fc74d463938d90027acc965759fd|wy-2026-primary|county|sheridan|precinct-committeeman-6-1|rep|write_in_aggregate|write_in_aggregate|Sheridan|COUNTY
wy-2026-primary,wy|sheridan|wy-2026-primary|county_local_summary,Sheridan,wy-2026-primary|county|sheridan|precinct-committeewoman-6-1|rep,REP PRECINCT WOMAN 6-1,Precinct Committeewoman 6-1,county,,REP,REP,precinct,39edca2c579e34f3aa8d5879b238abf44f64fc74d463938d90027acc965759fd,2026-08-21T12:51:32Z,,county_summary_pdf_v1,1.1.6,1,needs_review,https://www.sheridancountywy.gov/departments/elections/2026_election_results.php,,,manual_required,candidate,Sheridan,,,SIERRA MULLINAX,SIERRA MULLINAX,,295,,wy|sheridan|wy-2026-primary|county_local_summary|39edca2c579e34f3aa8d5879b238abf44f64fc74d463938d90027acc965759fd|wy-2026-primary|county|sheridan|precinct-committeewoman-6-1|rep|candidate|SIERRA MULLINAX|Sheridan|COUNTY
wy-2026-primary,wy|sheridan|wy-2026-primary|county_local_summary,Sheridan,wy-2026-primary|county|sheridan|precinct-committeewoman-6-1|rep,REP PRECINCT WOMAN 6-1,Precinct Committeewoman 6-1,county,,REP,REP,precinct,39edca2c579e34f3aa8d5879b238abf44f64fc74d463938d90027acc965759fd,2026-08-21T12:51:32Z,,county_summary_pdf_v1,1.1.6,1,needs_review,https://www.sheridancountywy.gov/departments/elections/2026_election_results.php,,,manual_required,candidate,Sheridan,,,KATHY ELLIS,KATHY ELLIS,,286,,wy|sheridan|wy-2026-primary|county_local_summary|39edca2c579e34f3aa8d5879b238abf44f64fc74d463938d90027acc965759fd|wy-2026-primary|county|sheridan|precinct-committeewoman-6-1|rep|candidate|KATHY ELLIS|Sheridan|COUNTY
wy-2026-primary,wy|sheridan|wy-2026-primary|county_local_summary,Sheridan,wy-2026-primary|county|sheridan|precinct-committeewoman-6-1|rep,REP PRECINCT WOMAN 6-1,Precinct Committeewoman 6-1,county,,REP,REP,precinct,39edca2c579e34f3aa8d5879b238abf44f64fc74d463938d90027acc965759fd,2026-08-21T12:51:32Z,,county_summary_pdf_v1,1.1.6,1,needs_review,https://www.sheridancountywy.gov/departments/elections/2026_election_results.php,,,manual_required,write_in_aggregate,Sheridan,,,,,,6,,wy|sheridan|wy-2026-primary|county_local_summary|39edca2c579e34f3aa8d5879b238abf44f64fc74d463938d90027acc965759fd|wy-2026-primary|county|sheridan|precinct-committeewoman-6-1|rep|write_in_aggregate|write_in_aggregate|Sheridan|COUNTY
wy-2026-primary,wy|sheridan|wy-2026-primary|county_local_summary,Sheridan,wy-2026-primary|county|sheridan|precinct-committeeman-7-1|rep,REP PRECINCT MAN 7-1,Precinct Committeeman 7-1,county,,REP,REP,precinct,39edca2c579e34f3aa8d5879b238abf44f64fc74d463938d90027acc965759fd,2026-08-21T12:51:32Z,,county_summary_pdf_v1,1.1.6,1,needs_review,https://www.sheridancountywy.gov/departments/elections/2026_election_results.php,,,manual_required,candidate,Sheridan,,,RICH BRATTEN,RICH BRATTEN,,142,,wy|sheridan|wy-2026-primary|county_local_summary|39edca2c579e34f3aa8d5879b238abf44f64fc74d463938d90027acc965759fd|wy-2026-primary|county|sheridan|precinct-committeeman-7-1|rep|candidate|RICH BRATTEN|Sheridan|COUNTY
wy-2026-primary,wy|sheridan|wy-2026-primary|county_local_summary,Sheridan,wy-2026-primary|county|sheridan|precinct-committeeman-7-1|rep,REP PRECINCT MAN 7-1,Precinct Committeeman 7-1,county,,REP,REP,precinct,39edca2c579e34f3aa8d5879b238abf44f64fc74d463938d90027acc965759fd,2026-08-21T12:51:32Z,,county_summary_pdf_v1,1.1.6,1,needs_review,https://www.sheridancountywy.gov/departments/elections/2026_election_results.php,,,manual_required,write_in_aggregate,Sheridan,,,,,,2,,wy|sheridan|wy-2026-primary|county_local_summary|39edca2c579e34f3aa8d5879b238abf44f64fc74d463938d90027acc965759fd|wy-2026-primary|county|sheridan|precinct-committeeman-7-1|rep|write_in_aggregate|write_in_aggregate|Sheridan|COUNTY
wy-2026-primary,wy|sheridan|wy-2026-primary|county_local_summary,Sheridan,wy-2026-primary|county|sheridan|precinct-committeewoman-7-1|rep,REP PRECINCT WOMAN 7-1,Precinct Committeewoman 7-1,county,,REP,REP,precinct,39edca2c579e34f3aa8d5879b238abf44f64fc74d463938d90027acc965759fd,2026-08-21T12:51:32Z,,county_summary_pdf_v1,1.1.6,1,needs_review,https://www.sheridancountywy.gov/departments/elections/2026_election_results.php,,,manual_required,candidate,Sheridan,,,LAURIE BRATTEN,LAURIE BRATTEN,,145,,wy|sheridan|wy-2026-primary|county_local_summary|39edca2c579e34f3aa8d5879b238abf44f64fc74d463938d90027acc965759fd|wy-2026-primary|county|sheridan|precinct-committeewoman-7-1|rep|candidate|LAURIE BRATTEN|Sheridan|COUNTY
wy-2026-primary,wy|sheridan|wy-2026-primary|county_local_summary,Sheridan,wy-2026-primary|county|sheridan|precinct-committeewoman-7-1|rep,REP PRECINCT WOMAN 7-1,Precinct Committeewoman 7-1,county,,REP,REP,precinct,39edca2c579e34f3aa8d5879b238abf44f64fc74d463938d90027acc965759fd,2026-08-21T12:51:32Z,,county_summary_pdf_v1,1.1.6,1,needs_review,https://www.sheridancountywy.gov/departments/elections/2026_election_results.php,,,manual_required,write_in_aggregate,Sheridan,,,,,,2,,wy|sheridan|wy-2026-primary|county_local_summary|39edca2c579e34f3aa8d5879b238abf44f64fc74d463938d90027acc965759fd|wy-2026-primary|county|sheridan|precinct-committeewoman-7-1|rep|write_in_aggregate|write_in_aggregate|Sheridan|COUNTY
wy-2026-primary,wy|sheridan|wy-2026-primary|county_local_summary,Sheridan,wy-2026-primary|county|sheridan|precinct-committeeman-8-1|rep,REP PRECINCT MAN 8-1,Precinct Committeeman 8-1,county,,REP,REP,precinct,39edca2c579e34f3aa8d5879b238abf44f64fc74d463938d90027acc965759fd,2026-08-21T12:51:32Z,,county_summary_pdf_v1,1.1.6,1,needs_review,https://www.sheridancountywy.gov/departments/elections/2026_election_results.php,,,manual_required,candidate,Sheridan,,,MIKE ROMANJENKO,MIKE ROMANJENKO,,212,,wy|sheridan|wy-2026-primary|county_local_summary|39edca2c579e34f3aa8d5879b238abf44f64fc74d463938d90027acc965759fd|wy-2026-primary|county|sheridan|precinct-committeeman-8-1|rep|candidate|MIKE ROMANJENKO|Sheridan|COUNTY
wy-2026-primary,wy|sheridan|wy-2026-primary|county_local_summary,Sheridan,wy-2026-primary|county|sheridan|precinct-committeeman-8-1|rep,REP PRECINCT MAN 8-1,Precinct Committeeman 8-1,county,,REP,REP,precinct,39edca2c579e34f3aa8d5879b238abf44f64fc74d463938d90027acc965759fd,2026-08-21T12:51:32Z,,county_summary_pdf_v1,1.1.6,1,needs_review,https://www.sheridancountywy.gov/departments/elections/2026_election_results.php,,,manual_required,candidate,Sheridan,,,RANDY K SAWYER,RANDY K SAWYER,,136,,wy|sheridan|wy-2026-primary|county_local_summary|39edca2c579e34f3aa8d5879b238abf44f64fc74d463938d90027acc965759fd|wy-2026-primary|county|sheridan|precinct-committeeman-8-1|rep|candidate|RANDY K SAWYER|Sheridan|COUNTY
wy-2026-primary,wy|sheridan|wy-2026-primary|county_local_summary,Sheridan,wy-2026-primary|county|sheridan|precinct-committeeman-8-1|rep,REP PRECINCT MAN 8-1,Precinct Committeeman 8-1,county,,REP,REP,precinct,39edca2c579e34f3aa8d5879b238abf44f64fc74d463938d90027acc965759fd,2026-08-21T12:51:32Z,,county_summary_pdf_v1,1.1.6,1,needs_review,https://www.sheridancountywy.gov/departments/elections/2026_election_results.php,,,manual_required,candidate,Sheridan,,,J.R. TWIFORD,J.R. TWIFORD,,103,,wy|sheridan|wy-2026-primary|county_local_summary|39edca2c579e34f3aa8d5879b238abf44f64fc74d463938d90027acc965759fd|wy-2026-primary|county|sheridan|precinct-committeeman-8-1|rep|candidate|J.R. TWIFORD|Sheridan|COUNTY
wy-2026-primary,wy|sheridan|wy-2026-primary|county_local_summary,Sheridan,wy-2026-primary|county|sheridan|precinct-committeeman-8-1|rep,REP PRECINCT MAN 8-1,Precinct Committeeman 8-1,county,,REP,REP,precinct,39edca2c579e34f3aa8d5879b238abf44f64fc74d463938d90027acc965759fd,2026-08-21T12:51:32Z,,county_summary_pdf_v1,1.1.6,1,needs_review,https://www.sheridancountywy.gov/departments/elections/2026_election_results.php,,,manual_required,write_in_aggregate,Sheridan,,,,,,25,,wy|sheridan|wy-2026-primary|county_local_summary|39edca2c579e34f3aa8d5879b238abf44f64fc74d463938d90027acc965759fd|wy-2026-primary|county|sheridan|precinct-committeeman-8-1|rep|write_in_aggregate|write_in_aggregate|Sheridan|COUNTY
wy-2026-primary,wy|sheridan|wy-2026-primary|county_local_summary,Sheridan,wy-2026-primary|county|sheridan|precinct-committeewoman-8-1|rep,REP PRECINCT WOMAN 8-1,Precinct Committeewoman 8-1,county,,REP,REP,precinct,39edca2c579e34f3aa8d5879b238abf44f64fc74d463938d90027acc965759fd,2026-08-21T12:51:32Z,,county_summary_pdf_v1,1.1.6,1,needs_review,https://www.sheridancountywy.gov/departments/elections/2026_election_results.php,,,manual_required,candidate,Sheridan,,,ELAINA WINTERS,ELAINA WINTERS,,236,,wy|sheridan|wy-2026-primary|county_local_summary|39edca2c579e34f3aa8d5879b238abf44f64fc74d463938d90027acc965759fd|wy-2026-primary|county|sheridan|precinct-committeewoman-8-1|rep|candidate|ELAINA WINTERS|Sheridan|COUNTY
wy-2026-primary,wy|sheridan|wy-2026-primary|county_local_summary,Sheridan,wy-2026-primary|county|sheridan|precinct-committeewoman-8-1|rep,REP PRECINCT WOMAN 8-1,Precinct Committeewoman 8-1,county,,REP,REP,precinct,39edca2c579e34f3aa8d5879b238abf44f64fc74d463938d90027acc965759fd,2026-08-21T12:51:32Z,,county_summary_pdf_v1,1.1.6,1,needs_review,https://www.sheridancountywy.gov/departments/elections/2026_election_results.php,,,manual_required,candidate,Sheridan,,,JANICE BOENDER,JANICE BOENDER,,194,,wy|sheridan|wy-2026-primary|county_local_summary|39edca2c579e34f3aa8d5879b238abf44f64fc74d463938d90027acc965759fd|wy-2026-primary|county|sheridan|precinct-committeewoman-8-1|rep|candidate|JANICE BOENDER|Sheridan|COUNTY
wy-2026-primary,wy|sheridan|wy-2026-primary|county_local_summary,Sheridan,wy-2026-primary|county|sheridan|precinct-committeewoman-8-1|rep,REP PRECINCT WOMAN 8-1,Precinct Committeewoman 8-1,county,,REP,REP,precinct,39edca2c579e34f3aa8d5879b238abf44f64fc74d463938d90027acc965759fd,2026-08-21T12:51:32Z,,county_summary_pdf_v1,1.1.6,1,needs_review,https://www.sheridancountywy.gov/departments/elections/2026_election_results.php,,,manual_required,write_in_aggregate,Sheridan,,,,,,7,,wy|sheridan|wy-2026-primary|county_local_summary|39edca2c579e34f3aa8d5879b238abf44f64fc74d463938d90027acc965759fd|wy-2026-primary|county|sheridan|precinct-committeewoman-8-1|rep|write_in_aggregate|write_in_aggregate|Sheridan|COUNTY
wy-2026-primary,wy|sheridan|wy-2026-primary|county_local_summary,Sheridan,wy-2026-primary|county|sheridan|precinct-committeeman-9-1|rep,REP PRECINCT MAN 9-1,Precinct Committeeman 9-1,county,,REP,REP,precinct,39edca2c579e34f3aa8d5879b238abf44f64fc74d463938d90027acc965759fd,2026-08-21T12:51:32Z,,county_summary_pdf_v1,1.1.6,1,needs_review,https://www.sheridancountywy.gov/departments/elections/2026_election_results.php,,,manual_required,write_in_aggregate,Sheridan,,,,,,7,,wy|sheridan|wy-2026-primary|county_local_summary|39edca2c579e34f3aa8d5879b238abf44f64fc74d463938d90027acc965759fd|wy-2026-primary|county|sheridan|precinct-committeeman-9-1|rep|write_in_aggregate|write_in_aggregate|Sheridan|COUNTY
wy-2026-primary,wy|sheridan|wy-2026-primary|county_local_summary,Sheridan,wy-2026-primary|county|sheridan|precinct-committeewoman-9-1|rep,REP PRECINCT WOMAN 9-1,Precinct Committeewoman 9-1,county,,REP,REP,precinct,39edca2c579e34f3aa8d5879b238abf44f64fc74d463938d90027acc965759fd,2026-08-21T12:51:32Z,,county_summary_pdf_v1,1.1.6,1,needs_review,https://www.sheridancountywy.gov/departments/elections/2026_election_results.php,,,manual_required,write_in_aggregate,Sheridan,,,,,,4,,wy|sheridan|wy-2026-primary|county_local_summary|39edca2c579e34f3aa8d5879b238abf44f64fc74d463938d90027acc965759fd|wy-2026-primary|county|sheridan|precinct-committeewoman-9-1|rep|write_in_aggregate|write_in_aggregate|Sheridan|COUNTY
wy-2026-primary,wy|sheridan|wy-2026-primary|county_local_summary,Sheridan,wy-2026-primary|county|sheridan|precinct-committeeman-10-1|rep,REP PRECINCT MAN 10-1,Precinct Committeeman 10-1,county,,REP,REP,precinct,39edca2c579e34f3aa8d5879b238abf44f64fc74d463938d90027acc965759fd,2026-08-21T12:51:32Z,,county_summary_pdf_v1,1.1.6,1,needs_review,https://www.sheridancountywy.gov/departments/elections/2026_election_results.php,,,manual_required,candidate,Sheridan,,,JAMES FENNEMA,JAMES FENNEMA,,61,,wy|sheridan|wy-2026-primary|county_local_summary|39edca2c579e34f3aa8d5879b238abf44f64fc74d463938d90027acc965759fd|wy-2026-primary|county|sheridan|precinct-committeeman-10-1|rep|candidate|JAMES FENNEMA|Sheridan|COUNTY
wy-2026-primary,wy|sheridan|wy-2026-primary|county_local_summary,Sheridan,wy-2026-primary|county|sheridan|precinct-committeeman-10-1|rep,REP PRECINCT MAN 10-1,Precinct Committeeman 10-1,county,,REP,REP,precinct,39edca2c579e34f3aa8d5879b238abf44f64fc74d463938d90027acc965759fd,2026-08-21T12:51:32Z,,county_summary_pdf_v1,1.1.6,1,needs_review,https://www.sheridancountywy.gov/departments/elections/2026_election_results.php,,,manual_required,candidate,Sheridan,,,BRIAN ARNDT,BRIAN ARNDT,,29,,wy|sheridan|wy-2026-primary|county_local_summary|39edca2c579e34f3aa8d5879b238abf44f64fc74d463938d90027acc965759fd|wy-2026-primary|county|sheridan|precinct-committeeman-10-1|rep|candidate|BRIAN ARNDT|Sheridan|COUNTY
wy-2026-primary,wy|sheridan|wy-2026-primary|county_local_summary,Sheridan,wy-2026-primary|county|sheridan|precinct-committeeman-10-1|rep,REP PRECINCT MAN 10-1,Precinct Committeeman 10-1,county,,REP,REP,precinct,39edca2c579e34f3aa8d5879b238abf44f64fc74d463938d90027acc965759fd,2026-08-21T12:51:32Z,,county_summary_pdf_v1,1.1.6,1,needs_review,https://www.sheridancountywy.gov/departments/elections/2026_election_results.php,,,manual_required,write_in_aggregate,Sheridan,,,,,,0,,wy|sheridan|wy-2026-primary|county_local_summary|39edca2c579e34f3aa8d5879b238abf44f64fc74d463938d90027acc965759fd|wy-2026-primary|county|sheridan|precinct-committeeman-10-1|rep|write_in_aggregate|write_in_aggregate|Sheridan|COUNTY
wy-2026-primary,wy|sheridan|wy-2026-primary|county_local_summary,Sheridan,wy-2026-primary|county|sheridan|precinct-committeewoman-10-1|rep,REP PRECINCT WOMAN 10-1,Precinct Committeewoman 10-1,county,,REP,REP,precinct,39edca2c579e34f3aa8d5879b238abf44f64fc74d463938d90027acc965759fd,2026-08-21T12:51:32Z,,county_summary_pdf_v1,1.1.6,1,needs_review,https://www.sheridancountywy.gov/departments/elections/2026_election_results.php,,,manual_required,candidate,Sheridan,,,CATHERINE FENNEMA,CATHERINE FENNEMA,,80,,wy|sheridan|wy-2026-primary|county_local_summary|39edca2c579e34f3aa8d5879b238abf44f64fc74d463938d90027acc965759fd|wy-2026-primary|county|sheridan|precinct-committeewoman-10-1|rep|candidate|CATHERINE FENNEMA|Sheridan|COUNTY
wy-2026-primary,wy|sheridan|wy-2026-primary|county_local_summary,Sheridan,wy-2026-primary|county|sheridan|precinct-committeewoman-10-1|rep,REP PRECINCT WOMAN 10-1,Precinct Committeewoman 10-1,county,,REP,REP,precinct,39edca2c579e34f3aa8d5879b238abf44f64fc74d463938d90027acc965759fd,2026-08-21T12:51:32Z,,county_summary_pdf_v1,1.1.6,1,needs_review,https://www.sheridancountywy.gov/departments/elections/2026_election_results.php,,,manual_required,write_in_aggregate,Sheridan,,,,,,3,,wy|sheridan|wy-2026-primary|county_local_summary|39edca2c579e34f3aa8d5879b238abf44f64fc74d463938d90027acc965759fd|wy-2026-primary|county|sheridan|precinct-committeewoman-10-1|rep|write_in_aggregate|write_in_aggregate|Sheridan|COUNTY
wy-2026-primary,wy|sheridan|wy-2026-primary|county_local_summary,Sheridan,wy-2026-primary|county|sheridan|precinct-committeeman-11-1|rep,REP PRECINCT MAN 11-1,Precinct Committeeman 11-1,county,,REP,REP,precinct,39edca2c579e34f3aa8d5879b238abf44f64fc74d463938d90027acc965759fd,2026-08-21T12:51:32Z,,county_summary_pdf_v1,1.1.6,1,needs_review,https://www.sheridancountywy.gov/departments/elections/2026_election_results.php,,,manual_required,candidate,Sheridan,,,STEVE MAIER,STEVE MAIER,,277,,wy|sheridan|wy-2026-primary|county_local_summary|39edca2c579e34f3aa8d5879b238abf44f64fc74d463938d90027acc965759fd|wy-2026-primary|county|sheridan|precinct-committeeman-11-1|rep|candidate|STEVE MAIER|Sheridan|COUNTY
wy-2026-primary,wy|sheridan|wy-2026-primary|county_local_summary,Sheridan,wy-2026-primary|county|sheridan|precinct-committeeman-11-1|rep,REP PRECINCT MAN 11-1,Precinct Committeeman 11-1,county,,REP,REP,precinct,39edca2c579e34f3aa8d5879b238abf44f64fc74d463938d90027acc965759fd,2026-08-21T12:51:32Z,,county_summary_pdf_v1,1.1.6,1,needs_review,https://www.sheridancountywy.gov/departments/elections/2026_election_results.php,,,manual_required,candidate,Sheridan,,,ANTHONY T. WENDTLAND,ANTHONY T. WENDTLAND,,253,,wy|sheridan|wy-2026-primary|county_local_summary|39edca2c579e34f3aa8d5879b238abf44f64fc74d463938d90027acc965759fd|wy-2026-primary|county|sheridan|precinct-committeeman-11-1|rep|candidate|ANTHONY T. WENDTLAND|Sheridan|COUNTY
wy-2026-primary,wy|sheridan|wy-2026-primary|county_local_summary,Sheridan,wy-2026-primary|county|sheridan|precinct-committeeman-11-1|rep,REP PRECINCT MAN 11-1,Precinct Committeeman 11-1,county,,REP,REP,precinct,39edca2c579e34f3aa8d5879b238abf44f64fc74d463938d90027acc965759fd,2026-08-21T12:51:32Z,,county_summary_pdf_v1,1.1.6,1,needs_review,https://www.sheridancountywy.gov/departments/elections/2026_election_results.php,,,manual_required,candidate,Sheridan,,,ROLF T. DISTAD,ROLF T. DISTAD,,168,,wy|sheridan|wy-2026-primary|county_local_summary|39edca2c579e34f3aa8d5879b238abf44f64fc74d463938d90027acc965759fd|wy-2026-primary|county|sheridan|precinct-committeeman-11-1|rep|candidate|ROLF T. DISTAD|Sheridan|COUNTY
wy-2026-primary,wy|sheridan|wy-2026-primary|county_local_summary,Sheridan,wy-2026-primary|county|sheridan|precinct-committeeman-11-1|rep,REP PRECINCT MAN 11-1,Precinct Committeeman 11-1,county,,REP,REP,precinct,39edca2c579e34f3aa8d5879b238abf44f64fc74d463938d90027acc965759fd,2026-08-21T12:51:32Z,,county_summary_pdf_v1,1.1.6,1,needs_review,https://www.sheridancountywy.gov/departments/elections/2026_election_results.php,,,manual_required,candidate,Sheridan,,,RICHARD A. KALEY JR,RICHARD A. KALEY JR,,159,,wy|sheridan|wy-2026-primary|county_local_summary|39edca2c579e34f3aa8d5879b238abf44f64fc74d463938d90027acc965759fd|wy-2026-primary|county|sheridan|precinct-committeeman-11-1|rep|candidate|RICHARD A. KALEY JR|Sheridan|COUNTY
wy-2026-primary,wy|sheridan|wy-2026-primary|county_local_summary,Sheridan,wy-2026-primary|county|sheridan|precinct-committeeman-11-1|rep,REP PRECINCT MAN 11-1,Precinct Committeeman 11-1,county,,REP,REP,precinct,39edca2c579e34f3aa8d5879b238abf44f64fc74d463938d90027acc965759fd,2026-08-21T12:51:32Z,,county_summary_pdf_v1,1.1.6,1,needs_review,https://www.sheridancountywy.gov/departments/elections/2026_election_results.php,,,manual_required,write_in_aggregate,Sheridan,,,,,,6,,wy|sheridan|wy-2026-primary|county_local_summary|39edca2c579e34f3aa8d5879b238abf44f64fc74d463938d90027acc965759fd|wy-2026-primary|county|sheridan|precinct-committeeman-11-1|rep|write_in_aggregate|write_in_aggregate|Sheridan|COUNTY
wy-2026-primary,wy|sheridan|wy-2026-primary|county_local_summary,Sheridan,wy-2026-primary|county|sheridan|precinct-committeewoman-11-1|rep,REP PRECINCT WOMAN 11-1,Precinct Committeewoman 11-1,county,,REP,REP,precinct,39edca2c579e34f3aa8d5879b238abf44f64fc74d463938d90027acc965759fd,2026-08-21T12:51:32Z,,county_summary_pdf_v1,1.1.6,1,needs_review,https://www.sheridancountywy.gov/departments/elections/2026_election_results.php,,,manual_required,candidate,Sheridan,,,DEBRA J WENDTLAND,DEBRA J WENDTLAND,,258,,wy|sheridan|wy-2026-primary|county_local_summary|39edca2c579e34f3aa8d5879b238abf44f64fc74d463938d90027acc965759fd|wy-2026-primary|county|sheridan|precinct-committeewoman-11-1|rep|candidate|DEBRA J WENDTLAND|Sheridan|COUNTY
wy-2026-primary,wy|sheridan|wy-2026-primary|county_local_summary,Sheridan,wy-2026-primary|county|sheridan|precinct-committeewoman-11-1|rep,REP PRECINCT WOMAN 11-1,Precinct Committeewoman 11-1,county,,REP,REP,precinct,39edca2c579e34f3aa8d5879b238abf44f64fc74d463938d90027acc965759fd,2026-08-21T12:51:32Z,,county_summary_pdf_v1,1.1.6,1,needs_review,https://www.sheridancountywy.gov/departments/elections/2026_election_results.php,,,manual_required,candidate,Sheridan,,,EDRE MAIER,EDRE MAIER,,221,,wy|sheridan|wy-2026-primary|county_local_summary|39edca2c579e34f3aa8d5879b238abf44f64fc74d463938d90027acc965759fd|wy-2026-primary|county|sheridan|precinct-committeewoman-11-1|rep|candidate|EDRE MAIER|Sheridan|COUNTY
wy-2026-primary,wy|sheridan|wy-2026-primary|county_local_summary,Sheridan,wy-2026-primary|county|sheridan|precinct-committeewoman-11-1|rep,REP PRECINCT WOMAN 11-1,Precinct Committeewoman 11-1,county,,REP,REP,precinct,39edca2c579e34f3aa8d5879b238abf44f64fc74d463938d90027acc965759fd,2026-08-21T12:51:32Z,,county_summary_pdf_v1,1.1.6,1,needs_review,https://www.sheridancountywy.gov/departments/elections/2026_election_results.php,,,manual_required,candidate,Sheridan,,,KARLA KALEY,KARLA KALEY,,198,,wy|sheridan|wy-2026-primary|county_local_summary|39edca2c579e34f3aa8d5879b238abf44f64fc74d463938d90027acc965759fd|wy-2026-primary|county|sheridan|precinct-committeewoman-11-1|rep|candidate|KARLA KALEY|Sheridan|COUNTY
wy-2026-primary,wy|sheridan|wy-2026-primary|county_local_summary,Sheridan,wy-2026-primary|county|sheridan|precinct-committeewoman-11-1|rep,REP PRECINCT WOMAN 11-1,Precinct Committeewoman 11-1,county,,REP,REP,precinct,39edca2c579e34f3aa8d5879b238abf44f64fc74d463938d90027acc965759fd,2026-08-21T12:51:32Z,,county_summary_pdf_v1,1.1.6,1,needs_review,https://www.sheridancountywy.gov/departments/elections/2026_election_results.php,,,manual_required,candidate,Sheridan,,,ELENA K. CAMPBELL,ELENA K. CAMPBELL,,189,,wy|sheridan|wy-2026-primary|county_local_summary|39edca2c579e34f3aa8d5879b238abf44f64fc74d463938d90027acc965759fd|wy-2026-primary|county|sheridan|precinct-committeewoman-11-1|rep|candidate|ELENA K. CAMPBELL|Sheridan|COUNTY
wy-2026-primary,wy|sheridan|wy-2026-primary|county_local_summary,Sheridan,wy-2026-primary|county|sheridan|precinct-committeewoman-11-1|rep,REP PRECINCT WOMAN 11-1,Precinct Committeewoman 11-1,county,,REP,REP,precinct,39edca2c579e34f3aa8d5879b238abf44f64fc74d463938d90027acc965759fd,2026-08-21T12:51:32Z,,county_summary_pdf_v1,1.1.6,1,needs_review,https://www.sheridancountywy.gov/departments/elections/2026_election_results.php,,,manual_required,write_in_aggregate,Sheridan,,,,,,1,,wy|sheridan|wy-2026-primary|county_local_summary|39edca2c579e34f3aa8d5879b238abf44f64fc74d463938d90027acc965759fd|wy-2026-primary|county|sheridan|precinct-committeewoman-11-1|rep|write_in_aggregate|write_in_aggregate|Sheridan|COUNTY
wy-2026-primary,wy|sheridan|wy-2026-primary|county_local_summary,Sheridan,wy-2026-primary|county|sheridan|precinct-committeeman-12-1|rep,REP PRECINCT MAN 12-1,Precinct Committeeman 12-1,county,,REP,REP,precinct,39edca2c579e34f3aa8d5879b238abf44f64fc74d463938d90027acc965759fd,2026-08-21T12:51:32Z,,county_summary_pdf_v1,1.1.6,1,needs_review,https://www.sheridancountywy.gov/departments/elections/2026_election_results.php,,,manual_required,candidate,Sheridan,,,BRUCE BURNS,BRUCE BURNS,,624,,wy|sheridan|wy-2026-primary|county_local_summary|39edca2c579e34f3aa8d5879b238abf44f64fc74d463938d90027acc965759fd|wy-2026-primary|county|sheridan|precinct-committeeman-12-1|rep|candidate|BRUCE BURNS|Sheridan|COUNTY
wy-2026-primary,wy|sheridan|wy-2026-primary|county_local_summary,Sheridan,wy-2026-primary|county|sheridan|precinct-committeeman-12-1|rep,REP PRECINCT MAN 12-1,Precinct Committeeman 12-1,county,,REP,REP,precinct,39edca2c579e34f3aa8d5879b238abf44f64fc74d463938d90027acc965759fd,2026-08-21T12:51:32Z,,county_summary_pdf_v1,1.1.6,1,needs_review,https://www.sheridancountywy.gov/departments/elections/2026_election_results.php,,,manual_required,candidate,Sheridan,,,ROBERT BYRD,ROBERT BYRD,,592,,wy|sheridan|wy-2026-primary|county_local_summary|39edca2c579e34f3aa8d5879b238abf44f64fc74d463938d90027acc965759fd|wy-2026-primary|county|sheridan|precinct-committeeman-12-1|rep|candidate|ROBERT BYRD|Sheridan|COUNTY
wy-2026-primary,wy|sheridan|wy-2026-primary|county_local_summary,Sheridan,wy-2026-primary|county|sheridan|precinct-committeeman-12-1|rep,REP PRECINCT MAN 12-1,Precinct Committeeman 12-1,county,,REP,REP,precinct,39edca2c579e34f3aa8d5879b238abf44f64fc74d463938d90027acc965759fd,2026-08-21T12:51:32Z,,county_summary_pdf_v1,1.1.6,1,needs_review,https://www.sheridancountywy.gov/departments/elections/2026_election_results.php,,,manual_required,candidate,Sheridan,,,MICHAEL R. ARZY,MICHAEL R. ARZY,,483,,wy|sheridan|wy-2026-primary|county_local_summary|39edca2c579e34f3aa8d5879b238abf44f64fc74d463938d90027acc965759fd|wy-2026-primary|county|sheridan|precinct-committeeman-12-1|rep|candidate|MICHAEL R. ARZY|Sheridan|COUNTY
wy-2026-primary,wy|sheridan|wy-2026-primary|county_local_summary,Sheridan,wy-2026-primary|county|sheridan|precinct-committeeman-12-1|rep,REP PRECINCT MAN 12-1,Precinct Committeeman 12-1,county,,REP,REP,precinct,39edca2c579e34f3aa8d5879b238abf44f64fc74d463938d90027acc965759fd,2026-08-21T12:51:32Z,,county_summary_pdf_v1,1.1.6,1,needs_review,https://www.sheridancountywy.gov/departments/elections/2026_election_results.php,,,manual_required,candidate,Sheridan,,,RONNIE LEBLANC,RONNIE LEBLANC,,433,,wy|sheridan|wy-2026-primary|county_local_summary|39edca2c579e34f3aa8d5879b238abf44f64fc74d463938d90027acc965759fd|wy-2026-primary|county|sheridan|precinct-committeeman-12-1|rep|candidate|RONNIE LEBLANC|Sheridan|COUNTY
wy-2026-primary,wy|sheridan|wy-2026-primary|county_local_summary,Sheridan,wy-2026-primary|county|sheridan|precinct-committeeman-12-1|rep,REP PRECINCT MAN 12-1,Precinct Committeeman 12-1,county,,REP,REP,precinct,39edca2c579e34f3aa8d5879b238abf44f64fc74d463938d90027acc965759fd,2026-08-21T12:51:32Z,,county_summary_pdf_v1,1.1.6,1,needs_review,https://www.sheridancountywy.gov/departments/elections/2026_election_results.php,,,manual_required,candidate,Sheridan,,,"HANS E. HILLEBY, SR.","HANS E. HILLEBY, SR.",,397,,"wy|sheridan|wy-2026-primary|county_local_summary|39edca2c579e34f3aa8d5879b238abf44f64fc74d463938d90027acc965759fd|wy-2026-primary|county|sheridan|precinct-committeeman-12-1|rep|candidate|HANS E. HILLEBY, SR.|Sheridan|COUNTY"
wy-2026-primary,wy|sheridan|wy-2026-primary|county_local_summary,Sheridan,wy-2026-primary|county|sheridan|precinct-committeeman-12-1|rep,REP PRECINCT MAN 12-1,Precinct Committeeman 12-1,county,,REP,REP,precinct,39edca2c579e34f3aa8d5879b238abf44f64fc74d463938d90027acc965759fd,2026-08-21T12:51:32Z,,county_summary_pdf_v1,1.1.6,1,needs_review,https://www.sheridancountywy.gov/departments/elections/2026_election_results.php,,,manual_required,write_in_aggregate,Sheridan,,,,,,21,,wy|sheridan|wy-2026-primary|county_local_summary|39edca2c579e34f3aa8d5879b238abf44f64fc74d463938d90027acc965759fd|wy-2026-primary|county|sheridan|precinct-committeeman-12-1|rep|write_in_aggregate|write_in_aggregate|Sheridan|COUNTY
wy-2026-primary,wy|sheridan|wy-2026-primary|county_local_summary,Sheridan,wy-2026-primary|county|sheridan|precinct-committeewoman-12-1|rep,REP PRECINCT WOMAN 12-1,Precinct Committeewoman 12-1,county,,REP,REP,precinct,39edca2c579e34f3aa8d5879b238abf44f64fc74d463938d90027acc965759fd,2026-08-21T12:51:32Z,,county_summary_pdf_v1,1.1.6,1,needs_review,https://www.sheridancountywy.gov/departments/elections/2026_election_results.php,,,manual_required,candidate,Sheridan,,,EDA SCHUNK THOMPSON,EDA SCHUNK THOMPSON,,641,,wy|sheridan|wy-2026-primary|county_local_summary|39edca2c579e34f3aa8d5879b238abf44f64fc74d463938d90027acc965759fd|wy-2026-primary|county|sheridan|precinct-committeewoman-12-1|rep|candidate|EDA SCHUNK THOMPSON|Sheridan|COUNTY
wy-2026-primary,wy|sheridan|wy-2026-primary|county_local_summary,Sheridan,wy-2026-primary|county|sheridan|precinct-committeewoman-12-1|rep,REP PRECINCT WOMAN 12-1,Precinct Committeewoman 12-1,county,,REP,REP,precinct,39edca2c579e34f3aa8d5879b238abf44f64fc74d463938d90027acc965759fd,2026-08-21T12:51:32Z,,county_summary_pdf_v1,1.1.6,1,needs_review,https://www.sheridancountywy.gov/departments/elections/2026_election_results.php,,,manual_required,candidate,Sheridan,,,LUCY WIDENER,LUCY WIDENER,,573,,wy|sheridan|wy-2026-primary|county_local_summary|39edca2c579e34f3aa8d5879b238abf44f64fc74d463938d90027acc965759fd|wy-2026-primary|county|sheridan|precinct-committeewoman-12-1|rep|candidate|LUCY WIDENER|Sheridan|COUNTY
wy-2026-primary,wy|sheridan|wy-2026-primary|county_local_summary,Sheridan,wy-2026-primary|county|sheridan|precinct-committeewoman-12-1|rep,REP PRECINCT WOMAN 12-1,Precinct Committeewoman 12-1,county,,REP,REP,precinct,39edca2c579e34f3aa8d5879b238abf44f64fc74d463938d90027acc965759fd,2026-08-21T12:51:32Z,,county_summary_pdf_v1,1.1.6,1,needs_review,https://www.sheridancountywy.gov/departments/elections/2026_election_results.php,,,manual_required,candidate,Sheridan,,,ROSEMARY B. SCHUNK,ROSEMARY B. SCHUNK,,544,,wy|sheridan|wy-2026-primary|county_local_summary|39edca2c579e34f3aa8d5879b238abf44f64fc74d463938d90027acc965759fd|wy-2026-primary|county|sheridan|precinct-committeewoman-12-1|rep|candidate|ROSEMARY B. SCHUNK|Sheridan|COUNTY
wy-2026-primary,wy|sheridan|wy-2026-primary|county_local_summary,Sheridan,wy-2026-primary|county|sheridan|precinct-committeewoman-12-1|rep,REP PRECINCT WOMAN 12-1,Precinct Committeewoman 12-1,county,,REP,REP,precinct,39edca2c579e34f3aa8d5879b238abf44f64fc74d463938d90027acc965759fd,2026-08-21T12:51:32Z,,county_summary_pdf_v1,1.1.6,1,needs_review,https://www.sheridancountywy.gov/departments/elections/2026_election_results.php,,,manual_required,candidate,Sheridan,,,MARTHA I. HILLEBY,MARTHA I. HILLEBY,,406,,wy|sheridan|wy-2026-primary|county_local_summary|39edca2c579e34f3aa8d5879b238abf44f64fc74d463938d90027acc965759fd|wy-2026-primary|county|sheridan|precinct-committeewoman-12-1|rep|candidate|MARTHA I. HILLEBY|Sheridan|COUNTY
wy-2026-primary,wy|sheridan|wy-2026-primary|county_local_summary,Sheridan,wy-2026-primary|county|sheridan|precinct-committeewoman-12-1|rep,REP PRECINCT WOMAN 12-1,Precinct Committeewoman 12-1,county,,REP,REP,precinct,39edca2c579e34f3aa8d5879b238abf44f64fc74d463938d90027acc965759fd,2026-08-21T12:51:32Z,,county_summary_pdf_v1,1.1.6,1,needs_review,https://www.sheridancountywy.gov/departments/elections/2026_election_results.php,,,manual_required,candidate,Sheridan,,,KIMBERLY THOMAS,KIMBERLY THOMAS,,396,,wy|sheridan|wy-2026-primary|county_local_summary|39edca2c579e34f3aa8d5879b238abf44f64fc74d463938d90027acc965759fd|wy-2026-primary|county|sheridan|precinct-committeewoman-12-1|rep|candidate|KIMBERLY THOMAS|Sheridan|COUNTY
wy-2026-primary,wy|sheridan|wy-2026-primary|county_local_summary,Sheridan,wy-2026-primary|county|sheridan|precinct-committeewoman-12-1|rep,REP PRECINCT WOMAN 12-1,Precinct Committeewoman 12-1,county,,REP,REP,precinct,39edca2c579e34f3aa8d5879b238abf44f64fc74d463938d90027acc965759fd,2026-08-21T12:51:32Z,,county_summary_pdf_v1,1.1.6,1,needs_review,https://www.sheridancountywy.gov/departments/elections/2026_election_results.php,,,manual_required,write_in_aggregate,Sheridan,,,,,,22,,wy|sheridan|wy-2026-primary|county_local_summary|39edca2c579e34f3aa8d5879b238abf44f64fc74d463938d90027acc965759fd|wy-2026-primary|county|sheridan|precinct-committeewoman-12-1|rep|write_in_aggregate|write_in_aggregate|Sheridan|COUNTY
wy-2026-primary,wy|sheridan|wy-2026-primary|county_local_summary,Sheridan,wy-2026-primary|county|sheridan|precinct-committeeman-13-1|rep,REP PRECINCT MAN 13-1,Precinct Committeeman 13-1,county,,REP,REP,precinct,39edca2c579e34f3aa8d5879b238abf44f64fc74d463938d90027acc965759fd,2026-08-21T12:51:32Z,,county_summary_pdf_v1,1.1.6,1,needs_review,https://www.sheridancountywy.gov/departments/elections/2026_election_results.php,,,manual_required,candidate,Sheridan,,,JIM HELMICK,JIM HELMICK,,217,,wy|sheridan|wy-2026-primary|county_local_summary|39edca2c579e34f3aa8d5879b238abf44f64fc74d463938d90027acc965759fd|wy-2026-primary|county|sheridan|precinct-committeeman-13-1|rep|candidate|JIM HELMICK|Sheridan|COUNTY
wy-2026-primary,wy|sheridan|wy-2026-primary|county_local_summary,Sheridan,wy-2026-primary|county|sheridan|precinct-committeeman-13-1|rep,REP PRECINCT MAN 13-1,Precinct Committeeman 13-1,county,,REP,REP,precinct,39edca2c579e34f3aa8d5879b238abf44f64fc74d463938d90027acc965759fd,2026-08-21T12:51:32Z,,county_summary_pdf_v1,1.1.6,1,needs_review,https://www.sheridancountywy.gov/departments/elections/2026_election_results.php,,,manual_required,candidate,Sheridan,,,NICK PSAKI,NICK PSAKI,,166,,wy|sheridan|wy-2026-primary|county_local_summary|39edca2c579e34f3aa8d5879b238abf44f64fc74d463938d90027acc965759fd|wy-2026-primary|county|sheridan|precinct-committeeman-13-1|rep|candidate|NICK PSAKI|Sheridan|COUNTY
wy-2026-primary,wy|sheridan|wy-2026-primary|county_local_summary,Sheridan,wy-2026-primary|county|sheridan|precinct-committeeman-13-1|rep,REP PRECINCT MAN 13-1,Precinct Committeeman 13-1,county,,REP,REP,precinct,39edca2c579e34f3aa8d5879b238abf44f64fc74d463938d90027acc965759fd,2026-08-21T12:51:32Z,,county_summary_pdf_v1,1.1.6,1,needs_review,https://www.sheridancountywy.gov/departments/elections/2026_election_results.php,,,manual_required,write_in_aggregate,Sheridan,,,,,,7,,wy|sheridan|wy-2026-primary|county_local_summary|39edca2c579e34f3aa8d5879b238abf44f64fc74d463938d90027acc965759fd|wy-2026-primary|county|sheridan|precinct-committeeman-13-1|rep|write_in_aggregate|write_in_aggregate|Sheridan|COUNTY
wy-2026-primary,wy|sheridan|wy-2026-primary|county_local_summary,Sheridan,wy-2026-primary|county|sheridan|precinct-committeewoman-13-1|rep,REP PRECINCT WOMAN 13-1,Precinct Committeewoman 13-1,county,,REP,REP,precinct,39edca2c579e34f3aa8d5879b238abf44f64fc74d463938d90027acc965759fd,2026-08-21T12:51:32Z,,county_summary_pdf_v1,1.1.6,1,needs_review,https://www.sheridancountywy.gov/departments/elections/2026_election_results.php,,,manual_required,candidate,Sheridan,,,JUDY HELMICK,JUDY HELMICK,,194,,wy|sheridan|wy-2026-primary|county_local_summary|39edca2c579e34f3aa8d5879b238abf44f64fc74d463938d90027acc965759fd|wy-2026-primary|county|sheridan|precinct-committeewoman-13-1|rep|candidate|JUDY HELMICK|Sheridan|COUNTY
wy-2026-primary,wy|sheridan|wy-2026-primary|county_local_summary,Sheridan,wy-2026-primary|county|sheridan|precinct-committeewoman-13-1|rep,REP PRECINCT WOMAN 13-1,Precinct Committeewoman 13-1,county,,REP,REP,precinct,39edca2c579e34f3aa8d5879b238abf44f64fc74d463938d90027acc965759fd,2026-08-21T12:51:32Z,,county_summary_pdf_v1,1.1.6,1,needs_review,https://www.sheridancountywy.gov/departments/elections/2026_election_results.php,,,manual_required,candidate,Sheridan,,,REBEKAH FITZGERALD,REBEKAH FITZGERALD,,170,,wy|sheridan|wy-2026-primary|county_local_summary|39edca2c579e34f3aa8d5879b238abf44f64fc74d463938d90027acc965759fd|wy-2026-primary|county|sheridan|precinct-committeewoman-13-1|rep|candidate|REBEKAH FITZGERALD|Sheridan|COUNTY
wy-2026-primary,wy|sheridan|wy-2026-primary|county_local_summary,Sheridan,wy-2026-primary|county|sheridan|precinct-committeewoman-13-1|rep,REP PRECINCT WOMAN 13-1,Precinct Committeewoman 13-1,county,,REP,REP,precinct,39edca2c579e34f3aa8d5879b238abf44f64fc74d463938d90027acc965759fd,2026-08-21T12:51:32Z,,county_summary_pdf_v1,1.1.6,1,needs_review,https://www.sheridancountywy.gov/departments/elections/2026_election_results.php,,,manual_required,write_in_aggregate,Sheridan,,,,,,30,,wy|sheridan|wy-2026-primary|county_local_summary|39edca2c579e34f3aa8d5879b238abf44f64fc74d463938d90027acc965759fd|wy-2026-primary|county|sheridan|precinct-committeewoman-13-1|rep|write_in_aggregate|write_in_aggregate|Sheridan|COUNTY
wy-2026-primary,wy|sheridan|wy-2026-primary|county_local_summary,Sheridan,wy-2026-primary|county|sheridan|precinct-committeeman-16-1|rep,REP PRECINCT MAN 16-1,Precinct Committeeman 16-1,county,,REP,REP,precinct,39edca2c579e34f3aa8d5879b238abf44f64fc74d463938d90027acc965759fd,2026-08-21T12:51:32Z,,county_summary_pdf_v1,1.1.6,1,needs_review,https://www.sheridancountywy.gov/departments/elections/2026_election_results.php,,,manual_required,candidate,Sheridan,,,JOHN SHEPARDSON,JOHN SHEPARDSON,,129,,wy|sheridan|wy-2026-primary|county_local_summary|39edca2c579e34f3aa8d5879b238abf44f64fc74d463938d90027acc965759fd|wy-2026-primary|county|sheridan|precinct-committeeman-16-1|rep|candidate|JOHN SHEPARDSON|Sheridan|COUNTY
wy-2026-primary,wy|sheridan|wy-2026-primary|county_local_summary,Sheridan,wy-2026-primary|county|sheridan|precinct-committeeman-16-1|rep,REP PRECINCT MAN 16-1,Precinct Committeeman 16-1,county,,REP,REP,precinct,39edca2c579e34f3aa8d5879b238abf44f64fc74d463938d90027acc965759fd,2026-08-21T12:51:32Z,,county_summary_pdf_v1,1.1.6,1,needs_review,https://www.sheridancountywy.gov/departments/elections/2026_election_results.php,,,manual_required,write_in_aggregate,Sheridan,,,,,,3,,wy|sheridan|wy-2026-primary|county_local_summary|39edca2c579e34f3aa8d5879b238abf44f64fc74d463938d90027acc965759fd|wy-2026-primary|county|sheridan|precinct-committeeman-16-1|rep|write_in_aggregate|write_in_aggregate|Sheridan|COUNTY
wy-2026-primary,wy|sheridan|wy-2026-primary|county_local_summary,Sheridan,wy-2026-primary|county|sheridan|precinct-committeewoman-16-1|rep,REP PRECINCT WOMAN 16-1,Precinct Committeewoman 16-1,county,,REP,REP,precinct,39edca2c579e34f3aa8d5879b238abf44f64fc74d463938d90027acc965759fd,2026-08-21T12:51:32Z,,county_summary_pdf_v1,1.1.6,1,needs_review,https://www.sheridancountywy.gov/departments/elections/2026_election_results.php,,,manual_required,candidate,Sheridan,,,GAIL SYMONS,GAIL SYMONS,,89,,wy|sheridan|wy-2026-primary|county_local_summary|39edca2c579e34f3aa8d5879b238abf44f64fc74d463938d90027acc965759fd|wy-2026-primary|county|sheridan|precinct-committeewoman-16-1|rep|candidate|GAIL SYMONS|Sheridan|COUNTY
wy-2026-primary,wy|sheridan|wy-2026-primary|county_local_summary,Sheridan,wy-2026-primary|county|sheridan|precinct-committeewoman-16-1|rep,REP PRECINCT WOMAN 16-1,Precinct Committeewoman 16-1,county,,REP,REP,precinct,39edca2c579e34f3aa8d5879b238abf44f64fc74d463938d90027acc965759fd,2026-08-21T12:51:32Z,,county_summary_pdf_v1,1.1.6,1,needs_review,https://www.sheridancountywy.gov/departments/elections/2026_election_results.php,,,manual_required,candidate,Sheridan,,,DEBBIE SHEPARDSON,DEBBIE SHEPARDSON,,66,,wy|sheridan|wy-2026-primary|county_local_summary|39edca2c579e34f3aa8d5879b238abf44f64fc74d463938d90027acc965759fd|wy-2026-primary|county|sheridan|precinct-committeewoman-16-1|rep|candidate|DEBBIE SHEPARDSON|Sheridan|COUNTY
wy-2026-primary,wy|sheridan|wy-2026-primary|county_local_summary,Sheridan,wy-2026-primary|county|sheridan|precinct-committeewoman-16-1|rep,REP PRECINCT WOMAN 16-1,Precinct Committeewoman 16-1,county,,REP,REP,precinct,39edca2c579e34f3aa8d5879b238abf44f64fc74d463938d90027acc965759fd,2026-08-21T12:51:32Z,,county_summary_pdf_v1,1.1.6,1,needs_review,https://www.sheridancountywy.gov/departments/elections/2026_election_results.php,,,manual_required,write_in_aggregate,Sheridan,,,,,,2,,wy|sheridan|wy-2026-primary|county_local_summary|39edca2c579e34f3aa8d5879b238abf44f64fc74d463938d90027acc965759fd|wy-2026-primary|county|sheridan|precinct-committeewoman-16-1|rep|write_in_aggregate|write_in_aggregate|Sheridan|COUNTY
wy-2026-primary,wy|sheridan|wy-2026-primary|county_local_summary,Sheridan,wy-2026-primary|county|sheridan|precinct-committeeman-17-1|rep,REP PRECINCT MAN 17-1,Precinct Committeeman 17-1,county,,REP,REP,precinct,39edca2c579e34f3aa8d5879b238abf44f64fc74d463938d90027acc965759fd,2026-08-21T12:51:32Z,,county_summary_pdf_v1,1.1.6,1,needs_review,https://www.sheridancountywy.gov/departments/elections/2026_election_results.php,,,manual_required,candidate,Sheridan,,,TERRY ROELFSEMA,TERRY ROELFSEMA,,177,,wy|sheridan|wy-2026-primary|county_local_summary|39edca2c579e34f3aa8d5879b238abf44f64fc74d463938d90027acc965759fd|wy-2026-primary|county|sheridan|precinct-committeeman-17-1|rep|candidate|TERRY ROELFSEMA|Sheridan|COUNTY
wy-2026-primary,wy|sheridan|wy-2026-primary|county_local_summary,Sheridan,wy-2026-primary|county|sheridan|precinct-committeeman-17-1|rep,REP PRECINCT MAN 17-1,Precinct Committeeman 17-1,county,,REP,REP,precinct,39edca2c579e34f3aa8d5879b238abf44f64fc74d463938d90027acc965759fd,2026-08-21T12:51:32Z,,county_summary_pdf_v1,1.1.6,1,needs_review,https://www.sheridancountywy.gov/departments/elections/2026_election_results.php,,,manual_required,candidate,Sheridan,,,BRYAN HELFERICH,BRYAN HELFERICH,,175,,wy|sheridan|wy-2026-primary|county_local_summary|39edca2c579e34f3aa8d5879b238abf44f64fc74d463938d90027acc965759fd|wy-2026-primary|county|sheridan|precinct-committeeman-17-1|rep|candidate|BRYAN HELFERICH|Sheridan|COUNTY
wy-2026-primary,wy|sheridan|wy-2026-primary|county_local_summary,Sheridan,wy-2026-primary|county|sheridan|precinct-committeeman-17-1|rep,REP PRECINCT MAN 17-1,Precinct Committeeman 17-1,county,,REP,REP,precinct,39edca2c579e34f3aa8d5879b238abf44f64fc74d463938d90027acc965759fd,2026-08-21T12:51:32Z,,county_summary_pdf_v1,1.1.6,1,needs_review,https://www.sheridancountywy.gov/departments/elections/2026_election_results.php,,,manual_required,write_in_aggregate,Sheridan,,,,,,9,,wy|sheridan|wy-2026-primary|county_local_summary|39edca2c579e34f3aa8d5879b238abf44f64fc74d463938d90027acc965759fd|wy-2026-primary|county|sheridan|precinct-committeeman-17-1|rep|write_in_aggregate|write_in_aggregate|Sheridan|COUNTY
wy-2026-primary,wy|sheridan|wy-2026-primary|county_local_summary,Sheridan,wy-2026-primary|county|sheridan|precinct-committeewoman-17-1|rep,REP PRECINCT WOMAN 17-1,Precinct Committeewoman 17-1,county,,REP,REP,precinct,39edca2c579e34f3aa8d5879b238abf44f64fc74d463938d90027acc965759fd,2026-08-21T12:51:32Z,,county_summary_pdf_v1,1.1.6,1,needs_review,https://www.sheridancountywy.gov/departments/elections/2026_election_results.php,,,manual_required,candidate,Sheridan,,,CAROLYN HELFERICH,CAROLYN HELFERICH,,179,,wy|sheridan|wy-2026-primary|county_local_summary|39edca2c579e34f3aa8d5879b238abf44f64fc74d463938d90027acc965759fd|wy-2026-primary|county|sheridan|precinct-committeewoman-17-1|rep|candidate|CAROLYN HELFERICH|Sheridan|COUNTY
wy-2026-primary,wy|sheridan|wy-2026-primary|county_local_summary,Sheridan,wy-2026-primary|county|sheridan|precinct-committeewoman-17-1|rep,REP PRECINCT WOMAN 17-1,Precinct Committeewoman 17-1,county,,REP,REP,precinct,39edca2c579e34f3aa8d5879b238abf44f64fc74d463938d90027acc965759fd,2026-08-21T12:51:32Z,,county_summary_pdf_v1,1.1.6,1,needs_review,https://www.sheridancountywy.gov/departments/elections/2026_election_results.php,,,manual_required,candidate,Sheridan,,,C. ROBERTA ROELFSEMA,C. ROBERTA ROELFSEMA,,170,,wy|sheridan|wy-2026-primary|county_local_summary|39edca2c579e34f3aa8d5879b238abf44f64fc74d463938d90027acc965759fd|wy-2026-primary|county|sheridan|precinct-committeewoman-17-1|rep|candidate|C. ROBERTA ROELFSEMA|Sheridan|COUNTY
wy-2026-primary,wy|sheridan|wy-2026-primary|county_local_summary,Sheridan,wy-2026-primary|county|sheridan|precinct-committeewoman-17-1|rep,REP PRECINCT WOMAN 17-1,Precinct Committeewoman 17-1,county,,REP,REP,precinct,39edca2c579e34f3aa8d5879b238abf44f64fc74d463938d90027acc965759fd,2026-08-21T12:51:32Z,,county_summary_pdf_v1,1.1.6,1,needs_review,https://www.sheridancountywy.gov/departments/elections/2026_election_results.php,,,manual_required,write_in_aggregate,Sheridan,,,,,,7,,wy|sheridan|wy-2026-primary|county_local_summary|39edca2c579e34f3aa8d5879b238abf44f64fc74d463938d90027acc965759fd|wy-2026-primary|county|sheridan|precinct-committeewoman-17-1|rep|write_in_aggregate|write_in_aggregate|Sheridan|COUNTY
wy-2026-primary,wy|sheridan|wy-2026-primary|county_local_summary,Sheridan,wy-2026-primary|county|sheridan|precinct-committeeman-17-2|rep,REP PRECINCT MAN 17-2,Precinct Committeeman 17-2,county,,REP,REP,precinct,39edca2c579e34f3aa8d5879b238abf44f64fc74d463938d90027acc965759fd,2026-08-21T12:51:32Z,,county_summary_pdf_v1,1.1.6,1,needs_review,https://www.sheridancountywy.gov/departments/elections/2026_election_results.php,,,manual_required,candidate,Sheridan,,,DENNIS FOX,DENNIS FOX,,125,,wy|sheridan|wy-2026-primary|county_local_summary|39edca2c579e34f3aa8d5879b238abf44f64fc74d463938d90027acc965759fd|wy-2026-primary|county|sheridan|precinct-committeeman-17-2|rep|candidate|DENNIS FOX|Sheridan|COUNTY
wy-2026-primary,wy|sheridan|wy-2026-primary|county_local_summary,Sheridan,wy-2026-primary|county|sheridan|precinct-committeeman-17-2|rep,REP PRECINCT MAN 17-2,Precinct Committeeman 17-2,county,,REP,REP,precinct,39edca2c579e34f3aa8d5879b238abf44f64fc74d463938d90027acc965759fd,2026-08-21T12:51:32Z,,county_summary_pdf_v1,1.1.6,1,needs_review,https://www.sheridancountywy.gov/departments/elections/2026_election_results.php,,,manual_required,write_in_aggregate,Sheridan,,,,,,6,,wy|sheridan|wy-2026-primary|county_local_summary|39edca2c579e34f3aa8d5879b238abf44f64fc74d463938d90027acc965759fd|wy-2026-primary|county|sheridan|precinct-committeeman-17-2|rep|write_in_aggregate|write_in_aggregate|Sheridan|COUNTY
wy-2026-primary,wy|sheridan|wy-2026-primary|county_local_summary,Sheridan,wy-2026-primary|county|sheridan|precinct-committeewoman-17-2|rep,REP PRECINCT WOMAN 17-2,Precinct Committeewoman 17-2,county,,REP,REP,precinct,39edca2c579e34f3aa8d5879b238abf44f64fc74d463938d90027acc965759fd,2026-08-21T12:51:32Z,,county_summary_pdf_v1,1.1.6,1,needs_review,https://www.sheridancountywy.gov/departments/elections/2026_election_results.php,,,manual_required,write_in_aggregate,Sheridan,,,,,,14,,wy|sheridan|wy-2026-primary|county_local_summary|39edca2c579e34f3aa8d5879b238abf44f64fc74d463938d90027acc965759fd|wy-2026-primary|county|sheridan|precinct-committeewoman-17-2|rep|write_in_aggregate|write_in_aggregate|Sheridan|COUNTY
wy-2026-primary,wy|sheridan|wy-2026-primary|county_local_summary,Sheridan,wy-2026-primary|county|sheridan|precinct-committeeman-18-1|rep,REP PRECINCT MAN 18-1,Precinct Committeeman 18-1,county,,REP,REP,precinct,39edca2c579e34f3aa8d5879b238abf44f64fc74d463938d90027acc965759fd,2026-08-21T12:51:32Z,,county_summary_pdf_v1,1.1.6,1,needs_review,https://www.sheridancountywy.gov/departments/elections/2026_election_results.php,,,manual_required,candidate,Sheridan,,,JAMES R. WATT,JAMES R. WATT,,25,,wy|sheridan|wy-2026-primary|county_local_summary|39edca2c579e34f3aa8d5879b238abf44f64fc74d463938d90027acc965759fd|wy-2026-primary|county|sheridan|precinct-committeeman-18-1|rep|candidate|JAMES R. WATT|Sheridan|COUNTY
wy-2026-primary,wy|sheridan|wy-2026-primary|county_local_summary,Sheridan,wy-2026-primary|county|sheridan|precinct-committeeman-18-1|rep,REP PRECINCT MAN 18-1,Precinct Committeeman 18-1,county,,REP,REP,precinct,39edca2c579e34f3aa8d5879b238abf44f64fc74d463938d90027acc965759fd,2026-08-21T12:51:32Z,,county_summary_pdf_v1,1.1.6,1,needs_review,https://www.sheridancountywy.gov/departments/elections/2026_election_results.php,,,manual_required,write_in_aggregate,Sheridan,,,,,,0,,wy|sheridan|wy-2026-primary|county_local_summary|39edca2c579e34f3aa8d5879b238abf44f64fc74d463938d90027acc965759fd|wy-2026-primary|county|sheridan|precinct-committeeman-18-1|rep|write_in_aggregate|write_in_aggregate|Sheridan|COUNTY
wy-2026-primary,wy|sheridan|wy-2026-primary|county_local_summary,Sheridan,wy-2026-primary|county|sheridan|precinct-committeewoman-18-1|rep,REP PRECINCT WOMAN 18-1,Precinct Committeewoman 18-1,county,,REP,REP,precinct,39edca2c579e34f3aa8d5879b238abf44f64fc74d463938d90027acc965759fd,2026-08-21T12:51:32Z,,county_summary_pdf_v1,1.1.6,1,needs_review,https://www.sheridancountywy.gov/departments/elections/2026_election_results.php,,,manual_required,candidate,Sheridan,,,SHEILA WATT,SHEILA WATT,,25,,wy|sheridan|wy-2026-primary|county_local_summary|39edca2c579e34f3aa8d5879b238abf44f64fc74d463938d90027acc965759fd|wy-2026-primary|county|sheridan|precinct-committeewoman-18-1|rep|candidate|SHEILA WATT|Sheridan|COUNTY
wy-2026-primary,wy|sheridan|wy-2026-primary|county_local_summary,Sheridan,wy-2026-primary|county|sheridan|precinct-committeewoman-18-1|rep,REP PRECINCT WOMAN 18-1,Precinct Committeewoman 18-1,county,,REP,REP,precinct,39edca2c579e34f3aa8d5879b238abf44f64fc74d463938d90027acc965759fd,2026-08-21T12:51:32Z,,county_summary_pdf_v1,1.1.6,1,needs_review,https://www.sheridancountywy.gov/departments/elections/2026_election_results.php,,,manual_required,write_in_aggregate,Sheridan,,,,,,0,,wy|sheridan|wy-2026-primary|county_local_summary|39edca2c579e34f3aa8d5879b238abf44f64fc74d463938d90027acc965759fd|wy-2026-primary|county|sheridan|precinct-committeewoman-18-1|rep|write_in_aggregate|write_in_aggregate|Sheridan|COUNTY
wy-2026-primary,wy|sheridan|wy-2026-primary|county_local_summary,Sheridan,wy-2026-primary|county|sheridan|precinct-committeeman-19-1|rep,REP PRECINCT MAN 19-1,Precinct Committeeman 19-1,county,,REP,REP,precinct,39edca2c579e34f3aa8d5879b238abf44f64fc74d463938d90027acc965759fd,2026-08-21T12:51:32Z,,county_summary_pdf_v1,1.1.6,1,needs_review,https://www.sheridancountywy.gov/departments/elections/2026_election_results.php,,,manual_required,candidate,Sheridan,,,STEVEN COX,STEVEN COX,,137,,wy|sheridan|wy-2026-primary|county_local_summary|39edca2c579e34f3aa8d5879b238abf44f64fc74d463938d90027acc965759fd|wy-2026-primary|county|sheridan|precinct-committeeman-19-1|rep|candidate|STEVEN COX|Sheridan|COUNTY
wy-2026-primary,wy|sheridan|wy-2026-primary|county_local_summary,Sheridan,wy-2026-primary|county|sheridan|precinct-committeeman-19-1|rep,REP PRECINCT MAN 19-1,Precinct Committeeman 19-1,county,,REP,REP,precinct,39edca2c579e34f3aa8d5879b238abf44f64fc74d463938d90027acc965759fd,2026-08-21T12:51:32Z,,county_summary_pdf_v1,1.1.6,1,needs_review,https://www.sheridancountywy.gov/departments/elections/2026_election_results.php,,,manual_required,write_in_aggregate,Sheridan,,,,,,2,,wy|sheridan|wy-2026-primary|county_local_summary|39edca2c579e34f3aa8d5879b238abf44f64fc74d463938d90027acc965759fd|wy-2026-primary|county|sheridan|precinct-committeeman-19-1|rep|write_in_aggregate|write_in_aggregate|Sheridan|COUNTY
wy-2026-primary,wy|sheridan|wy-2026-primary|county_local_summary,Sheridan,wy-2026-primary|county|sheridan|precinct-committeewoman-19-1|rep,REP PRECINCT WOMAN 19-1,Precinct Committeewoman 19-1,county,,REP,REP,precinct,39edca2c579e34f3aa8d5879b238abf44f64fc74d463938d90027acc965759fd,2026-08-21T12:51:32Z,,county_summary_pdf_v1,1.1.6,1,needs_review,https://www.sheridancountywy.gov/departments/elections/2026_election_results.php,,,manual_required,candidate,Sheridan,,,JULIE GERLACH,JULIE GERLACH,,145,,wy|sheridan|wy-2026-primary|county_local_summary|39edca2c579e34f3aa8d5879b238abf44f64fc74d463938d90027acc965759fd|wy-2026-primary|county|sheridan|precinct-committeewoman-19-1|rep|candidate|JULIE GERLACH|Sheridan|COUNTY
wy-2026-primary,wy|sheridan|wy-2026-primary|county_local_summary,Sheridan,wy-2026-primary|county|sheridan|precinct-committeewoman-19-1|rep,REP PRECINCT WOMAN 19-1,Precinct Committeewoman 19-1,county,,REP,REP,precinct,39edca2c579e34f3aa8d5879b238abf44f64fc74d463938d90027acc965759fd,2026-08-21T12:51:32Z,,county_summary_pdf_v1,1.1.6,1,needs_review,https://www.sheridancountywy.gov/departments/elections/2026_election_results.php,,,manual_required,write_in_aggregate,Sheridan,,,,,,0,,wy|sheridan|wy-2026-primary|county_local_summary|39edca2c579e34f3aa8d5879b238abf44f64fc74d463938d90027acc965759fd|wy-2026-primary|county|sheridan|precinct-committeewoman-19-1|rep|write_in_aggregate|write_in_aggregate|Sheridan|COUNTY
wy-2026-primary,wy|sheridan|wy-2026-primary|county_local_summary,Sheridan,wy-2026-primary|county|sheridan|precinct-committeeman-20-1|rep,REP PRECINCT MAN 20-1,Precinct Committeeman 20-1,county,,REP,REP,precinct,39edca2c579e34f3aa8d5879b238abf44f64fc74d463938d90027acc965759fd,2026-08-21T12:51:32Z,,county_summary_pdf_v1,1.1.6,1,needs_review,https://www.sheridancountywy.gov/departments/elections/2026_election_results.php,,,manual_required,candidate,Sheridan,,,DAN GROVER,DAN GROVER,,228,,wy|sheridan|wy-2026-primary|county_local_summary|39edca2c579e34f3aa8d5879b238abf44f64fc74d463938d90027acc965759fd|wy-2026-primary|county|sheridan|precinct-committeeman-20-1|rep|candidate|DAN GROVER|Sheridan|COUNTY
wy-2026-primary,wy|sheridan|wy-2026-primary|county_local_summary,Sheridan,wy-2026-primary|county|sheridan|precinct-committeeman-20-1|rep,REP PRECINCT MAN 20-1,Precinct Committeeman 20-1,county,,REP,REP,precinct,39edca2c579e34f3aa8d5879b238abf44f64fc74d463938d90027acc965759fd,2026-08-21T12:51:32Z,,county_summary_pdf_v1,1.1.6,1,needs_review,https://www.sheridancountywy.gov/departments/elections/2026_election_results.php,,,manual_required,candidate,Sheridan,,,MAX-WELL CHASE,MAX-WELL CHASE,,136,,wy|sheridan|wy-2026-primary|county_local_summary|39edca2c579e34f3aa8d5879b238abf44f64fc74d463938d90027acc965759fd|wy-2026-primary|county|sheridan|precinct-committeeman-20-1|rep|candidate|MAX-WELL CHASE|Sheridan|COUNTY
wy-2026-primary,wy|sheridan|wy-2026-primary|county_local_summary,Sheridan,wy-2026-primary|county|sheridan|precinct-committeeman-20-1|rep,REP PRECINCT MAN 20-1,Precinct Committeeman 20-1,county,,REP,REP,precinct,39edca2c579e34f3aa8d5879b238abf44f64fc74d463938d90027acc965759fd,2026-08-21T12:51:32Z,,county_summary_pdf_v1,1.1.6,1,needs_review,https://www.sheridancountywy.gov/departments/elections/2026_election_results.php,,,manual_required,write_in_aggregate,Sheridan,,,,,,34,,wy|sheridan|wy-2026-primary|county_local_summary|39edca2c579e34f3aa8d5879b238abf44f64fc74d463938d90027acc965759fd|wy-2026-primary|county|sheridan|precinct-committeeman-20-1|rep|write_in_aggregate|write_in_aggregate|Sheridan|COUNTY
wy-2026-primary,wy|sheridan|wy-2026-primary|county_local_summary,Sheridan,wy-2026-primary|county|sheridan|precinct-committeewoman-20-1|rep,REP PRECINCT WOMAN 20-1,Precinct Committeewoman 20-1,county,,REP,REP,precinct,39edca2c579e34f3aa8d5879b238abf44f64fc74d463938d90027acc965759fd,2026-08-21T12:51:32Z,,county_summary_pdf_v1,1.1.6,1,needs_review,https://www.sheridancountywy.gov/departments/elections/2026_election_results.php,,,manual_required,candidate,Sheridan,,,ERIN KILBRIDE,ERIN KILBRIDE,,197,,wy|sheridan|wy-2026-primary|county_local_summary|39edca2c579e34f3aa8d5879b238abf44f64fc74d463938d90027acc965759fd|wy-2026-primary|county|sheridan|precinct-committeewoman-20-1|rep|candidate|ERIN KILBRIDE|Sheridan|COUNTY
wy-2026-primary,wy|sheridan|wy-2026-primary|county_local_summary,Sheridan,wy-2026-primary|county|sheridan|precinct-committeewoman-20-1|rep,REP PRECINCT WOMAN 20-1,Precinct Committeewoman 20-1,county,,REP,REP,precinct,39edca2c579e34f3aa8d5879b238abf44f64fc74d463938d90027acc965759fd,2026-08-21T12:51:32Z,,county_summary_pdf_v1,1.1.6,1,needs_review,https://www.sheridancountywy.gov/departments/elections/2026_election_results.php,,,manual_required,candidate,Sheridan,,,LUCINDA JANN,LUCINDA JANN,,176,,wy|sheridan|wy-2026-primary|county_local_summary|39edca2c579e34f3aa8d5879b238abf44f64fc74d463938d90027acc965759fd|wy-2026-primary|county|sheridan|precinct-committeewoman-20-1|rep|candidate|LUCINDA JANN|Sheridan|COUNTY
wy-2026-primary,wy|sheridan|wy-2026-primary|county_local_summary,Sheridan,wy-2026-primary|county|sheridan|precinct-committeewoman-20-1|rep,REP PRECINCT WOMAN 20-1,Precinct Committeewoman 20-1,county,,REP,REP,precinct,39edca2c579e34f3aa8d5879b238abf44f64fc74d463938d90027acc965759fd,2026-08-21T12:51:32Z,,county_summary_pdf_v1,1.1.6,1,needs_review,https://www.sheridancountywy.gov/departments/elections/2026_election_results.php,,,manual_required,candidate,Sheridan,,,LISA CHASE,LISA CHASE,,109,,wy|sheridan|wy-2026-primary|county_local_summary|39edca2c579e34f3aa8d5879b238abf44f64fc74d463938d90027acc965759fd|wy-2026-primary|county|sheridan|precinct-committeewoman-20-1|rep|candidate|LISA CHASE|Sheridan|COUNTY
wy-2026-primary,wy|sheridan|wy-2026-primary|county_local_summary,Sheridan,wy-2026-primary|county|sheridan|precinct-committeewoman-20-1|rep,REP PRECINCT WOMAN 20-1,Precinct Committeewoman 20-1,county,,REP,REP,precinct,39edca2c579e34f3aa8d5879b238abf44f64fc74d463938d90027acc965759fd,2026-08-21T12:51:32Z,,county_summary_pdf_v1,1.1.6,1,needs_review,https://www.sheridancountywy.gov/departments/elections/2026_election_results.php,,,manual_required,write_in_aggregate,Sheridan,,,,,,8,,wy|sheridan|wy-2026-primary|county_local_summary|39edca2c579e34f3aa8d5879b238abf44f64fc74d463938d90027acc965759fd|wy-2026-primary|county|sheridan|precinct-committeewoman-20-1|rep|write_in_aggregate|write_in_aggregate|Sheridan|COUNTY
wy-2026-primary,wy|sheridan|wy-2026-primary|county_local_summary,Sheridan,wy-2026-primary|county|sheridan|precinct-committeeman-20-2|rep,REP PRECINCT MAN 20-2,Precinct Committeeman 20-2,county,,REP,REP,precinct,39edca2c579e34f3aa8d5879b238abf44f64fc74d463938d90027acc965759fd,2026-08-21T12:51:32Z,,county_summary_pdf_v1,1.1.6,1,needs_review,https://www.sheridancountywy.gov/departments/elections/2026_election_results.php,,,manual_required,candidate,Sheridan,,,CURT MCCRIGHT,CURT MCCRIGHT,,69,,wy|sheridan|wy-2026-primary|county_local_summary|39edca2c579e34f3aa8d5879b238abf44f64fc74d463938d90027acc965759fd|wy-2026-primary|county|sheridan|precinct-committeeman-20-2|rep|candidate|CURT MCCRIGHT|Sheridan|COUNTY
wy-2026-primary,wy|sheridan|wy-2026-primary|county_local_summary,Sheridan,wy-2026-primary|county|sheridan|precinct-committeeman-20-2|rep,REP PRECINCT MAN 20-2,Precinct Committeeman 20-2,county,,REP,REP,precinct,39edca2c579e34f3aa8d5879b238abf44f64fc74d463938d90027acc965759fd,2026-08-21T12:51:32Z,,county_summary_pdf_v1,1.1.6,1,needs_review,https://www.sheridancountywy.gov/departments/elections/2026_election_results.php,,,manual_required,write_in_aggregate,Sheridan,,,,,,4,,wy|sheridan|wy-2026-primary|county_local_summary|39edca2c579e34f3aa8d5879b238abf44f64fc74d463938d90027acc965759fd|wy-2026-primary|county|sheridan|precinct-committeeman-20-2|rep|write_in_aggregate|write_in_aggregate|Sheridan|COUNTY
wy-2026-primary,wy|sheridan|wy-2026-primary|county_local_summary,Sheridan,wy-2026-primary|county|sheridan|precinct-committeewoman-20-2|rep,REP PRECINCT WOMAN 20-2,Precinct Committeewoman 20-2,county,,REP,REP,precinct,39edca2c579e34f3aa8d5879b238abf44f64fc74d463938d90027acc965759fd,2026-08-21T12:51:32Z,,county_summary_pdf_v1,1.1.6,1,needs_review,https://www.sheridancountywy.gov/departments/elections/2026_election_results.php,,,manual_required,candidate,Sheridan,,,SHARON MCCRIGHT,SHARON MCCRIGHT,,69,,wy|sheridan|wy-2026-primary|county_local_summary|39edca2c579e34f3aa8d5879b238abf44f64fc74d463938d90027acc965759fd|wy-2026-primary|county|sheridan|precinct-committeewoman-20-2|rep|candidate|SHARON MCCRIGHT|Sheridan|COUNTY
wy-2026-primary,wy|sheridan|wy-2026-primary|county_local_summary,Sheridan,wy-2026-primary|county|sheridan|precinct-committeewoman-20-2|rep,REP PRECINCT WOMAN 20-2,Precinct Committeewoman 20-2,county,,REP,REP,precinct,39edca2c579e34f3aa8d5879b238abf44f64fc74d463938d90027acc965759fd,2026-08-21T12:51:32Z,,county_summary_pdf_v1,1.1.6,1,needs_review,https://www.sheridancountywy.gov/departments/elections/2026_election_results.php,,,manual_required,write_in_aggregate,Sheridan,,,,,,3,,wy|sheridan|wy-2026-primary|county_local_summary|39edca2c579e34f3aa8d5879b238abf44f64fc74d463938d90027acc965759fd|wy-2026-primary|county|sheridan|precinct-committeewoman-20-2|rep|write_in_aggregate|write_in_aggregate|Sheridan|COUNTY
wy-2026-primary,wy|sheridan|wy-2026-primary|county_local_summary,Sheridan,wy-2026-primary|county|sheridan|county-commissioner|dem,DEM COUNTY COMMISSIONER,County Commissioner,county,,DEM,DEM,county,39edca2c579e34f3aa8d5879b238abf44f64fc74d463938d90027acc965759fd,2026-08-21T12:51:32Z,,county_summary_pdf_v1,1.1.6,1,needs_review,https://www.sheridancountywy.gov/departments/elections/2026_election_results.php,,,manual_required,write_in_aggregate,Sheridan,,,,,,177,,wy|sheridan|wy-2026-primary|county_local_summary|39edca2c579e34f3aa8d5879b238abf44f64fc74d463938d90027acc965759fd|wy-2026-primary|county|sheridan|county-commissioner|dem|write_in_aggregate|write_in_aggregate|Sheridan|COUNTY
wy-2026-primary,wy|sheridan|wy-2026-primary|county_local_summary,Sheridan,wy-2026-primary|county|sheridan|county-coroner|dem,DEM CORONER,County Coroner,county,,DEM,DEM,county,39edca2c579e34f3aa8d5879b238abf44f64fc74d463938d90027acc965759fd,2026-08-21T12:51:32Z,,county_summary_pdf_v1,1.1.6,1,needs_review,https://www.sheridancountywy.gov/departments/elections/2026_election_results.php,,,manual_required,write_in_aggregate,Sheridan,,,,,,86,,wy|sheridan|wy-2026-primary|county_local_summary|39edca2c579e34f3aa8d5879b238abf44f64fc74d463938d90027acc965759fd|wy-2026-primary|county|sheridan|county-coroner|dem|write_in_aggregate|write_in_aggregate|Sheridan|COUNTY
wy-2026-primary,wy|sheridan|wy-2026-primary|county_local_summary,Sheridan,wy-2026-primary|county|sheridan|county-attorney|dem,DEM COUNTY ATTORNEY,County Attorney,county,,DEM,DEM,county,39edca2c579e34f3aa8d5879b238abf44f64fc74d463938d90027acc965759fd,2026-08-21T12:51:32Z,,county_summary_pdf_v1,1.1.6,1,needs_review,https://www.sheridancountywy.gov/departments/elections/2026_election_results.php,,,manual_required,write_in_aggregate,Sheridan,,,,,,31,,wy|sheridan|wy-2026-primary|county_local_summary|39edca2c579e34f3aa8d5879b238abf44f64fc74d463938d90027acc965759fd|wy-2026-primary|county|sheridan|county-attorney|dem|write_in_aggregate|write_in_aggregate|Sheridan|COUNTY
wy-2026-primary,wy|sheridan|wy-2026-primary|county_local_summary,Sheridan,wy-2026-primary|county|sheridan|county-sheriff|dem,DEM SHERIFF,County Sheriff,county,,DEM,DEM,county,39edca2c579e34f3aa8d5879b238abf44f64fc74d463938d90027acc965759fd,2026-08-21T12:51:32Z,,county_summary_pdf_v1,1.1.6,1,needs_review,https://www.sheridancountywy.gov/departments/elections/2026_election_results.php,,,manual_required,write_in_aggregate,Sheridan,,,,,,120,,wy|sheridan|wy-2026-primary|county_local_summary|39edca2c579e34f3aa8d5879b238abf44f64fc74d463938d90027acc965759fd|wy-2026-primary|county|sheridan|county-sheriff|dem|write_in_aggregate|write_in_aggregate|Sheridan|COUNTY
wy-2026-primary,wy|sheridan|wy-2026-primary|county_local_summary,Sheridan,wy-2026-primary|county|sheridan|county-clerk|dem,DEM COUNTY CLERK,County Clerk,county,,DEM,DEM,county,39edca2c579e34f3aa8d5879b238abf44f64fc74d463938d90027acc965759fd,2026-08-21T12:51:32Z,,county_summary_pdf_v1,1.1.6,1,needs_review,https://www.sheridancountywy.gov/departments/elections/2026_election_results.php,,,manual_required,write_in_aggregate,Sheridan,,,,,,60,,wy|sheridan|wy-2026-primary|county_local_summary|39edca2c579e34f3aa8d5879b238abf44f64fc74d463938d90027acc965759fd|wy-2026-primary|county|sheridan|county-clerk|dem|write_in_aggregate|write_in_aggregate|Sheridan|COUNTY
wy-2026-primary,wy|sheridan|wy-2026-primary|county_local_summary,Sheridan,wy-2026-primary|county|sheridan|county-treasurer|dem,DEM TREASURER,County Treasurer,county,,DEM,DEM,county,39edca2c579e34f3aa8d5879b238abf44f64fc74d463938d90027acc965759fd,2026-08-21T12:51:32Z,,county_summary_pdf_v1,1.1.6,1,needs_review,https://www.sheridancountywy.gov/departments/elections/2026_election_results.php,,,manual_required,write_in_aggregate,Sheridan,,,,,,39,,wy|sheridan|wy-2026-primary|county_local_summary|39edca2c579e34f3aa8d5879b238abf44f64fc74d463938d90027acc965759fd|wy-2026-primary|county|sheridan|county-treasurer|dem|write_in_aggregate|write_in_aggregate|Sheridan|COUNTY
wy-2026-primary,wy|sheridan|wy-2026-primary|county_local_summary,Sheridan,wy-2026-primary|county|sheridan|county-assessor|dem,DEM ASSESSOR,County Assessor,county,,DEM,DEM,county,39edca2c579e34f3aa8d5879b238abf44f64fc74d463938d90027acc965759fd,2026-08-21T12:51:32Z,,county_summary_pdf_v1,1.1.6,1,needs_review,https://www.sheridancountywy.gov/departments/elections/2026_election_results.php,,,manual_required,write_in_aggregate,Sheridan,,,,,,27,,wy|sheridan|wy-2026-primary|county_local_summary|39edca2c579e34f3aa8d5879b238abf44f64fc74d463938d90027acc965759fd|wy-2026-primary|county|sheridan|county-assessor|dem|write_in_aggregate|write_in_aggregate|Sheridan|COUNTY
wy-2026-primary,wy|sheridan|wy-2026-primary|county_local_summary,Sheridan,wy-2026-primary|county|sheridan|clerk-of-district-court|dem,DEM CLERK OF DISTRICT COURT,Clerk Of District Court,county,,DEM,DEM,county,39edca2c579e34f3aa8d5879b238abf44f64fc74d463938d90027acc965759fd,2026-08-21T12:51:32Z,,county_summary_pdf_v1,1.1.6,1,needs_review,https://www.sheridancountywy.gov/departments/elections/2026_election_results.php,,,manual_required,write_in_aggregate,Sheridan,,,,,,33,,wy|sheridan|wy-2026-primary|county_local_summary|39edca2c579e34f3aa8d5879b238abf44f64fc74d463938d90027acc965759fd|wy-2026-primary|county|sheridan|clerk-of-district-court|dem|write_in_aggregate|write_in_aggregate|Sheridan|COUNTY
wy-2026-primary,wy|sheridan|wy-2026-primary|county_local_summary,Sheridan,wy-2026-primary|county|sheridan|precinct-committeeman-1-1|dem,DEM PRECINCT MAN 1-1,Precinct Committeeman 1-1,county,,DEM,DEM,precinct,39edca2c579e34f3aa8d5879b238abf44f64fc74d463938d90027acc965759fd,2026-08-21T12:51:32Z,,county_summary_pdf_v1,1.1.6,1,needs_review,https://www.sheridancountywy.gov/departments/elections/2026_election_results.php,,,manual_required,write_in_aggregate,Sheridan,,,,,,1,,wy|sheridan|wy-2026-primary|county_local_summary|39edca2c579e34f3aa8d5879b238abf44f64fc74d463938d90027acc965759fd|wy-2026-primary|county|sheridan|precinct-committeeman-1-1|dem|write_in_aggregate|write_in_aggregate|Sheridan|COUNTY
wy-2026-primary,wy|sheridan|wy-2026-primary|county_local_summary,Sheridan,wy-2026-primary|county|sheridan|precinct-committeewoman-1-1|dem,DEM PRECINCT WOMAN 1-1,Precinct Committeewoman 1-1,county,,DEM,DEM,precinct,39edca2c579e34f3aa8d5879b238abf44f64fc74d463938d90027acc965759fd,2026-08-21T12:51:32Z,,county_summary_pdf_v1,1.1.6,1,needs_review,https://www.sheridancountywy.gov/departments/elections/2026_election_results.php,,,manual_required,write_in_aggregate,Sheridan,,,,,,1,,wy|sheridan|wy-2026-primary|county_local_summary|39edca2c579e34f3aa8d5879b238abf44f64fc74d463938d90027acc965759fd|wy-2026-primary|county|sheridan|precinct-committeewoman-1-1|dem|write_in_aggregate|write_in_aggregate|Sheridan|COUNTY
wy-2026-primary,wy|sheridan|wy-2026-primary|county_local_summary,Sheridan,wy-2026-primary|county|sheridan|precinct-committeeman-2-1|dem,DEM PRECINCT MAN 2-1,Precinct Committeeman 2-1,county,,DEM,DEM,precinct,39edca2c579e34f3aa8d5879b238abf44f64fc74d463938d90027acc965759fd,2026-08-21T12:51:32Z,,county_summary_pdf_v1,1.1.6,1,needs_review,https://www.sheridancountywy.gov/departments/elections/2026_election_results.php,,,manual_required,write_in_aggregate,Sheridan,,,,,,2,,wy|sheridan|wy-2026-primary|county_local_summary|39edca2c579e34f3aa8d5879b238abf44f64fc74d463938d90027acc965759fd|wy-2026-primary|county|sheridan|precinct-committeeman-2-1|dem|write_in_aggregate|write_in_aggregate|Sheridan|COUNTY
wy-2026-primary,wy|sheridan|wy-2026-primary|county_local_summary,Sheridan,wy-2026-primary|county|sheridan|precinct-committeewoman-2-1|dem,DEM PRECINCT WOMAN 2-1,Precinct Committeewoman 2-1,county,,DEM,DEM,precinct,39edca2c579e34f3aa8d5879b238abf44f64fc74d463938d90027acc965759fd,2026-08-21T12:51:32Z,,county_summary_pdf_v1,1.1.6,1,needs_review,https://www.sheridancountywy.gov/departments/elections/2026_election_results.php,,,manual_required,candidate,Sheridan,,,JOANNE WESTBROOK,JOANNE WESTBROOK,,21,,wy|sheridan|wy-2026-primary|county_local_summary|39edca2c579e34f3aa8d5879b238abf44f64fc74d463938d90027acc965759fd|wy-2026-primary|county|sheridan|precinct-committeewoman-2-1|dem|candidate|JOANNE WESTBROOK|Sheridan|COUNTY
wy-2026-primary,wy|sheridan|wy-2026-primary|county_local_summary,Sheridan,wy-2026-primary|county|sheridan|precinct-committeewoman-2-1|dem,DEM PRECINCT WOMAN 2-1,Precinct Committeewoman 2-1,county,,DEM,DEM,precinct,39edca2c579e34f3aa8d5879b238abf44f64fc74d463938d90027acc965759fd,2026-08-21T12:51:32Z,,county_summary_pdf_v1,1.1.6,1,needs_review,https://www.sheridancountywy.gov/departments/elections/2026_election_results.php,,,manual_required,write_in_aggregate,Sheridan,,,,,,1,,wy|sheridan|wy-2026-primary|county_local_summary|39edca2c579e34f3aa8d5879b238abf44f64fc74d463938d90027acc965759fd|wy-2026-primary|county|sheridan|precinct-committeewoman-2-1|dem|write_in_aggregate|write_in_aggregate|Sheridan|COUNTY
wy-2026-primary,wy|sheridan|wy-2026-primary|county_local_summary,Sheridan,wy-2026-primary|county|sheridan|precinct-committeeman-2-2|dem,DEM PRECINCT MAN 2-2,Precinct Committeeman 2-2,county,,DEM,DEM,precinct,39edca2c579e34f3aa8d5879b238abf44f64fc74d463938d90027acc965759fd,2026-08-21T12:51:32Z,,county_summary_pdf_v1,1.1.6,1,needs_review,https://www.sheridancountywy.gov/departments/elections/2026_election_results.php,,,manual_required,write_in_aggregate,Sheridan,,,,,,0,,wy|sheridan|wy-2026-primary|county_local_summary|39edca2c579e34f3aa8d5879b238abf44f64fc74d463938d90027acc965759fd|wy-2026-primary|county|sheridan|precinct-committeeman-2-2|dem|write_in_aggregate|write_in_aggregate|Sheridan|COUNTY
wy-2026-primary,wy|sheridan|wy-2026-primary|county_local_summary,Sheridan,wy-2026-primary|county|sheridan|precinct-committeewoman-2-2|dem,DEM PRECINCT WOMAN 2-2,Precinct Committeewoman 2-2,county,,DEM,DEM,precinct,39edca2c579e34f3aa8d5879b238abf44f64fc74d463938d90027acc965759fd,2026-08-21T12:51:32Z,,county_summary_pdf_v1,1.1.6,1,needs_review,https://www.sheridancountywy.gov/departments/elections/2026_election_results.php,,,manual_required,write_in_aggregate,Sheridan,,,,,,0,,wy|sheridan|wy-2026-primary|county_local_summary|39edca2c579e34f3aa8d5879b238abf44f64fc74d463938d90027acc965759fd|wy-2026-primary|county|sheridan|precinct-committeewoman-2-2|dem|write_in_aggregate|write_in_aggregate|Sheridan|COUNTY
wy-2026-primary,wy|sheridan|wy-2026-primary|county_local_summary,Sheridan,wy-2026-primary|county|sheridan|precinct-committeeman-2-3|dem,DEM PRECINCT MAN 2-3,Precinct Committeeman 2-3,county,,DEM,DEM,precinct,39edca2c579e34f3aa8d5879b238abf44f64fc74d463938d90027acc965759fd,2026-08-21T12:51:32Z,,county_summary_pdf_v1,1.1.6,1,needs_review,https://www.sheridancountywy.gov/departments/elections/2026_election_results.php,,,manual_required,write_in_aggregate,Sheridan,,,,,,3,,wy|sheridan|wy-2026-primary|county_local_summary|39edca2c579e34f3aa8d5879b238abf44f64fc74d463938d90027acc965759fd|wy-2026-primary|county|sheridan|precinct-committeeman-2-3|dem|write_in_aggregate|write_in_aggregate|Sheridan|COUNTY
wy-2026-primary,wy|sheridan|wy-2026-primary|county_local_summary,Sheridan,wy-2026-primary|county|sheridan|precinct-committeewoman-2-3|dem,DEM PRECINCT WOMAN 2-3,Precinct Committeewoman 2-3,county,,DEM,DEM,precinct,39edca2c579e34f3aa8d5879b238abf44f64fc74d463938d90027acc965759fd,2026-08-21T12:51:32Z,,county_summary_pdf_v1,1.1.6,1,needs_review,https://www.sheridancountywy.gov/departments/elections/2026_election_results.php,,,manual_required,write_in_aggregate,Sheridan,,,,,,3,,wy|sheridan|wy-2026-primary|county_local_summary|39edca2c579e34f3aa8d5879b238abf44f64fc74d463938d90027acc965759fd|wy-2026-primary|county|sheridan|precinct-committeewoman-2-3|dem|write_in_aggregate|write_in_aggregate|Sheridan|COUNTY
wy-2026-primary,wy|sheridan|wy-2026-primary|county_local_summary,Sheridan,wy-2026-primary|county|sheridan|precinct-committeeman-2-4|dem,DEM PRECINCT MAN 2-4,Precinct Committeeman 2-4,county,,DEM,DEM,precinct,39edca2c579e34f3aa8d5879b238abf44f64fc74d463938d90027acc965759fd,2026-08-21T12:51:32Z,,county_summary_pdf_v1,1.1.6,1,needs_review,https://www.sheridancountywy.gov/departments/elections/2026_election_results.php,,,manual_required,write_in_aggregate,Sheridan,,,,,,2,,wy|sheridan|wy-2026-primary|county_local_summary|39edca2c579e34f3aa8d5879b238abf44f64fc74d463938d90027acc965759fd|wy-2026-primary|county|sheridan|precinct-committeeman-2-4|dem|write_in_aggregate|write_in_aggregate|Sheridan|COUNTY
wy-2026-primary,wy|sheridan|wy-2026-primary|county_local_summary,Sheridan,wy-2026-primary|county|sheridan|precinct-committeewoman-2-4|dem,DEM PRECINCT WOMAN 2-4,Precinct Committeewoman 2-4,county,,DEM,DEM,precinct,39edca2c579e34f3aa8d5879b238abf44f64fc74d463938d90027acc965759fd,2026-08-21T12:51:32Z,,county_summary_pdf_v1,1.1.6,1,needs_review,https://www.sheridancountywy.gov/departments/elections/2026_election_results.php,,,manual_required,write_in_aggregate,Sheridan,,,,,,2,,wy|sheridan|wy-2026-primary|county_local_summary|39edca2c579e34f3aa8d5879b238abf44f64fc74d463938d90027acc965759fd|wy-2026-primary|county|sheridan|precinct-committeewoman-2-4|dem|write_in_aggregate|write_in_aggregate|Sheridan|COUNTY
wy-2026-primary,wy|sheridan|wy-2026-primary|county_local_summary,Sheridan,wy-2026-primary|county|sheridan|precinct-committeeman-2-5|dem,DEM PRECINCT MAN 2-5,Precinct Committeeman 2-5,county,,DEM,DEM,precinct,39edca2c579e34f3aa8d5879b238abf44f64fc74d463938d90027acc965759fd,2026-08-21T12:51:32Z,,county_summary_pdf_v1,1.1.6,1,needs_review,https://www.sheridancountywy.gov/departments/elections/2026_election_results.php,,,manual_required,write_in_aggregate,Sheridan,,,,,,3,,wy|sheridan|wy-2026-primary|county_local_summary|39edca2c579e34f3aa8d5879b238abf44f64fc74d463938d90027acc965759fd|wy-2026-primary|county|sheridan|precinct-committeeman-2-5|dem|write_in_aggregate|write_in_aggregate|Sheridan|COUNTY
wy-2026-primary,wy|sheridan|wy-2026-primary|county_local_summary,Sheridan,wy-2026-primary|county|sheridan|precinct-committeewoman-2-5|dem,DEM PRECINCT WOMAN 2-5,Precinct Committeewoman 2-5,county,,DEM,DEM,precinct,39edca2c579e34f3aa8d5879b238abf44f64fc74d463938d90027acc965759fd,2026-08-21T12:51:32Z,,county_summary_pdf_v1,1.1.6,1,needs_review,https://www.sheridancountywy.gov/departments/elections/2026_election_results.php,,,manual_required,candidate,Sheridan,,,BARBARA E CHASE,BARBARA E CHASE,,50,,wy|sheridan|wy-2026-primary|county_local_summary|39edca2c579e34f3aa8d5879b238abf44f64fc74d463938d90027acc965759fd|wy-2026-primary|county|sheridan|precinct-committeewoman-2-5|dem|candidate|BARBARA E CHASE|Sheridan|COUNTY
wy-2026-primary,wy|sheridan|wy-2026-primary|county_local_summary,Sheridan,wy-2026-primary|county|sheridan|precinct-committeewoman-2-5|dem,DEM PRECINCT WOMAN 2-5,Precinct Committeewoman 2-5,county,,DEM,DEM,precinct,39edca2c579e34f3aa8d5879b238abf44f64fc74d463938d90027acc965759fd,2026-08-21T12:51:32Z,,county_summary_pdf_v1,1.1.6,1,needs_review,https://www.sheridancountywy.gov/departments/elections/2026_election_results.php,,,manual_required,write_in_aggregate,Sheridan,,,,,,1,,wy|sheridan|wy-2026-primary|county_local_summary|39edca2c579e34f3aa8d5879b238abf44f64fc74d463938d90027acc965759fd|wy-2026-primary|county|sheridan|precinct-committeewoman-2-5|dem|write_in_aggregate|write_in_aggregate|Sheridan|COUNTY
wy-2026-primary,wy|sheridan|wy-2026-primary|county_local_summary,Sheridan,wy-2026-primary|county|sheridan|precinct-committeeman-3-2|dem,DEM PRECINCT MAN 3-2,Precinct Committeeman 3-2,county,,DEM,DEM,precinct,39edca2c579e34f3aa8d5879b238abf44f64fc74d463938d90027acc965759fd,2026-08-21T12:51:32Z,,county_summary_pdf_v1,1.1.6,1,needs_review,https://www.sheridancountywy.gov/departments/elections/2026_election_results.php,,,manual_required,write_in_aggregate,Sheridan,,,,,,0,,wy|sheridan|wy-2026-primary|county_local_summary|39edca2c579e34f3aa8d5879b238abf44f64fc74d463938d90027acc965759fd|wy-2026-primary|county|sheridan|precinct-committeeman-3-2|dem|write_in_aggregate|write_in_aggregate|Sheridan|COUNTY
wy-2026-primary,wy|sheridan|wy-2026-primary|county_local_summary,Sheridan,wy-2026-primary|county|sheridan|precinct-committeewoman-3-2|dem,DEM PRECINCT WOMAN 3-2,Precinct Committeewoman 3-2,county,,DEM,DEM,precinct,39edca2c579e34f3aa8d5879b238abf44f64fc74d463938d90027acc965759fd,2026-08-21T12:51:32Z,,county_summary_pdf_v1,1.1.6,1,needs_review,https://www.sheridancountywy.gov/departments/elections/2026_election_results.php,,,manual_required,write_in_aggregate,Sheridan,,,,,,0,,wy|sheridan|wy-2026-primary|county_local_summary|39edca2c579e34f3aa8d5879b238abf44f64fc74d463938d90027acc965759fd|wy-2026-primary|county|sheridan|precinct-committeewoman-3-2|dem|write_in_aggregate|write_in_aggregate|Sheridan|COUNTY
wy-2026-primary,wy|sheridan|wy-2026-primary|county_local_summary,Sheridan,wy-2026-primary|county|sheridan|precinct-committeeman-3-3|dem,DEM PRECINCT MAN 3-3,Precinct Committeeman 3-3,county,,DEM,DEM,precinct,39edca2c579e34f3aa8d5879b238abf44f64fc74d463938d90027acc965759fd,2026-08-21T12:51:32Z,,county_summary_pdf_v1,1.1.6,1,needs_review,https://www.sheridancountywy.gov/departments/elections/2026_election_results.php,,,manual_required,write_in_aggregate,Sheridan,,,,,,0,,wy|sheridan|wy-2026-primary|county_local_summary|39edca2c579e34f3aa8d5879b238abf44f64fc74d463938d90027acc965759fd|wy-2026-primary|county|sheridan|precinct-committeeman-3-3|dem|write_in_aggregate|write_in_aggregate|Sheridan|COUNTY
wy-2026-primary,wy|sheridan|wy-2026-primary|county_local_summary,Sheridan,wy-2026-primary|county|sheridan|precinct-committeewoman-3-3|dem,DEM PRECINCT WOMAN 3-3,Precinct Committeewoman 3-3,county,,DEM,DEM,precinct,39edca2c579e34f3aa8d5879b238abf44f64fc74d463938d90027acc965759fd,2026-08-21T12:51:32Z,,county_summary_pdf_v1,1.1.6,1,needs_review,https://www.sheridancountywy.gov/departments/elections/2026_election_results.php,,,manual_required,write_in_aggregate,Sheridan,,,,,,0,,wy|sheridan|wy-2026-primary|county_local_summary|39edca2c579e34f3aa8d5879b238abf44f64fc74d463938d90027acc965759fd|wy-2026-primary|county|sheridan|precinct-committeewoman-3-3|dem|write_in_aggregate|write_in_aggregate|Sheridan|COUNTY
wy-2026-primary,wy|sheridan|wy-2026-primary|county_local_summary,Sheridan,wy-2026-primary|county|sheridan|precinct-committeeman-3-4|dem,DEM PRECINCT MAN 3-4,Precinct Committeeman 3-4,county,,DEM,DEM,precinct,39edca2c579e34f3aa8d5879b238abf44f64fc74d463938d90027acc965759fd,2026-08-21T12:51:32Z,,county_summary_pdf_v1,1.1.6,1,needs_review,https://www.sheridancountywy.gov/departments/elections/2026_election_results.php,,,manual_required,write_in_aggregate,Sheridan,,,,,,1,,wy|sheridan|wy-2026-primary|county_local_summary|39edca2c579e34f3aa8d5879b238abf44f64fc74d463938d90027acc965759fd|wy-2026-primary|county|sheridan|precinct-committeeman-3-4|dem|write_in_aggregate|write_in_aggregate|Sheridan|COUNTY
wy-2026-primary,wy|sheridan|wy-2026-primary|county_local_summary,Sheridan,wy-2026-primary|county|sheridan|precinct-committeewoman-3-4|dem,DEM PRECINCT WOMAN 3-4,Precinct Committeewoman 3-4,county,,DEM,DEM,precinct,39edca2c579e34f3aa8d5879b238abf44f64fc74d463938d90027acc965759fd,2026-08-21T12:51:32Z,,county_summary_pdf_v1,1.1.6,1,needs_review,https://www.sheridancountywy.gov/departments/elections/2026_election_results.php,,,manual_required,candidate,Sheridan,,,SUSAN CLINCH,SUSAN CLINCH,,33,,wy|sheridan|wy-2026-primary|county_local_summary|39edca2c579e34f3aa8d5879b238abf44f64fc74d463938d90027acc965759fd|wy-2026-primary|county|sheridan|precinct-committeewoman-3-4|dem|candidate|SUSAN CLINCH|Sheridan|COUNTY
wy-2026-primary,wy|sheridan|wy-2026-primary|county_local_summary,Sheridan,wy-2026-primary|county|sheridan|precinct-committeewoman-3-4|dem,DEM PRECINCT WOMAN 3-4,Precinct Committeewoman 3-4,county,,DEM,DEM,precinct,39edca2c579e34f3aa8d5879b238abf44f64fc74d463938d90027acc965759fd,2026-08-21T12:51:32Z,,county_summary_pdf_v1,1.1.6,1,needs_review,https://www.sheridancountywy.gov/departments/elections/2026_election_results.php,,,manual_required,write_in_aggregate,Sheridan,,,,,,0,,wy|sheridan|wy-2026-primary|county_local_summary|39edca2c579e34f3aa8d5879b238abf44f64fc74d463938d90027acc965759fd|wy-2026-primary|county|sheridan|precinct-committeewoman-3-4|dem|write_in_aggregate|write_in_aggregate|Sheridan|COUNTY
wy-2026-primary,wy|sheridan|wy-2026-primary|county_local_summary,Sheridan,wy-2026-primary|county|sheridan|precinct-committeeman-3-5|dem,DEM PRECINCT MAN 3-5,Precinct Committeeman 3-5,county,,DEM,DEM,precinct,39edca2c579e34f3aa8d5879b238abf44f64fc74d463938d90027acc965759fd,2026-08-21T12:51:32Z,,county_summary_pdf_v1,1.1.6,1,needs_review,https://www.sheridancountywy.gov/departments/elections/2026_election_results.php,,,manual_required,candidate,Sheridan,,,ROBERT AHRENS,ROBERT AHRENS,,32,,wy|sheridan|wy-2026-primary|county_local_summary|39edca2c579e34f3aa8d5879b238abf44f64fc74d463938d90027acc965759fd|wy-2026-primary|county|sheridan|precinct-committeeman-3-5|dem|candidate|ROBERT AHRENS|Sheridan|COUNTY
wy-2026-primary,wy|sheridan|wy-2026-primary|county_local_summary,Sheridan,wy-2026-primary|county|sheridan|precinct-committeeman-3-5|dem,DEM PRECINCT MAN 3-5,Precinct Committeeman 3-5,county,,DEM,DEM,precinct,39edca2c579e34f3aa8d5879b238abf44f64fc74d463938d90027acc965759fd,2026-08-21T12:51:32Z,,county_summary_pdf_v1,1.1.6,1,needs_review,https://www.sheridancountywy.gov/departments/elections/2026_election_results.php,,,manual_required,write_in_aggregate,Sheridan,,,,,,1,,wy|sheridan|wy-2026-primary|county_local_summary|39edca2c579e34f3aa8d5879b238abf44f64fc74d463938d90027acc965759fd|wy-2026-primary|county|sheridan|precinct-committeeman-3-5|dem|write_in_aggregate|write_in_aggregate|Sheridan|COUNTY
wy-2026-primary,wy|sheridan|wy-2026-primary|county_local_summary,Sheridan,wy-2026-primary|county|sheridan|precinct-committeewoman-3-5|dem,DEM PRECINCT WOMAN 3-5,Precinct Committeewoman 3-5,county,,DEM,DEM,precinct,39edca2c579e34f3aa8d5879b238abf44f64fc74d463938d90027acc965759fd,2026-08-21T12:51:32Z,,county_summary_pdf_v1,1.1.6,1,needs_review,https://www.sheridancountywy.gov/departments/elections/2026_election_results.php,,,manual_required,candidate,Sheridan,,,KATHLEEN SUSAN URBATCHKA,KATHLEEN SUSAN URBATCHKA,,32,,wy|sheridan|wy-2026-primary|county_local_summary|39edca2c579e34f3aa8d5879b238abf44f64fc74d463938d90027acc965759fd|wy-2026-primary|county|sheridan|precinct-committeewoman-3-5|dem|candidate|KATHLEEN SUSAN URBATCHKA|Sheridan|COUNTY
wy-2026-primary,wy|sheridan|wy-2026-primary|county_local_summary,Sheridan,wy-2026-primary|county|sheridan|precinct-committeewoman-3-5|dem,DEM PRECINCT WOMAN 3-5,Precinct Committeewoman 3-5,county,,DEM,DEM,precinct,39edca2c579e34f3aa8d5879b238abf44f64fc74d463938d90027acc965759fd,2026-08-21T12:51:32Z,,county_summary_pdf_v1,1.1.6,1,needs_review,https://www.sheridancountywy.gov/departments/elections/2026_election_results.php,,,manual_required,write_in_aggregate,Sheridan,,,,,,1,,wy|sheridan|wy-2026-primary|county_local_summary|39edca2c579e34f3aa8d5879b238abf44f64fc74d463938d90027acc965759fd|wy-2026-primary|county|sheridan|precinct-committeewoman-3-5|dem|write_in_aggregate|write_in_aggregate|Sheridan|COUNTY
wy-2026-primary,wy|sheridan|wy-2026-primary|county_local_summary,Sheridan,wy-2026-primary|county|sheridan|precinct-committeeman-4-2|dem,DEM PRECINCT MAN 4-2,Precinct Committeeman 4-2,county,,DEM,DEM,precinct,39edca2c579e34f3aa8d5879b238abf44f64fc74d463938d90027acc965759fd,2026-08-21T12:51:32Z,,county_summary_pdf_v1,1.1.6,1,needs_review,https://www.sheridancountywy.gov/departments/elections/2026_election_results.php,,,manual_required,write_in_aggregate,Sheridan,,,,,,3,,wy|sheridan|wy-2026-primary|county_local_summary|39edca2c579e34f3aa8d5879b238abf44f64fc74d463938d90027acc965759fd|wy-2026-primary|county|sheridan|precinct-committeeman-4-2|dem|write_in_aggregate|write_in_aggregate|Sheridan|COUNTY
wy-2026-primary,wy|sheridan|wy-2026-primary|county_local_summary,Sheridan,wy-2026-primary|county|sheridan|precinct-committeewoman-4-2|dem,DEM PRECINCT WOMAN 4-2,Precinct Committeewoman 4-2,county,,DEM,DEM,precinct,39edca2c579e34f3aa8d5879b238abf44f64fc74d463938d90027acc965759fd,2026-08-21T12:51:32Z,,county_summary_pdf_v1,1.1.6,1,needs_review,https://www.sheridancountywy.gov/departments/elections/2026_election_results.php,,,manual_required,write_in_aggregate,Sheridan,,,,,,2,,wy|sheridan|wy-2026-primary|county_local_summary|39edca2c579e34f3aa8d5879b238abf44f64fc74d463938d90027acc965759fd|wy-2026-primary|county|sheridan|precinct-committeewoman-4-2|dem|write_in_aggregate|write_in_aggregate|Sheridan|COUNTY
wy-2026-primary,wy|sheridan|wy-2026-primary|county_local_summary,Sheridan,wy-2026-primary|county|sheridan|precinct-committeeman-4-3|dem,DEM PRECINCT MAN 4-3,Precinct Committeeman 4-3,county,,DEM,DEM,precinct,39edca2c579e34f3aa8d5879b238abf44f64fc74d463938d90027acc965759fd,2026-08-21T12:51:32Z,,county_summary_pdf_v1,1.1.6,1,needs_review,https://www.sheridancountywy.gov/departments/elections/2026_election_results.php,,,manual_required,write_in_aggregate,Sheridan,,,,,,1,,wy|sheridan|wy-2026-primary|county_local_summary|39edca2c579e34f3aa8d5879b238abf44f64fc74d463938d90027acc965759fd|wy-2026-primary|county|sheridan|precinct-committeeman-4-3|dem|write_in_aggregate|write_in_aggregate|Sheridan|COUNTY
wy-2026-primary,wy|sheridan|wy-2026-primary|county_local_summary,Sheridan,wy-2026-primary|county|sheridan|precinct-committeewoman-4-3|dem,DEM PRECINCT WOMAN 4-3,Precinct Committeewoman 4-3,county,,DEM,DEM,precinct,39edca2c579e34f3aa8d5879b238abf44f64fc74d463938d90027acc965759fd,2026-08-21T12:51:32Z,,county_summary_pdf_v1,1.1.6,1,needs_review,https://www.sheridancountywy.gov/departments/elections/2026_election_results.php,,,manual_required,write_in_aggregate,Sheridan,,,,,,1,,wy|sheridan|wy-2026-primary|county_local_summary|39edca2c579e34f3aa8d5879b238abf44f64fc74d463938d90027acc965759fd|wy-2026-primary|county|sheridan|precinct-committeewoman-4-3|dem|write_in_aggregate|write_in_aggregate|Sheridan|COUNTY
wy-2026-primary,wy|sheridan|wy-2026-primary|county_local_summary,Sheridan,wy-2026-primary|county|sheridan|precinct-committeeman-4-4|dem,DEM PRECINCT MAN 4-4,Precinct Committeeman 4-4,county,,DEM,DEM,precinct,39edca2c579e34f3aa8d5879b238abf44f64fc74d463938d90027acc965759fd,2026-08-21T12:51:32Z,,county_summary_pdf_v1,1.1.6,1,needs_review,https://www.sheridancountywy.gov/departments/elections/2026_election_results.php,,,manual_required,candidate,Sheridan,,,ROB DAVIDSON,ROB DAVIDSON,,8,,wy|sheridan|wy-2026-primary|county_local_summary|39edca2c579e34f3aa8d5879b238abf44f64fc74d463938d90027acc965759fd|wy-2026-primary|county|sheridan|precinct-committeeman-4-4|dem|candidate|ROB DAVIDSON|Sheridan|COUNTY
wy-2026-primary,wy|sheridan|wy-2026-primary|county_local_summary,Sheridan,wy-2026-primary|county|sheridan|precinct-committeeman-4-4|dem,DEM PRECINCT MAN 4-4,Precinct Committeeman 4-4,county,,DEM,DEM,precinct,39edca2c579e34f3aa8d5879b238abf44f64fc74d463938d90027acc965759fd,2026-08-21T12:51:32Z,,county_summary_pdf_v1,1.1.6,1,needs_review,https://www.sheridancountywy.gov/departments/elections/2026_election_results.php,,,manual_required,write_in_aggregate,Sheridan,,,,,,0,,wy|sheridan|wy-2026-primary|county_local_summary|39edca2c579e34f3aa8d5879b238abf44f64fc74d463938d90027acc965759fd|wy-2026-primary|county|sheridan|precinct-committeeman-4-4|dem|write_in_aggregate|write_in_aggregate|Sheridan|COUNTY
wy-2026-primary,wy|sheridan|wy-2026-primary|county_local_summary,Sheridan,wy-2026-primary|county|sheridan|precinct-committeewoman-4-4|dem,DEM PRECINCT WOMAN 4-4,Precinct Committeewoman 4-4,county,,DEM,DEM,precinct,39edca2c579e34f3aa8d5879b238abf44f64fc74d463938d90027acc965759fd,2026-08-21T12:51:32Z,,county_summary_pdf_v1,1.1.6,1,needs_review,https://www.sheridancountywy.gov/departments/elections/2026_election_results.php,,,manual_required,write_in_aggregate,Sheridan,,,,,,1,,wy|sheridan|wy-2026-primary|county_local_summary|39edca2c579e34f3aa8d5879b238abf44f64fc74d463938d90027acc965759fd|wy-2026-primary|county|sheridan|precinct-committeewoman-4-4|dem|write_in_aggregate|write_in_aggregate|Sheridan|COUNTY
wy-2026-primary,wy|sheridan|wy-2026-primary|county_local_summary,Sheridan,wy-2026-primary|county|sheridan|precinct-committeeman-5-1|dem,DEM PRECINCT MAN 5-1,Precinct Committeeman 5-1,county,,DEM,DEM,precinct,39edca2c579e34f3aa8d5879b238abf44f64fc74d463938d90027acc965759fd,2026-08-21T12:51:32Z,,county_summary_pdf_v1,1.1.6,1,needs_review,https://www.sheridancountywy.gov/departments/elections/2026_election_results.php,,,manual_required,write_in_aggregate,Sheridan,,,,,,0,,wy|sheridan|wy-2026-primary|county_local_summary|39edca2c579e34f3aa8d5879b238abf44f64fc74d463938d90027acc965759fd|wy-2026-primary|county|sheridan|precinct-committeeman-5-1|dem|write_in_aggregate|write_in_aggregate|Sheridan|COUNTY
wy-2026-primary,wy|sheridan|wy-2026-primary|county_local_summary,Sheridan,wy-2026-primary|county|sheridan|precinct-committeewoman-5-1|dem,DEM PRECINCT WOMAN 5-1,Precinct Committeewoman 5-1,county,,DEM,DEM,precinct,39edca2c579e34f3aa8d5879b238abf44f64fc74d463938d90027acc965759fd,2026-08-21T12:51:32Z,,county_summary_pdf_v1,1.1.6,1,needs_review,https://www.sheridancountywy.gov/departments/elections/2026_election_results.php,,,manual_required,write_in_aggregate,Sheridan,,,,,,0,,wy|sheridan|wy-2026-primary|county_local_summary|39edca2c579e34f3aa8d5879b238abf44f64fc74d463938d90027acc965759fd|wy-2026-primary|county|sheridan|precinct-committeewoman-5-1|dem|write_in_aggregate|write_in_aggregate|Sheridan|COUNTY
wy-2026-primary,wy|sheridan|wy-2026-primary|county_local_summary,Sheridan,wy-2026-primary|county|sheridan|precinct-committeeman-6-1|dem,DEM PRECINCT MAN 6-1,Precinct Committeeman 6-1,county,,DEM,DEM,precinct,39edca2c579e34f3aa8d5879b238abf44f64fc74d463938d90027acc965759fd,2026-08-21T12:51:32Z,,county_summary_pdf_v1,1.1.6,1,needs_review,https://www.sheridancountywy.gov/departments/elections/2026_election_results.php,,,manual_required,write_in_aggregate,Sheridan,,,,,,1,,wy|sheridan|wy-2026-primary|county_local_summary|39edca2c579e34f3aa8d5879b238abf44f64fc74d463938d90027acc965759fd|wy-2026-primary|county|sheridan|precinct-committeeman-6-1|dem|write_in_aggregate|write_in_aggregate|Sheridan|COUNTY
wy-2026-primary,wy|sheridan|wy-2026-primary|county_local_summary,Sheridan,wy-2026-primary|county|sheridan|precinct-committeewoman-6-1|dem,DEM PRECINCT WOMAN 6-1,Precinct Committeewoman 6-1,county,,DEM,DEM,precinct,39edca2c579e34f3aa8d5879b238abf44f64fc74d463938d90027acc965759fd,2026-08-21T12:51:32Z,,county_summary_pdf_v1,1.1.6,1,needs_review,https://www.sheridancountywy.gov/departments/elections/2026_election_results.php,,,manual_required,candidate,Sheridan,,,TRACY SPARTZ CAMPBELL,TRACY SPARTZ CAMPBELL,,12,,wy|sheridan|wy-2026-primary|county_local_summary|39edca2c579e34f3aa8d5879b238abf44f64fc74d463938d90027acc965759fd|wy-2026-primary|county|sheridan|precinct-committeewoman-6-1|dem|candidate|TRACY SPARTZ CAMPBELL|Sheridan|COUNTY
wy-2026-primary,wy|sheridan|wy-2026-primary|county_local_summary,Sheridan,wy-2026-primary|county|sheridan|precinct-committeewoman-6-1|dem,DEM PRECINCT WOMAN 6-1,Precinct Committeewoman 6-1,county,,DEM,DEM,precinct,39edca2c579e34f3aa8d5879b238abf44f64fc74d463938d90027acc965759fd,2026-08-21T12:51:32Z,,county_summary_pdf_v1,1.1.6,1,needs_review,https://www.sheridancountywy.gov/departments/elections/2026_election_results.php,,,manual_required,write_in_aggregate,Sheridan,,,,,,0,,wy|sheridan|wy-2026-primary|county_local_summary|39edca2c579e34f3aa8d5879b238abf44f64fc74d463938d90027acc965759fd|wy-2026-primary|county|sheridan|precinct-committeewoman-6-1|dem|write_in_aggregate|write_in_aggregate|Sheridan|COUNTY
wy-2026-primary,wy|sheridan|wy-2026-primary|county_local_summary,Sheridan,wy-2026-primary|county|sheridan|precinct-committeeman-7-1|dem,DEM PRECINCT MAN 7-1,Precinct Committeeman 7-1,county,,DEM,DEM,precinct,39edca2c579e34f3aa8d5879b238abf44f64fc74d463938d90027acc965759fd,2026-08-21T12:51:32Z,,county_summary_pdf_v1,1.1.6,1,needs_review,https://www.sheridancountywy.gov/departments/elections/2026_election_results.php,,,manual_required,write_in_aggregate,Sheridan,,,,,,0,,wy|sheridan|wy-2026-primary|county_local_summary|39edca2c579e34f3aa8d5879b238abf44f64fc74d463938d90027acc965759fd|wy-2026-primary|county|sheridan|precinct-committeeman-7-1|dem|write_in_aggregate|write_in_aggregate|Sheridan|COUNTY
wy-2026-primary,wy|sheridan|wy-2026-primary|county_local_summary,Sheridan,wy-2026-primary|county|sheridan|precinct-committeewoman-7-1|dem,DEM PRECINCT WOMAN 7-1,Precinct Committeewoman 7-1,county,,DEM,DEM,precinct,39edca2c579e34f3aa8d5879b238abf44f64fc74d463938d90027acc965759fd,2026-08-21T12:51:32Z,,county_summary_pdf_v1,1.1.6,1,needs_review,https://www.sheridancountywy.gov/departments/elections/2026_election_results.php,,,manual_required,write_in_aggregate,Sheridan,,,,,,1,,wy|sheridan|wy-2026-primary|county_local_summary|39edca2c579e34f3aa8d5879b238abf44f64fc74d463938d90027acc965759fd|wy-2026-primary|county|sheridan|precinct-committeewoman-7-1|dem|write_in_aggregate|write_in_aggregate|Sheridan|COUNTY
wy-2026-primary,wy|sheridan|wy-2026-primary|county_local_summary,Sheridan,wy-2026-primary|county|sheridan|precinct-committeeman-8-1|dem,DEM PRECINCT MAN 8-1,Precinct Committeeman 8-1,county,,DEM,DEM,precinct,39edca2c579e34f3aa8d5879b238abf44f64fc74d463938d90027acc965759fd,2026-08-21T12:51:32Z,,county_summary_pdf_v1,1.1.6,1,needs_review,https://www.sheridancountywy.gov/departments/elections/2026_election_results.php,,,manual_required,write_in_aggregate,Sheridan,,,,,,1,,wy|sheridan|wy-2026-primary|county_local_summary|39edca2c579e34f3aa8d5879b238abf44f64fc74d463938d90027acc965759fd|wy-2026-primary|county|sheridan|precinct-committeeman-8-1|dem|write_in_aggregate|write_in_aggregate|Sheridan|COUNTY
wy-2026-primary,wy|sheridan|wy-2026-primary|county_local_summary,Sheridan,wy-2026-primary|county|sheridan|precinct-committeewoman-8-1|dem,DEM PRECINCT WOMAN 8-1,Precinct Committeewoman 8-1,county,,DEM,DEM,precinct,39edca2c579e34f3aa8d5879b238abf44f64fc74d463938d90027acc965759fd,2026-08-21T12:51:32Z,,county_summary_pdf_v1,1.1.6,1,needs_review,https://www.sheridancountywy.gov/departments/elections/2026_election_results.php,,,manual_required,write_in_aggregate,Sheridan,,,,,,0,,wy|sheridan|wy-2026-primary|county_local_summary|39edca2c579e34f3aa8d5879b238abf44f64fc74d463938d90027acc965759fd|wy-2026-primary|county|sheridan|precinct-committeewoman-8-1|dem|write_in_aggregate|write_in_aggregate|Sheridan|COUNTY
wy-2026-primary,wy|sheridan|wy-2026-primary|county_local_summary,Sheridan,wy-2026-primary|county|sheridan|precinct-committeeman-9-1|dem,DEM PRECINCT MAN 9-1,Precinct Committeeman 9-1,county,,DEM,DEM,precinct,39edca2c579e34f3aa8d5879b238abf44f64fc74d463938d90027acc965759fd,2026-08-21T12:51:32Z,,county_summary_pdf_v1,1.1.6,1,needs_review,https://www.sheridancountywy.gov/departments/elections/2026_election_results.php,,,manual_required,write_in_aggregate,Sheridan,,,,,,0,,wy|sheridan|wy-2026-primary|county_local_summary|39edca2c579e34f3aa8d5879b238abf44f64fc74d463938d90027acc965759fd|wy-2026-primary|county|sheridan|precinct-committeeman-9-1|dem|write_in_aggregate|write_in_aggregate|Sheridan|COUNTY
wy-2026-primary,wy|sheridan|wy-2026-primary|county_local_summary,Sheridan,wy-2026-primary|county|sheridan|precinct-committeewoman-9-1|dem,DEM PRECINCT WOMAN 9-1,Precinct Committeewoman 9-1,county,,DEM,DEM,precinct,39edca2c579e34f3aa8d5879b238abf44f64fc74d463938d90027acc965759fd,2026-08-21T12:51:32Z,,county_summary_pdf_v1,1.1.6,1,needs_review,https://www.sheridancountywy.gov/departments/elections/2026_election_results.php,,,manual_required,write_in_aggregate,Sheridan,,,,,,0,,wy|sheridan|wy-2026-primary|county_local_summary|39edca2c579e34f3aa8d5879b238abf44f64fc74d463938d90027acc965759fd|wy-2026-primary|county|sheridan|precinct-committeewoman-9-1|dem|write_in_aggregate|write_in_aggregate|Sheridan|COUNTY
wy-2026-primary,wy|sheridan|wy-2026-primary|county_local_summary,Sheridan,wy-2026-primary|county|sheridan|precinct-committeeman-10-1|dem,DEM PRECINCT MAN 10-1,Precinct Committeeman 10-1,county,,DEM,DEM,precinct,39edca2c579e34f3aa8d5879b238abf44f64fc74d463938d90027acc965759fd,2026-08-21T12:51:32Z,,county_summary_pdf_v1,1.1.6,1,needs_review,https://www.sheridancountywy.gov/departments/elections/2026_election_results.php,,,manual_required,write_in_aggregate,Sheridan,,,,,,0,,wy|sheridan|wy-2026-primary|county_local_summary|39edca2c579e34f3aa8d5879b238abf44f64fc74d463938d90027acc965759fd|wy-2026-primary|county|sheridan|precinct-committeeman-10-1|dem|write_in_aggregate|write_in_aggregate|Sheridan|COUNTY
wy-2026-primary,wy|sheridan|wy-2026-primary|county_local_summary,Sheridan,wy-2026-primary|county|sheridan|precinct-committeewoman-10-1|dem,DEM PRECINCT WOMAN 10-1,Precinct Committeewoman 10-1,county,,DEM,DEM,precinct,39edca2c579e34f3aa8d5879b238abf44f64fc74d463938d90027acc965759fd,2026-08-21T12:51:32Z,,county_summary_pdf_v1,1.1.6,1,needs_review,https://www.sheridancountywy.gov/departments/elections/2026_election_results.php,,,manual_required,write_in_aggregate,Sheridan,,,,,,0,,wy|sheridan|wy-2026-primary|county_local_summary|39edca2c579e34f3aa8d5879b238abf44f64fc74d463938d90027acc965759fd|wy-2026-primary|county|sheridan|precinct-committeewoman-10-1|dem|write_in_aggregate|write_in_aggregate|Sheridan|COUNTY
wy-2026-primary,wy|sheridan|wy-2026-primary|county_local_summary,Sheridan,wy-2026-primary|county|sheridan|precinct-committeeman-11-1|dem,DEM PRECINCT MAN 11-1,Precinct Committeeman 11-1,county,,DEM,DEM,precinct,39edca2c579e34f3aa8d5879b238abf44f64fc74d463938d90027acc965759fd,2026-08-21T12:51:32Z,,county_summary_pdf_v1,1.1.6,1,needs_review,https://www.sheridancountywy.gov/departments/elections/2026_election_results.php,,,manual_required,write_in_aggregate,Sheridan,,,,,,1,,wy|sheridan|wy-2026-primary|county_local_summary|39edca2c579e34f3aa8d5879b238abf44f64fc74d463938d90027acc965759fd|wy-2026-primary|county|sheridan|precinct-committeeman-11-1|dem|write_in_aggregate|write_in_aggregate|Sheridan|COUNTY
wy-2026-primary,wy|sheridan|wy-2026-primary|county_local_summary,Sheridan,wy-2026-primary|county|sheridan|precinct-committeewoman-11-1|dem,DEM PRECINCT WOMAN 11-1,Precinct Committeewoman 11-1,county,,DEM,DEM,precinct,39edca2c579e34f3aa8d5879b238abf44f64fc74d463938d90027acc965759fd,2026-08-21T12:51:32Z,,county_summary_pdf_v1,1.1.6,1,needs_review,https://www.sheridancountywy.gov/departments/elections/2026_election_results.php,,,manual_required,candidate,Sheridan,,,DANIELLE ARNOUX,DANIELLE ARNOUX,,25,,wy|sheridan|wy-2026-primary|county_local_summary|39edca2c579e34f3aa8d5879b238abf44f64fc74d463938d90027acc965759fd|wy-2026-primary|county|sheridan|precinct-committeewoman-11-1|dem|candidate|DANIELLE ARNOUX|Sheridan|COUNTY
wy-2026-primary,wy|sheridan|wy-2026-primary|county_local_summary,Sheridan,wy-2026-primary|county|sheridan|precinct-committeewoman-11-1|dem,DEM PRECINCT WOMAN 11-1,Precinct Committeewoman 11-1,county,,DEM,DEM,precinct,39edca2c579e34f3aa8d5879b238abf44f64fc74d463938d90027acc965759fd,2026-08-21T12:51:32Z,,county_summary_pdf_v1,1.1.6,1,needs_review,https://www.sheridancountywy.gov/departments/elections/2026_election_results.php,,,manual_required,write_in_aggregate,Sheridan,,,,,,1,,wy|sheridan|wy-2026-primary|county_local_summary|39edca2c579e34f3aa8d5879b238abf44f64fc74d463938d90027acc965759fd|wy-2026-primary|county|sheridan|precinct-committeewoman-11-1|dem|write_in_aggregate|write_in_aggregate|Sheridan|COUNTY
wy-2026-primary,wy|sheridan|wy-2026-primary|county_local_summary,Sheridan,wy-2026-primary|county|sheridan|precinct-committeeman-12-1|dem,DEM PRECINCT MAN 12-1,Precinct Committeeman 12-1,county,,DEM,DEM,precinct,39edca2c579e34f3aa8d5879b238abf44f64fc74d463938d90027acc965759fd,2026-08-21T12:51:32Z,,county_summary_pdf_v1,1.1.6,1,needs_review,https://www.sheridancountywy.gov/departments/elections/2026_election_results.php,,,manual_required,candidate,Sheridan,,,DAVID N. BARKAN,DAVID N. BARKAN,,31,,wy|sheridan|wy-2026-primary|county_local_summary|39edca2c579e34f3aa8d5879b238abf44f64fc74d463938d90027acc965759fd|wy-2026-primary|county|sheridan|precinct-committeeman-12-1|dem|candidate|DAVID N. BARKAN|Sheridan|COUNTY
wy-2026-primary,wy|sheridan|wy-2026-primary|county_local_summary,Sheridan,wy-2026-primary|county|sheridan|precinct-committeeman-12-1|dem,DEM PRECINCT MAN 12-1,Precinct Committeeman 12-1,county,,DEM,DEM,precinct,39edca2c579e34f3aa8d5879b238abf44f64fc74d463938d90027acc965759fd,2026-08-21T12:51:32Z,,county_summary_pdf_v1,1.1.6,1,needs_review,https://www.sheridancountywy.gov/departments/elections/2026_election_results.php,,,manual_required,write_in_aggregate,Sheridan,,,,,,0,,wy|sheridan|wy-2026-primary|county_local_summary|39edca2c579e34f3aa8d5879b238abf44f64fc74d463938d90027acc965759fd|wy-2026-primary|county|sheridan|precinct-committeeman-12-1|dem|write_in_aggregate|write_in_aggregate|Sheridan|COUNTY
wy-2026-primary,wy|sheridan|wy-2026-primary|county_local_summary,Sheridan,wy-2026-primary|county|sheridan|precinct-committeewoman-12-1|dem,DEM PRECINCT WOMAN 12-1,Precinct Committeewoman 12-1,county,,DEM,DEM,precinct,39edca2c579e34f3aa8d5879b238abf44f64fc74d463938d90027acc965759fd,2026-08-21T12:51:32Z,,county_summary_pdf_v1,1.1.6,1,needs_review,https://www.sheridancountywy.gov/departments/elections/2026_election_results.php,,,manual_required,write_in_aggregate,Sheridan,,,,,,1,,wy|sheridan|wy-2026-primary|county_local_summary|39edca2c579e34f3aa8d5879b238abf44f64fc74d463938d90027acc965759fd|wy-2026-primary|county|sheridan|precinct-committeewoman-12-1|dem|write_in_aggregate|write_in_aggregate|Sheridan|COUNTY
wy-2026-primary,wy|sheridan|wy-2026-primary|county_local_summary,Sheridan,wy-2026-primary|county|sheridan|precinct-committeeman-13-1|dem,DEM PRECINCT MAN 13-1,Precinct Committeeman 13-1,county,,DEM,DEM,precinct,39edca2c579e34f3aa8d5879b238abf44f64fc74d463938d90027acc965759fd,2026-08-21T12:51:32Z,,county_summary_pdf_v1,1.1.6,1,needs_review,https://www.sheridancountywy.gov/departments/elections/2026_election_results.php,,,manual_required,candidate,Sheridan,,,PAUL S. MCCREERY,PAUL S. MCCREERY,,20,,wy|sheridan|wy-2026-primary|county_local_summary|39edca2c579e34f3aa8d5879b238abf44f64fc74d463938d90027acc965759fd|wy-2026-primary|county|sheridan|precinct-committeeman-13-1|dem|candidate|PAUL S. MCCREERY|Sheridan|COUNTY
wy-2026-primary,wy|sheridan|wy-2026-primary|county_local_summary,Sheridan,wy-2026-primary|county|sheridan|precinct-committeeman-13-1|dem,DEM PRECINCT MAN 13-1,Precinct Committeeman 13-1,county,,DEM,DEM,precinct,39edca2c579e34f3aa8d5879b238abf44f64fc74d463938d90027acc965759fd,2026-08-21T12:51:32Z,,county_summary_pdf_v1,1.1.6,1,needs_review,https://www.sheridancountywy.gov/departments/elections/2026_election_results.php,,,manual_required,write_in_aggregate,Sheridan,,,,,,0,,wy|sheridan|wy-2026-primary|county_local_summary|39edca2c579e34f3aa8d5879b238abf44f64fc74d463938d90027acc965759fd|wy-2026-primary|county|sheridan|precinct-committeeman-13-1|dem|write_in_aggregate|write_in_aggregate|Sheridan|COUNTY
wy-2026-primary,wy|sheridan|wy-2026-primary|county_local_summary,Sheridan,wy-2026-primary|county|sheridan|precinct-committeewoman-13-1|dem,DEM PRECINCT WOMAN 13-1,Precinct Committeewoman 13-1,county,,DEM,DEM,precinct,39edca2c579e34f3aa8d5879b238abf44f64fc74d463938d90027acc965759fd,2026-08-21T12:51:32Z,,county_summary_pdf_v1,1.1.6,1,needs_review,https://www.sheridancountywy.gov/departments/elections/2026_election_results.php,,,manual_required,write_in_aggregate,Sheridan,,,,,,0,,wy|sheridan|wy-2026-primary|county_local_summary|39edca2c579e34f3aa8d5879b238abf44f64fc74d463938d90027acc965759fd|wy-2026-primary|county|sheridan|precinct-committeewoman-13-1|dem|write_in_aggregate|write_in_aggregate|Sheridan|COUNTY
wy-2026-primary,wy|sheridan|wy-2026-primary|county_local_summary,Sheridan,wy-2026-primary|county|sheridan|precinct-committeeman-16-1|dem,DEM PRECINCT MAN 16-1,Precinct Committeeman 16-1,county,,DEM,DEM,precinct,39edca2c579e34f3aa8d5879b238abf44f64fc74d463938d90027acc965759fd,2026-08-21T12:51:32Z,,county_summary_pdf_v1,1.1.6,1,needs_review,https://www.sheridancountywy.gov/departments/elections/2026_election_results.php,,,manual_required,write_in_aggregate,Sheridan,,,,,,0,,wy|sheridan|wy-2026-primary|county_local_summary|39edca2c579e34f3aa8d5879b238abf44f64fc74d463938d90027acc965759fd|wy-2026-primary|county|sheridan|precinct-committeeman-16-1|dem|write_in_aggregate|write_in_aggregate|Sheridan|COUNTY
wy-2026-primary,wy|sheridan|wy-2026-primary|county_local_summary,Sheridan,wy-2026-primary|county|sheridan|precinct-committeewoman-16-1|dem,DEM PRECINCT WOMAN 16-1,Precinct Committeewoman 16-1,county,,DEM,DEM,precinct,39edca2c579e34f3aa8d5879b238abf44f64fc74d463938d90027acc965759fd,2026-08-21T12:51:32Z,,county_summary_pdf_v1,1.1.6,1,needs_review,https://www.sheridancountywy.gov/departments/elections/2026_election_results.php,,,manual_required,write_in_aggregate,Sheridan,,,,,,0,,wy|sheridan|wy-2026-primary|county_local_summary|39edca2c579e34f3aa8d5879b238abf44f64fc74d463938d90027acc965759fd|wy-2026-primary|county|sheridan|precinct-committeewoman-16-1|dem|write_in_aggregate|write_in_aggregate|Sheridan|COUNTY
wy-2026-primary,wy|sheridan|wy-2026-primary|county_local_summary,Sheridan,wy-2026-primary|county|sheridan|precinct-committeeman-17-1|dem,DEM PRECINCT MAN 17-1,Precinct Committeeman 17-1,county,,DEM,DEM,precinct,39edca2c579e34f3aa8d5879b238abf44f64fc74d463938d90027acc965759fd,2026-08-21T12:51:32Z,,county_summary_pdf_v1,1.1.6,1,needs_review,https://www.sheridancountywy.gov/departments/elections/2026_election_results.php,,,manual_required,write_in_aggregate,Sheridan,,,,,,1,,wy|sheridan|wy-2026-primary|county_local_summary|39edca2c579e34f3aa8d5879b238abf44f64fc74d463938d90027acc965759fd|wy-2026-primary|county|sheridan|precinct-committeeman-17-1|dem|write_in_aggregate|write_in_aggregate|Sheridan|COUNTY
wy-2026-primary,wy|sheridan|wy-2026-primary|county_local_summary,Sheridan,wy-2026-primary|county|sheridan|precinct-committeewoman-17-1|dem,DEM PRECINCT WOMAN 17-1,Precinct Committeewoman 17-1,county,,DEM,DEM,precinct,39edca2c579e34f3aa8d5879b238abf44f64fc74d463938d90027acc965759fd,2026-08-21T12:51:32Z,,county_summary_pdf_v1,1.1.6,1,needs_review,https://www.sheridancountywy.gov/departments/elections/2026_election_results.php,,,manual_required,candidate,Sheridan,,,ALLYSON HARVEY,ALLYSON HARVEY,,27,,wy|sheridan|wy-2026-primary|county_local_summary|39edca2c579e34f3aa8d5879b238abf44f64fc74d463938d90027acc965759fd|wy-2026-primary|county|sheridan|precinct-committeewoman-17-1|dem|candidate|ALLYSON HARVEY|Sheridan|COUNTY
wy-2026-primary,wy|sheridan|wy-2026-primary|county_local_summary,Sheridan,wy-2026-primary|county|sheridan|precinct-committeewoman-17-1|dem,DEM PRECINCT WOMAN 17-1,Precinct Committeewoman 17-1,county,,DEM,DEM,precinct,39edca2c579e34f3aa8d5879b238abf44f64fc74d463938d90027acc965759fd,2026-08-21T12:51:32Z,,county_summary_pdf_v1,1.1.6,1,needs_review,https://www.sheridancountywy.gov/departments/elections/2026_election_results.php,,,manual_required,write_in_aggregate,Sheridan,,,,,,0,,wy|sheridan|wy-2026-primary|county_local_summary|39edca2c579e34f3aa8d5879b238abf44f64fc74d463938d90027acc965759fd|wy-2026-primary|county|sheridan|precinct-committeewoman-17-1|dem|write_in_aggregate|write_in_aggregate|Sheridan|COUNTY
wy-2026-primary,wy|sheridan|wy-2026-primary|county_local_summary,Sheridan,wy-2026-primary|county|sheridan|precinct-committeeman-17-2|dem,DEM PRECINCT MAN 17-2,Precinct Committeeman 17-2,county,,DEM,DEM,precinct,39edca2c579e34f3aa8d5879b238abf44f64fc74d463938d90027acc965759fd,2026-08-21T12:51:32Z,,county_summary_pdf_v1,1.1.6,1,needs_review,https://www.sheridancountywy.gov/departments/elections/2026_election_results.php,,,manual_required,write_in_aggregate,Sheridan,,,,,,0,,wy|sheridan|wy-2026-primary|county_local_summary|39edca2c579e34f3aa8d5879b238abf44f64fc74d463938d90027acc965759fd|wy-2026-primary|county|sheridan|precinct-committeeman-17-2|dem|write_in_aggregate|write_in_aggregate|Sheridan|COUNTY
wy-2026-primary,wy|sheridan|wy-2026-primary|county_local_summary,Sheridan,wy-2026-primary|county|sheridan|precinct-committeewoman-17-2|dem,DEM PRECINCT WOMAN 17-2,Precinct Committeewoman 17-2,county,,DEM,DEM,precinct,39edca2c579e34f3aa8d5879b238abf44f64fc74d463938d90027acc965759fd,2026-08-21T12:51:32Z,,county_summary_pdf_v1,1.1.6,1,needs_review,https://www.sheridancountywy.gov/departments/elections/2026_election_results.php,,,manual_required,write_in_aggregate,Sheridan,,,,,,1,,wy|sheridan|wy-2026-primary|county_local_summary|39edca2c579e34f3aa8d5879b238abf44f64fc74d463938d90027acc965759fd|wy-2026-primary|county|sheridan|precinct-committeewoman-17-2|dem|write_in_aggregate|write_in_aggregate|Sheridan|COUNTY
wy-2026-primary,wy|sheridan|wy-2026-primary|county_local_summary,Sheridan,wy-2026-primary|county|sheridan|precinct-committeeman-18-1|dem,DEM PRECINCT MAN 18-1,Precinct Committeeman 18-1,county,,DEM,DEM,precinct,39edca2c579e34f3aa8d5879b238abf44f64fc74d463938d90027acc965759fd,2026-08-21T12:51:32Z,,county_summary_pdf_v1,1.1.6,1,needs_review,https://www.sheridancountywy.gov/departments/elections/2026_election_results.php,,,manual_required,write_in_aggregate,Sheridan,,,,,,2,,wy|sheridan|wy-2026-primary|county_local_summary|39edca2c579e34f3aa8d5879b238abf44f64fc74d463938d90027acc965759fd|wy-2026-primary|county|sheridan|precinct-committeeman-18-1|dem|write_in_aggregate|write_in_aggregate|Sheridan|COUNTY
wy-2026-primary,wy|sheridan|wy-2026-primary|county_local_summary,Sheridan,wy-2026-primary|county|sheridan|precinct-committeewoman-18-1|dem,DEM PRECINCT WOMAN 18-1,Precinct Committeewoman 18-1,county,,DEM,DEM,precinct,39edca2c579e34f3aa8d5879b238abf44f64fc74d463938d90027acc965759fd,2026-08-21T12:51:32Z,,county_summary_pdf_v1,1.1.6,1,needs_review,https://www.sheridancountywy.gov/departments/elections/2026_election_results.php,,,manual_required,write_in_aggregate,Sheridan,,,,,,2,,wy|sheridan|wy-2026-primary|county_local_summary|39edca2c579e34f3aa8d5879b238abf44f64fc74d463938d90027acc965759fd|wy-2026-primary|county|sheridan|precinct-committeewoman-18-1|dem|write_in_aggregate|write_in_aggregate|Sheridan|COUNTY
wy-2026-primary,wy|sheridan|wy-2026-primary|county_local_summary,Sheridan,wy-2026-primary|county|sheridan|precinct-committeeman-19-1|dem,DEM PRECINCT MAN 19-1,Precinct Committeeman 19-1,county,,DEM,DEM,precinct,39edca2c579e34f3aa8d5879b238abf44f64fc74d463938d90027acc965759fd,2026-08-21T12:51:32Z,,county_summary_pdf_v1,1.1.6,1,needs_review,https://www.sheridancountywy.gov/departments/elections/2026_election_results.php,,,manual_required,write_in_aggregate,Sheridan,,,,,,0,,wy|sheridan|wy-2026-primary|county_local_summary|39edca2c579e34f3aa8d5879b238abf44f64fc74d463938d90027acc965759fd|wy-2026-primary|county|sheridan|precinct-committeeman-19-1|dem|write_in_aggregate|write_in_aggregate|Sheridan|COUNTY
wy-2026-primary,wy|sheridan|wy-2026-primary|county_local_summary,Sheridan,wy-2026-primary|county|sheridan|precinct-committeewoman-19-1|dem,DEM PRECINCT WOMAN 19-1,Precinct Committeewoman 19-1,county,,DEM,DEM,precinct,39edca2c579e34f3aa8d5879b238abf44f64fc74d463938d90027acc965759fd,2026-08-21T12:51:32Z,,county_summary_pdf_v1,1.1.6,1,needs_review,https://www.sheridancountywy.gov/departments/elections/2026_election_results.php,,,manual_required,write_in_aggregate,Sheridan,,,,,,0,,wy|sheridan|wy-2026-primary|county_local_summary|39edca2c579e34f3aa8d5879b238abf44f64fc74d463938d90027acc965759fd|wy-2026-primary|county|sheridan|precinct-committeewoman-19-1|dem|write_in_aggregate|write_in_aggregate|Sheridan|COUNTY
wy-2026-primary,wy|sheridan|wy-2026-primary|county_local_summary,Sheridan,wy-2026-primary|county|sheridan|precinct-committeeman-20-1|dem,DEM PRECINCT MAN 20-1,Precinct Committeeman 20-1,county,,DEM,DEM,precinct,39edca2c579e34f3aa8d5879b238abf44f64fc74d463938d90027acc965759fd,2026-08-21T12:51:32Z,,county_summary_pdf_v1,1.1.6,1,needs_review,https://www.sheridancountywy.gov/departments/elections/2026_election_results.php,,,manual_required,write_in_aggregate,Sheridan,,,,,,1,,wy|sheridan|wy-2026-primary|county_local_summary|39edca2c579e34f3aa8d5879b238abf44f64fc74d463938d90027acc965759fd|wy-2026-primary|county|sheridan|precinct-committeeman-20-1|dem|write_in_aggregate|write_in_aggregate|Sheridan|COUNTY
wy-2026-primary,wy|sheridan|wy-2026-primary|county_local_summary,Sheridan,wy-2026-primary|county|sheridan|precinct-committeewoman-20-1|dem,DEM PRECINCT WOMAN 20-1,Precinct Committeewoman 20-1,county,,DEM,DEM,precinct,39edca2c579e34f3aa8d5879b238abf44f64fc74d463938d90027acc965759fd,2026-08-21T12:51:32Z,,county_summary_pdf_v1,1.1.6,1,needs_review,https://www.sheridancountywy.gov/departments/elections/2026_election_results.php,,,manual_required,write_in_aggregate,Sheridan,,,,,,0,,wy|sheridan|wy-2026-primary|county_local_summary|39edca2c579e34f3aa8d5879b238abf44f64fc74d463938d90027acc965759fd|wy-2026-primary|county|sheridan|precinct-committeewoman-20-1|dem|write_in_aggregate|write_in_aggregate|Sheridan|COUNTY
wy-2026-primary,wy|sheridan|wy-2026-primary|county_local_summary,Sheridan,wy-2026-primary|county|sheridan|precinct-committeeman-20-2|dem,DEM PRECINCT MAN 20-2,Precinct Committeeman 20-2,county,,DEM,DEM,precinct,39edca2c579e34f3aa8d5879b238abf44f64fc74d463938d90027acc965759fd,2026-08-21T12:51:32Z,,county_summary_pdf_v1,1.1.6,1,needs_review,https://www.sheridancountywy.gov/departments/elections/2026_election_results.php,,,manual_required,write_in_aggregate,Sheridan,,,,,,2,,wy|sheridan|wy-2026-primary|county_local_summary|39edca2c579e34f3aa8d5879b238abf44f64fc74d463938d90027acc965759fd|wy-2026-primary|county|sheridan|precinct-committeeman-20-2|dem|write_in_aggregate|write_in_aggregate|Sheridan|COUNTY
wy-2026-primary,wy|sheridan|wy-2026-primary|county_local_summary,Sheridan,wy-2026-primary|county|sheridan|precinct-committeewoman-20-2|dem,DEM PRECINCT WOMAN 20-2,Precinct Committeewoman 20-2,county,,DEM,DEM,precinct,39edca2c579e34f3aa8d5879b238abf44f64fc74d463938d90027acc965759fd,2026-08-21T12:51:32Z,,county_summary_pdf_v1,1.1.6,1,needs_review,https://www.sheridancountywy.gov/departments/elections/2026_election_results.php,,,manual_required,write_in_aggregate,Sheridan,,,,,,2,,wy|sheridan|wy-2026-primary|county_local_summary|39edca2c579e34f3aa8d5879b238abf44f64fc74d463938d90027acc965759fd|wy-2026-primary|county|sheridan|precinct-committeewoman-20-2|dem|write_in_aggregate|write_in_aggregate|Sheridan|COUNTY
wy-2026-primary,wy|sheridan|wy-2026-primary|county_local_summary,Sheridan,wy-2026-primary|city|sheridan|dayton-council|na,DAYTON COUNCIL,Dayton Council,city,,,,city,39edca2c579e34f3aa8d5879b238abf44f64fc74d463938d90027acc965759fd,2026-08-21T12:51:32Z,,county_summary_pdf_v1,1.1.6,1,needs_review,https://www.sheridancountywy.gov/departments/elections/2026_election_results.php,,,manual_required,candidate,Sheridan,,,ARIC REES,ARIC REES,,176,,wy|sheridan|wy-2026-primary|county_local_summary|39edca2c579e34f3aa8d5879b238abf44f64fc74d463938d90027acc965759fd|wy-2026-primary|city|sheridan|dayton-council|na|candidate|ARIC REES|Sheridan|COUNTY
wy-2026-primary,wy|sheridan|wy-2026-primary|county_local_summary,Sheridan,wy-2026-primary|city|sheridan|dayton-council|na,DAYTON COUNCIL,Dayton Council,city,,,,city,39edca2c579e34f3aa8d5879b238abf44f64fc74d463938d90027acc965759fd,2026-08-21T12:51:32Z,,county_summary_pdf_v1,1.1.6,1,needs_review,https://www.sheridancountywy.gov/departments/elections/2026_election_results.php,,,manual_required,candidate,Sheridan,,,GUY MITCHELL,GUY MITCHELL,,149,,wy|sheridan|wy-2026-primary|county_local_summary|39edca2c579e34f3aa8d5879b238abf44f64fc74d463938d90027acc965759fd|wy-2026-primary|city|sheridan|dayton-council|na|candidate|GUY MITCHELL|Sheridan|COUNTY
wy-2026-primary,wy|sheridan|wy-2026-primary|county_local_summary,Sheridan,wy-2026-primary|city|sheridan|dayton-council|na,DAYTON COUNCIL,Dayton Council,city,,,,city,39edca2c579e34f3aa8d5879b238abf44f64fc74d463938d90027acc965759fd,2026-08-21T12:51:32Z,,county_summary_pdf_v1,1.1.6,1,needs_review,https://www.sheridancountywy.gov/departments/elections/2026_election_results.php,,,manual_required,candidate,Sheridan,,,ROBERT (BOBBY) LOGAN,ROBERT (BOBBY) LOGAN,,120,,wy|sheridan|wy-2026-primary|county_local_summary|39edca2c579e34f3aa8d5879b238abf44f64fc74d463938d90027acc965759fd|wy-2026-primary|city|sheridan|dayton-council|na|candidate|ROBERT (BOBBY) LOGAN|Sheridan|COUNTY
wy-2026-primary,wy|sheridan|wy-2026-primary|county_local_summary,Sheridan,wy-2026-primary|city|sheridan|dayton-council|na,DAYTON COUNCIL,Dayton Council,city,,,,city,39edca2c579e34f3aa8d5879b238abf44f64fc74d463938d90027acc965759fd,2026-08-21T12:51:32Z,,county_summary_pdf_v1,1.1.6,1,needs_review,https://www.sheridancountywy.gov/departments/elections/2026_election_results.php,,,manual_required,candidate,Sheridan,,,LAURIE WALTERS-CLARK,LAURIE WALTERS-CLARK,,96,,wy|sheridan|wy-2026-primary|county_local_summary|39edca2c579e34f3aa8d5879b238abf44f64fc74d463938d90027acc965759fd|wy-2026-primary|city|sheridan|dayton-council|na|candidate|LAURIE WALTERS-CLARK|Sheridan|COUNTY
wy-2026-primary,wy|sheridan|wy-2026-primary|county_local_summary,Sheridan,wy-2026-primary|city|sheridan|dayton-council|na,DAYTON COUNCIL,Dayton Council,city,,,,city,39edca2c579e34f3aa8d5879b238abf44f64fc74d463938d90027acc965759fd,2026-08-21T12:51:32Z,,county_summary_pdf_v1,1.1.6,1,needs_review,https://www.sheridancountywy.gov/departments/elections/2026_election_results.php,,,manual_required,candidate,Sheridan,,,HOWARD P. HILL,HOWARD P. HILL,,82,,wy|sheridan|wy-2026-primary|county_local_summary|39edca2c579e34f3aa8d5879b238abf44f64fc74d463938d90027acc965759fd|wy-2026-primary|city|sheridan|dayton-council|na|candidate|HOWARD P. HILL|Sheridan|COUNTY
wy-2026-primary,wy|sheridan|wy-2026-primary|county_local_summary,Sheridan,wy-2026-primary|city|sheridan|dayton-council|na,DAYTON COUNCIL,Dayton Council,city,,,,city,39edca2c579e34f3aa8d5879b238abf44f64fc74d463938d90027acc965759fd,2026-08-21T12:51:32Z,,county_summary_pdf_v1,1.1.6,1,needs_review,https://www.sheridancountywy.gov/departments/elections/2026_election_results.php,,,manual_required,candidate,Sheridan,,,LISA CHASE,LISA CHASE,,65,,wy|sheridan|wy-2026-primary|county_local_summary|39edca2c579e34f3aa8d5879b238abf44f64fc74d463938d90027acc965759fd|wy-2026-primary|city|sheridan|dayton-council|na|candidate|LISA CHASE|Sheridan|COUNTY
wy-2026-primary,wy|sheridan|wy-2026-primary|county_local_summary,Sheridan,wy-2026-primary|city|sheridan|dayton-council|na,DAYTON COUNCIL,Dayton Council,city,,,,city,39edca2c579e34f3aa8d5879b238abf44f64fc74d463938d90027acc965759fd,2026-08-21T12:51:32Z,,county_summary_pdf_v1,1.1.6,1,needs_review,https://www.sheridancountywy.gov/departments/elections/2026_election_results.php,,,manual_required,candidate,Sheridan,,,ANGELA NORTON,ANGELA NORTON,,43,,wy|sheridan|wy-2026-primary|county_local_summary|39edca2c579e34f3aa8d5879b238abf44f64fc74d463938d90027acc965759fd|wy-2026-primary|city|sheridan|dayton-council|na|candidate|ANGELA NORTON|Sheridan|COUNTY
wy-2026-primary,wy|sheridan|wy-2026-primary|county_local_summary,Sheridan,wy-2026-primary|city|sheridan|dayton-council|na,DAYTON COUNCIL,Dayton Council,city,,,,city,39edca2c579e34f3aa8d5879b238abf44f64fc74d463938d90027acc965759fd,2026-08-21T12:51:32Z,,county_summary_pdf_v1,1.1.6,1,needs_review,https://www.sheridancountywy.gov/departments/elections/2026_election_results.php,,,manual_required,write_in_aggregate,Sheridan,,,,,,0,,wy|sheridan|wy-2026-primary|county_local_summary|39edca2c579e34f3aa8d5879b238abf44f64fc74d463938d90027acc965759fd|wy-2026-primary|city|sheridan|dayton-council|na|write_in_aggregate|write_in_aggregate|Sheridan|COUNTY
wy-2026-primary,wy|sheridan|wy-2026-primary|county_local_summary,Sheridan,wy-2026-primary|city|sheridan|dayton-mayor|na,DAYTON MAYOR,Dayton Mayor,city,,,,city,39edca2c579e34f3aa8d5879b238abf44f64fc74d463938d90027acc965759fd,2026-08-21T12:51:32Z,,county_summary_pdf_v1,1.1.6,1,needs_review,https://www.sheridancountywy.gov/departments/elections/2026_election_results.php,,,manual_required,candidate,Sheridan,,,HANLÉ VISSER,HANLÉ VISSER,,284,,wy|sheridan|wy-2026-primary|county_local_summary|39edca2c579e34f3aa8d5879b238abf44f64fc74d463938d90027acc965759fd|wy-2026-primary|city|sheridan|dayton-mayor|na|candidate|HANLÉ VISSER|Sheridan|COUNTY
wy-2026-primary,wy|sheridan|wy-2026-primary|county_local_summary,Sheridan,wy-2026-primary|city|sheridan|dayton-mayor|na,DAYTON MAYOR,Dayton Mayor,city,,,,city,39edca2c579e34f3aa8d5879b238abf44f64fc74d463938d90027acc965759fd,2026-08-21T12:51:32Z,,county_summary_pdf_v1,1.1.6,1,needs_review,https://www.sheridancountywy.gov/departments/elections/2026_election_results.php,,,manual_required,candidate,Sheridan,,,BRET N. BARNEY,BRET N. BARNEY,,96,,wy|sheridan|wy-2026-primary|county_local_summary|39edca2c579e34f3aa8d5879b238abf44f64fc74d463938d90027acc965759fd|wy-2026-primary|city|sheridan|dayton-mayor|na|candidate|BRET N. BARNEY|Sheridan|COUNTY
wy-2026-primary,wy|sheridan|wy-2026-primary|county_local_summary,Sheridan,wy-2026-primary|city|sheridan|dayton-mayor|na,DAYTON MAYOR,Dayton Mayor,city,,,,city,39edca2c579e34f3aa8d5879b238abf44f64fc74d463938d90027acc965759fd,2026-08-21T12:51:32Z,,county_summary_pdf_v1,1.1.6,1,needs_review,https://www.sheridancountywy.gov/departments/elections/2026_election_results.php,,,manual_required,write_in_aggregate,Sheridan,,,,,,1,,wy|sheridan|wy-2026-primary|county_local_summary|39edca2c579e34f3aa8d5879b238abf44f64fc74d463938d90027acc965759fd|wy-2026-primary|city|sheridan|dayton-mayor|na|write_in_aggregate|write_in_aggregate|Sheridan|COUNTY
wy-2026-primary,wy|sheridan|wy-2026-primary|county_local_summary,Sheridan,wy-2026-primary|city|sheridan|ranchester-council|na,RANCHESTER COUNCIL,Ranchester Council,city,,,,city,39edca2c579e34f3aa8d5879b238abf44f64fc74d463938d90027acc965759fd,2026-08-21T12:51:32Z,,county_summary_pdf_v1,1.1.6,1,needs_review,https://www.sheridancountywy.gov/departments/elections/2026_election_results.php,,,manual_required,candidate,Sheridan,,,TIM MAZE,TIM MAZE,,239,,wy|sheridan|wy-2026-primary|county_local_summary|39edca2c579e34f3aa8d5879b238abf44f64fc74d463938d90027acc965759fd|wy-2026-primary|city|sheridan|ranchester-council|na|candidate|TIM MAZE|Sheridan|COUNTY
wy-2026-primary,wy|sheridan|wy-2026-primary|county_local_summary,Sheridan,wy-2026-primary|city|sheridan|ranchester-council|na,RANCHESTER COUNCIL,Ranchester Council,city,,,,city,39edca2c579e34f3aa8d5879b238abf44f64fc74d463938d90027acc965759fd,2026-08-21T12:51:32Z,,county_summary_pdf_v1,1.1.6,1,needs_review,https://www.sheridancountywy.gov/departments/elections/2026_election_results.php,,,manual_required,candidate,Sheridan,,,RICHARD HOFMEIER,RICHARD HOFMEIER,,160,,wy|sheridan|wy-2026-primary|county_local_summary|39edca2c579e34f3aa8d5879b238abf44f64fc74d463938d90027acc965759fd|wy-2026-primary|city|sheridan|ranchester-council|na|candidate|RICHARD HOFMEIER|Sheridan|COUNTY
wy-2026-primary,wy|sheridan|wy-2026-primary|county_local_summary,Sheridan,wy-2026-primary|city|sheridan|ranchester-council|na,RANCHESTER COUNCIL,Ranchester Council,city,,,,city,39edca2c579e34f3aa8d5879b238abf44f64fc74d463938d90027acc965759fd,2026-08-21T12:51:32Z,,county_summary_pdf_v1,1.1.6,1,needs_review,https://www.sheridancountywy.gov/departments/elections/2026_election_results.php,,,manual_required,candidate,Sheridan,,,TERRY ROELFSEMA,TERRY ROELFSEMA,,85,,wy|sheridan|wy-2026-primary|county_local_summary|39edca2c579e34f3aa8d5879b238abf44f64fc74d463938d90027acc965759fd|wy-2026-primary|city|sheridan|ranchester-council|na|candidate|TERRY ROELFSEMA|Sheridan|COUNTY
wy-2026-primary,wy|sheridan|wy-2026-primary|county_local_summary,Sheridan,wy-2026-primary|city|sheridan|ranchester-council|na,RANCHESTER COUNCIL,Ranchester Council,city,,,,city,39edca2c579e34f3aa8d5879b238abf44f64fc74d463938d90027acc965759fd,2026-08-21T12:51:32Z,,county_summary_pdf_v1,1.1.6,1,needs_review,https://www.sheridancountywy.gov/departments/elections/2026_election_results.php,,,manual_required,candidate,Sheridan,,,RICHARD RICK BROWN,RICHARD RICK BROWN,,68,,wy|sheridan|wy-2026-primary|county_local_summary|39edca2c579e34f3aa8d5879b238abf44f64fc74d463938d90027acc965759fd|wy-2026-primary|city|sheridan|ranchester-council|na|candidate|RICHARD RICK BROWN|Sheridan|COUNTY
wy-2026-primary,wy|sheridan|wy-2026-primary|county_local_summary,Sheridan,wy-2026-primary|city|sheridan|ranchester-council|na,RANCHESTER COUNCIL,Ranchester Council,city,,,,city,39edca2c579e34f3aa8d5879b238abf44f64fc74d463938d90027acc965759fd,2026-08-21T12:51:32Z,,county_summary_pdf_v1,1.1.6,1,needs_review,https://www.sheridancountywy.gov/departments/elections/2026_election_results.php,,,manual_required,write_in_aggregate,Sheridan,,,,,,4,,wy|sheridan|wy-2026-primary|county_local_summary|39edca2c579e34f3aa8d5879b238abf44f64fc74d463938d90027acc965759fd|wy-2026-primary|city|sheridan|ranchester-council|na|write_in_aggregate|write_in_aggregate|Sheridan|COUNTY
wy-2026-primary,wy|sheridan|wy-2026-primary|county_local_summary,Sheridan,wy-2026-primary|city|sheridan|ranchester-mayor|na,RANCHESTER MAYOR,Ranchester Mayor,city,,,,city,39edca2c579e34f3aa8d5879b238abf44f64fc74d463938d90027acc965759fd,2026-08-21T12:51:32Z,,county_summary_pdf_v1,1.1.6,1,needs_review,https://www.sheridancountywy.gov/departments/elections/2026_election_results.php,,,manual_required,candidate,Sheridan,,,JESSICA WEAVER,JESSICA WEAVER,,201,,wy|sheridan|wy-2026-primary|county_local_summary|39edca2c579e34f3aa8d5879b238abf44f64fc74d463938d90027acc965759fd|wy-2026-primary|city|sheridan|ranchester-mayor|na|candidate|JESSICA WEAVER|Sheridan|COUNTY
wy-2026-primary,wy|sheridan|wy-2026-primary|county_local_summary,Sheridan,wy-2026-primary|city|sheridan|ranchester-mayor|na,RANCHESTER MAYOR,Ranchester Mayor,city,,,,city,39edca2c579e34f3aa8d5879b238abf44f64fc74d463938d90027acc965759fd,2026-08-21T12:51:32Z,,county_summary_pdf_v1,1.1.6,1,needs_review,https://www.sheridancountywy.gov/departments/elections/2026_election_results.php,,,manual_required,candidate,Sheridan,,,BRYAN HELFERICH,BRYAN HELFERICH,,135,,wy|sheridan|wy-2026-primary|county_local_summary|39edca2c579e34f3aa8d5879b238abf44f64fc74d463938d90027acc965759fd|wy-2026-primary|city|sheridan|ranchester-mayor|na|candidate|BRYAN HELFERICH|Sheridan|COUNTY
wy-2026-primary,wy|sheridan|wy-2026-primary|county_local_summary,Sheridan,wy-2026-primary|city|sheridan|ranchester-mayor|na,RANCHESTER MAYOR,Ranchester Mayor,city,,,,city,39edca2c579e34f3aa8d5879b238abf44f64fc74d463938d90027acc965759fd,2026-08-21T12:51:32Z,,county_summary_pdf_v1,1.1.6,1,needs_review,https://www.sheridancountywy.gov/departments/elections/2026_election_results.php,,,manual_required,write_in_aggregate,Sheridan,,,,,,1,,wy|sheridan|wy-2026-primary|county_local_summary|39edca2c579e34f3aa8d5879b238abf44f64fc74d463938d90027acc965759fd|wy-2026-primary|city|sheridan|ranchester-mayor|na|write_in_aggregate|write_in_aggregate|Sheridan|COUNTY
wy-2026-primary,wy|sheridan|wy-2026-primary|county_local_summary,Sheridan,wy-2026-primary|city|sheridan|sheridan-city-council|na,SHERIDAN CITY COUNCIL,Sheridan City Council,city,,,,city,39edca2c579e34f3aa8d5879b238abf44f64fc74d463938d90027acc965759fd,2026-08-21T12:51:32Z,,county_summary_pdf_v1,1.1.6,1,needs_review,https://www.sheridancountywy.gov/departments/elections/2026_election_results.php,,,manual_required,candidate,Sheridan,,,GREG LUHMAN,GREG LUHMAN,,2778,,wy|sheridan|wy-2026-primary|county_local_summary|39edca2c579e34f3aa8d5879b238abf44f64fc74d463938d90027acc965759fd|wy-2026-primary|city|sheridan|sheridan-city-council|na|candidate|GREG LUHMAN|Sheridan|COUNTY
wy-2026-primary,wy|sheridan|wy-2026-primary|county_local_summary,Sheridan,wy-2026-primary|city|sheridan|sheridan-city-council|na,SHERIDAN CITY COUNCIL,Sheridan City Council,city,,,,city,39edca2c579e34f3aa8d5879b238abf44f64fc74d463938d90027acc965759fd,2026-08-21T12:51:32Z,,county_summary_pdf_v1,1.1.6,1,needs_review,https://www.sheridancountywy.gov/departments/elections/2026_election_results.php,,,manual_required,candidate,Sheridan,,,TERRY WEITZEL,TERRY WEITZEL,,2690,,wy|sheridan|wy-2026-primary|county_local_summary|39edca2c579e34f3aa8d5879b238abf44f64fc74d463938d90027acc965759fd|wy-2026-primary|city|sheridan|sheridan-city-council|na|candidate|TERRY WEITZEL|Sheridan|COUNTY
wy-2026-primary,wy|sheridan|wy-2026-primary|county_local_summary,Sheridan,wy-2026-primary|city|sheridan|sheridan-city-council|na,SHERIDAN CITY COUNCIL,Sheridan City Council,city,,,,city,39edca2c579e34f3aa8d5879b238abf44f64fc74d463938d90027acc965759fd,2026-08-21T12:51:32Z,,county_summary_pdf_v1,1.1.6,1,needs_review,https://www.sheridancountywy.gov/departments/elections/2026_election_results.php,,,manual_required,candidate,Sheridan,,,AMBER C. HORSLEY,AMBER C. HORSLEY,,1989,,wy|sheridan|wy-2026-primary|county_local_summary|39edca2c579e34f3aa8d5879b238abf44f64fc74d463938d90027acc965759fd|wy-2026-primary|city|sheridan|sheridan-city-council|na|candidate|AMBER C. HORSLEY|Sheridan|COUNTY
wy-2026-primary,wy|sheridan|wy-2026-primary|county_local_summary,Sheridan,wy-2026-primary|city|sheridan|sheridan-city-council|na,SHERIDAN CITY COUNCIL,Sheridan City Council,city,,,,city,39edca2c579e34f3aa8d5879b238abf44f64fc74d463938d90027acc965759fd,2026-08-21T12:51:32Z,,county_summary_pdf_v1,1.1.6,1,needs_review,https://www.sheridancountywy.gov/departments/elections/2026_election_results.php,,,manual_required,candidate,Sheridan,,,ANDREW PATCEG,ANDREW PATCEG,,1794,,wy|sheridan|wy-2026-primary|county_local_summary|39edca2c579e34f3aa8d5879b238abf44f64fc74d463938d90027acc965759fd|wy-2026-primary|city|sheridan|sheridan-city-council|na|candidate|ANDREW PATCEG|Sheridan|COUNTY
wy-2026-primary,wy|sheridan|wy-2026-primary|county_local_summary,Sheridan,wy-2026-primary|city|sheridan|sheridan-city-council|na,SHERIDAN CITY COUNCIL,Sheridan City Council,city,,,,city,39edca2c579e34f3aa8d5879b238abf44f64fc74d463938d90027acc965759fd,2026-08-21T12:51:32Z,,county_summary_pdf_v1,1.1.6,1,needs_review,https://www.sheridancountywy.gov/departments/elections/2026_election_results.php,,,manual_required,candidate,Sheridan,,,HARRY POLLAK,HARRY POLLAK,,1319,,wy|sheridan|wy-2026-primary|county_local_summary|39edca2c579e34f3aa8d5879b238abf44f64fc74d463938d90027acc965759fd|wy-2026-primary|city|sheridan|sheridan-city-council|na|candidate|HARRY POLLAK|Sheridan|COUNTY
wy-2026-primary,wy|sheridan|wy-2026-primary|county_local_summary,Sheridan,wy-2026-primary|city|sheridan|sheridan-city-council|na,SHERIDAN CITY COUNCIL,Sheridan City Council,city,,,,city,39edca2c579e34f3aa8d5879b238abf44f64fc74d463938d90027acc965759fd,2026-08-21T12:51:32Z,,county_summary_pdf_v1,1.1.6,1,needs_review,https://www.sheridancountywy.gov/departments/elections/2026_election_results.php,,,manual_required,candidate,Sheridan,,,NEPHI JOHN COLE,NEPHI JOHN COLE,,1277,,wy|sheridan|wy-2026-primary|county_local_summary|39edca2c579e34f3aa8d5879b238abf44f64fc74d463938d90027acc965759fd|wy-2026-primary|city|sheridan|sheridan-city-council|na|candidate|NEPHI JOHN COLE|Sheridan|COUNTY
wy-2026-primary,wy|sheridan|wy-2026-primary|county_local_summary,Sheridan,wy-2026-primary|city|sheridan|sheridan-city-council|na,SHERIDAN CITY COUNCIL,Sheridan City Council,city,,,,city,39edca2c579e34f3aa8d5879b238abf44f64fc74d463938d90027acc965759fd,2026-08-21T12:51:32Z,,county_summary_pdf_v1,1.1.6,1,needs_review,https://www.sheridancountywy.gov/departments/elections/2026_election_results.php,,,manual_required,write_in_aggregate,Sheridan,,,,,,80,,wy|sheridan|wy-2026-primary|county_local_summary|39edca2c579e34f3aa8d5879b238abf44f64fc74d463938d90027acc965759fd|wy-2026-primary|city|sheridan|sheridan-city-council|na|write_in_aggregate|write_in_aggregate|Sheridan|COUNTY
