election_key,source_key,county,contest_key,contest_name_raw,contest_name_normalized,level,district,ballot_party,ballot_party_raw,reporting_scope,sha256,retrieved_at,source_published_at,parser_name,parser_version,is_unofficial,verification_status,source_url,precincts_reporting,precincts_total,reporting_status,row_type,reporting_county,precinct_code,precinct_name_raw,candidate_name_raw,candidate_name_normalized,external_candidate_id,votes,percentage_reported,result_row_key
wy-2026-primary,wy|sweetwater|wy-2026-primary|county_local_summary,Sweetwater,wy-2026-primary|county|sweetwater|county-commissioner|rep,REP COUNTY COMMISSIONER,County Commissioner,county,,REP,REP,county,5947c9082afaa5cf507e0ed33a4d62ad34461f1cfbe9ba9976c69385593a5464,2026-08-21T11:30:57Z,,county_summary_pdf_v1,1.1.1,1,verified,https://www.sweetwatercountywy.gov/departments/county_clerk/elections.php,,,county_complete,candidate,Sweetwater,,,SHERRY BUSHMAN,SHERRY BUSHMAN,,3345,,wy|sweetwater|wy-2026-primary|county_local_summary|5947c9082afaa5cf507e0ed33a4d62ad34461f1cfbe9ba9976c69385593a5464|wy-2026-primary|county|sweetwater|county-commissioner|rep|candidate|SHERRY BUSHMAN|Sweetwater|COUNTY
wy-2026-primary,wy|sweetwater|wy-2026-primary|county_local_summary,Sweetwater,wy-2026-primary|county|sweetwater|county-commissioner|rep,REP COUNTY COMMISSIONER,County Commissioner,county,,REP,REP,county,5947c9082afaa5cf507e0ed33a4d62ad34461f1cfbe9ba9976c69385593a5464,2026-08-21T11:30:57Z,,county_summary_pdf_v1,1.1.1,1,verified,https://www.sweetwatercountywy.gov/departments/county_clerk/elections.php,,,county_complete,candidate,Sweetwater,,,WALTER MAJKO,WALTER MAJKO,,2090,,wy|sweetwater|wy-2026-primary|county_local_summary|5947c9082afaa5cf507e0ed33a4d62ad34461f1cfbe9ba9976c69385593a5464|wy-2026-primary|county|sweetwater|county-commissioner|rep|candidate|WALTER MAJKO|Sweetwater|COUNTY
wy-2026-primary,wy|sweetwater|wy-2026-primary|county_local_summary,Sweetwater,wy-2026-primary|county|sweetwater|county-commissioner|rep,REP COUNTY COMMISSIONER,County Commissioner,county,,REP,REP,county,5947c9082afaa5cf507e0ed33a4d62ad34461f1cfbe9ba9976c69385593a5464,2026-08-21T11:30:57Z,,county_summary_pdf_v1,1.1.1,1,verified,https://www.sweetwatercountywy.gov/departments/county_clerk/elections.php,,,county_complete,candidate,Sweetwater,,,ISLAND RICHARDS,ISLAND RICHARDS,,4271,,wy|sweetwater|wy-2026-primary|county_local_summary|5947c9082afaa5cf507e0ed33a4d62ad34461f1cfbe9ba9976c69385593a5464|wy-2026-primary|county|sweetwater|county-commissioner|rep|candidate|ISLAND RICHARDS|Sweetwater|COUNTY
wy-2026-primary,wy|sweetwater|wy-2026-primary|county_local_summary,Sweetwater,wy-2026-primary|county|sweetwater|county-commissioner|rep,REP COUNTY COMMISSIONER,County Commissioner,county,,REP,REP,county,5947c9082afaa5cf507e0ed33a4d62ad34461f1cfbe9ba9976c69385593a5464,2026-08-21T11:30:57Z,,county_summary_pdf_v1,1.1.1,1,verified,https://www.sweetwatercountywy.gov/departments/county_clerk/elections.php,,,county_complete,candidate,Sweetwater,,,KEATON D. WEST,KEATON D. WEST,,4403,,wy|sweetwater|wy-2026-primary|county_local_summary|5947c9082afaa5cf507e0ed33a4d62ad34461f1cfbe9ba9976c69385593a5464|wy-2026-primary|county|sweetwater|county-commissioner|rep|candidate|KEATON D. WEST|Sweetwater|COUNTY
wy-2026-primary,wy|sweetwater|wy-2026-primary|county_local_summary,Sweetwater,wy-2026-primary|county|sweetwater|county-commissioner|rep,REP COUNTY COMMISSIONER,County Commissioner,county,,REP,REP,county,5947c9082afaa5cf507e0ed33a4d62ad34461f1cfbe9ba9976c69385593a5464,2026-08-21T11:30:57Z,,county_summary_pdf_v1,1.1.1,1,verified,https://www.sweetwatercountywy.gov/departments/county_clerk/elections.php,,,county_complete,write_in_aggregate,Sweetwater,,,,,,103,,wy|sweetwater|wy-2026-primary|county_local_summary|5947c9082afaa5cf507e0ed33a4d62ad34461f1cfbe9ba9976c69385593a5464|wy-2026-primary|county|sweetwater|county-commissioner|rep|write_in_aggregate|write_in_aggregate|Sweetwater|COUNTY
wy-2026-primary,wy|sweetwater|wy-2026-primary|county_local_summary,Sweetwater,wy-2026-primary|county|sweetwater|county-commissioner|rep,REP COUNTY COMMISSIONER,County Commissioner,county,,REP,REP,county,5947c9082afaa5cf507e0ed33a4d62ad34461f1cfbe9ba9976c69385593a5464,2026-08-21T11:30:57Z,,county_summary_pdf_v1,1.1.1,1,verified,https://www.sweetwatercountywy.gov/departments/county_clerk/elections.php,,,county_complete,overvote,Sweetwater,,,,,,18,,wy|sweetwater|wy-2026-primary|county_local_summary|5947c9082afaa5cf507e0ed33a4d62ad34461f1cfbe9ba9976c69385593a5464|wy-2026-primary|county|sweetwater|county-commissioner|rep|overvote|overvote|Sweetwater|COUNTY
wy-2026-primary,wy|sweetwater|wy-2026-primary|county_local_summary,Sweetwater,wy-2026-primary|county|sweetwater|county-commissioner|rep,REP COUNTY COMMISSIONER,County Commissioner,county,,REP,REP,county,5947c9082afaa5cf507e0ed33a4d62ad34461f1cfbe9ba9976c69385593a5464,2026-08-21T11:30:57Z,,county_summary_pdf_v1,1.1.1,1,verified,https://www.sweetwatercountywy.gov/departments/county_clerk/elections.php,,,county_complete,undervote,Sweetwater,,,,,,7238,,wy|sweetwater|wy-2026-primary|county_local_summary|5947c9082afaa5cf507e0ed33a4d62ad34461f1cfbe9ba9976c69385593a5464|wy-2026-primary|county|sweetwater|county-commissioner|rep|undervote|undervote|Sweetwater|COUNTY
wy-2026-primary,wy|sweetwater|wy-2026-primary|county_local_summary,Sweetwater,wy-2026-primary|county|sweetwater|county-coroner|rep,REP COUNTY CORONER,County Coroner,county,,REP,REP,county,5947c9082afaa5cf507e0ed33a4d62ad34461f1cfbe9ba9976c69385593a5464,2026-08-21T11:30:57Z,,county_summary_pdf_v1,1.1.1,1,verified,https://www.sweetwatercountywy.gov/departments/county_clerk/elections.php,,,county_complete,candidate,Sweetwater,,,TRAVIS R. SANDERS,TRAVIS R. SANDERS,,6065,,wy|sweetwater|wy-2026-primary|county_local_summary|5947c9082afaa5cf507e0ed33a4d62ad34461f1cfbe9ba9976c69385593a5464|wy-2026-primary|county|sweetwater|county-coroner|rep|candidate|TRAVIS R. SANDERS|Sweetwater|COUNTY
wy-2026-primary,wy|sweetwater|wy-2026-primary|county_local_summary,Sweetwater,wy-2026-primary|county|sweetwater|county-coroner|rep,REP COUNTY CORONER,County Coroner,county,,REP,REP,county,5947c9082afaa5cf507e0ed33a4d62ad34461f1cfbe9ba9976c69385593a5464,2026-08-21T11:30:57Z,,county_summary_pdf_v1,1.1.1,1,verified,https://www.sweetwatercountywy.gov/departments/county_clerk/elections.php,,,county_complete,write_in_aggregate,Sweetwater,,,,,,36,,wy|sweetwater|wy-2026-primary|county_local_summary|5947c9082afaa5cf507e0ed33a4d62ad34461f1cfbe9ba9976c69385593a5464|wy-2026-primary|county|sweetwater|county-coroner|rep|write_in_aggregate|write_in_aggregate|Sweetwater|COUNTY
wy-2026-primary,wy|sweetwater|wy-2026-primary|county_local_summary,Sweetwater,wy-2026-primary|county|sweetwater|county-coroner|rep,REP COUNTY CORONER,County Coroner,county,,REP,REP,county,5947c9082afaa5cf507e0ed33a4d62ad34461f1cfbe9ba9976c69385593a5464,2026-08-21T11:30:57Z,,county_summary_pdf_v1,1.1.1,1,verified,https://www.sweetwatercountywy.gov/departments/county_clerk/elections.php,,,county_complete,overvote,Sweetwater,,,,,,1,,wy|sweetwater|wy-2026-primary|county_local_summary|5947c9082afaa5cf507e0ed33a4d62ad34461f1cfbe9ba9976c69385593a5464|wy-2026-primary|county|sweetwater|county-coroner|rep|overvote|overvote|Sweetwater|COUNTY
wy-2026-primary,wy|sweetwater|wy-2026-primary|county_local_summary,Sweetwater,wy-2026-primary|county|sweetwater|county-coroner|rep,REP COUNTY CORONER,County Coroner,county,,REP,REP,county,5947c9082afaa5cf507e0ed33a4d62ad34461f1cfbe9ba9976c69385593a5464,2026-08-21T11:30:57Z,,county_summary_pdf_v1,1.1.1,1,verified,https://www.sweetwatercountywy.gov/departments/county_clerk/elections.php,,,county_complete,undervote,Sweetwater,,,,,,1054,,wy|sweetwater|wy-2026-primary|county_local_summary|5947c9082afaa5cf507e0ed33a4d62ad34461f1cfbe9ba9976c69385593a5464|wy-2026-primary|county|sweetwater|county-coroner|rep|undervote|undervote|Sweetwater|COUNTY
wy-2026-primary,wy|sweetwater|wy-2026-primary|county_local_summary,Sweetwater,wy-2026-primary|county|sweetwater|county-attorney|rep,REP COUNTY ATTORNEY,County Attorney,county,,REP,REP,county,5947c9082afaa5cf507e0ed33a4d62ad34461f1cfbe9ba9976c69385593a5464,2026-08-21T11:30:57Z,,county_summary_pdf_v1,1.1.1,1,verified,https://www.sweetwatercountywy.gov/departments/county_clerk/elections.php,,,county_complete,candidate,Sweetwater,,,DANIEL E. ERRAMOUSPE,DANIEL E. ERRAMOUSPE,,5915,,wy|sweetwater|wy-2026-primary|county_local_summary|5947c9082afaa5cf507e0ed33a4d62ad34461f1cfbe9ba9976c69385593a5464|wy-2026-primary|county|sweetwater|county-attorney|rep|candidate|DANIEL E. ERRAMOUSPE|Sweetwater|COUNTY
wy-2026-primary,wy|sweetwater|wy-2026-primary|county_local_summary,Sweetwater,wy-2026-primary|county|sweetwater|county-attorney|rep,REP COUNTY ATTORNEY,County Attorney,county,,REP,REP,county,5947c9082afaa5cf507e0ed33a4d62ad34461f1cfbe9ba9976c69385593a5464,2026-08-21T11:30:57Z,,county_summary_pdf_v1,1.1.1,1,verified,https://www.sweetwatercountywy.gov/departments/county_clerk/elections.php,,,county_complete,write_in_aggregate,Sweetwater,,,,,,98,,wy|sweetwater|wy-2026-primary|county_local_summary|5947c9082afaa5cf507e0ed33a4d62ad34461f1cfbe9ba9976c69385593a5464|wy-2026-primary|county|sweetwater|county-attorney|rep|write_in_aggregate|write_in_aggregate|Sweetwater|COUNTY
wy-2026-primary,wy|sweetwater|wy-2026-primary|county_local_summary,Sweetwater,wy-2026-primary|county|sweetwater|county-attorney|rep,REP COUNTY ATTORNEY,County Attorney,county,,REP,REP,county,5947c9082afaa5cf507e0ed33a4d62ad34461f1cfbe9ba9976c69385593a5464,2026-08-21T11:30:57Z,,county_summary_pdf_v1,1.1.1,1,verified,https://www.sweetwatercountywy.gov/departments/county_clerk/elections.php,,,county_complete,overvote,Sweetwater,,,,,,0,,wy|sweetwater|wy-2026-primary|county_local_summary|5947c9082afaa5cf507e0ed33a4d62ad34461f1cfbe9ba9976c69385593a5464|wy-2026-primary|county|sweetwater|county-attorney|rep|overvote|overvote|Sweetwater|COUNTY
wy-2026-primary,wy|sweetwater|wy-2026-primary|county_local_summary,Sweetwater,wy-2026-primary|county|sweetwater|county-attorney|rep,REP COUNTY ATTORNEY,County Attorney,county,,REP,REP,county,5947c9082afaa5cf507e0ed33a4d62ad34461f1cfbe9ba9976c69385593a5464,2026-08-21T11:30:57Z,,county_summary_pdf_v1,1.1.1,1,verified,https://www.sweetwatercountywy.gov/departments/county_clerk/elections.php,,,county_complete,undervote,Sweetwater,,,,,,1143,,wy|sweetwater|wy-2026-primary|county_local_summary|5947c9082afaa5cf507e0ed33a4d62ad34461f1cfbe9ba9976c69385593a5464|wy-2026-primary|county|sweetwater|county-attorney|rep|undervote|undervote|Sweetwater|COUNTY
wy-2026-primary,wy|sweetwater|wy-2026-primary|county_local_summary,Sweetwater,wy-2026-primary|county|sweetwater|county-sheriff|rep,REP COUNTY SHERIFF,County Sheriff,county,,REP,REP,county,5947c9082afaa5cf507e0ed33a4d62ad34461f1cfbe9ba9976c69385593a5464,2026-08-21T11:30:57Z,,county_summary_pdf_v1,1.1.1,1,verified,https://www.sweetwatercountywy.gov/departments/county_clerk/elections.php,,,county_complete,candidate,Sweetwater,,,AMANDA BULLER,AMANDA BULLER,,1053,,wy|sweetwater|wy-2026-primary|county_local_summary|5947c9082afaa5cf507e0ed33a4d62ad34461f1cfbe9ba9976c69385593a5464|wy-2026-primary|county|sweetwater|county-sheriff|rep|candidate|AMANDA BULLER|Sweetwater|COUNTY
wy-2026-primary,wy|sweetwater|wy-2026-primary|county_local_summary,Sweetwater,wy-2026-primary|county|sweetwater|county-sheriff|rep,REP COUNTY SHERIFF,County Sheriff,county,,REP,REP,county,5947c9082afaa5cf507e0ed33a4d62ad34461f1cfbe9ba9976c69385593a5464,2026-08-21T11:30:57Z,,county_summary_pdf_v1,1.1.1,1,verified,https://www.sweetwatercountywy.gov/departments/county_clerk/elections.php,,,county_complete,candidate,Sweetwater,,,RICH FISCHER,RICH FISCHER,,1527,,wy|sweetwater|wy-2026-primary|county_local_summary|5947c9082afaa5cf507e0ed33a4d62ad34461f1cfbe9ba9976c69385593a5464|wy-2026-primary|county|sweetwater|county-sheriff|rep|candidate|RICH FISCHER|Sweetwater|COUNTY
wy-2026-primary,wy|sweetwater|wy-2026-primary|county_local_summary,Sweetwater,wy-2026-primary|county|sweetwater|county-sheriff|rep,REP COUNTY SHERIFF,County Sheriff,county,,REP,REP,county,5947c9082afaa5cf507e0ed33a4d62ad34461f1cfbe9ba9976c69385593a5464,2026-08-21T11:30:57Z,,county_summary_pdf_v1,1.1.1,1,verified,https://www.sweetwatercountywy.gov/departments/county_clerk/elections.php,,,county_complete,candidate,Sweetwater,,,RICHARD F. KAUMO,RICHARD F. KAUMO,,1767,,wy|sweetwater|wy-2026-primary|county_local_summary|5947c9082afaa5cf507e0ed33a4d62ad34461f1cfbe9ba9976c69385593a5464|wy-2026-primary|county|sweetwater|county-sheriff|rep|candidate|RICHARD F. KAUMO|Sweetwater|COUNTY
wy-2026-primary,wy|sweetwater|wy-2026-primary|county_local_summary,Sweetwater,wy-2026-primary|county|sweetwater|county-sheriff|rep,REP COUNTY SHERIFF,County Sheriff,county,,REP,REP,county,5947c9082afaa5cf507e0ed33a4d62ad34461f1cfbe9ba9976c69385593a5464,2026-08-21T11:30:57Z,,county_summary_pdf_v1,1.1.1,1,verified,https://www.sweetwatercountywy.gov/departments/county_clerk/elections.php,,,county_complete,candidate,Sweetwater,,,OZZIE KNEZOVICH,OZZIE KNEZOVICH,,1355,,wy|sweetwater|wy-2026-primary|county_local_summary|5947c9082afaa5cf507e0ed33a4d62ad34461f1cfbe9ba9976c69385593a5464|wy-2026-primary|county|sweetwater|county-sheriff|rep|candidate|OZZIE KNEZOVICH|Sweetwater|COUNTY
wy-2026-primary,wy|sweetwater|wy-2026-primary|county_local_summary,Sweetwater,wy-2026-primary|county|sweetwater|county-sheriff|rep,REP COUNTY SHERIFF,County Sheriff,county,,REP,REP,county,5947c9082afaa5cf507e0ed33a4d62ad34461f1cfbe9ba9976c69385593a5464,2026-08-21T11:30:57Z,,county_summary_pdf_v1,1.1.1,1,verified,https://www.sweetwatercountywy.gov/departments/county_clerk/elections.php,,,county_complete,candidate,Sweetwater,,,RANDALL TRYZBIAK,RANDALL TRYZBIAK,,368,,wy|sweetwater|wy-2026-primary|county_local_summary|5947c9082afaa5cf507e0ed33a4d62ad34461f1cfbe9ba9976c69385593a5464|wy-2026-primary|county|sweetwater|county-sheriff|rep|candidate|RANDALL TRYZBIAK|Sweetwater|COUNTY
wy-2026-primary,wy|sweetwater|wy-2026-primary|county_local_summary,Sweetwater,wy-2026-primary|county|sweetwater|county-sheriff|rep,REP COUNTY SHERIFF,County Sheriff,county,,REP,REP,county,5947c9082afaa5cf507e0ed33a4d62ad34461f1cfbe9ba9976c69385593a5464,2026-08-21T11:30:57Z,,county_summary_pdf_v1,1.1.1,1,verified,https://www.sweetwatercountywy.gov/departments/county_clerk/elections.php,,,county_complete,candidate,Sweetwater,,,MATTHEW T. WHARTON,MATTHEW T. WHARTON,,938,,wy|sweetwater|wy-2026-primary|county_local_summary|5947c9082afaa5cf507e0ed33a4d62ad34461f1cfbe9ba9976c69385593a5464|wy-2026-primary|county|sweetwater|county-sheriff|rep|candidate|MATTHEW T. WHARTON|Sweetwater|COUNTY
wy-2026-primary,wy|sweetwater|wy-2026-primary|county_local_summary,Sweetwater,wy-2026-primary|county|sweetwater|county-sheriff|rep,REP COUNTY SHERIFF,County Sheriff,county,,REP,REP,county,5947c9082afaa5cf507e0ed33a4d62ad34461f1cfbe9ba9976c69385593a5464,2026-08-21T11:30:57Z,,county_summary_pdf_v1,1.1.1,1,verified,https://www.sweetwatercountywy.gov/departments/county_clerk/elections.php,,,county_complete,write_in_aggregate,Sweetwater,,,,,,5,,wy|sweetwater|wy-2026-primary|county_local_summary|5947c9082afaa5cf507e0ed33a4d62ad34461f1cfbe9ba9976c69385593a5464|wy-2026-primary|county|sweetwater|county-sheriff|rep|write_in_aggregate|write_in_aggregate|Sweetwater|COUNTY
wy-2026-primary,wy|sweetwater|wy-2026-primary|county_local_summary,Sweetwater,wy-2026-primary|county|sweetwater|county-sheriff|rep,REP COUNTY SHERIFF,County Sheriff,county,,REP,REP,county,5947c9082afaa5cf507e0ed33a4d62ad34461f1cfbe9ba9976c69385593a5464,2026-08-21T11:30:57Z,,county_summary_pdf_v1,1.1.1,1,verified,https://www.sweetwatercountywy.gov/departments/county_clerk/elections.php,,,county_complete,overvote,Sweetwater,,,,,,7,,wy|sweetwater|wy-2026-primary|county_local_summary|5947c9082afaa5cf507e0ed33a4d62ad34461f1cfbe9ba9976c69385593a5464|wy-2026-primary|county|sweetwater|county-sheriff|rep|overvote|overvote|Sweetwater|COUNTY
wy-2026-primary,wy|sweetwater|wy-2026-primary|county_local_summary,Sweetwater,wy-2026-primary|county|sweetwater|county-sheriff|rep,REP COUNTY SHERIFF,County Sheriff,county,,REP,REP,county,5947c9082afaa5cf507e0ed33a4d62ad34461f1cfbe9ba9976c69385593a5464,2026-08-21T11:30:57Z,,county_summary_pdf_v1,1.1.1,1,verified,https://www.sweetwatercountywy.gov/departments/county_clerk/elections.php,,,county_complete,undervote,Sweetwater,,,,,,136,,wy|sweetwater|wy-2026-primary|county_local_summary|5947c9082afaa5cf507e0ed33a4d62ad34461f1cfbe9ba9976c69385593a5464|wy-2026-primary|county|sweetwater|county-sheriff|rep|undervote|undervote|Sweetwater|COUNTY
wy-2026-primary,wy|sweetwater|wy-2026-primary|county_local_summary,Sweetwater,wy-2026-primary|county|sweetwater|county-clerk|rep,REP COUNTY CLERK,County Clerk,county,,REP,REP,county,5947c9082afaa5cf507e0ed33a4d62ad34461f1cfbe9ba9976c69385593a5464,2026-08-21T11:30:57Z,,county_summary_pdf_v1,1.1.1,1,verified,https://www.sweetwatercountywy.gov/departments/county_clerk/elections.php,,,county_complete,candidate,Sweetwater,,,DALE DAVIS,DALE DAVIS,,3259,,wy|sweetwater|wy-2026-primary|county_local_summary|5947c9082afaa5cf507e0ed33a4d62ad34461f1cfbe9ba9976c69385593a5464|wy-2026-primary|county|sweetwater|county-clerk|rep|candidate|DALE DAVIS|Sweetwater|COUNTY
wy-2026-primary,wy|sweetwater|wy-2026-primary|county_local_summary,Sweetwater,wy-2026-primary|county|sweetwater|county-clerk|rep,REP COUNTY CLERK,County Clerk,county,,REP,REP,county,5947c9082afaa5cf507e0ed33a4d62ad34461f1cfbe9ba9976c69385593a5464,2026-08-21T11:30:57Z,,county_summary_pdf_v1,1.1.1,1,verified,https://www.sweetwatercountywy.gov/departments/county_clerk/elections.php,,,county_complete,candidate,Sweetwater,,,CINDY LANE-SWENSON,CINDY LANE-SWENSON,,3227,,wy|sweetwater|wy-2026-primary|county_local_summary|5947c9082afaa5cf507e0ed33a4d62ad34461f1cfbe9ba9976c69385593a5464|wy-2026-primary|county|sweetwater|county-clerk|rep|candidate|CINDY LANE-SWENSON|Sweetwater|COUNTY
wy-2026-primary,wy|sweetwater|wy-2026-primary|county_local_summary,Sweetwater,wy-2026-primary|county|sweetwater|county-clerk|rep,REP COUNTY CLERK,County Clerk,county,,REP,REP,county,5947c9082afaa5cf507e0ed33a4d62ad34461f1cfbe9ba9976c69385593a5464,2026-08-21T11:30:57Z,,county_summary_pdf_v1,1.1.1,1,verified,https://www.sweetwatercountywy.gov/departments/county_clerk/elections.php,,,county_complete,write_in_aggregate,Sweetwater,,,,,,10,,wy|sweetwater|wy-2026-primary|county_local_summary|5947c9082afaa5cf507e0ed33a4d62ad34461f1cfbe9ba9976c69385593a5464|wy-2026-primary|county|sweetwater|county-clerk|rep|write_in_aggregate|write_in_aggregate|Sweetwater|COUNTY
wy-2026-primary,wy|sweetwater|wy-2026-primary|county_local_summary,Sweetwater,wy-2026-primary|county|sweetwater|county-clerk|rep,REP COUNTY CLERK,County Clerk,county,,REP,REP,county,5947c9082afaa5cf507e0ed33a4d62ad34461f1cfbe9ba9976c69385593a5464,2026-08-21T11:30:57Z,,county_summary_pdf_v1,1.1.1,1,verified,https://www.sweetwatercountywy.gov/departments/county_clerk/elections.php,,,county_complete,overvote,Sweetwater,,,,,,1,,wy|sweetwater|wy-2026-primary|county_local_summary|5947c9082afaa5cf507e0ed33a4d62ad34461f1cfbe9ba9976c69385593a5464|wy-2026-primary|county|sweetwater|county-clerk|rep|overvote|overvote|Sweetwater|COUNTY
wy-2026-primary,wy|sweetwater|wy-2026-primary|county_local_summary,Sweetwater,wy-2026-primary|county|sweetwater|county-clerk|rep,REP COUNTY CLERK,County Clerk,county,,REP,REP,county,5947c9082afaa5cf507e0ed33a4d62ad34461f1cfbe9ba9976c69385593a5464,2026-08-21T11:30:57Z,,county_summary_pdf_v1,1.1.1,1,verified,https://www.sweetwatercountywy.gov/departments/county_clerk/elections.php,,,county_complete,undervote,Sweetwater,,,,,,659,,wy|sweetwater|wy-2026-primary|county_local_summary|5947c9082afaa5cf507e0ed33a4d62ad34461f1cfbe9ba9976c69385593a5464|wy-2026-primary|county|sweetwater|county-clerk|rep|undervote|undervote|Sweetwater|COUNTY
wy-2026-primary,wy|sweetwater|wy-2026-primary|county_local_summary,Sweetwater,wy-2026-primary|county|sweetwater|county-treasurer|rep,REP COUNTY TREASURER,County Treasurer,county,,REP,REP,county,5947c9082afaa5cf507e0ed33a4d62ad34461f1cfbe9ba9976c69385593a5464,2026-08-21T11:30:57Z,,county_summary_pdf_v1,1.1.1,1,verified,https://www.sweetwatercountywy.gov/departments/county_clerk/elections.php,,,county_complete,candidate,Sweetwater,,,S. MARK COWAN,S. MARK COWAN,,5779,,wy|sweetwater|wy-2026-primary|county_local_summary|5947c9082afaa5cf507e0ed33a4d62ad34461f1cfbe9ba9976c69385593a5464|wy-2026-primary|county|sweetwater|county-treasurer|rep|candidate|S. MARK COWAN|Sweetwater|COUNTY
wy-2026-primary,wy|sweetwater|wy-2026-primary|county_local_summary,Sweetwater,wy-2026-primary|county|sweetwater|county-treasurer|rep,REP COUNTY TREASURER,County Treasurer,county,,REP,REP,county,5947c9082afaa5cf507e0ed33a4d62ad34461f1cfbe9ba9976c69385593a5464,2026-08-21T11:30:57Z,,county_summary_pdf_v1,1.1.1,1,verified,https://www.sweetwatercountywy.gov/departments/county_clerk/elections.php,,,county_complete,write_in_aggregate,Sweetwater,,,,,,67,,wy|sweetwater|wy-2026-primary|county_local_summary|5947c9082afaa5cf507e0ed33a4d62ad34461f1cfbe9ba9976c69385593a5464|wy-2026-primary|county|sweetwater|county-treasurer|rep|write_in_aggregate|write_in_aggregate|Sweetwater|COUNTY
wy-2026-primary,wy|sweetwater|wy-2026-primary|county_local_summary,Sweetwater,wy-2026-primary|county|sweetwater|county-treasurer|rep,REP COUNTY TREASURER,County Treasurer,county,,REP,REP,county,5947c9082afaa5cf507e0ed33a4d62ad34461f1cfbe9ba9976c69385593a5464,2026-08-21T11:30:57Z,,county_summary_pdf_v1,1.1.1,1,verified,https://www.sweetwatercountywy.gov/departments/county_clerk/elections.php,,,county_complete,overvote,Sweetwater,,,,,,0,,wy|sweetwater|wy-2026-primary|county_local_summary|5947c9082afaa5cf507e0ed33a4d62ad34461f1cfbe9ba9976c69385593a5464|wy-2026-primary|county|sweetwater|county-treasurer|rep|overvote|overvote|Sweetwater|COUNTY
wy-2026-primary,wy|sweetwater|wy-2026-primary|county_local_summary,Sweetwater,wy-2026-primary|county|sweetwater|county-treasurer|rep,REP COUNTY TREASURER,County Treasurer,county,,REP,REP,county,5947c9082afaa5cf507e0ed33a4d62ad34461f1cfbe9ba9976c69385593a5464,2026-08-21T11:30:57Z,,county_summary_pdf_v1,1.1.1,1,verified,https://www.sweetwatercountywy.gov/departments/county_clerk/elections.php,,,county_complete,undervote,Sweetwater,,,,,,1310,,wy|sweetwater|wy-2026-primary|county_local_summary|5947c9082afaa5cf507e0ed33a4d62ad34461f1cfbe9ba9976c69385593a5464|wy-2026-primary|county|sweetwater|county-treasurer|rep|undervote|undervote|Sweetwater|COUNTY
wy-2026-primary,wy|sweetwater|wy-2026-primary|county_local_summary,Sweetwater,wy-2026-primary|county|sweetwater|county-assessor|rep,REP COUNTY ASSESSOR,County Assessor,county,,REP,REP,county,5947c9082afaa5cf507e0ed33a4d62ad34461f1cfbe9ba9976c69385593a5464,2026-08-21T11:30:57Z,,county_summary_pdf_v1,1.1.1,1,verified,https://www.sweetwatercountywy.gov/departments/county_clerk/elections.php,,,county_complete,candidate,Sweetwater,,,MARIANNE STACEY,MARIANNE STACEY,,5639,,wy|sweetwater|wy-2026-primary|county_local_summary|5947c9082afaa5cf507e0ed33a4d62ad34461f1cfbe9ba9976c69385593a5464|wy-2026-primary|county|sweetwater|county-assessor|rep|candidate|MARIANNE STACEY|Sweetwater|COUNTY
wy-2026-primary,wy|sweetwater|wy-2026-primary|county_local_summary,Sweetwater,wy-2026-primary|county|sweetwater|county-assessor|rep,REP COUNTY ASSESSOR,County Assessor,county,,REP,REP,county,5947c9082afaa5cf507e0ed33a4d62ad34461f1cfbe9ba9976c69385593a5464,2026-08-21T11:30:57Z,,county_summary_pdf_v1,1.1.1,1,verified,https://www.sweetwatercountywy.gov/departments/county_clerk/elections.php,,,county_complete,write_in_aggregate,Sweetwater,,,,,,41,,wy|sweetwater|wy-2026-primary|county_local_summary|5947c9082afaa5cf507e0ed33a4d62ad34461f1cfbe9ba9976c69385593a5464|wy-2026-primary|county|sweetwater|county-assessor|rep|write_in_aggregate|write_in_aggregate|Sweetwater|COUNTY
wy-2026-primary,wy|sweetwater|wy-2026-primary|county_local_summary,Sweetwater,wy-2026-primary|county|sweetwater|county-assessor|rep,REP COUNTY ASSESSOR,County Assessor,county,,REP,REP,county,5947c9082afaa5cf507e0ed33a4d62ad34461f1cfbe9ba9976c69385593a5464,2026-08-21T11:30:57Z,,county_summary_pdf_v1,1.1.1,1,verified,https://www.sweetwatercountywy.gov/departments/county_clerk/elections.php,,,county_complete,overvote,Sweetwater,,,,,,0,,wy|sweetwater|wy-2026-primary|county_local_summary|5947c9082afaa5cf507e0ed33a4d62ad34461f1cfbe9ba9976c69385593a5464|wy-2026-primary|county|sweetwater|county-assessor|rep|overvote|overvote|Sweetwater|COUNTY
wy-2026-primary,wy|sweetwater|wy-2026-primary|county_local_summary,Sweetwater,wy-2026-primary|county|sweetwater|county-assessor|rep,REP COUNTY ASSESSOR,County Assessor,county,,REP,REP,county,5947c9082afaa5cf507e0ed33a4d62ad34461f1cfbe9ba9976c69385593a5464,2026-08-21T11:30:57Z,,county_summary_pdf_v1,1.1.1,1,verified,https://www.sweetwatercountywy.gov/departments/county_clerk/elections.php,,,county_complete,undervote,Sweetwater,,,,,,1476,,wy|sweetwater|wy-2026-primary|county_local_summary|5947c9082afaa5cf507e0ed33a4d62ad34461f1cfbe9ba9976c69385593a5464|wy-2026-primary|county|sweetwater|county-assessor|rep|undervote|undervote|Sweetwater|COUNTY
wy-2026-primary,wy|sweetwater|wy-2026-primary|county_local_summary,Sweetwater,wy-2026-primary|county|sweetwater|clerk-of-district-court|rep,REP CLERK OF THE DISTRICT COURT,Clerk Of District Court,county,,REP,REP,county,5947c9082afaa5cf507e0ed33a4d62ad34461f1cfbe9ba9976c69385593a5464,2026-08-21T11:30:57Z,,county_summary_pdf_v1,1.1.1,1,verified,https://www.sweetwatercountywy.gov/departments/county_clerk/elections.php,,,county_complete,candidate,Sweetwater,,,AMANDA L. CHETTERBOCK,AMANDA L. CHETTERBOCK,,5691,,wy|sweetwater|wy-2026-primary|county_local_summary|5947c9082afaa5cf507e0ed33a4d62ad34461f1cfbe9ba9976c69385593a5464|wy-2026-primary|county|sweetwater|clerk-of-district-court|rep|candidate|AMANDA L. CHETTERBOCK|Sweetwater|COUNTY
wy-2026-primary,wy|sweetwater|wy-2026-primary|county_local_summary,Sweetwater,wy-2026-primary|county|sweetwater|clerk-of-district-court|rep,REP CLERK OF THE DISTRICT COURT,Clerk Of District Court,county,,REP,REP,county,5947c9082afaa5cf507e0ed33a4d62ad34461f1cfbe9ba9976c69385593a5464,2026-08-21T11:30:57Z,,county_summary_pdf_v1,1.1.1,1,verified,https://www.sweetwatercountywy.gov/departments/county_clerk/elections.php,,,county_complete,write_in_aggregate,Sweetwater,,,,,,43,,wy|sweetwater|wy-2026-primary|county_local_summary|5947c9082afaa5cf507e0ed33a4d62ad34461f1cfbe9ba9976c69385593a5464|wy-2026-primary|county|sweetwater|clerk-of-district-court|rep|write_in_aggregate|write_in_aggregate|Sweetwater|COUNTY
wy-2026-primary,wy|sweetwater|wy-2026-primary|county_local_summary,Sweetwater,wy-2026-primary|county|sweetwater|clerk-of-district-court|rep,REP CLERK OF THE DISTRICT COURT,Clerk Of District Court,county,,REP,REP,county,5947c9082afaa5cf507e0ed33a4d62ad34461f1cfbe9ba9976c69385593a5464,2026-08-21T11:30:57Z,,county_summary_pdf_v1,1.1.1,1,verified,https://www.sweetwatercountywy.gov/departments/county_clerk/elections.php,,,county_complete,overvote,Sweetwater,,,,,,0,,wy|sweetwater|wy-2026-primary|county_local_summary|5947c9082afaa5cf507e0ed33a4d62ad34461f1cfbe9ba9976c69385593a5464|wy-2026-primary|county|sweetwater|clerk-of-district-court|rep|overvote|overvote|Sweetwater|COUNTY
wy-2026-primary,wy|sweetwater|wy-2026-primary|county_local_summary,Sweetwater,wy-2026-primary|county|sweetwater|clerk-of-district-court|rep,REP CLERK OF THE DISTRICT COURT,Clerk Of District Court,county,,REP,REP,county,5947c9082afaa5cf507e0ed33a4d62ad34461f1cfbe9ba9976c69385593a5464,2026-08-21T11:30:57Z,,county_summary_pdf_v1,1.1.1,1,verified,https://www.sweetwatercountywy.gov/departments/county_clerk/elections.php,,,county_complete,undervote,Sweetwater,,,,,,1422,,wy|sweetwater|wy-2026-primary|county_local_summary|5947c9082afaa5cf507e0ed33a4d62ad34461f1cfbe9ba9976c69385593a5464|wy-2026-primary|county|sweetwater|clerk-of-district-court|rep|undervote|undervote|Sweetwater|COUNTY
wy-2026-primary,wy|sweetwater|wy-2026-primary|county_local_summary,Sweetwater,wy-2026-primary|county|sweetwater|precinct-committeeman-1-2|rep,REP PRECINCT COMMITTEEMAN 01-2,Precinct Committeeman 1-2,county,,REP,REP,precinct,5947c9082afaa5cf507e0ed33a4d62ad34461f1cfbe9ba9976c69385593a5464,2026-08-21T11:30:57Z,,county_summary_pdf_v1,1.1.1,1,verified,https://www.sweetwatercountywy.gov/departments/county_clerk/elections.php,,,county_complete,candidate,Sweetwater,,,ROBERT A. PERRY,ROBERT A. PERRY,,21,,wy|sweetwater|wy-2026-primary|county_local_summary|5947c9082afaa5cf507e0ed33a4d62ad34461f1cfbe9ba9976c69385593a5464|wy-2026-primary|county|sweetwater|precinct-committeeman-1-2|rep|candidate|ROBERT A. PERRY|Sweetwater|COUNTY
wy-2026-primary,wy|sweetwater|wy-2026-primary|county_local_summary,Sweetwater,wy-2026-primary|county|sweetwater|precinct-committeeman-1-2|rep,REP PRECINCT COMMITTEEMAN 01-2,Precinct Committeeman 1-2,county,,REP,REP,precinct,5947c9082afaa5cf507e0ed33a4d62ad34461f1cfbe9ba9976c69385593a5464,2026-08-21T11:30:57Z,,county_summary_pdf_v1,1.1.1,1,verified,https://www.sweetwatercountywy.gov/departments/county_clerk/elections.php,,,county_complete,write_in_aggregate,Sweetwater,,,,,,3,,wy|sweetwater|wy-2026-primary|county_local_summary|5947c9082afaa5cf507e0ed33a4d62ad34461f1cfbe9ba9976c69385593a5464|wy-2026-primary|county|sweetwater|precinct-committeeman-1-2|rep|write_in_aggregate|write_in_aggregate|Sweetwater|COUNTY
wy-2026-primary,wy|sweetwater|wy-2026-primary|county_local_summary,Sweetwater,wy-2026-primary|county|sweetwater|precinct-committeeman-1-2|rep,REP PRECINCT COMMITTEEMAN 01-2,Precinct Committeeman 1-2,county,,REP,REP,precinct,5947c9082afaa5cf507e0ed33a4d62ad34461f1cfbe9ba9976c69385593a5464,2026-08-21T11:30:57Z,,county_summary_pdf_v1,1.1.1,1,verified,https://www.sweetwatercountywy.gov/departments/county_clerk/elections.php,,,county_complete,overvote,Sweetwater,,,,,,0,,wy|sweetwater|wy-2026-primary|county_local_summary|5947c9082afaa5cf507e0ed33a4d62ad34461f1cfbe9ba9976c69385593a5464|wy-2026-primary|county|sweetwater|precinct-committeeman-1-2|rep|overvote|overvote|Sweetwater|COUNTY
wy-2026-primary,wy|sweetwater|wy-2026-primary|county_local_summary,Sweetwater,wy-2026-primary|county|sweetwater|precinct-committeeman-1-2|rep,REP PRECINCT COMMITTEEMAN 01-2,Precinct Committeeman 1-2,county,,REP,REP,precinct,5947c9082afaa5cf507e0ed33a4d62ad34461f1cfbe9ba9976c69385593a5464,2026-08-21T11:30:57Z,,county_summary_pdf_v1,1.1.1,1,verified,https://www.sweetwatercountywy.gov/departments/county_clerk/elections.php,,,county_complete,undervote,Sweetwater,,,,,,9,,wy|sweetwater|wy-2026-primary|county_local_summary|5947c9082afaa5cf507e0ed33a4d62ad34461f1cfbe9ba9976c69385593a5464|wy-2026-primary|county|sweetwater|precinct-committeeman-1-2|rep|undervote|undervote|Sweetwater|COUNTY
wy-2026-primary,wy|sweetwater|wy-2026-primary|county_local_summary,Sweetwater,wy-2026-primary|county|sweetwater|precinct-committeeman-3-4|rep,REP PRECINCT COMMITTEEMAN 03-4,Precinct Committeeman 3-4,county,,REP,REP,precinct,5947c9082afaa5cf507e0ed33a4d62ad34461f1cfbe9ba9976c69385593a5464,2026-08-21T11:30:57Z,,county_summary_pdf_v1,1.1.1,1,verified,https://www.sweetwatercountywy.gov/departments/county_clerk/elections.php,,,county_complete,candidate,Sweetwater,,,LARRY ELDER,LARRY ELDER,,32,,wy|sweetwater|wy-2026-primary|county_local_summary|5947c9082afaa5cf507e0ed33a4d62ad34461f1cfbe9ba9976c69385593a5464|wy-2026-primary|county|sweetwater|precinct-committeeman-3-4|rep|candidate|LARRY ELDER|Sweetwater|COUNTY
wy-2026-primary,wy|sweetwater|wy-2026-primary|county_local_summary,Sweetwater,wy-2026-primary|county|sweetwater|precinct-committeeman-3-4|rep,REP PRECINCT COMMITTEEMAN 03-4,Precinct Committeeman 3-4,county,,REP,REP,precinct,5947c9082afaa5cf507e0ed33a4d62ad34461f1cfbe9ba9976c69385593a5464,2026-08-21T11:30:57Z,,county_summary_pdf_v1,1.1.1,1,verified,https://www.sweetwatercountywy.gov/departments/county_clerk/elections.php,,,county_complete,write_in_aggregate,Sweetwater,,,,,,0,,wy|sweetwater|wy-2026-primary|county_local_summary|5947c9082afaa5cf507e0ed33a4d62ad34461f1cfbe9ba9976c69385593a5464|wy-2026-primary|county|sweetwater|precinct-committeeman-3-4|rep|write_in_aggregate|write_in_aggregate|Sweetwater|COUNTY
wy-2026-primary,wy|sweetwater|wy-2026-primary|county_local_summary,Sweetwater,wy-2026-primary|county|sweetwater|precinct-committeeman-3-4|rep,REP PRECINCT COMMITTEEMAN 03-4,Precinct Committeeman 3-4,county,,REP,REP,precinct,5947c9082afaa5cf507e0ed33a4d62ad34461f1cfbe9ba9976c69385593a5464,2026-08-21T11:30:57Z,,county_summary_pdf_v1,1.1.1,1,verified,https://www.sweetwatercountywy.gov/departments/county_clerk/elections.php,,,county_complete,overvote,Sweetwater,,,,,,0,,wy|sweetwater|wy-2026-primary|county_local_summary|5947c9082afaa5cf507e0ed33a4d62ad34461f1cfbe9ba9976c69385593a5464|wy-2026-primary|county|sweetwater|precinct-committeeman-3-4|rep|overvote|overvote|Sweetwater|COUNTY
wy-2026-primary,wy|sweetwater|wy-2026-primary|county_local_summary,Sweetwater,wy-2026-primary|county|sweetwater|precinct-committeeman-3-4|rep,REP PRECINCT COMMITTEEMAN 03-4,Precinct Committeeman 3-4,county,,REP,REP,precinct,5947c9082afaa5cf507e0ed33a4d62ad34461f1cfbe9ba9976c69385593a5464,2026-08-21T11:30:57Z,,county_summary_pdf_v1,1.1.1,1,verified,https://www.sweetwatercountywy.gov/departments/county_clerk/elections.php,,,county_complete,undervote,Sweetwater,,,,,,12,,wy|sweetwater|wy-2026-primary|county_local_summary|5947c9082afaa5cf507e0ed33a4d62ad34461f1cfbe9ba9976c69385593a5464|wy-2026-primary|county|sweetwater|precinct-committeeman-3-4|rep|undervote|undervote|Sweetwater|COUNTY
wy-2026-primary,wy|sweetwater|wy-2026-primary|county_local_summary,Sweetwater,wy-2026-primary|county|sweetwater|precinct-committeeman-3-6|rep,REP PRECINCT COMMITTEEMAN 03-6,Precinct Committeeman 3-6,county,,REP,REP,precinct,5947c9082afaa5cf507e0ed33a4d62ad34461f1cfbe9ba9976c69385593a5464,2026-08-21T11:30:57Z,,county_summary_pdf_v1,1.1.1,1,verified,https://www.sweetwatercountywy.gov/departments/county_clerk/elections.php,,,county_complete,candidate,Sweetwater,,,RICK COZAD,RICK COZAD,,166,,wy|sweetwater|wy-2026-primary|county_local_summary|5947c9082afaa5cf507e0ed33a4d62ad34461f1cfbe9ba9976c69385593a5464|wy-2026-primary|county|sweetwater|precinct-committeeman-3-6|rep|candidate|RICK COZAD|Sweetwater|COUNTY
wy-2026-primary,wy|sweetwater|wy-2026-primary|county_local_summary,Sweetwater,wy-2026-primary|county|sweetwater|precinct-committeeman-3-6|rep,REP PRECINCT COMMITTEEMAN 03-6,Precinct Committeeman 3-6,county,,REP,REP,precinct,5947c9082afaa5cf507e0ed33a4d62ad34461f1cfbe9ba9976c69385593a5464,2026-08-21T11:30:57Z,,county_summary_pdf_v1,1.1.1,1,verified,https://www.sweetwatercountywy.gov/departments/county_clerk/elections.php,,,county_complete,write_in_aggregate,Sweetwater,,,,,,0,,wy|sweetwater|wy-2026-primary|county_local_summary|5947c9082afaa5cf507e0ed33a4d62ad34461f1cfbe9ba9976c69385593a5464|wy-2026-primary|county|sweetwater|precinct-committeeman-3-6|rep|write_in_aggregate|write_in_aggregate|Sweetwater|COUNTY
wy-2026-primary,wy|sweetwater|wy-2026-primary|county_local_summary,Sweetwater,wy-2026-primary|county|sweetwater|precinct-committeeman-3-6|rep,REP PRECINCT COMMITTEEMAN 03-6,Precinct Committeeman 3-6,county,,REP,REP,precinct,5947c9082afaa5cf507e0ed33a4d62ad34461f1cfbe9ba9976c69385593a5464,2026-08-21T11:30:57Z,,county_summary_pdf_v1,1.1.1,1,verified,https://www.sweetwatercountywy.gov/departments/county_clerk/elections.php,,,county_complete,overvote,Sweetwater,,,,,,0,,wy|sweetwater|wy-2026-primary|county_local_summary|5947c9082afaa5cf507e0ed33a4d62ad34461f1cfbe9ba9976c69385593a5464|wy-2026-primary|county|sweetwater|precinct-committeeman-3-6|rep|overvote|overvote|Sweetwater|COUNTY
wy-2026-primary,wy|sweetwater|wy-2026-primary|county_local_summary,Sweetwater,wy-2026-primary|county|sweetwater|precinct-committeeman-3-6|rep,REP PRECINCT COMMITTEEMAN 03-6,Precinct Committeeman 3-6,county,,REP,REP,precinct,5947c9082afaa5cf507e0ed33a4d62ad34461f1cfbe9ba9976c69385593a5464,2026-08-21T11:30:57Z,,county_summary_pdf_v1,1.1.1,1,verified,https://www.sweetwatercountywy.gov/departments/county_clerk/elections.php,,,county_complete,undervote,Sweetwater,,,,,,34,,wy|sweetwater|wy-2026-primary|county_local_summary|5947c9082afaa5cf507e0ed33a4d62ad34461f1cfbe9ba9976c69385593a5464|wy-2026-primary|county|sweetwater|precinct-committeeman-3-6|rep|undervote|undervote|Sweetwater|COUNTY
wy-2026-primary,wy|sweetwater|wy-2026-primary|county_local_summary,Sweetwater,wy-2026-primary|county|sweetwater|precinct-committeeman-3-7|rep,REP PRECINCT COMMITTEEMAN 03-7,Precinct Committeeman 3-7,county,,REP,REP,precinct,5947c9082afaa5cf507e0ed33a4d62ad34461f1cfbe9ba9976c69385593a5464,2026-08-21T11:30:57Z,,county_summary_pdf_v1,1.1.1,1,verified,https://www.sweetwatercountywy.gov/departments/county_clerk/elections.php,,,county_complete,candidate,Sweetwater,,,ERIC BINGHAM,ERIC BINGHAM,,266,,wy|sweetwater|wy-2026-primary|county_local_summary|5947c9082afaa5cf507e0ed33a4d62ad34461f1cfbe9ba9976c69385593a5464|wy-2026-primary|county|sweetwater|precinct-committeeman-3-7|rep|candidate|ERIC BINGHAM|Sweetwater|COUNTY
wy-2026-primary,wy|sweetwater|wy-2026-primary|county_local_summary,Sweetwater,wy-2026-primary|county|sweetwater|precinct-committeeman-3-7|rep,REP PRECINCT COMMITTEEMAN 03-7,Precinct Committeeman 3-7,county,,REP,REP,precinct,5947c9082afaa5cf507e0ed33a4d62ad34461f1cfbe9ba9976c69385593a5464,2026-08-21T11:30:57Z,,county_summary_pdf_v1,1.1.1,1,verified,https://www.sweetwatercountywy.gov/departments/county_clerk/elections.php,,,county_complete,candidate,Sweetwater,,,DEVON BRUBAKER,DEVON BRUBAKER,,225,,wy|sweetwater|wy-2026-primary|county_local_summary|5947c9082afaa5cf507e0ed33a4d62ad34461f1cfbe9ba9976c69385593a5464|wy-2026-primary|county|sweetwater|precinct-committeeman-3-7|rep|candidate|DEVON BRUBAKER|Sweetwater|COUNTY
wy-2026-primary,wy|sweetwater|wy-2026-primary|county_local_summary,Sweetwater,wy-2026-primary|county|sweetwater|precinct-committeeman-3-7|rep,REP PRECINCT COMMITTEEMAN 03-7,Precinct Committeeman 3-7,county,,REP,REP,precinct,5947c9082afaa5cf507e0ed33a4d62ad34461f1cfbe9ba9976c69385593a5464,2026-08-21T11:30:57Z,,county_summary_pdf_v1,1.1.1,1,verified,https://www.sweetwatercountywy.gov/departments/county_clerk/elections.php,,,county_complete,candidate,Sweetwater,,,DANIEL ERRAMOUSPE,DANIEL ERRAMOUSPE,,323,,wy|sweetwater|wy-2026-primary|county_local_summary|5947c9082afaa5cf507e0ed33a4d62ad34461f1cfbe9ba9976c69385593a5464|wy-2026-primary|county|sweetwater|precinct-committeeman-3-7|rep|candidate|DANIEL ERRAMOUSPE|Sweetwater|COUNTY
wy-2026-primary,wy|sweetwater|wy-2026-primary|county_local_summary,Sweetwater,wy-2026-primary|county|sweetwater|precinct-committeeman-3-7|rep,REP PRECINCT COMMITTEEMAN 03-7,Precinct Committeeman 3-7,county,,REP,REP,precinct,5947c9082afaa5cf507e0ed33a4d62ad34461f1cfbe9ba9976c69385593a5464,2026-08-21T11:30:57Z,,county_summary_pdf_v1,1.1.1,1,verified,https://www.sweetwatercountywy.gov/departments/county_clerk/elections.php,,,county_complete,write_in_aggregate,Sweetwater,,,,,,4,,wy|sweetwater|wy-2026-primary|county_local_summary|5947c9082afaa5cf507e0ed33a4d62ad34461f1cfbe9ba9976c69385593a5464|wy-2026-primary|county|sweetwater|precinct-committeeman-3-7|rep|write_in_aggregate|write_in_aggregate|Sweetwater|COUNTY
wy-2026-primary,wy|sweetwater|wy-2026-primary|county_local_summary,Sweetwater,wy-2026-primary|county|sweetwater|precinct-committeeman-3-7|rep,REP PRECINCT COMMITTEEMAN 03-7,Precinct Committeeman 3-7,county,,REP,REP,precinct,5947c9082afaa5cf507e0ed33a4d62ad34461f1cfbe9ba9976c69385593a5464,2026-08-21T11:30:57Z,,county_summary_pdf_v1,1.1.1,1,verified,https://www.sweetwatercountywy.gov/departments/county_clerk/elections.php,,,county_complete,overvote,Sweetwater,,,,,,0,,wy|sweetwater|wy-2026-primary|county_local_summary|5947c9082afaa5cf507e0ed33a4d62ad34461f1cfbe9ba9976c69385593a5464|wy-2026-primary|county|sweetwater|precinct-committeeman-3-7|rep|overvote|overvote|Sweetwater|COUNTY
wy-2026-primary,wy|sweetwater|wy-2026-primary|county_local_summary,Sweetwater,wy-2026-primary|county|sweetwater|precinct-committeeman-3-7|rep,REP PRECINCT COMMITTEEMAN 03-7,Precinct Committeeman 3-7,county,,REP,REP,precinct,5947c9082afaa5cf507e0ed33a4d62ad34461f1cfbe9ba9976c69385593a5464,2026-08-21T11:30:57Z,,county_summary_pdf_v1,1.1.1,1,verified,https://www.sweetwatercountywy.gov/departments/county_clerk/elections.php,,,county_complete,undervote,Sweetwater,,,,,,655,,wy|sweetwater|wy-2026-primary|county_local_summary|5947c9082afaa5cf507e0ed33a4d62ad34461f1cfbe9ba9976c69385593a5464|wy-2026-primary|county|sweetwater|precinct-committeeman-3-7|rep|undervote|undervote|Sweetwater|COUNTY
wy-2026-primary,wy|sweetwater|wy-2026-primary|county_local_summary,Sweetwater,wy-2026-primary|county|sweetwater|precinct-committeeman-4-1|rep,REP PRECINCT COMMITTEEMAN 04-1,Precinct Committeeman 4-1,county,,REP,REP,precinct,5947c9082afaa5cf507e0ed33a4d62ad34461f1cfbe9ba9976c69385593a5464,2026-08-21T11:30:57Z,,county_summary_pdf_v1,1.1.1,1,verified,https://www.sweetwatercountywy.gov/departments/county_clerk/elections.php,,,county_complete,write_in_aggregate,Sweetwater,,,,,,26,,wy|sweetwater|wy-2026-primary|county_local_summary|5947c9082afaa5cf507e0ed33a4d62ad34461f1cfbe9ba9976c69385593a5464|wy-2026-primary|county|sweetwater|precinct-committeeman-4-1|rep|write_in_aggregate|write_in_aggregate|Sweetwater|COUNTY
wy-2026-primary,wy|sweetwater|wy-2026-primary|county_local_summary,Sweetwater,wy-2026-primary|county|sweetwater|precinct-committeeman-4-1|rep,REP PRECINCT COMMITTEEMAN 04-1,Precinct Committeeman 4-1,county,,REP,REP,precinct,5947c9082afaa5cf507e0ed33a4d62ad34461f1cfbe9ba9976c69385593a5464,2026-08-21T11:30:57Z,,county_summary_pdf_v1,1.1.1,1,verified,https://www.sweetwatercountywy.gov/departments/county_clerk/elections.php,,,county_complete,overvote,Sweetwater,,,,,,0,,wy|sweetwater|wy-2026-primary|county_local_summary|5947c9082afaa5cf507e0ed33a4d62ad34461f1cfbe9ba9976c69385593a5464|wy-2026-primary|county|sweetwater|precinct-committeeman-4-1|rep|overvote|overvote|Sweetwater|COUNTY
wy-2026-primary,wy|sweetwater|wy-2026-primary|county_local_summary,Sweetwater,wy-2026-primary|county|sweetwater|precinct-committeeman-4-1|rep,REP PRECINCT COMMITTEEMAN 04-1,Precinct Committeeman 4-1,county,,REP,REP,precinct,5947c9082afaa5cf507e0ed33a4d62ad34461f1cfbe9ba9976c69385593a5464,2026-08-21T11:30:57Z,,county_summary_pdf_v1,1.1.1,1,verified,https://www.sweetwatercountywy.gov/departments/county_clerk/elections.php,,,county_complete,undervote,Sweetwater,,,,,,126,,wy|sweetwater|wy-2026-primary|county_local_summary|5947c9082afaa5cf507e0ed33a4d62ad34461f1cfbe9ba9976c69385593a5464|wy-2026-primary|county|sweetwater|precinct-committeeman-4-1|rep|undervote|undervote|Sweetwater|COUNTY
wy-2026-primary,wy|sweetwater|wy-2026-primary|county_local_summary,Sweetwater,wy-2026-primary|county|sweetwater|precinct-committeeman-4-4|rep,REP PRECINCT COMMITTEEMAN 04-4,Precinct Committeeman 4-4,county,,REP,REP,precinct,5947c9082afaa5cf507e0ed33a4d62ad34461f1cfbe9ba9976c69385593a5464,2026-08-21T11:30:57Z,,county_summary_pdf_v1,1.1.1,1,verified,https://www.sweetwatercountywy.gov/departments/county_clerk/elections.php,,,county_complete,candidate,Sweetwater,,,RICHARD F. KAUMO,RICHARD F. KAUMO,,193,,wy|sweetwater|wy-2026-primary|county_local_summary|5947c9082afaa5cf507e0ed33a4d62ad34461f1cfbe9ba9976c69385593a5464|wy-2026-primary|county|sweetwater|precinct-committeeman-4-4|rep|candidate|RICHARD F. KAUMO|Sweetwater|COUNTY
wy-2026-primary,wy|sweetwater|wy-2026-primary|county_local_summary,Sweetwater,wy-2026-primary|county|sweetwater|precinct-committeeman-4-4|rep,REP PRECINCT COMMITTEEMAN 04-4,Precinct Committeeman 4-4,county,,REP,REP,precinct,5947c9082afaa5cf507e0ed33a4d62ad34461f1cfbe9ba9976c69385593a5464,2026-08-21T11:30:57Z,,county_summary_pdf_v1,1.1.1,1,verified,https://www.sweetwatercountywy.gov/departments/county_clerk/elections.php,,,county_complete,candidate,Sweetwater,,,J. ISLAND RICHARDS,J. ISLAND RICHARDS,,189,,wy|sweetwater|wy-2026-primary|county_local_summary|5947c9082afaa5cf507e0ed33a4d62ad34461f1cfbe9ba9976c69385593a5464|wy-2026-primary|county|sweetwater|precinct-committeeman-4-4|rep|candidate|J. ISLAND RICHARDS|Sweetwater|COUNTY
wy-2026-primary,wy|sweetwater|wy-2026-primary|county_local_summary,Sweetwater,wy-2026-primary|county|sweetwater|precinct-committeeman-4-4|rep,REP PRECINCT COMMITTEEMAN 04-4,Precinct Committeeman 4-4,county,,REP,REP,precinct,5947c9082afaa5cf507e0ed33a4d62ad34461f1cfbe9ba9976c69385593a5464,2026-08-21T11:30:57Z,,county_summary_pdf_v1,1.1.1,1,verified,https://www.sweetwatercountywy.gov/departments/county_clerk/elections.php,,,county_complete,write_in_aggregate,Sweetwater,,,,,,5,,wy|sweetwater|wy-2026-primary|county_local_summary|5947c9082afaa5cf507e0ed33a4d62ad34461f1cfbe9ba9976c69385593a5464|wy-2026-primary|county|sweetwater|precinct-committeeman-4-4|rep|write_in_aggregate|write_in_aggregate|Sweetwater|COUNTY
wy-2026-primary,wy|sweetwater|wy-2026-primary|county_local_summary,Sweetwater,wy-2026-primary|county|sweetwater|precinct-committeeman-4-4|rep,REP PRECINCT COMMITTEEMAN 04-4,Precinct Committeeman 4-4,county,,REP,REP,precinct,5947c9082afaa5cf507e0ed33a4d62ad34461f1cfbe9ba9976c69385593a5464,2026-08-21T11:30:57Z,,county_summary_pdf_v1,1.1.1,1,verified,https://www.sweetwatercountywy.gov/departments/county_clerk/elections.php,,,county_complete,overvote,Sweetwater,,,,,,0,,wy|sweetwater|wy-2026-primary|county_local_summary|5947c9082afaa5cf507e0ed33a4d62ad34461f1cfbe9ba9976c69385593a5464|wy-2026-primary|county|sweetwater|precinct-committeeman-4-4|rep|overvote|overvote|Sweetwater|COUNTY
wy-2026-primary,wy|sweetwater|wy-2026-primary|county_local_summary,Sweetwater,wy-2026-primary|county|sweetwater|precinct-committeeman-4-4|rep,REP PRECINCT COMMITTEEMAN 04-4,Precinct Committeeman 4-4,county,,REP,REP,precinct,5947c9082afaa5cf507e0ed33a4d62ad34461f1cfbe9ba9976c69385593a5464,2026-08-21T11:30:57Z,,county_summary_pdf_v1,1.1.1,1,verified,https://www.sweetwatercountywy.gov/departments/county_clerk/elections.php,,,county_complete,undervote,Sweetwater,,,,,,263,,wy|sweetwater|wy-2026-primary|county_local_summary|5947c9082afaa5cf507e0ed33a4d62ad34461f1cfbe9ba9976c69385593a5464|wy-2026-primary|county|sweetwater|precinct-committeeman-4-4|rep|undervote|undervote|Sweetwater|COUNTY
wy-2026-primary,wy|sweetwater|wy-2026-primary|county_local_summary,Sweetwater,wy-2026-primary|county|sweetwater|precinct-committeeman-4-5|rep,REP PRECINCT COMMITTEEMAN 04-5,Precinct Committeeman 4-5,county,,REP,REP,precinct,5947c9082afaa5cf507e0ed33a4d62ad34461f1cfbe9ba9976c69385593a5464,2026-08-21T11:30:57Z,,county_summary_pdf_v1,1.1.1,1,verified,https://www.sweetwatercountywy.gov/departments/county_clerk/elections.php,,,county_complete,write_in_aggregate,Sweetwater,,,,,,7,,wy|sweetwater|wy-2026-primary|county_local_summary|5947c9082afaa5cf507e0ed33a4d62ad34461f1cfbe9ba9976c69385593a5464|wy-2026-primary|county|sweetwater|precinct-committeeman-4-5|rep|write_in_aggregate|write_in_aggregate|Sweetwater|COUNTY
wy-2026-primary,wy|sweetwater|wy-2026-primary|county_local_summary,Sweetwater,wy-2026-primary|county|sweetwater|precinct-committeeman-4-5|rep,REP PRECINCT COMMITTEEMAN 04-5,Precinct Committeeman 4-5,county,,REP,REP,precinct,5947c9082afaa5cf507e0ed33a4d62ad34461f1cfbe9ba9976c69385593a5464,2026-08-21T11:30:57Z,,county_summary_pdf_v1,1.1.1,1,verified,https://www.sweetwatercountywy.gov/departments/county_clerk/elections.php,,,county_complete,overvote,Sweetwater,,,,,,0,,wy|sweetwater|wy-2026-primary|county_local_summary|5947c9082afaa5cf507e0ed33a4d62ad34461f1cfbe9ba9976c69385593a5464|wy-2026-primary|county|sweetwater|precinct-committeeman-4-5|rep|overvote|overvote|Sweetwater|COUNTY
wy-2026-primary,wy|sweetwater|wy-2026-primary|county_local_summary,Sweetwater,wy-2026-primary|county|sweetwater|precinct-committeeman-4-5|rep,REP PRECINCT COMMITTEEMAN 04-5,Precinct Committeeman 4-5,county,,REP,REP,precinct,5947c9082afaa5cf507e0ed33a4d62ad34461f1cfbe9ba9976c69385593a5464,2026-08-21T11:30:57Z,,county_summary_pdf_v1,1.1.1,1,verified,https://www.sweetwatercountywy.gov/departments/county_clerk/elections.php,,,county_complete,undervote,Sweetwater,,,,,,113,,wy|sweetwater|wy-2026-primary|county_local_summary|5947c9082afaa5cf507e0ed33a4d62ad34461f1cfbe9ba9976c69385593a5464|wy-2026-primary|county|sweetwater|precinct-committeeman-4-5|rep|undervote|undervote|Sweetwater|COUNTY
wy-2026-primary,wy|sweetwater|wy-2026-primary|county_local_summary,Sweetwater,wy-2026-primary|county|sweetwater|precinct-committeeman-4-6|rep,REP PRECINCT COMMITTEEMAN 04-6,Precinct Committeeman 4-6,county,,REP,REP,precinct,5947c9082afaa5cf507e0ed33a4d62ad34461f1cfbe9ba9976c69385593a5464,2026-08-21T11:30:57Z,,county_summary_pdf_v1,1.1.1,1,verified,https://www.sweetwatercountywy.gov/departments/county_clerk/elections.php,,,county_complete,write_in_aggregate,Sweetwater,,,,,,5,,wy|sweetwater|wy-2026-primary|county_local_summary|5947c9082afaa5cf507e0ed33a4d62ad34461f1cfbe9ba9976c69385593a5464|wy-2026-primary|county|sweetwater|precinct-committeeman-4-6|rep|write_in_aggregate|write_in_aggregate|Sweetwater|COUNTY
wy-2026-primary,wy|sweetwater|wy-2026-primary|county_local_summary,Sweetwater,wy-2026-primary|county|sweetwater|precinct-committeeman-4-6|rep,REP PRECINCT COMMITTEEMAN 04-6,Precinct Committeeman 4-6,county,,REP,REP,precinct,5947c9082afaa5cf507e0ed33a4d62ad34461f1cfbe9ba9976c69385593a5464,2026-08-21T11:30:57Z,,county_summary_pdf_v1,1.1.1,1,verified,https://www.sweetwatercountywy.gov/departments/county_clerk/elections.php,,,county_complete,overvote,Sweetwater,,,,,,0,,wy|sweetwater|wy-2026-primary|county_local_summary|5947c9082afaa5cf507e0ed33a4d62ad34461f1cfbe9ba9976c69385593a5464|wy-2026-primary|county|sweetwater|precinct-committeeman-4-6|rep|overvote|overvote|Sweetwater|COUNTY
wy-2026-primary,wy|sweetwater|wy-2026-primary|county_local_summary,Sweetwater,wy-2026-primary|county|sweetwater|precinct-committeeman-4-6|rep,REP PRECINCT COMMITTEEMAN 04-6,Precinct Committeeman 4-6,county,,REP,REP,precinct,5947c9082afaa5cf507e0ed33a4d62ad34461f1cfbe9ba9976c69385593a5464,2026-08-21T11:30:57Z,,county_summary_pdf_v1,1.1.1,1,verified,https://www.sweetwatercountywy.gov/departments/county_clerk/elections.php,,,county_complete,undervote,Sweetwater,,,,,,52,,wy|sweetwater|wy-2026-primary|county_local_summary|5947c9082afaa5cf507e0ed33a4d62ad34461f1cfbe9ba9976c69385593a5464|wy-2026-primary|county|sweetwater|precinct-committeeman-4-6|rep|undervote|undervote|Sweetwater|COUNTY
wy-2026-primary,wy|sweetwater|wy-2026-primary|county_local_summary,Sweetwater,wy-2026-primary|county|sweetwater|precinct-committeeman-4-7|rep,REP PRECINCT COMMITTEEMAN 04-7,Precinct Committeeman 4-7,county,,REP,REP,precinct,5947c9082afaa5cf507e0ed33a4d62ad34461f1cfbe9ba9976c69385593a5464,2026-08-21T11:30:57Z,,county_summary_pdf_v1,1.1.1,1,verified,https://www.sweetwatercountywy.gov/departments/county_clerk/elections.php,,,county_complete,candidate,Sweetwater,,,JERRY MIGNEREY SR.,JERRY MIGNEREY SR.,,19,,wy|sweetwater|wy-2026-primary|county_local_summary|5947c9082afaa5cf507e0ed33a4d62ad34461f1cfbe9ba9976c69385593a5464|wy-2026-primary|county|sweetwater|precinct-committeeman-4-7|rep|candidate|JERRY MIGNEREY SR.|Sweetwater|COUNTY
wy-2026-primary,wy|sweetwater|wy-2026-primary|county_local_summary,Sweetwater,wy-2026-primary|county|sweetwater|precinct-committeeman-4-7|rep,REP PRECINCT COMMITTEEMAN 04-7,Precinct Committeeman 4-7,county,,REP,REP,precinct,5947c9082afaa5cf507e0ed33a4d62ad34461f1cfbe9ba9976c69385593a5464,2026-08-21T11:30:57Z,,county_summary_pdf_v1,1.1.1,1,verified,https://www.sweetwatercountywy.gov/departments/county_clerk/elections.php,,,county_complete,candidate,Sweetwater,,,BILLY G WYLIE,BILLY G WYLIE,,27,,wy|sweetwater|wy-2026-primary|county_local_summary|5947c9082afaa5cf507e0ed33a4d62ad34461f1cfbe9ba9976c69385593a5464|wy-2026-primary|county|sweetwater|precinct-committeeman-4-7|rep|candidate|BILLY G WYLIE|Sweetwater|COUNTY
wy-2026-primary,wy|sweetwater|wy-2026-primary|county_local_summary,Sweetwater,wy-2026-primary|county|sweetwater|precinct-committeeman-4-7|rep,REP PRECINCT COMMITTEEMAN 04-7,Precinct Committeeman 4-7,county,,REP,REP,precinct,5947c9082afaa5cf507e0ed33a4d62ad34461f1cfbe9ba9976c69385593a5464,2026-08-21T11:30:57Z,,county_summary_pdf_v1,1.1.1,1,verified,https://www.sweetwatercountywy.gov/departments/county_clerk/elections.php,,,county_complete,write_in_aggregate,Sweetwater,,,,,,0,,wy|sweetwater|wy-2026-primary|county_local_summary|5947c9082afaa5cf507e0ed33a4d62ad34461f1cfbe9ba9976c69385593a5464|wy-2026-primary|county|sweetwater|precinct-committeeman-4-7|rep|write_in_aggregate|write_in_aggregate|Sweetwater|COUNTY
wy-2026-primary,wy|sweetwater|wy-2026-primary|county_local_summary,Sweetwater,wy-2026-primary|county|sweetwater|precinct-committeeman-4-7|rep,REP PRECINCT COMMITTEEMAN 04-7,Precinct Committeeman 4-7,county,,REP,REP,precinct,5947c9082afaa5cf507e0ed33a4d62ad34461f1cfbe9ba9976c69385593a5464,2026-08-21T11:30:57Z,,county_summary_pdf_v1,1.1.1,1,verified,https://www.sweetwatercountywy.gov/departments/county_clerk/elections.php,,,county_complete,overvote,Sweetwater,,,,,,0,,wy|sweetwater|wy-2026-primary|county_local_summary|5947c9082afaa5cf507e0ed33a4d62ad34461f1cfbe9ba9976c69385593a5464|wy-2026-primary|county|sweetwater|precinct-committeeman-4-7|rep|overvote|overvote|Sweetwater|COUNTY
wy-2026-primary,wy|sweetwater|wy-2026-primary|county_local_summary,Sweetwater,wy-2026-primary|county|sweetwater|precinct-committeeman-4-7|rep,REP PRECINCT COMMITTEEMAN 04-7,Precinct Committeeman 4-7,county,,REP,REP,precinct,5947c9082afaa5cf507e0ed33a4d62ad34461f1cfbe9ba9976c69385593a5464,2026-08-21T11:30:57Z,,county_summary_pdf_v1,1.1.1,1,verified,https://www.sweetwatercountywy.gov/departments/county_clerk/elections.php,,,county_complete,undervote,Sweetwater,,,,,,7,,wy|sweetwater|wy-2026-primary|county_local_summary|5947c9082afaa5cf507e0ed33a4d62ad34461f1cfbe9ba9976c69385593a5464|wy-2026-primary|county|sweetwater|precinct-committeeman-4-7|rep|undervote|undervote|Sweetwater|COUNTY
wy-2026-primary,wy|sweetwater|wy-2026-primary|county_local_summary,Sweetwater,wy-2026-primary|county|sweetwater|precinct-committeeman-5-6|rep,REP PRECINCT COMMITTEEMAN 05-6,Precinct Committeeman 5-6,county,,REP,REP,precinct,5947c9082afaa5cf507e0ed33a4d62ad34461f1cfbe9ba9976c69385593a5464,2026-08-21T11:30:57Z,,county_summary_pdf_v1,1.1.1,1,verified,https://www.sweetwatercountywy.gov/departments/county_clerk/elections.php,,,county_complete,candidate,Sweetwater,,,BRUCE MACY,BRUCE MACY,,222,,wy|sweetwater|wy-2026-primary|county_local_summary|5947c9082afaa5cf507e0ed33a4d62ad34461f1cfbe9ba9976c69385593a5464|wy-2026-primary|county|sweetwater|precinct-committeeman-5-6|rep|candidate|BRUCE MACY|Sweetwater|COUNTY
wy-2026-primary,wy|sweetwater|wy-2026-primary|county_local_summary,Sweetwater,wy-2026-primary|county|sweetwater|precinct-committeeman-5-6|rep,REP PRECINCT COMMITTEEMAN 05-6,Precinct Committeeman 5-6,county,,REP,REP,precinct,5947c9082afaa5cf507e0ed33a4d62ad34461f1cfbe9ba9976c69385593a5464,2026-08-21T11:30:57Z,,county_summary_pdf_v1,1.1.1,1,verified,https://www.sweetwatercountywy.gov/departments/county_clerk/elections.php,,,county_complete,write_in_aggregate,Sweetwater,,,,,,10,,wy|sweetwater|wy-2026-primary|county_local_summary|5947c9082afaa5cf507e0ed33a4d62ad34461f1cfbe9ba9976c69385593a5464|wy-2026-primary|county|sweetwater|precinct-committeeman-5-6|rep|write_in_aggregate|write_in_aggregate|Sweetwater|COUNTY
wy-2026-primary,wy|sweetwater|wy-2026-primary|county_local_summary,Sweetwater,wy-2026-primary|county|sweetwater|precinct-committeeman-5-6|rep,REP PRECINCT COMMITTEEMAN 05-6,Precinct Committeeman 5-6,county,,REP,REP,precinct,5947c9082afaa5cf507e0ed33a4d62ad34461f1cfbe9ba9976c69385593a5464,2026-08-21T11:30:57Z,,county_summary_pdf_v1,1.1.1,1,verified,https://www.sweetwatercountywy.gov/departments/county_clerk/elections.php,,,county_complete,overvote,Sweetwater,,,,,,0,,wy|sweetwater|wy-2026-primary|county_local_summary|5947c9082afaa5cf507e0ed33a4d62ad34461f1cfbe9ba9976c69385593a5464|wy-2026-primary|county|sweetwater|precinct-committeeman-5-6|rep|overvote|overvote|Sweetwater|COUNTY
wy-2026-primary,wy|sweetwater|wy-2026-primary|county_local_summary,Sweetwater,wy-2026-primary|county|sweetwater|precinct-committeeman-5-6|rep,REP PRECINCT COMMITTEEMAN 05-6,Precinct Committeeman 5-6,county,,REP,REP,precinct,5947c9082afaa5cf507e0ed33a4d62ad34461f1cfbe9ba9976c69385593a5464,2026-08-21T11:30:57Z,,county_summary_pdf_v1,1.1.1,1,verified,https://www.sweetwatercountywy.gov/departments/county_clerk/elections.php,,,county_complete,undervote,Sweetwater,,,,,,348,,wy|sweetwater|wy-2026-primary|county_local_summary|5947c9082afaa5cf507e0ed33a4d62ad34461f1cfbe9ba9976c69385593a5464|wy-2026-primary|county|sweetwater|precinct-committeeman-5-6|rep|undervote|undervote|Sweetwater|COUNTY
wy-2026-primary,wy|sweetwater|wy-2026-primary|county_local_summary,Sweetwater,wy-2026-primary|county|sweetwater|precinct-committeeman-5-7|rep,REP PRECINCT COMMITTEEMAN 05-7,Precinct Committeeman 5-7,county,,REP,REP,precinct,5947c9082afaa5cf507e0ed33a4d62ad34461f1cfbe9ba9976c69385593a5464,2026-08-21T11:30:57Z,,county_summary_pdf_v1,1.1.1,1,verified,https://www.sweetwatercountywy.gov/departments/county_clerk/elections.php,,,county_complete,candidate,Sweetwater,,,GILBERT R. WAHL,GILBERT R. WAHL,,94,,wy|sweetwater|wy-2026-primary|county_local_summary|5947c9082afaa5cf507e0ed33a4d62ad34461f1cfbe9ba9976c69385593a5464|wy-2026-primary|county|sweetwater|precinct-committeeman-5-7|rep|candidate|GILBERT R. WAHL|Sweetwater|COUNTY
wy-2026-primary,wy|sweetwater|wy-2026-primary|county_local_summary,Sweetwater,wy-2026-primary|county|sweetwater|precinct-committeeman-5-7|rep,REP PRECINCT COMMITTEEMAN 05-7,Precinct Committeeman 5-7,county,,REP,REP,precinct,5947c9082afaa5cf507e0ed33a4d62ad34461f1cfbe9ba9976c69385593a5464,2026-08-21T11:30:57Z,,county_summary_pdf_v1,1.1.1,1,verified,https://www.sweetwatercountywy.gov/departments/county_clerk/elections.php,,,county_complete,write_in_aggregate,Sweetwater,,,,,,2,,wy|sweetwater|wy-2026-primary|county_local_summary|5947c9082afaa5cf507e0ed33a4d62ad34461f1cfbe9ba9976c69385593a5464|wy-2026-primary|county|sweetwater|precinct-committeeman-5-7|rep|write_in_aggregate|write_in_aggregate|Sweetwater|COUNTY
wy-2026-primary,wy|sweetwater|wy-2026-primary|county_local_summary,Sweetwater,wy-2026-primary|county|sweetwater|precinct-committeeman-5-7|rep,REP PRECINCT COMMITTEEMAN 05-7,Precinct Committeeman 5-7,county,,REP,REP,precinct,5947c9082afaa5cf507e0ed33a4d62ad34461f1cfbe9ba9976c69385593a5464,2026-08-21T11:30:57Z,,county_summary_pdf_v1,1.1.1,1,verified,https://www.sweetwatercountywy.gov/departments/county_clerk/elections.php,,,county_complete,overvote,Sweetwater,,,,,,0,,wy|sweetwater|wy-2026-primary|county_local_summary|5947c9082afaa5cf507e0ed33a4d62ad34461f1cfbe9ba9976c69385593a5464|wy-2026-primary|county|sweetwater|precinct-committeeman-5-7|rep|overvote|overvote|Sweetwater|COUNTY
wy-2026-primary,wy|sweetwater|wy-2026-primary|county_local_summary,Sweetwater,wy-2026-primary|county|sweetwater|precinct-committeeman-5-7|rep,REP PRECINCT COMMITTEEMAN 05-7,Precinct Committeeman 5-7,county,,REP,REP,precinct,5947c9082afaa5cf507e0ed33a4d62ad34461f1cfbe9ba9976c69385593a5464,2026-08-21T11:30:57Z,,county_summary_pdf_v1,1.1.1,1,verified,https://www.sweetwatercountywy.gov/departments/county_clerk/elections.php,,,county_complete,undervote,Sweetwater,,,,,,25,,wy|sweetwater|wy-2026-primary|county_local_summary|5947c9082afaa5cf507e0ed33a4d62ad34461f1cfbe9ba9976c69385593a5464|wy-2026-primary|county|sweetwater|precinct-committeeman-5-7|rep|undervote|undervote|Sweetwater|COUNTY
wy-2026-primary,wy|sweetwater|wy-2026-primary|county_local_summary,Sweetwater,wy-2026-primary|county|sweetwater|precinct-committeeman-5-8|rep,REP PRECINCT COMMITTEEMAN 05-8,Precinct Committeeman 5-8,county,,REP,REP,precinct,5947c9082afaa5cf507e0ed33a4d62ad34461f1cfbe9ba9976c69385593a5464,2026-08-21T11:30:57Z,,county_summary_pdf_v1,1.1.1,1,verified,https://www.sweetwatercountywy.gov/departments/county_clerk/elections.php,,,county_complete,candidate,Sweetwater,,,MARK COWAN,MARK COWAN,,203,,wy|sweetwater|wy-2026-primary|county_local_summary|5947c9082afaa5cf507e0ed33a4d62ad34461f1cfbe9ba9976c69385593a5464|wy-2026-primary|county|sweetwater|precinct-committeeman-5-8|rep|candidate|MARK COWAN|Sweetwater|COUNTY
wy-2026-primary,wy|sweetwater|wy-2026-primary|county_local_summary,Sweetwater,wy-2026-primary|county|sweetwater|precinct-committeeman-5-8|rep,REP PRECINCT COMMITTEEMAN 05-8,Precinct Committeeman 5-8,county,,REP,REP,precinct,5947c9082afaa5cf507e0ed33a4d62ad34461f1cfbe9ba9976c69385593a5464,2026-08-21T11:30:57Z,,county_summary_pdf_v1,1.1.1,1,verified,https://www.sweetwatercountywy.gov/departments/county_clerk/elections.php,,,county_complete,candidate,Sweetwater,,,TAYLOR C JONES,TAYLOR C JONES,,152,,wy|sweetwater|wy-2026-primary|county_local_summary|5947c9082afaa5cf507e0ed33a4d62ad34461f1cfbe9ba9976c69385593a5464|wy-2026-primary|county|sweetwater|precinct-committeeman-5-8|rep|candidate|TAYLOR C JONES|Sweetwater|COUNTY
wy-2026-primary,wy|sweetwater|wy-2026-primary|county_local_summary,Sweetwater,wy-2026-primary|county|sweetwater|precinct-committeeman-5-8|rep,REP PRECINCT COMMITTEEMAN 05-8,Precinct Committeeman 5-8,county,,REP,REP,precinct,5947c9082afaa5cf507e0ed33a4d62ad34461f1cfbe9ba9976c69385593a5464,2026-08-21T11:30:57Z,,county_summary_pdf_v1,1.1.1,1,verified,https://www.sweetwatercountywy.gov/departments/county_clerk/elections.php,,,county_complete,candidate,Sweetwater,,,KEATON D. WEST,KEATON D. WEST,,321,,wy|sweetwater|wy-2026-primary|county_local_summary|5947c9082afaa5cf507e0ed33a4d62ad34461f1cfbe9ba9976c69385593a5464|wy-2026-primary|county|sweetwater|precinct-committeeman-5-8|rep|candidate|KEATON D. WEST|Sweetwater|COUNTY
wy-2026-primary,wy|sweetwater|wy-2026-primary|county_local_summary,Sweetwater,wy-2026-primary|county|sweetwater|precinct-committeeman-5-8|rep,REP PRECINCT COMMITTEEMAN 05-8,Precinct Committeeman 5-8,county,,REP,REP,precinct,5947c9082afaa5cf507e0ed33a4d62ad34461f1cfbe9ba9976c69385593a5464,2026-08-21T11:30:57Z,,county_summary_pdf_v1,1.1.1,1,verified,https://www.sweetwatercountywy.gov/departments/county_clerk/elections.php,,,county_complete,candidate,Sweetwater,,,REID O. WEST,REID O. WEST,,177,,wy|sweetwater|wy-2026-primary|county_local_summary|5947c9082afaa5cf507e0ed33a4d62ad34461f1cfbe9ba9976c69385593a5464|wy-2026-primary|county|sweetwater|precinct-committeeman-5-8|rep|candidate|REID O. WEST|Sweetwater|COUNTY
wy-2026-primary,wy|sweetwater|wy-2026-primary|county_local_summary,Sweetwater,wy-2026-primary|county|sweetwater|precinct-committeeman-5-8|rep,REP PRECINCT COMMITTEEMAN 05-8,Precinct Committeeman 5-8,county,,REP,REP,precinct,5947c9082afaa5cf507e0ed33a4d62ad34461f1cfbe9ba9976c69385593a5464,2026-08-21T11:30:57Z,,county_summary_pdf_v1,1.1.1,1,verified,https://www.sweetwatercountywy.gov/departments/county_clerk/elections.php,,,county_complete,candidate,Sweetwater,,,CODY WYLIE,CODY WYLIE,,239,,wy|sweetwater|wy-2026-primary|county_local_summary|5947c9082afaa5cf507e0ed33a4d62ad34461f1cfbe9ba9976c69385593a5464|wy-2026-primary|county|sweetwater|precinct-committeeman-5-8|rep|candidate|CODY WYLIE|Sweetwater|COUNTY
wy-2026-primary,wy|sweetwater|wy-2026-primary|county_local_summary,Sweetwater,wy-2026-primary|county|sweetwater|precinct-committeeman-5-8|rep,REP PRECINCT COMMITTEEMAN 05-8,Precinct Committeeman 5-8,county,,REP,REP,precinct,5947c9082afaa5cf507e0ed33a4d62ad34461f1cfbe9ba9976c69385593a5464,2026-08-21T11:30:57Z,,county_summary_pdf_v1,1.1.1,1,verified,https://www.sweetwatercountywy.gov/departments/county_clerk/elections.php,,,county_complete,write_in_aggregate,Sweetwater,,,,,,2,,wy|sweetwater|wy-2026-primary|county_local_summary|5947c9082afaa5cf507e0ed33a4d62ad34461f1cfbe9ba9976c69385593a5464|wy-2026-primary|county|sweetwater|precinct-committeeman-5-8|rep|write_in_aggregate|write_in_aggregate|Sweetwater|COUNTY
wy-2026-primary,wy|sweetwater|wy-2026-primary|county_local_summary,Sweetwater,wy-2026-primary|county|sweetwater|precinct-committeeman-5-8|rep,REP PRECINCT COMMITTEEMAN 05-8,Precinct Committeeman 5-8,county,,REP,REP,precinct,5947c9082afaa5cf507e0ed33a4d62ad34461f1cfbe9ba9976c69385593a5464,2026-08-21T11:30:57Z,,county_summary_pdf_v1,1.1.1,1,verified,https://www.sweetwatercountywy.gov/departments/county_clerk/elections.php,,,county_complete,overvote,Sweetwater,,,,,,0,,wy|sweetwater|wy-2026-primary|county_local_summary|5947c9082afaa5cf507e0ed33a4d62ad34461f1cfbe9ba9976c69385593a5464|wy-2026-primary|county|sweetwater|precinct-committeeman-5-8|rep|overvote|overvote|Sweetwater|COUNTY
wy-2026-primary,wy|sweetwater|wy-2026-primary|county_local_summary,Sweetwater,wy-2026-primary|county|sweetwater|precinct-committeeman-5-8|rep,REP PRECINCT COMMITTEEMAN 05-8,Precinct Committeeman 5-8,county,,REP,REP,precinct,5947c9082afaa5cf507e0ed33a4d62ad34461f1cfbe9ba9976c69385593a5464,2026-08-21T11:30:57Z,,county_summary_pdf_v1,1.1.1,1,verified,https://www.sweetwatercountywy.gov/departments/county_clerk/elections.php,,,county_complete,undervote,Sweetwater,,,,,,430,,wy|sweetwater|wy-2026-primary|county_local_summary|5947c9082afaa5cf507e0ed33a4d62ad34461f1cfbe9ba9976c69385593a5464|wy-2026-primary|county|sweetwater|precinct-committeeman-5-8|rep|undervote|undervote|Sweetwater|COUNTY
wy-2026-primary,wy|sweetwater|wy-2026-primary|county_local_summary,Sweetwater,wy-2026-primary|county|sweetwater|precinct-committeeman-5-9|rep,REP PRECINCT COMMITTEEMAN 05-9,Precinct Committeeman 5-9,county,,REP,REP,precinct,5947c9082afaa5cf507e0ed33a4d62ad34461f1cfbe9ba9976c69385593a5464,2026-08-21T11:30:57Z,,county_summary_pdf_v1,1.1.1,1,verified,https://www.sweetwatercountywy.gov/departments/county_clerk/elections.php,,,county_complete,write_in_aggregate,Sweetwater,,,,,,9,,wy|sweetwater|wy-2026-primary|county_local_summary|5947c9082afaa5cf507e0ed33a4d62ad34461f1cfbe9ba9976c69385593a5464|wy-2026-primary|county|sweetwater|precinct-committeeman-5-9|rep|write_in_aggregate|write_in_aggregate|Sweetwater|COUNTY
wy-2026-primary,wy|sweetwater|wy-2026-primary|county_local_summary,Sweetwater,wy-2026-primary|county|sweetwater|precinct-committeeman-5-9|rep,REP PRECINCT COMMITTEEMAN 05-9,Precinct Committeeman 5-9,county,,REP,REP,precinct,5947c9082afaa5cf507e0ed33a4d62ad34461f1cfbe9ba9976c69385593a5464,2026-08-21T11:30:57Z,,county_summary_pdf_v1,1.1.1,1,verified,https://www.sweetwatercountywy.gov/departments/county_clerk/elections.php,,,county_complete,overvote,Sweetwater,,,,,,0,,wy|sweetwater|wy-2026-primary|county_local_summary|5947c9082afaa5cf507e0ed33a4d62ad34461f1cfbe9ba9976c69385593a5464|wy-2026-primary|county|sweetwater|precinct-committeeman-5-9|rep|overvote|overvote|Sweetwater|COUNTY
wy-2026-primary,wy|sweetwater|wy-2026-primary|county_local_summary,Sweetwater,wy-2026-primary|county|sweetwater|precinct-committeeman-5-9|rep,REP PRECINCT COMMITTEEMAN 05-9,Precinct Committeeman 5-9,county,,REP,REP,precinct,5947c9082afaa5cf507e0ed33a4d62ad34461f1cfbe9ba9976c69385593a5464,2026-08-21T11:30:57Z,,county_summary_pdf_v1,1.1.1,1,verified,https://www.sweetwatercountywy.gov/departments/county_clerk/elections.php,,,county_complete,undervote,Sweetwater,,,,,,67,,wy|sweetwater|wy-2026-primary|county_local_summary|5947c9082afaa5cf507e0ed33a4d62ad34461f1cfbe9ba9976c69385593a5464|wy-2026-primary|county|sweetwater|precinct-committeeman-5-9|rep|undervote|undervote|Sweetwater|COUNTY
wy-2026-primary,wy|sweetwater|wy-2026-primary|county_local_summary,Sweetwater,wy-2026-primary|county|sweetwater|precinct-committeeman-5-10|rep,REP PRECINCT COMMITTEEMAN 05-10,Precinct Committeeman 5-10,county,,REP,REP,precinct,5947c9082afaa5cf507e0ed33a4d62ad34461f1cfbe9ba9976c69385593a5464,2026-08-21T11:30:57Z,,county_summary_pdf_v1,1.1.1,1,verified,https://www.sweetwatercountywy.gov/departments/county_clerk/elections.php,,,county_complete,candidate,Sweetwater,,,RICK LEE,RICK LEE,,357,,wy|sweetwater|wy-2026-primary|county_local_summary|5947c9082afaa5cf507e0ed33a4d62ad34461f1cfbe9ba9976c69385593a5464|wy-2026-primary|county|sweetwater|precinct-committeeman-5-10|rep|candidate|RICK LEE|Sweetwater|COUNTY
wy-2026-primary,wy|sweetwater|wy-2026-primary|county_local_summary,Sweetwater,wy-2026-primary|county|sweetwater|precinct-committeeman-5-10|rep,REP PRECINCT COMMITTEEMAN 05-10,Precinct Committeeman 5-10,county,,REP,REP,precinct,5947c9082afaa5cf507e0ed33a4d62ad34461f1cfbe9ba9976c69385593a5464,2026-08-21T11:30:57Z,,county_summary_pdf_v1,1.1.1,1,verified,https://www.sweetwatercountywy.gov/departments/county_clerk/elections.php,,,county_complete,candidate,Sweetwater,,,BRAD PENDLETON,BRAD PENDLETON,,290,,wy|sweetwater|wy-2026-primary|county_local_summary|5947c9082afaa5cf507e0ed33a4d62ad34461f1cfbe9ba9976c69385593a5464|wy-2026-primary|county|sweetwater|precinct-committeeman-5-10|rep|candidate|BRAD PENDLETON|Sweetwater|COUNTY
wy-2026-primary,wy|sweetwater|wy-2026-primary|county_local_summary,Sweetwater,wy-2026-primary|county|sweetwater|precinct-committeeman-5-10|rep,REP PRECINCT COMMITTEEMAN 05-10,Precinct Committeeman 5-10,county,,REP,REP,precinct,5947c9082afaa5cf507e0ed33a4d62ad34461f1cfbe9ba9976c69385593a5464,2026-08-21T11:30:57Z,,county_summary_pdf_v1,1.1.1,1,verified,https://www.sweetwatercountywy.gov/departments/county_clerk/elections.php,,,county_complete,write_in_aggregate,Sweetwater,,,,,,13,,wy|sweetwater|wy-2026-primary|county_local_summary|5947c9082afaa5cf507e0ed33a4d62ad34461f1cfbe9ba9976c69385593a5464|wy-2026-primary|county|sweetwater|precinct-committeeman-5-10|rep|write_in_aggregate|write_in_aggregate|Sweetwater|COUNTY
wy-2026-primary,wy|sweetwater|wy-2026-primary|county_local_summary,Sweetwater,wy-2026-primary|county|sweetwater|precinct-committeeman-5-10|rep,REP PRECINCT COMMITTEEMAN 05-10,Precinct Committeeman 5-10,county,,REP,REP,precinct,5947c9082afaa5cf507e0ed33a4d62ad34461f1cfbe9ba9976c69385593a5464,2026-08-21T11:30:57Z,,county_summary_pdf_v1,1.1.1,1,verified,https://www.sweetwatercountywy.gov/departments/county_clerk/elections.php,,,county_complete,overvote,Sweetwater,,,,,,0,,wy|sweetwater|wy-2026-primary|county_local_summary|5947c9082afaa5cf507e0ed33a4d62ad34461f1cfbe9ba9976c69385593a5464|wy-2026-primary|county|sweetwater|precinct-committeeman-5-10|rep|overvote|overvote|Sweetwater|COUNTY
wy-2026-primary,wy|sweetwater|wy-2026-primary|county_local_summary,Sweetwater,wy-2026-primary|county|sweetwater|precinct-committeeman-5-10|rep,REP PRECINCT COMMITTEEMAN 05-10,Precinct Committeeman 5-10,county,,REP,REP,precinct,5947c9082afaa5cf507e0ed33a4d62ad34461f1cfbe9ba9976c69385593a5464,2026-08-21T11:30:57Z,,county_summary_pdf_v1,1.1.1,1,verified,https://www.sweetwatercountywy.gov/departments/county_clerk/elections.php,,,county_complete,undervote,Sweetwater,,,,,,1700,,wy|sweetwater|wy-2026-primary|county_local_summary|5947c9082afaa5cf507e0ed33a4d62ad34461f1cfbe9ba9976c69385593a5464|wy-2026-primary|county|sweetwater|precinct-committeeman-5-10|rep|undervote|undervote|Sweetwater|COUNTY
wy-2026-primary,wy|sweetwater|wy-2026-primary|county_local_summary,Sweetwater,wy-2026-primary|county|sweetwater|precinct-committeeman-6-1|rep,REP PRECINCT COMMITTEEMAN 06-1,Precinct Committeeman 6-1,county,,REP,REP,precinct,5947c9082afaa5cf507e0ed33a4d62ad34461f1cfbe9ba9976c69385593a5464,2026-08-21T11:30:57Z,,county_summary_pdf_v1,1.1.1,1,verified,https://www.sweetwatercountywy.gov/departments/county_clerk/elections.php,,,county_complete,candidate,Sweetwater,,,STEPHEN P. ALLEN,STEPHEN P. ALLEN,,155,,wy|sweetwater|wy-2026-primary|county_local_summary|5947c9082afaa5cf507e0ed33a4d62ad34461f1cfbe9ba9976c69385593a5464|wy-2026-primary|county|sweetwater|precinct-committeeman-6-1|rep|candidate|STEPHEN P. ALLEN|Sweetwater|COUNTY
wy-2026-primary,wy|sweetwater|wy-2026-primary|county_local_summary,Sweetwater,wy-2026-primary|county|sweetwater|precinct-committeeman-6-1|rep,REP PRECINCT COMMITTEEMAN 06-1,Precinct Committeeman 6-1,county,,REP,REP,precinct,5947c9082afaa5cf507e0ed33a4d62ad34461f1cfbe9ba9976c69385593a5464,2026-08-21T11:30:57Z,,county_summary_pdf_v1,1.1.1,1,verified,https://www.sweetwatercountywy.gov/departments/county_clerk/elections.php,,,county_complete,write_in_aggregate,Sweetwater,,,,,,2,,wy|sweetwater|wy-2026-primary|county_local_summary|5947c9082afaa5cf507e0ed33a4d62ad34461f1cfbe9ba9976c69385593a5464|wy-2026-primary|county|sweetwater|precinct-committeeman-6-1|rep|write_in_aggregate|write_in_aggregate|Sweetwater|COUNTY
wy-2026-primary,wy|sweetwater|wy-2026-primary|county_local_summary,Sweetwater,wy-2026-primary|county|sweetwater|precinct-committeeman-6-1|rep,REP PRECINCT COMMITTEEMAN 06-1,Precinct Committeeman 6-1,county,,REP,REP,precinct,5947c9082afaa5cf507e0ed33a4d62ad34461f1cfbe9ba9976c69385593a5464,2026-08-21T11:30:57Z,,county_summary_pdf_v1,1.1.1,1,verified,https://www.sweetwatercountywy.gov/departments/county_clerk/elections.php,,,county_complete,overvote,Sweetwater,,,,,,0,,wy|sweetwater|wy-2026-primary|county_local_summary|5947c9082afaa5cf507e0ed33a4d62ad34461f1cfbe9ba9976c69385593a5464|wy-2026-primary|county|sweetwater|precinct-committeeman-6-1|rep|overvote|overvote|Sweetwater|COUNTY
wy-2026-primary,wy|sweetwater|wy-2026-primary|county_local_summary,Sweetwater,wy-2026-primary|county|sweetwater|precinct-committeeman-6-1|rep,REP PRECINCT COMMITTEEMAN 06-1,Precinct Committeeman 6-1,county,,REP,REP,precinct,5947c9082afaa5cf507e0ed33a4d62ad34461f1cfbe9ba9976c69385593a5464,2026-08-21T11:30:57Z,,county_summary_pdf_v1,1.1.1,1,verified,https://www.sweetwatercountywy.gov/departments/county_clerk/elections.php,,,county_complete,undervote,Sweetwater,,,,,,36,,wy|sweetwater|wy-2026-primary|county_local_summary|5947c9082afaa5cf507e0ed33a4d62ad34461f1cfbe9ba9976c69385593a5464|wy-2026-primary|county|sweetwater|precinct-committeeman-6-1|rep|undervote|undervote|Sweetwater|COUNTY
wy-2026-primary,wy|sweetwater|wy-2026-primary|county_local_summary,Sweetwater,wy-2026-primary|county|sweetwater|precinct-committeeman-6-3|rep,REP PRECINCT COMMITTEEMAN 06-3,Precinct Committeeman 6-3,county,,REP,REP,precinct,5947c9082afaa5cf507e0ed33a4d62ad34461f1cfbe9ba9976c69385593a5464,2026-08-21T11:30:57Z,,county_summary_pdf_v1,1.1.1,1,verified,https://www.sweetwatercountywy.gov/departments/county_clerk/elections.php,,,county_complete,candidate,Sweetwater,,,JOHN K. KOLB,JOHN K. KOLB,,110,,wy|sweetwater|wy-2026-primary|county_local_summary|5947c9082afaa5cf507e0ed33a4d62ad34461f1cfbe9ba9976c69385593a5464|wy-2026-primary|county|sweetwater|precinct-committeeman-6-3|rep|candidate|JOHN K. KOLB|Sweetwater|COUNTY
wy-2026-primary,wy|sweetwater|wy-2026-primary|county_local_summary,Sweetwater,wy-2026-primary|county|sweetwater|precinct-committeeman-6-3|rep,REP PRECINCT COMMITTEEMAN 06-3,Precinct Committeeman 6-3,county,,REP,REP,precinct,5947c9082afaa5cf507e0ed33a4d62ad34461f1cfbe9ba9976c69385593a5464,2026-08-21T11:30:57Z,,county_summary_pdf_v1,1.1.1,1,verified,https://www.sweetwatercountywy.gov/departments/county_clerk/elections.php,,,county_complete,write_in_aggregate,Sweetwater,,,,,,5,,wy|sweetwater|wy-2026-primary|county_local_summary|5947c9082afaa5cf507e0ed33a4d62ad34461f1cfbe9ba9976c69385593a5464|wy-2026-primary|county|sweetwater|precinct-committeeman-6-3|rep|write_in_aggregate|write_in_aggregate|Sweetwater|COUNTY
wy-2026-primary,wy|sweetwater|wy-2026-primary|county_local_summary,Sweetwater,wy-2026-primary|county|sweetwater|precinct-committeeman-6-3|rep,REP PRECINCT COMMITTEEMAN 06-3,Precinct Committeeman 6-3,county,,REP,REP,precinct,5947c9082afaa5cf507e0ed33a4d62ad34461f1cfbe9ba9976c69385593a5464,2026-08-21T11:30:57Z,,county_summary_pdf_v1,1.1.1,1,verified,https://www.sweetwatercountywy.gov/departments/county_clerk/elections.php,,,county_complete,overvote,Sweetwater,,,,,,0,,wy|sweetwater|wy-2026-primary|county_local_summary|5947c9082afaa5cf507e0ed33a4d62ad34461f1cfbe9ba9976c69385593a5464|wy-2026-primary|county|sweetwater|precinct-committeeman-6-3|rep|overvote|overvote|Sweetwater|COUNTY
wy-2026-primary,wy|sweetwater|wy-2026-primary|county_local_summary,Sweetwater,wy-2026-primary|county|sweetwater|precinct-committeeman-6-3|rep,REP PRECINCT COMMITTEEMAN 06-3,Precinct Committeeman 6-3,county,,REP,REP,precinct,5947c9082afaa5cf507e0ed33a4d62ad34461f1cfbe9ba9976c69385593a5464,2026-08-21T11:30:57Z,,county_summary_pdf_v1,1.1.1,1,verified,https://www.sweetwatercountywy.gov/departments/county_clerk/elections.php,,,county_complete,undervote,Sweetwater,,,,,,53,,wy|sweetwater|wy-2026-primary|county_local_summary|5947c9082afaa5cf507e0ed33a4d62ad34461f1cfbe9ba9976c69385593a5464|wy-2026-primary|county|sweetwater|precinct-committeeman-6-3|rep|undervote|undervote|Sweetwater|COUNTY
wy-2026-primary,wy|sweetwater|wy-2026-primary|county_local_summary,Sweetwater,wy-2026-primary|county|sweetwater|precinct-committeeman-6-5|rep,REP PRECINCT COMMITTEEMAN 06-5,Precinct Committeeman 6-5,county,,REP,REP,precinct,5947c9082afaa5cf507e0ed33a4d62ad34461f1cfbe9ba9976c69385593a5464,2026-08-21T11:30:57Z,,county_summary_pdf_v1,1.1.1,1,verified,https://www.sweetwatercountywy.gov/departments/county_clerk/elections.php,,,county_complete,candidate,Sweetwater,,,GERALD S. GUILLEN,GERALD S. GUILLEN,,182,,wy|sweetwater|wy-2026-primary|county_local_summary|5947c9082afaa5cf507e0ed33a4d62ad34461f1cfbe9ba9976c69385593a5464|wy-2026-primary|county|sweetwater|precinct-committeeman-6-5|rep|candidate|GERALD S. GUILLEN|Sweetwater|COUNTY
wy-2026-primary,wy|sweetwater|wy-2026-primary|county_local_summary,Sweetwater,wy-2026-primary|county|sweetwater|precinct-committeeman-6-5|rep,REP PRECINCT COMMITTEEMAN 06-5,Precinct Committeeman 6-5,county,,REP,REP,precinct,5947c9082afaa5cf507e0ed33a4d62ad34461f1cfbe9ba9976c69385593a5464,2026-08-21T11:30:57Z,,county_summary_pdf_v1,1.1.1,1,verified,https://www.sweetwatercountywy.gov/departments/county_clerk/elections.php,,,county_complete,candidate,Sweetwater,,,LAVOY TEUSCHER,LAVOY TEUSCHER,,122,,wy|sweetwater|wy-2026-primary|county_local_summary|5947c9082afaa5cf507e0ed33a4d62ad34461f1cfbe9ba9976c69385593a5464|wy-2026-primary|county|sweetwater|precinct-committeeman-6-5|rep|candidate|LAVOY TEUSCHER|Sweetwater|COUNTY
wy-2026-primary,wy|sweetwater|wy-2026-primary|county_local_summary,Sweetwater,wy-2026-primary|county|sweetwater|precinct-committeeman-6-5|rep,REP PRECINCT COMMITTEEMAN 06-5,Precinct Committeeman 6-5,county,,REP,REP,precinct,5947c9082afaa5cf507e0ed33a4d62ad34461f1cfbe9ba9976c69385593a5464,2026-08-21T11:30:57Z,,county_summary_pdf_v1,1.1.1,1,verified,https://www.sweetwatercountywy.gov/departments/county_clerk/elections.php,,,county_complete,candidate,Sweetwater,,,FREDERICK A. VON AHRENS,FREDERICK A. VON AHRENS,,114,,wy|sweetwater|wy-2026-primary|county_local_summary|5947c9082afaa5cf507e0ed33a4d62ad34461f1cfbe9ba9976c69385593a5464|wy-2026-primary|county|sweetwater|precinct-committeeman-6-5|rep|candidate|FREDERICK A. VON AHRENS|Sweetwater|COUNTY
wy-2026-primary,wy|sweetwater|wy-2026-primary|county_local_summary,Sweetwater,wy-2026-primary|county|sweetwater|precinct-committeeman-6-5|rep,REP PRECINCT COMMITTEEMAN 06-5,Precinct Committeeman 6-5,county,,REP,REP,precinct,5947c9082afaa5cf507e0ed33a4d62ad34461f1cfbe9ba9976c69385593a5464,2026-08-21T11:30:57Z,,county_summary_pdf_v1,1.1.1,1,verified,https://www.sweetwatercountywy.gov/departments/county_clerk/elections.php,,,county_complete,write_in_aggregate,Sweetwater,,,,,,7,,wy|sweetwater|wy-2026-primary|county_local_summary|5947c9082afaa5cf507e0ed33a4d62ad34461f1cfbe9ba9976c69385593a5464|wy-2026-primary|county|sweetwater|precinct-committeeman-6-5|rep|write_in_aggregate|write_in_aggregate|Sweetwater|COUNTY
wy-2026-primary,wy|sweetwater|wy-2026-primary|county_local_summary,Sweetwater,wy-2026-primary|county|sweetwater|precinct-committeeman-6-5|rep,REP PRECINCT COMMITTEEMAN 06-5,Precinct Committeeman 6-5,county,,REP,REP,precinct,5947c9082afaa5cf507e0ed33a4d62ad34461f1cfbe9ba9976c69385593a5464,2026-08-21T11:30:57Z,,county_summary_pdf_v1,1.1.1,1,verified,https://www.sweetwatercountywy.gov/departments/county_clerk/elections.php,,,county_complete,overvote,Sweetwater,,,,,,0,,wy|sweetwater|wy-2026-primary|county_local_summary|5947c9082afaa5cf507e0ed33a4d62ad34461f1cfbe9ba9976c69385593a5464|wy-2026-primary|county|sweetwater|precinct-committeeman-6-5|rep|overvote|overvote|Sweetwater|COUNTY
wy-2026-primary,wy|sweetwater|wy-2026-primary|county_local_summary,Sweetwater,wy-2026-primary|county|sweetwater|precinct-committeeman-6-5|rep,REP PRECINCT COMMITTEEMAN 06-5,Precinct Committeeman 6-5,county,,REP,REP,precinct,5947c9082afaa5cf507e0ed33a4d62ad34461f1cfbe9ba9976c69385593a5464,2026-08-21T11:30:57Z,,county_summary_pdf_v1,1.1.1,1,verified,https://www.sweetwatercountywy.gov/departments/county_clerk/elections.php,,,county_complete,undervote,Sweetwater,,,,,,215,,wy|sweetwater|wy-2026-primary|county_local_summary|5947c9082afaa5cf507e0ed33a4d62ad34461f1cfbe9ba9976c69385593a5464|wy-2026-primary|county|sweetwater|precinct-committeeman-6-5|rep|undervote|undervote|Sweetwater|COUNTY
wy-2026-primary,wy|sweetwater|wy-2026-primary|county_local_summary,Sweetwater,wy-2026-primary|county|sweetwater|precinct-committeeman-6-6|rep,REP PRECINCT COMMITTEEMAN 06-6,Precinct Committeeman 6-6,county,,REP,REP,precinct,5947c9082afaa5cf507e0ed33a4d62ad34461f1cfbe9ba9976c69385593a5464,2026-08-21T11:30:57Z,,county_summary_pdf_v1,1.1.1,1,verified,https://www.sweetwatercountywy.gov/departments/county_clerk/elections.php,,,county_complete,write_in_aggregate,Sweetwater,,,,,,0,,wy|sweetwater|wy-2026-primary|county_local_summary|5947c9082afaa5cf507e0ed33a4d62ad34461f1cfbe9ba9976c69385593a5464|wy-2026-primary|county|sweetwater|precinct-committeeman-6-6|rep|write_in_aggregate|write_in_aggregate|Sweetwater|COUNTY
wy-2026-primary,wy|sweetwater|wy-2026-primary|county_local_summary,Sweetwater,wy-2026-primary|county|sweetwater|precinct-committeeman-6-6|rep,REP PRECINCT COMMITTEEMAN 06-6,Precinct Committeeman 6-6,county,,REP,REP,precinct,5947c9082afaa5cf507e0ed33a4d62ad34461f1cfbe9ba9976c69385593a5464,2026-08-21T11:30:57Z,,county_summary_pdf_v1,1.1.1,1,verified,https://www.sweetwatercountywy.gov/departments/county_clerk/elections.php,,,county_complete,overvote,Sweetwater,,,,,,0,,wy|sweetwater|wy-2026-primary|county_local_summary|5947c9082afaa5cf507e0ed33a4d62ad34461f1cfbe9ba9976c69385593a5464|wy-2026-primary|county|sweetwater|precinct-committeeman-6-6|rep|overvote|overvote|Sweetwater|COUNTY
wy-2026-primary,wy|sweetwater|wy-2026-primary|county_local_summary,Sweetwater,wy-2026-primary|county|sweetwater|precinct-committeeman-6-6|rep,REP PRECINCT COMMITTEEMAN 06-6,Precinct Committeeman 6-6,county,,REP,REP,precinct,5947c9082afaa5cf507e0ed33a4d62ad34461f1cfbe9ba9976c69385593a5464,2026-08-21T11:30:57Z,,county_summary_pdf_v1,1.1.1,1,verified,https://www.sweetwatercountywy.gov/departments/county_clerk/elections.php,,,county_complete,undervote,Sweetwater,,,,,,0,,wy|sweetwater|wy-2026-primary|county_local_summary|5947c9082afaa5cf507e0ed33a4d62ad34461f1cfbe9ba9976c69385593a5464|wy-2026-primary|county|sweetwater|precinct-committeeman-6-6|rep|undervote|undervote|Sweetwater|COUNTY
wy-2026-primary,wy|sweetwater|wy-2026-primary|county_local_summary,Sweetwater,wy-2026-primary|county|sweetwater|precinct-committeeman-7-3|rep,REP PRECINCT COMMITTEEMAN 07-3,Precinct Committeeman 7-3,county,,REP,REP,precinct,5947c9082afaa5cf507e0ed33a4d62ad34461f1cfbe9ba9976c69385593a5464,2026-08-21T11:30:57Z,,county_summary_pdf_v1,1.1.1,1,verified,https://www.sweetwatercountywy.gov/departments/county_clerk/elections.php,,,county_complete,candidate,Sweetwater,,,SCOTT KITCHNER,SCOTT KITCHNER,,228,,wy|sweetwater|wy-2026-primary|county_local_summary|5947c9082afaa5cf507e0ed33a4d62ad34461f1cfbe9ba9976c69385593a5464|wy-2026-primary|county|sweetwater|precinct-committeeman-7-3|rep|candidate|SCOTT KITCHNER|Sweetwater|COUNTY
wy-2026-primary,wy|sweetwater|wy-2026-primary|county_local_summary,Sweetwater,wy-2026-primary|county|sweetwater|precinct-committeeman-7-3|rep,REP PRECINCT COMMITTEEMAN 07-3,Precinct Committeeman 7-3,county,,REP,REP,precinct,5947c9082afaa5cf507e0ed33a4d62ad34461f1cfbe9ba9976c69385593a5464,2026-08-21T11:30:57Z,,county_summary_pdf_v1,1.1.1,1,verified,https://www.sweetwatercountywy.gov/departments/county_clerk/elections.php,,,county_complete,candidate,Sweetwater,,,DARIN M MCCANN,DARIN M MCCANN,,205,,wy|sweetwater|wy-2026-primary|county_local_summary|5947c9082afaa5cf507e0ed33a4d62ad34461f1cfbe9ba9976c69385593a5464|wy-2026-primary|county|sweetwater|precinct-committeeman-7-3|rep|candidate|DARIN M MCCANN|Sweetwater|COUNTY
wy-2026-primary,wy|sweetwater|wy-2026-primary|county_local_summary,Sweetwater,wy-2026-primary|county|sweetwater|precinct-committeeman-7-3|rep,REP PRECINCT COMMITTEEMAN 07-3,Precinct Committeeman 7-3,county,,REP,REP,precinct,5947c9082afaa5cf507e0ed33a4d62ad34461f1cfbe9ba9976c69385593a5464,2026-08-21T11:30:57Z,,county_summary_pdf_v1,1.1.1,1,verified,https://www.sweetwatercountywy.gov/departments/county_clerk/elections.php,,,county_complete,candidate,Sweetwater,,,ISLAND RICHARDS,ISLAND RICHARDS,,233,,wy|sweetwater|wy-2026-primary|county_local_summary|5947c9082afaa5cf507e0ed33a4d62ad34461f1cfbe9ba9976c69385593a5464|wy-2026-primary|county|sweetwater|precinct-committeeman-7-3|rep|candidate|ISLAND RICHARDS|Sweetwater|COUNTY
wy-2026-primary,wy|sweetwater|wy-2026-primary|county_local_summary,Sweetwater,wy-2026-primary|county|sweetwater|precinct-committeeman-7-3|rep,REP PRECINCT COMMITTEEMAN 07-3,Precinct Committeeman 7-3,county,,REP,REP,precinct,5947c9082afaa5cf507e0ed33a4d62ad34461f1cfbe9ba9976c69385593a5464,2026-08-21T11:30:57Z,,county_summary_pdf_v1,1.1.1,1,verified,https://www.sweetwatercountywy.gov/departments/county_clerk/elections.php,,,county_complete,candidate,Sweetwater,,,GOAT SMART,GOAT SMART,,124,,wy|sweetwater|wy-2026-primary|county_local_summary|5947c9082afaa5cf507e0ed33a4d62ad34461f1cfbe9ba9976c69385593a5464|wy-2026-primary|county|sweetwater|precinct-committeeman-7-3|rep|candidate|GOAT SMART|Sweetwater|COUNTY
wy-2026-primary,wy|sweetwater|wy-2026-primary|county_local_summary,Sweetwater,wy-2026-primary|county|sweetwater|precinct-committeeman-7-3|rep,REP PRECINCT COMMITTEEMAN 07-3,Precinct Committeeman 7-3,county,,REP,REP,precinct,5947c9082afaa5cf507e0ed33a4d62ad34461f1cfbe9ba9976c69385593a5464,2026-08-21T11:30:57Z,,county_summary_pdf_v1,1.1.1,1,verified,https://www.sweetwatercountywy.gov/departments/county_clerk/elections.php,,,county_complete,write_in_aggregate,Sweetwater,,,,,,5,,wy|sweetwater|wy-2026-primary|county_local_summary|5947c9082afaa5cf507e0ed33a4d62ad34461f1cfbe9ba9976c69385593a5464|wy-2026-primary|county|sweetwater|precinct-committeeman-7-3|rep|write_in_aggregate|write_in_aggregate|Sweetwater|COUNTY
wy-2026-primary,wy|sweetwater|wy-2026-primary|county_local_summary,Sweetwater,wy-2026-primary|county|sweetwater|precinct-committeeman-7-3|rep,REP PRECINCT COMMITTEEMAN 07-3,Precinct Committeeman 7-3,county,,REP,REP,precinct,5947c9082afaa5cf507e0ed33a4d62ad34461f1cfbe9ba9976c69385593a5464,2026-08-21T11:30:57Z,,county_summary_pdf_v1,1.1.1,1,verified,https://www.sweetwatercountywy.gov/departments/county_clerk/elections.php,,,county_complete,overvote,Sweetwater,,,,,,0,,wy|sweetwater|wy-2026-primary|county_local_summary|5947c9082afaa5cf507e0ed33a4d62ad34461f1cfbe9ba9976c69385593a5464|wy-2026-primary|county|sweetwater|precinct-committeeman-7-3|rep|overvote|overvote|Sweetwater|COUNTY
wy-2026-primary,wy|sweetwater|wy-2026-primary|county_local_summary,Sweetwater,wy-2026-primary|county|sweetwater|precinct-committeeman-7-3|rep,REP PRECINCT COMMITTEEMAN 07-3,Precinct Committeeman 7-3,county,,REP,REP,precinct,5947c9082afaa5cf507e0ed33a4d62ad34461f1cfbe9ba9976c69385593a5464,2026-08-21T11:30:57Z,,county_summary_pdf_v1,1.1.1,1,verified,https://www.sweetwatercountywy.gov/departments/county_clerk/elections.php,,,county_complete,undervote,Sweetwater,,,,,,474,,wy|sweetwater|wy-2026-primary|county_local_summary|5947c9082afaa5cf507e0ed33a4d62ad34461f1cfbe9ba9976c69385593a5464|wy-2026-primary|county|sweetwater|precinct-committeeman-7-3|rep|undervote|undervote|Sweetwater|COUNTY
wy-2026-primary,wy|sweetwater|wy-2026-primary|county_local_summary,Sweetwater,wy-2026-primary|county|sweetwater|precinct-committeeman-7-4|rep,REP PRECINCT COMMITTEEMAN 07-4,Precinct Committeeman 7-4,county,,REP,REP,precinct,5947c9082afaa5cf507e0ed33a4d62ad34461f1cfbe9ba9976c69385593a5464,2026-08-21T11:30:57Z,,county_summary_pdf_v1,1.1.1,1,verified,https://www.sweetwatercountywy.gov/departments/county_clerk/elections.php,,,county_complete,candidate,Sweetwater,,,GLENN P LEHAR,GLENN P LEHAR,,118,,wy|sweetwater|wy-2026-primary|county_local_summary|5947c9082afaa5cf507e0ed33a4d62ad34461f1cfbe9ba9976c69385593a5464|wy-2026-primary|county|sweetwater|precinct-committeeman-7-4|rep|candidate|GLENN P LEHAR|Sweetwater|COUNTY
wy-2026-primary,wy|sweetwater|wy-2026-primary|county_local_summary,Sweetwater,wy-2026-primary|county|sweetwater|precinct-committeeman-7-4|rep,REP PRECINCT COMMITTEEMAN 07-4,Precinct Committeeman 7-4,county,,REP,REP,precinct,5947c9082afaa5cf507e0ed33a4d62ad34461f1cfbe9ba9976c69385593a5464,2026-08-21T11:30:57Z,,county_summary_pdf_v1,1.1.1,1,verified,https://www.sweetwatercountywy.gov/departments/county_clerk/elections.php,,,county_complete,write_in_aggregate,Sweetwater,,,,,,3,,wy|sweetwater|wy-2026-primary|county_local_summary|5947c9082afaa5cf507e0ed33a4d62ad34461f1cfbe9ba9976c69385593a5464|wy-2026-primary|county|sweetwater|precinct-committeeman-7-4|rep|write_in_aggregate|write_in_aggregate|Sweetwater|COUNTY
wy-2026-primary,wy|sweetwater|wy-2026-primary|county_local_summary,Sweetwater,wy-2026-primary|county|sweetwater|precinct-committeeman-7-4|rep,REP PRECINCT COMMITTEEMAN 07-4,Precinct Committeeman 7-4,county,,REP,REP,precinct,5947c9082afaa5cf507e0ed33a4d62ad34461f1cfbe9ba9976c69385593a5464,2026-08-21T11:30:57Z,,county_summary_pdf_v1,1.1.1,1,verified,https://www.sweetwatercountywy.gov/departments/county_clerk/elections.php,,,county_complete,overvote,Sweetwater,,,,,,0,,wy|sweetwater|wy-2026-primary|county_local_summary|5947c9082afaa5cf507e0ed33a4d62ad34461f1cfbe9ba9976c69385593a5464|wy-2026-primary|county|sweetwater|precinct-committeeman-7-4|rep|overvote|overvote|Sweetwater|COUNTY
wy-2026-primary,wy|sweetwater|wy-2026-primary|county_local_summary,Sweetwater,wy-2026-primary|county|sweetwater|precinct-committeeman-7-4|rep,REP PRECINCT COMMITTEEMAN 07-4,Precinct Committeeman 7-4,county,,REP,REP,precinct,5947c9082afaa5cf507e0ed33a4d62ad34461f1cfbe9ba9976c69385593a5464,2026-08-21T11:30:57Z,,county_summary_pdf_v1,1.1.1,1,verified,https://www.sweetwatercountywy.gov/departments/county_clerk/elections.php,,,county_complete,undervote,Sweetwater,,,,,,25,,wy|sweetwater|wy-2026-primary|county_local_summary|5947c9082afaa5cf507e0ed33a4d62ad34461f1cfbe9ba9976c69385593a5464|wy-2026-primary|county|sweetwater|precinct-committeeman-7-4|rep|undervote|undervote|Sweetwater|COUNTY
wy-2026-primary,wy|sweetwater|wy-2026-primary|county_local_summary,Sweetwater,wy-2026-primary|county|sweetwater|precinct-committeeman-9-3|rep,REP PRECINCT COMMITTEEMAN 09-3,Precinct Committeeman 9-3,county,,REP,REP,precinct,5947c9082afaa5cf507e0ed33a4d62ad34461f1cfbe9ba9976c69385593a5464,2026-08-21T11:30:57Z,,county_summary_pdf_v1,1.1.1,1,verified,https://www.sweetwatercountywy.gov/departments/county_clerk/elections.php,,,county_complete,candidate,Sweetwater,,,SCOTT HEINER,SCOTT HEINER,,102,,wy|sweetwater|wy-2026-primary|county_local_summary|5947c9082afaa5cf507e0ed33a4d62ad34461f1cfbe9ba9976c69385593a5464|wy-2026-primary|county|sweetwater|precinct-committeeman-9-3|rep|candidate|SCOTT HEINER|Sweetwater|COUNTY
wy-2026-primary,wy|sweetwater|wy-2026-primary|county_local_summary,Sweetwater,wy-2026-primary|county|sweetwater|precinct-committeeman-9-3|rep,REP PRECINCT COMMITTEEMAN 09-3,Precinct Committeeman 9-3,county,,REP,REP,precinct,5947c9082afaa5cf507e0ed33a4d62ad34461f1cfbe9ba9976c69385593a5464,2026-08-21T11:30:57Z,,county_summary_pdf_v1,1.1.1,1,verified,https://www.sweetwatercountywy.gov/departments/county_clerk/elections.php,,,county_complete,write_in_aggregate,Sweetwater,,,,,,6,,wy|sweetwater|wy-2026-primary|county_local_summary|5947c9082afaa5cf507e0ed33a4d62ad34461f1cfbe9ba9976c69385593a5464|wy-2026-primary|county|sweetwater|precinct-committeeman-9-3|rep|write_in_aggregate|write_in_aggregate|Sweetwater|COUNTY
wy-2026-primary,wy|sweetwater|wy-2026-primary|county_local_summary,Sweetwater,wy-2026-primary|county|sweetwater|precinct-committeeman-9-3|rep,REP PRECINCT COMMITTEEMAN 09-3,Precinct Committeeman 9-3,county,,REP,REP,precinct,5947c9082afaa5cf507e0ed33a4d62ad34461f1cfbe9ba9976c69385593a5464,2026-08-21T11:30:57Z,,county_summary_pdf_v1,1.1.1,1,verified,https://www.sweetwatercountywy.gov/departments/county_clerk/elections.php,,,county_complete,overvote,Sweetwater,,,,,,1,,wy|sweetwater|wy-2026-primary|county_local_summary|5947c9082afaa5cf507e0ed33a4d62ad34461f1cfbe9ba9976c69385593a5464|wy-2026-primary|county|sweetwater|precinct-committeeman-9-3|rep|overvote|overvote|Sweetwater|COUNTY
wy-2026-primary,wy|sweetwater|wy-2026-primary|county_local_summary,Sweetwater,wy-2026-primary|county|sweetwater|precinct-committeeman-9-3|rep,REP PRECINCT COMMITTEEMAN 09-3,Precinct Committeeman 9-3,county,,REP,REP,precinct,5947c9082afaa5cf507e0ed33a4d62ad34461f1cfbe9ba9976c69385593a5464,2026-08-21T11:30:57Z,,county_summary_pdf_v1,1.1.1,1,verified,https://www.sweetwatercountywy.gov/departments/county_clerk/elections.php,,,county_complete,undervote,Sweetwater,,,,,,28,,wy|sweetwater|wy-2026-primary|county_local_summary|5947c9082afaa5cf507e0ed33a4d62ad34461f1cfbe9ba9976c69385593a5464|wy-2026-primary|county|sweetwater|precinct-committeeman-9-3|rep|undervote|undervote|Sweetwater|COUNTY
wy-2026-primary,wy|sweetwater|wy-2026-primary|county_local_summary,Sweetwater,wy-2026-primary|county|sweetwater|precinct-committeeman-10-8|rep,REP PRECINCT COMMITTEEMAN 10-8,Precinct Committeeman 10-8,county,,REP,REP,precinct,5947c9082afaa5cf507e0ed33a4d62ad34461f1cfbe9ba9976c69385593a5464,2026-08-21T11:30:57Z,,county_summary_pdf_v1,1.1.1,1,verified,https://www.sweetwatercountywy.gov/departments/county_clerk/elections.php,,,county_complete,candidate,Sweetwater,,,RICK BREININGER,RICK BREININGER,,131,,wy|sweetwater|wy-2026-primary|county_local_summary|5947c9082afaa5cf507e0ed33a4d62ad34461f1cfbe9ba9976c69385593a5464|wy-2026-primary|county|sweetwater|precinct-committeeman-10-8|rep|candidate|RICK BREININGER|Sweetwater|COUNTY
wy-2026-primary,wy|sweetwater|wy-2026-primary|county_local_summary,Sweetwater,wy-2026-primary|county|sweetwater|precinct-committeeman-10-8|rep,REP PRECINCT COMMITTEEMAN 10-8,Precinct Committeeman 10-8,county,,REP,REP,precinct,5947c9082afaa5cf507e0ed33a4d62ad34461f1cfbe9ba9976c69385593a5464,2026-08-21T11:30:57Z,,county_summary_pdf_v1,1.1.1,1,verified,https://www.sweetwatercountywy.gov/departments/county_clerk/elections.php,,,county_complete,write_in_aggregate,Sweetwater,,,,,,3,,wy|sweetwater|wy-2026-primary|county_local_summary|5947c9082afaa5cf507e0ed33a4d62ad34461f1cfbe9ba9976c69385593a5464|wy-2026-primary|county|sweetwater|precinct-committeeman-10-8|rep|write_in_aggregate|write_in_aggregate|Sweetwater|COUNTY
wy-2026-primary,wy|sweetwater|wy-2026-primary|county_local_summary,Sweetwater,wy-2026-primary|county|sweetwater|precinct-committeeman-10-8|rep,REP PRECINCT COMMITTEEMAN 10-8,Precinct Committeeman 10-8,county,,REP,REP,precinct,5947c9082afaa5cf507e0ed33a4d62ad34461f1cfbe9ba9976c69385593a5464,2026-08-21T11:30:57Z,,county_summary_pdf_v1,1.1.1,1,verified,https://www.sweetwatercountywy.gov/departments/county_clerk/elections.php,,,county_complete,overvote,Sweetwater,,,,,,0,,wy|sweetwater|wy-2026-primary|county_local_summary|5947c9082afaa5cf507e0ed33a4d62ad34461f1cfbe9ba9976c69385593a5464|wy-2026-primary|county|sweetwater|precinct-committeeman-10-8|rep|overvote|overvote|Sweetwater|COUNTY
wy-2026-primary,wy|sweetwater|wy-2026-primary|county_local_summary,Sweetwater,wy-2026-primary|county|sweetwater|precinct-committeeman-10-8|rep,REP PRECINCT COMMITTEEMAN 10-8,Precinct Committeeman 10-8,county,,REP,REP,precinct,5947c9082afaa5cf507e0ed33a4d62ad34461f1cfbe9ba9976c69385593a5464,2026-08-21T11:30:57Z,,county_summary_pdf_v1,1.1.1,1,verified,https://www.sweetwatercountywy.gov/departments/county_clerk/elections.php,,,county_complete,undervote,Sweetwater,,,,,,54,,wy|sweetwater|wy-2026-primary|county_local_summary|5947c9082afaa5cf507e0ed33a4d62ad34461f1cfbe9ba9976c69385593a5464|wy-2026-primary|county|sweetwater|precinct-committeeman-10-8|rep|undervote|undervote|Sweetwater|COUNTY
wy-2026-primary,wy|sweetwater|wy-2026-primary|county_local_summary,Sweetwater,wy-2026-primary|county|sweetwater|precinct-committeeman-10-9|rep,REP PRECINCT COMMITTEEMAN 10-9,Precinct Committeeman 10-9,county,,REP,REP,precinct,5947c9082afaa5cf507e0ed33a4d62ad34461f1cfbe9ba9976c69385593a5464,2026-08-21T11:30:57Z,,county_summary_pdf_v1,1.1.1,1,verified,https://www.sweetwatercountywy.gov/departments/county_clerk/elections.php,,,county_complete,candidate,Sweetwater,,,SHERIDAN NORBERG,SHERIDAN NORBERG,,160,,wy|sweetwater|wy-2026-primary|county_local_summary|5947c9082afaa5cf507e0ed33a4d62ad34461f1cfbe9ba9976c69385593a5464|wy-2026-primary|county|sweetwater|precinct-committeeman-10-9|rep|candidate|SHERIDAN NORBERG|Sweetwater|COUNTY
wy-2026-primary,wy|sweetwater|wy-2026-primary|county_local_summary,Sweetwater,wy-2026-primary|county|sweetwater|precinct-committeeman-10-9|rep,REP PRECINCT COMMITTEEMAN 10-9,Precinct Committeeman 10-9,county,,REP,REP,precinct,5947c9082afaa5cf507e0ed33a4d62ad34461f1cfbe9ba9976c69385593a5464,2026-08-21T11:30:57Z,,county_summary_pdf_v1,1.1.1,1,verified,https://www.sweetwatercountywy.gov/departments/county_clerk/elections.php,,,county_complete,write_in_aggregate,Sweetwater,,,,,,4,,wy|sweetwater|wy-2026-primary|county_local_summary|5947c9082afaa5cf507e0ed33a4d62ad34461f1cfbe9ba9976c69385593a5464|wy-2026-primary|county|sweetwater|precinct-committeeman-10-9|rep|write_in_aggregate|write_in_aggregate|Sweetwater|COUNTY
wy-2026-primary,wy|sweetwater|wy-2026-primary|county_local_summary,Sweetwater,wy-2026-primary|county|sweetwater|precinct-committeeman-10-9|rep,REP PRECINCT COMMITTEEMAN 10-9,Precinct Committeeman 10-9,county,,REP,REP,precinct,5947c9082afaa5cf507e0ed33a4d62ad34461f1cfbe9ba9976c69385593a5464,2026-08-21T11:30:57Z,,county_summary_pdf_v1,1.1.1,1,verified,https://www.sweetwatercountywy.gov/departments/county_clerk/elections.php,,,county_complete,overvote,Sweetwater,,,,,,0,,wy|sweetwater|wy-2026-primary|county_local_summary|5947c9082afaa5cf507e0ed33a4d62ad34461f1cfbe9ba9976c69385593a5464|wy-2026-primary|county|sweetwater|precinct-committeeman-10-9|rep|overvote|overvote|Sweetwater|COUNTY
wy-2026-primary,wy|sweetwater|wy-2026-primary|county_local_summary,Sweetwater,wy-2026-primary|county|sweetwater|precinct-committeeman-10-9|rep,REP PRECINCT COMMITTEEMAN 10-9,Precinct Committeeman 10-9,county,,REP,REP,precinct,5947c9082afaa5cf507e0ed33a4d62ad34461f1cfbe9ba9976c69385593a5464,2026-08-21T11:30:57Z,,county_summary_pdf_v1,1.1.1,1,verified,https://www.sweetwatercountywy.gov/departments/county_clerk/elections.php,,,county_complete,undervote,Sweetwater,,,,,,54,,wy|sweetwater|wy-2026-primary|county_local_summary|5947c9082afaa5cf507e0ed33a4d62ad34461f1cfbe9ba9976c69385593a5464|wy-2026-primary|county|sweetwater|precinct-committeeman-10-9|rep|undervote|undervote|Sweetwater|COUNTY
wy-2026-primary,wy|sweetwater|wy-2026-primary|county_local_summary,Sweetwater,wy-2026-primary|county|sweetwater|precinct-committeeman-10-10|rep,REP PRECINCT COMMITTEEMAN 10-10,Precinct Committeeman 10-10,county,,REP,REP,precinct,5947c9082afaa5cf507e0ed33a4d62ad34461f1cfbe9ba9976c69385593a5464,2026-08-21T11:30:57Z,,county_summary_pdf_v1,1.1.1,1,verified,https://www.sweetwatercountywy.gov/departments/county_clerk/elections.php,,,county_complete,candidate,Sweetwater,,,RICH FISCHER,RICH FISCHER,,243,,wy|sweetwater|wy-2026-primary|county_local_summary|5947c9082afaa5cf507e0ed33a4d62ad34461f1cfbe9ba9976c69385593a5464|wy-2026-primary|county|sweetwater|precinct-committeeman-10-10|rep|candidate|RICH FISCHER|Sweetwater|COUNTY
wy-2026-primary,wy|sweetwater|wy-2026-primary|county_local_summary,Sweetwater,wy-2026-primary|county|sweetwater|precinct-committeeman-10-10|rep,REP PRECINCT COMMITTEEMAN 10-10,Precinct Committeeman 10-10,county,,REP,REP,precinct,5947c9082afaa5cf507e0ed33a4d62ad34461f1cfbe9ba9976c69385593a5464,2026-08-21T11:30:57Z,,county_summary_pdf_v1,1.1.1,1,verified,https://www.sweetwatercountywy.gov/departments/county_clerk/elections.php,,,county_complete,candidate,Sweetwater,,,DEREK ANTHONY MORRELL,DEREK ANTHONY MORRELL,,224,,wy|sweetwater|wy-2026-primary|county_local_summary|5947c9082afaa5cf507e0ed33a4d62ad34461f1cfbe9ba9976c69385593a5464|wy-2026-primary|county|sweetwater|precinct-committeeman-10-10|rep|candidate|DEREK ANTHONY MORRELL|Sweetwater|COUNTY
wy-2026-primary,wy|sweetwater|wy-2026-primary|county_local_summary,Sweetwater,wy-2026-primary|county|sweetwater|precinct-committeeman-10-10|rep,REP PRECINCT COMMITTEEMAN 10-10,Precinct Committeeman 10-10,county,,REP,REP,precinct,5947c9082afaa5cf507e0ed33a4d62ad34461f1cfbe9ba9976c69385593a5464,2026-08-21T11:30:57Z,,county_summary_pdf_v1,1.1.1,1,verified,https://www.sweetwatercountywy.gov/departments/county_clerk/elections.php,,,county_complete,candidate,Sweetwater,,,AJ PAVEY,AJ PAVEY,,150,,wy|sweetwater|wy-2026-primary|county_local_summary|5947c9082afaa5cf507e0ed33a4d62ad34461f1cfbe9ba9976c69385593a5464|wy-2026-primary|county|sweetwater|precinct-committeeman-10-10|rep|candidate|AJ PAVEY|Sweetwater|COUNTY
wy-2026-primary,wy|sweetwater|wy-2026-primary|county_local_summary,Sweetwater,wy-2026-primary|county|sweetwater|precinct-committeeman-10-10|rep,REP PRECINCT COMMITTEEMAN 10-10,Precinct Committeeman 10-10,county,,REP,REP,precinct,5947c9082afaa5cf507e0ed33a4d62ad34461f1cfbe9ba9976c69385593a5464,2026-08-21T11:30:57Z,,county_summary_pdf_v1,1.1.1,1,verified,https://www.sweetwatercountywy.gov/departments/county_clerk/elections.php,,,county_complete,candidate,Sweetwater,,,SCOTT ROBINSON,SCOTT ROBINSON,,224,,wy|sweetwater|wy-2026-primary|county_local_summary|5947c9082afaa5cf507e0ed33a4d62ad34461f1cfbe9ba9976c69385593a5464|wy-2026-primary|county|sweetwater|precinct-committeeman-10-10|rep|candidate|SCOTT ROBINSON|Sweetwater|COUNTY
wy-2026-primary,wy|sweetwater|wy-2026-primary|county_local_summary,Sweetwater,wy-2026-primary|county|sweetwater|precinct-committeeman-10-10|rep,REP PRECINCT COMMITTEEMAN 10-10,Precinct Committeeman 10-10,county,,REP,REP,precinct,5947c9082afaa5cf507e0ed33a4d62ad34461f1cfbe9ba9976c69385593a5464,2026-08-21T11:30:57Z,,county_summary_pdf_v1,1.1.1,1,verified,https://www.sweetwatercountywy.gov/departments/county_clerk/elections.php,,,county_complete,write_in_aggregate,Sweetwater,,,,,,6,,wy|sweetwater|wy-2026-primary|county_local_summary|5947c9082afaa5cf507e0ed33a4d62ad34461f1cfbe9ba9976c69385593a5464|wy-2026-primary|county|sweetwater|precinct-committeeman-10-10|rep|write_in_aggregate|write_in_aggregate|Sweetwater|COUNTY
wy-2026-primary,wy|sweetwater|wy-2026-primary|county_local_summary,Sweetwater,wy-2026-primary|county|sweetwater|precinct-committeeman-10-10|rep,REP PRECINCT COMMITTEEMAN 10-10,Precinct Committeeman 10-10,county,,REP,REP,precinct,5947c9082afaa5cf507e0ed33a4d62ad34461f1cfbe9ba9976c69385593a5464,2026-08-21T11:30:57Z,,county_summary_pdf_v1,1.1.1,1,verified,https://www.sweetwatercountywy.gov/departments/county_clerk/elections.php,,,county_complete,overvote,Sweetwater,,,,,,0,,wy|sweetwater|wy-2026-primary|county_local_summary|5947c9082afaa5cf507e0ed33a4d62ad34461f1cfbe9ba9976c69385593a5464|wy-2026-primary|county|sweetwater|precinct-committeeman-10-10|rep|overvote|overvote|Sweetwater|COUNTY
wy-2026-primary,wy|sweetwater|wy-2026-primary|county_local_summary,Sweetwater,wy-2026-primary|county|sweetwater|precinct-committeeman-10-10|rep,REP PRECINCT COMMITTEEMAN 10-10,Precinct Committeeman 10-10,county,,REP,REP,precinct,5947c9082afaa5cf507e0ed33a4d62ad34461f1cfbe9ba9976c69385593a5464,2026-08-21T11:30:57Z,,county_summary_pdf_v1,1.1.1,1,verified,https://www.sweetwatercountywy.gov/departments/county_clerk/elections.php,,,county_complete,undervote,Sweetwater,,,,,,743,,wy|sweetwater|wy-2026-primary|county_local_summary|5947c9082afaa5cf507e0ed33a4d62ad34461f1cfbe9ba9976c69385593a5464|wy-2026-primary|county|sweetwater|precinct-committeeman-10-10|rep|undervote|undervote|Sweetwater|COUNTY
wy-2026-primary,wy|sweetwater|wy-2026-primary|county_local_summary,Sweetwater,wy-2026-primary|county|sweetwater|precinct-committeeman-10-11|rep,REP PRECINCT COMMITTEEMAN 10-11,Precinct Committeeman 10-11,county,,REP,REP,precinct,5947c9082afaa5cf507e0ed33a4d62ad34461f1cfbe9ba9976c69385593a5464,2026-08-21T11:30:57Z,,county_summary_pdf_v1,1.1.1,1,verified,https://www.sweetwatercountywy.gov/departments/county_clerk/elections.php,,,county_complete,candidate,Sweetwater,,,TERRELL K. JOHNSON,TERRELL K. JOHNSON,,386,,wy|sweetwater|wy-2026-primary|county_local_summary|5947c9082afaa5cf507e0ed33a4d62ad34461f1cfbe9ba9976c69385593a5464|wy-2026-primary|county|sweetwater|precinct-committeeman-10-11|rep|candidate|TERRELL K. JOHNSON|Sweetwater|COUNTY
wy-2026-primary,wy|sweetwater|wy-2026-primary|county_local_summary,Sweetwater,wy-2026-primary|county|sweetwater|precinct-committeeman-10-11|rep,REP PRECINCT COMMITTEEMAN 10-11,Precinct Committeeman 10-11,county,,REP,REP,precinct,5947c9082afaa5cf507e0ed33a4d62ad34461f1cfbe9ba9976c69385593a5464,2026-08-21T11:30:57Z,,county_summary_pdf_v1,1.1.1,1,verified,https://www.sweetwatercountywy.gov/departments/county_clerk/elections.php,,,county_complete,candidate,Sweetwater,,,"JARED ""ZEEK"" KROPF","JARED ""ZEEK"" KROPF",,342,,"wy|sweetwater|wy-2026-primary|county_local_summary|5947c9082afaa5cf507e0ed33a4d62ad34461f1cfbe9ba9976c69385593a5464|wy-2026-primary|county|sweetwater|precinct-committeeman-10-11|rep|candidate|JARED ""ZEEK"" KROPF|Sweetwater|COUNTY"
wy-2026-primary,wy|sweetwater|wy-2026-primary|county_local_summary,Sweetwater,wy-2026-primary|county|sweetwater|precinct-committeeman-10-11|rep,REP PRECINCT COMMITTEEMAN 10-11,Precinct Committeeman 10-11,county,,REP,REP,precinct,5947c9082afaa5cf507e0ed33a4d62ad34461f1cfbe9ba9976c69385593a5464,2026-08-21T11:30:57Z,,county_summary_pdf_v1,1.1.1,1,verified,https://www.sweetwatercountywy.gov/departments/county_clerk/elections.php,,,county_complete,candidate,Sweetwater,,,JASON E. MOWER,JASON E. MOWER,,337,,wy|sweetwater|wy-2026-primary|county_local_summary|5947c9082afaa5cf507e0ed33a4d62ad34461f1cfbe9ba9976c69385593a5464|wy-2026-primary|county|sweetwater|precinct-committeeman-10-11|rep|candidate|JASON E. MOWER|Sweetwater|COUNTY
wy-2026-primary,wy|sweetwater|wy-2026-primary|county_local_summary,Sweetwater,wy-2026-primary|county|sweetwater|precinct-committeeman-10-11|rep,REP PRECINCT COMMITTEEMAN 10-11,Precinct Committeeman 10-11,county,,REP,REP,precinct,5947c9082afaa5cf507e0ed33a4d62ad34461f1cfbe9ba9976c69385593a5464,2026-08-21T11:30:57Z,,county_summary_pdf_v1,1.1.1,1,verified,https://www.sweetwatercountywy.gov/departments/county_clerk/elections.php,,,county_complete,candidate,Sweetwater,,,TONY NIEMIEC,TONY NIEMIEC,,534,,wy|sweetwater|wy-2026-primary|county_local_summary|5947c9082afaa5cf507e0ed33a4d62ad34461f1cfbe9ba9976c69385593a5464|wy-2026-primary|county|sweetwater|precinct-committeeman-10-11|rep|candidate|TONY NIEMIEC|Sweetwater|COUNTY
wy-2026-primary,wy|sweetwater|wy-2026-primary|county_local_summary,Sweetwater,wy-2026-primary|county|sweetwater|precinct-committeeman-10-11|rep,REP PRECINCT COMMITTEEMAN 10-11,Precinct Committeeman 10-11,county,,REP,REP,precinct,5947c9082afaa5cf507e0ed33a4d62ad34461f1cfbe9ba9976c69385593a5464,2026-08-21T11:30:57Z,,county_summary_pdf_v1,1.1.1,1,verified,https://www.sweetwatercountywy.gov/departments/county_clerk/elections.php,,,county_complete,candidate,Sweetwater,,,CRAIG ROOD,CRAIG ROOD,,420,,wy|sweetwater|wy-2026-primary|county_local_summary|5947c9082afaa5cf507e0ed33a4d62ad34461f1cfbe9ba9976c69385593a5464|wy-2026-primary|county|sweetwater|precinct-committeeman-10-11|rep|candidate|CRAIG ROOD|Sweetwater|COUNTY
wy-2026-primary,wy|sweetwater|wy-2026-primary|county_local_summary,Sweetwater,wy-2026-primary|county|sweetwater|precinct-committeeman-10-11|rep,REP PRECINCT COMMITTEEMAN 10-11,Precinct Committeeman 10-11,county,,REP,REP,precinct,5947c9082afaa5cf507e0ed33a4d62ad34461f1cfbe9ba9976c69385593a5464,2026-08-21T11:30:57Z,,county_summary_pdf_v1,1.1.1,1,verified,https://www.sweetwatercountywy.gov/departments/county_clerk/elections.php,,,county_complete,write_in_aggregate,Sweetwater,,,,,,13,,wy|sweetwater|wy-2026-primary|county_local_summary|5947c9082afaa5cf507e0ed33a4d62ad34461f1cfbe9ba9976c69385593a5464|wy-2026-primary|county|sweetwater|precinct-committeeman-10-11|rep|write_in_aggregate|write_in_aggregate|Sweetwater|COUNTY
wy-2026-primary,wy|sweetwater|wy-2026-primary|county_local_summary,Sweetwater,wy-2026-primary|county|sweetwater|precinct-committeeman-10-11|rep,REP PRECINCT COMMITTEEMAN 10-11,Precinct Committeeman 10-11,county,,REP,REP,precinct,5947c9082afaa5cf507e0ed33a4d62ad34461f1cfbe9ba9976c69385593a5464,2026-08-21T11:30:57Z,,county_summary_pdf_v1,1.1.1,1,verified,https://www.sweetwatercountywy.gov/departments/county_clerk/elections.php,,,county_complete,overvote,Sweetwater,,,,,,5,,wy|sweetwater|wy-2026-primary|county_local_summary|5947c9082afaa5cf507e0ed33a4d62ad34461f1cfbe9ba9976c69385593a5464|wy-2026-primary|county|sweetwater|precinct-committeeman-10-11|rep|overvote|overvote|Sweetwater|COUNTY
wy-2026-primary,wy|sweetwater|wy-2026-primary|county_local_summary,Sweetwater,wy-2026-primary|county|sweetwater|precinct-committeeman-10-11|rep,REP PRECINCT COMMITTEEMAN 10-11,Precinct Committeeman 10-11,county,,REP,REP,precinct,5947c9082afaa5cf507e0ed33a4d62ad34461f1cfbe9ba9976c69385593a5464,2026-08-21T11:30:57Z,,county_summary_pdf_v1,1.1.1,1,verified,https://www.sweetwatercountywy.gov/departments/county_clerk/elections.php,,,county_complete,undervote,Sweetwater,,,,,,2333,,wy|sweetwater|wy-2026-primary|county_local_summary|5947c9082afaa5cf507e0ed33a4d62ad34461f1cfbe9ba9976c69385593a5464|wy-2026-primary|county|sweetwater|precinct-committeeman-10-11|rep|undervote|undervote|Sweetwater|COUNTY
wy-2026-primary,wy|sweetwater|wy-2026-primary|county_local_summary,Sweetwater,wy-2026-primary|county|sweetwater|precinct-committeeman-10-12|rep,REP PRECINCT COMMITTEEMAN 10-12,Precinct Committeeman 10-12,county,,REP,REP,precinct,5947c9082afaa5cf507e0ed33a4d62ad34461f1cfbe9ba9976c69385593a5464,2026-08-21T11:30:57Z,,county_summary_pdf_v1,1.1.1,1,verified,https://www.sweetwatercountywy.gov/departments/county_clerk/elections.php,,,county_complete,write_in_aggregate,Sweetwater,,,,,,7,,wy|sweetwater|wy-2026-primary|county_local_summary|5947c9082afaa5cf507e0ed33a4d62ad34461f1cfbe9ba9976c69385593a5464|wy-2026-primary|county|sweetwater|precinct-committeeman-10-12|rep|write_in_aggregate|write_in_aggregate|Sweetwater|COUNTY
wy-2026-primary,wy|sweetwater|wy-2026-primary|county_local_summary,Sweetwater,wy-2026-primary|county|sweetwater|precinct-committeeman-10-12|rep,REP PRECINCT COMMITTEEMAN 10-12,Precinct Committeeman 10-12,county,,REP,REP,precinct,5947c9082afaa5cf507e0ed33a4d62ad34461f1cfbe9ba9976c69385593a5464,2026-08-21T11:30:57Z,,county_summary_pdf_v1,1.1.1,1,verified,https://www.sweetwatercountywy.gov/departments/county_clerk/elections.php,,,county_complete,overvote,Sweetwater,,,,,,0,,wy|sweetwater|wy-2026-primary|county_local_summary|5947c9082afaa5cf507e0ed33a4d62ad34461f1cfbe9ba9976c69385593a5464|wy-2026-primary|county|sweetwater|precinct-committeeman-10-12|rep|overvote|overvote|Sweetwater|COUNTY
wy-2026-primary,wy|sweetwater|wy-2026-primary|county_local_summary,Sweetwater,wy-2026-primary|county|sweetwater|precinct-committeeman-10-12|rep,REP PRECINCT COMMITTEEMAN 10-12,Precinct Committeeman 10-12,county,,REP,REP,precinct,5947c9082afaa5cf507e0ed33a4d62ad34461f1cfbe9ba9976c69385593a5464,2026-08-21T11:30:57Z,,county_summary_pdf_v1,1.1.1,1,verified,https://www.sweetwatercountywy.gov/departments/county_clerk/elections.php,,,county_complete,undervote,Sweetwater,,,,,,165,,wy|sweetwater|wy-2026-primary|county_local_summary|5947c9082afaa5cf507e0ed33a4d62ad34461f1cfbe9ba9976c69385593a5464|wy-2026-primary|county|sweetwater|precinct-committeeman-10-12|rep|undervote|undervote|Sweetwater|COUNTY
wy-2026-primary,wy|sweetwater|wy-2026-primary|county_local_summary,Sweetwater,wy-2026-primary|county|sweetwater|precinct-committeeman-10-13|rep,REP PRECINCT COMMITTEEMAN 10-13,Precinct Committeeman 10-13,county,,REP,REP,precinct,5947c9082afaa5cf507e0ed33a4d62ad34461f1cfbe9ba9976c69385593a5464,2026-08-21T11:30:57Z,,county_summary_pdf_v1,1.1.1,1,verified,https://www.sweetwatercountywy.gov/departments/county_clerk/elections.php,,,county_complete,candidate,Sweetwater,,,RON WILD,RON WILD,,183,,wy|sweetwater|wy-2026-primary|county_local_summary|5947c9082afaa5cf507e0ed33a4d62ad34461f1cfbe9ba9976c69385593a5464|wy-2026-primary|county|sweetwater|precinct-committeeman-10-13|rep|candidate|RON WILD|Sweetwater|COUNTY
wy-2026-primary,wy|sweetwater|wy-2026-primary|county_local_summary,Sweetwater,wy-2026-primary|county|sweetwater|precinct-committeeman-10-13|rep,REP PRECINCT COMMITTEEMAN 10-13,Precinct Committeeman 10-13,county,,REP,REP,precinct,5947c9082afaa5cf507e0ed33a4d62ad34461f1cfbe9ba9976c69385593a5464,2026-08-21T11:30:57Z,,county_summary_pdf_v1,1.1.1,1,verified,https://www.sweetwatercountywy.gov/departments/county_clerk/elections.php,,,county_complete,write_in_aggregate,Sweetwater,,,,,,4,,wy|sweetwater|wy-2026-primary|county_local_summary|5947c9082afaa5cf507e0ed33a4d62ad34461f1cfbe9ba9976c69385593a5464|wy-2026-primary|county|sweetwater|precinct-committeeman-10-13|rep|write_in_aggregate|write_in_aggregate|Sweetwater|COUNTY
wy-2026-primary,wy|sweetwater|wy-2026-primary|county_local_summary,Sweetwater,wy-2026-primary|county|sweetwater|precinct-committeeman-10-13|rep,REP PRECINCT COMMITTEEMAN 10-13,Precinct Committeeman 10-13,county,,REP,REP,precinct,5947c9082afaa5cf507e0ed33a4d62ad34461f1cfbe9ba9976c69385593a5464,2026-08-21T11:30:57Z,,county_summary_pdf_v1,1.1.1,1,verified,https://www.sweetwatercountywy.gov/departments/county_clerk/elections.php,,,county_complete,overvote,Sweetwater,,,,,,0,,wy|sweetwater|wy-2026-primary|county_local_summary|5947c9082afaa5cf507e0ed33a4d62ad34461f1cfbe9ba9976c69385593a5464|wy-2026-primary|county|sweetwater|precinct-committeeman-10-13|rep|overvote|overvote|Sweetwater|COUNTY
wy-2026-primary,wy|sweetwater|wy-2026-primary|county_local_summary,Sweetwater,wy-2026-primary|county|sweetwater|precinct-committeeman-10-13|rep,REP PRECINCT COMMITTEEMAN 10-13,Precinct Committeeman 10-13,county,,REP,REP,precinct,5947c9082afaa5cf507e0ed33a4d62ad34461f1cfbe9ba9976c69385593a5464,2026-08-21T11:30:57Z,,county_summary_pdf_v1,1.1.1,1,verified,https://www.sweetwatercountywy.gov/departments/county_clerk/elections.php,,,county_complete,undervote,Sweetwater,,,,,,51,,wy|sweetwater|wy-2026-primary|county_local_summary|5947c9082afaa5cf507e0ed33a4d62ad34461f1cfbe9ba9976c69385593a5464|wy-2026-primary|county|sweetwater|precinct-committeeman-10-13|rep|undervote|undervote|Sweetwater|COUNTY
wy-2026-primary,wy|sweetwater|wy-2026-primary|county_local_summary,Sweetwater,wy-2026-primary|county|sweetwater|precinct-committeeman-12-2|rep,REP PRECINCT COMMITTEEMAN 12-2,Precinct Committeeman 12-2,county,,REP,REP,precinct,5947c9082afaa5cf507e0ed33a4d62ad34461f1cfbe9ba9976c69385593a5464,2026-08-21T11:30:57Z,,county_summary_pdf_v1,1.1.1,1,verified,https://www.sweetwatercountywy.gov/departments/county_clerk/elections.php,,,county_complete,write_in_aggregate,Sweetwater,,,,,,3,,wy|sweetwater|wy-2026-primary|county_local_summary|5947c9082afaa5cf507e0ed33a4d62ad34461f1cfbe9ba9976c69385593a5464|wy-2026-primary|county|sweetwater|precinct-committeeman-12-2|rep|write_in_aggregate|write_in_aggregate|Sweetwater|COUNTY
wy-2026-primary,wy|sweetwater|wy-2026-primary|county_local_summary,Sweetwater,wy-2026-primary|county|sweetwater|precinct-committeeman-12-2|rep,REP PRECINCT COMMITTEEMAN 12-2,Precinct Committeeman 12-2,county,,REP,REP,precinct,5947c9082afaa5cf507e0ed33a4d62ad34461f1cfbe9ba9976c69385593a5464,2026-08-21T11:30:57Z,,county_summary_pdf_v1,1.1.1,1,verified,https://www.sweetwatercountywy.gov/departments/county_clerk/elections.php,,,county_complete,overvote,Sweetwater,,,,,,0,,wy|sweetwater|wy-2026-primary|county_local_summary|5947c9082afaa5cf507e0ed33a4d62ad34461f1cfbe9ba9976c69385593a5464|wy-2026-primary|county|sweetwater|precinct-committeeman-12-2|rep|overvote|overvote|Sweetwater|COUNTY
wy-2026-primary,wy|sweetwater|wy-2026-primary|county_local_summary,Sweetwater,wy-2026-primary|county|sweetwater|precinct-committeeman-12-2|rep,REP PRECINCT COMMITTEEMAN 12-2,Precinct Committeeman 12-2,county,,REP,REP,precinct,5947c9082afaa5cf507e0ed33a4d62ad34461f1cfbe9ba9976c69385593a5464,2026-08-21T11:30:57Z,,county_summary_pdf_v1,1.1.1,1,verified,https://www.sweetwatercountywy.gov/departments/county_clerk/elections.php,,,county_complete,undervote,Sweetwater,,,,,,72,,wy|sweetwater|wy-2026-primary|county_local_summary|5947c9082afaa5cf507e0ed33a4d62ad34461f1cfbe9ba9976c69385593a5464|wy-2026-primary|county|sweetwater|precinct-committeeman-12-2|rep|undervote|undervote|Sweetwater|COUNTY
wy-2026-primary,wy|sweetwater|wy-2026-primary|county_local_summary,Sweetwater,wy-2026-primary|county|sweetwater|precinct-committeeman-13-2|rep,REP PRECINCT COMMITTEEMAN 13-2,Precinct Committeeman 13-2,county,,REP,REP,precinct,5947c9082afaa5cf507e0ed33a4d62ad34461f1cfbe9ba9976c69385593a5464,2026-08-21T11:30:57Z,,county_summary_pdf_v1,1.1.1,1,verified,https://www.sweetwatercountywy.gov/departments/county_clerk/elections.php,,,county_complete,write_in_aggregate,Sweetwater,,,,,,2,,wy|sweetwater|wy-2026-primary|county_local_summary|5947c9082afaa5cf507e0ed33a4d62ad34461f1cfbe9ba9976c69385593a5464|wy-2026-primary|county|sweetwater|precinct-committeeman-13-2|rep|write_in_aggregate|write_in_aggregate|Sweetwater|COUNTY
wy-2026-primary,wy|sweetwater|wy-2026-primary|county_local_summary,Sweetwater,wy-2026-primary|county|sweetwater|precinct-committeeman-13-2|rep,REP PRECINCT COMMITTEEMAN 13-2,Precinct Committeeman 13-2,county,,REP,REP,precinct,5947c9082afaa5cf507e0ed33a4d62ad34461f1cfbe9ba9976c69385593a5464,2026-08-21T11:30:57Z,,county_summary_pdf_v1,1.1.1,1,verified,https://www.sweetwatercountywy.gov/departments/county_clerk/elections.php,,,county_complete,overvote,Sweetwater,,,,,,0,,wy|sweetwater|wy-2026-primary|county_local_summary|5947c9082afaa5cf507e0ed33a4d62ad34461f1cfbe9ba9976c69385593a5464|wy-2026-primary|county|sweetwater|precinct-committeeman-13-2|rep|overvote|overvote|Sweetwater|COUNTY
wy-2026-primary,wy|sweetwater|wy-2026-primary|county_local_summary,Sweetwater,wy-2026-primary|county|sweetwater|precinct-committeeman-13-2|rep,REP PRECINCT COMMITTEEMAN 13-2,Precinct Committeeman 13-2,county,,REP,REP,precinct,5947c9082afaa5cf507e0ed33a4d62ad34461f1cfbe9ba9976c69385593a5464,2026-08-21T11:30:57Z,,county_summary_pdf_v1,1.1.1,1,verified,https://www.sweetwatercountywy.gov/departments/county_clerk/elections.php,,,county_complete,undervote,Sweetwater,,,,,,13,,wy|sweetwater|wy-2026-primary|county_local_summary|5947c9082afaa5cf507e0ed33a4d62ad34461f1cfbe9ba9976c69385593a5464|wy-2026-primary|county|sweetwater|precinct-committeeman-13-2|rep|undervote|undervote|Sweetwater|COUNTY
wy-2026-primary,wy|sweetwater|wy-2026-primary|county_local_summary,Sweetwater,wy-2026-primary|county|sweetwater|precinct-committeeman-19-1|rep,REP PRECINCT COMMITTEEMAN 19-1,Precinct Committeeman 19-1,county,,REP,REP,precinct,5947c9082afaa5cf507e0ed33a4d62ad34461f1cfbe9ba9976c69385593a5464,2026-08-21T11:30:57Z,,county_summary_pdf_v1,1.1.1,1,verified,https://www.sweetwatercountywy.gov/departments/county_clerk/elections.php,,,county_complete,candidate,Sweetwater,,,RICK NIEMIEC,RICK NIEMIEC,,63,,wy|sweetwater|wy-2026-primary|county_local_summary|5947c9082afaa5cf507e0ed33a4d62ad34461f1cfbe9ba9976c69385593a5464|wy-2026-primary|county|sweetwater|precinct-committeeman-19-1|rep|candidate|RICK NIEMIEC|Sweetwater|COUNTY
wy-2026-primary,wy|sweetwater|wy-2026-primary|county_local_summary,Sweetwater,wy-2026-primary|county|sweetwater|precinct-committeeman-19-1|rep,REP PRECINCT COMMITTEEMAN 19-1,Precinct Committeeman 19-1,county,,REP,REP,precinct,5947c9082afaa5cf507e0ed33a4d62ad34461f1cfbe9ba9976c69385593a5464,2026-08-21T11:30:57Z,,county_summary_pdf_v1,1.1.1,1,verified,https://www.sweetwatercountywy.gov/departments/county_clerk/elections.php,,,county_complete,write_in_aggregate,Sweetwater,,,,,,6,,wy|sweetwater|wy-2026-primary|county_local_summary|5947c9082afaa5cf507e0ed33a4d62ad34461f1cfbe9ba9976c69385593a5464|wy-2026-primary|county|sweetwater|precinct-committeeman-19-1|rep|write_in_aggregate|write_in_aggregate|Sweetwater|COUNTY
wy-2026-primary,wy|sweetwater|wy-2026-primary|county_local_summary,Sweetwater,wy-2026-primary|county|sweetwater|precinct-committeeman-19-1|rep,REP PRECINCT COMMITTEEMAN 19-1,Precinct Committeeman 19-1,county,,REP,REP,precinct,5947c9082afaa5cf507e0ed33a4d62ad34461f1cfbe9ba9976c69385593a5464,2026-08-21T11:30:57Z,,county_summary_pdf_v1,1.1.1,1,verified,https://www.sweetwatercountywy.gov/departments/county_clerk/elections.php,,,county_complete,overvote,Sweetwater,,,,,,0,,wy|sweetwater|wy-2026-primary|county_local_summary|5947c9082afaa5cf507e0ed33a4d62ad34461f1cfbe9ba9976c69385593a5464|wy-2026-primary|county|sweetwater|precinct-committeeman-19-1|rep|overvote|overvote|Sweetwater|COUNTY
wy-2026-primary,wy|sweetwater|wy-2026-primary|county_local_summary,Sweetwater,wy-2026-primary|county|sweetwater|precinct-committeeman-19-1|rep,REP PRECINCT COMMITTEEMAN 19-1,Precinct Committeeman 19-1,county,,REP,REP,precinct,5947c9082afaa5cf507e0ed33a4d62ad34461f1cfbe9ba9976c69385593a5464,2026-08-21T11:30:57Z,,county_summary_pdf_v1,1.1.1,1,verified,https://www.sweetwatercountywy.gov/departments/county_clerk/elections.php,,,county_complete,undervote,Sweetwater,,,,,,15,,wy|sweetwater|wy-2026-primary|county_local_summary|5947c9082afaa5cf507e0ed33a4d62ad34461f1cfbe9ba9976c69385593a5464|wy-2026-primary|county|sweetwater|precinct-committeeman-19-1|rep|undervote|undervote|Sweetwater|COUNTY
wy-2026-primary,wy|sweetwater|wy-2026-primary|county_local_summary,Sweetwater,wy-2026-primary|county|sweetwater|precinct-committeeman-20-2|rep,REP PRECINCT COMMITTEEMAN 20-2,Precinct Committeeman 20-2,county,,REP,REP,precinct,5947c9082afaa5cf507e0ed33a4d62ad34461f1cfbe9ba9976c69385593a5464,2026-08-21T11:30:57Z,,county_summary_pdf_v1,1.1.1,1,verified,https://www.sweetwatercountywy.gov/departments/county_clerk/elections.php,,,county_complete,candidate,Sweetwater,,,JOE TOMICH,JOE TOMICH,,153,,wy|sweetwater|wy-2026-primary|county_local_summary|5947c9082afaa5cf507e0ed33a4d62ad34461f1cfbe9ba9976c69385593a5464|wy-2026-primary|county|sweetwater|precinct-committeeman-20-2|rep|candidate|JOE TOMICH|Sweetwater|COUNTY
wy-2026-primary,wy|sweetwater|wy-2026-primary|county_local_summary,Sweetwater,wy-2026-primary|county|sweetwater|precinct-committeeman-20-2|rep,REP PRECINCT COMMITTEEMAN 20-2,Precinct Committeeman 20-2,county,,REP,REP,precinct,5947c9082afaa5cf507e0ed33a4d62ad34461f1cfbe9ba9976c69385593a5464,2026-08-21T11:30:57Z,,county_summary_pdf_v1,1.1.1,1,verified,https://www.sweetwatercountywy.gov/departments/county_clerk/elections.php,,,county_complete,write_in_aggregate,Sweetwater,,,,,,0,,wy|sweetwater|wy-2026-primary|county_local_summary|5947c9082afaa5cf507e0ed33a4d62ad34461f1cfbe9ba9976c69385593a5464|wy-2026-primary|county|sweetwater|precinct-committeeman-20-2|rep|write_in_aggregate|write_in_aggregate|Sweetwater|COUNTY
wy-2026-primary,wy|sweetwater|wy-2026-primary|county_local_summary,Sweetwater,wy-2026-primary|county|sweetwater|precinct-committeeman-20-2|rep,REP PRECINCT COMMITTEEMAN 20-2,Precinct Committeeman 20-2,county,,REP,REP,precinct,5947c9082afaa5cf507e0ed33a4d62ad34461f1cfbe9ba9976c69385593a5464,2026-08-21T11:30:57Z,,county_summary_pdf_v1,1.1.1,1,verified,https://www.sweetwatercountywy.gov/departments/county_clerk/elections.php,,,county_complete,overvote,Sweetwater,,,,,,0,,wy|sweetwater|wy-2026-primary|county_local_summary|5947c9082afaa5cf507e0ed33a4d62ad34461f1cfbe9ba9976c69385593a5464|wy-2026-primary|county|sweetwater|precinct-committeeman-20-2|rep|overvote|overvote|Sweetwater|COUNTY
wy-2026-primary,wy|sweetwater|wy-2026-primary|county_local_summary,Sweetwater,wy-2026-primary|county|sweetwater|precinct-committeeman-20-2|rep,REP PRECINCT COMMITTEEMAN 20-2,Precinct Committeeman 20-2,county,,REP,REP,precinct,5947c9082afaa5cf507e0ed33a4d62ad34461f1cfbe9ba9976c69385593a5464,2026-08-21T11:30:57Z,,county_summary_pdf_v1,1.1.1,1,verified,https://www.sweetwatercountywy.gov/departments/county_clerk/elections.php,,,county_complete,undervote,Sweetwater,,,,,,19,,wy|sweetwater|wy-2026-primary|county_local_summary|5947c9082afaa5cf507e0ed33a4d62ad34461f1cfbe9ba9976c69385593a5464|wy-2026-primary|county|sweetwater|precinct-committeeman-20-2|rep|undervote|undervote|Sweetwater|COUNTY
wy-2026-primary,wy|sweetwater|wy-2026-primary|county_local_summary,Sweetwater,wy-2026-primary|county|sweetwater|precinct-committeeman-21-1|rep,REP PRECINCT COMMITTEEMAN 21-1,Precinct Committeeman 21-1,county,,REP,REP,precinct,5947c9082afaa5cf507e0ed33a4d62ad34461f1cfbe9ba9976c69385593a5464,2026-08-21T11:30:57Z,,county_summary_pdf_v1,1.1.1,1,verified,https://www.sweetwatercountywy.gov/departments/county_clerk/elections.php,,,county_complete,candidate,Sweetwater,,,PHILLIP LEE GOMEZ,PHILLIP LEE GOMEZ,,8,,wy|sweetwater|wy-2026-primary|county_local_summary|5947c9082afaa5cf507e0ed33a4d62ad34461f1cfbe9ba9976c69385593a5464|wy-2026-primary|county|sweetwater|precinct-committeeman-21-1|rep|candidate|PHILLIP LEE GOMEZ|Sweetwater|COUNTY
wy-2026-primary,wy|sweetwater|wy-2026-primary|county_local_summary,Sweetwater,wy-2026-primary|county|sweetwater|precinct-committeeman-21-1|rep,REP PRECINCT COMMITTEEMAN 21-1,Precinct Committeeman 21-1,county,,REP,REP,precinct,5947c9082afaa5cf507e0ed33a4d62ad34461f1cfbe9ba9976c69385593a5464,2026-08-21T11:30:57Z,,county_summary_pdf_v1,1.1.1,1,verified,https://www.sweetwatercountywy.gov/departments/county_clerk/elections.php,,,county_complete,write_in_aggregate,Sweetwater,,,,,,1,,wy|sweetwater|wy-2026-primary|county_local_summary|5947c9082afaa5cf507e0ed33a4d62ad34461f1cfbe9ba9976c69385593a5464|wy-2026-primary|county|sweetwater|precinct-committeeman-21-1|rep|write_in_aggregate|write_in_aggregate|Sweetwater|COUNTY
wy-2026-primary,wy|sweetwater|wy-2026-primary|county_local_summary,Sweetwater,wy-2026-primary|county|sweetwater|precinct-committeeman-21-1|rep,REP PRECINCT COMMITTEEMAN 21-1,Precinct Committeeman 21-1,county,,REP,REP,precinct,5947c9082afaa5cf507e0ed33a4d62ad34461f1cfbe9ba9976c69385593a5464,2026-08-21T11:30:57Z,,county_summary_pdf_v1,1.1.1,1,verified,https://www.sweetwatercountywy.gov/departments/county_clerk/elections.php,,,county_complete,overvote,Sweetwater,,,,,,0,,wy|sweetwater|wy-2026-primary|county_local_summary|5947c9082afaa5cf507e0ed33a4d62ad34461f1cfbe9ba9976c69385593a5464|wy-2026-primary|county|sweetwater|precinct-committeeman-21-1|rep|overvote|overvote|Sweetwater|COUNTY
wy-2026-primary,wy|sweetwater|wy-2026-primary|county_local_summary,Sweetwater,wy-2026-primary|county|sweetwater|precinct-committeeman-21-1|rep,REP PRECINCT COMMITTEEMAN 21-1,Precinct Committeeman 21-1,county,,REP,REP,precinct,5947c9082afaa5cf507e0ed33a4d62ad34461f1cfbe9ba9976c69385593a5464,2026-08-21T11:30:57Z,,county_summary_pdf_v1,1.1.1,1,verified,https://www.sweetwatercountywy.gov/departments/county_clerk/elections.php,,,county_complete,undervote,Sweetwater,,,,,,2,,wy|sweetwater|wy-2026-primary|county_local_summary|5947c9082afaa5cf507e0ed33a4d62ad34461f1cfbe9ba9976c69385593a5464|wy-2026-primary|county|sweetwater|precinct-committeeman-21-1|rep|undervote|undervote|Sweetwater|COUNTY
wy-2026-primary,wy|sweetwater|wy-2026-primary|county_local_summary,Sweetwater,wy-2026-primary|county|sweetwater|precinct-committeeman-23-2|rep,REP PRECINCT COMMITTEEMAN 23-2,Precinct Committeeman 23-2,county,,REP,REP,precinct,5947c9082afaa5cf507e0ed33a4d62ad34461f1cfbe9ba9976c69385593a5464,2026-08-21T11:30:57Z,,county_summary_pdf_v1,1.1.1,1,verified,https://www.sweetwatercountywy.gov/departments/county_clerk/elections.php,,,county_complete,write_in_aggregate,Sweetwater,,,,,,2,,wy|sweetwater|wy-2026-primary|county_local_summary|5947c9082afaa5cf507e0ed33a4d62ad34461f1cfbe9ba9976c69385593a5464|wy-2026-primary|county|sweetwater|precinct-committeeman-23-2|rep|write_in_aggregate|write_in_aggregate|Sweetwater|COUNTY
wy-2026-primary,wy|sweetwater|wy-2026-primary|county_local_summary,Sweetwater,wy-2026-primary|county|sweetwater|precinct-committeeman-23-2|rep,REP PRECINCT COMMITTEEMAN 23-2,Precinct Committeeman 23-2,county,,REP,REP,precinct,5947c9082afaa5cf507e0ed33a4d62ad34461f1cfbe9ba9976c69385593a5464,2026-08-21T11:30:57Z,,county_summary_pdf_v1,1.1.1,1,verified,https://www.sweetwatercountywy.gov/departments/county_clerk/elections.php,,,county_complete,overvote,Sweetwater,,,,,,0,,wy|sweetwater|wy-2026-primary|county_local_summary|5947c9082afaa5cf507e0ed33a4d62ad34461f1cfbe9ba9976c69385593a5464|wy-2026-primary|county|sweetwater|precinct-committeeman-23-2|rep|overvote|overvote|Sweetwater|COUNTY
wy-2026-primary,wy|sweetwater|wy-2026-primary|county_local_summary,Sweetwater,wy-2026-primary|county|sweetwater|precinct-committeeman-23-2|rep,REP PRECINCT COMMITTEEMAN 23-2,Precinct Committeeman 23-2,county,,REP,REP,precinct,5947c9082afaa5cf507e0ed33a4d62ad34461f1cfbe9ba9976c69385593a5464,2026-08-21T11:30:57Z,,county_summary_pdf_v1,1.1.1,1,verified,https://www.sweetwatercountywy.gov/departments/county_clerk/elections.php,,,county_complete,undervote,Sweetwater,,,,,,46,,wy|sweetwater|wy-2026-primary|county_local_summary|5947c9082afaa5cf507e0ed33a4d62ad34461f1cfbe9ba9976c69385593a5464|wy-2026-primary|county|sweetwater|precinct-committeeman-23-2|rep|undervote|undervote|Sweetwater|COUNTY
wy-2026-primary,wy|sweetwater|wy-2026-primary|county_local_summary,Sweetwater,wy-2026-primary|county|sweetwater|precinct-committeeman-24-1|rep,REP PRECINCT COMMITTEEMAN 24-1,Precinct Committeeman 24-1,county,,REP,REP,precinct,5947c9082afaa5cf507e0ed33a4d62ad34461f1cfbe9ba9976c69385593a5464,2026-08-21T11:30:57Z,,county_summary_pdf_v1,1.1.1,1,verified,https://www.sweetwatercountywy.gov/departments/county_clerk/elections.php,,,county_complete,write_in_aggregate,Sweetwater,,,,,,1,,wy|sweetwater|wy-2026-primary|county_local_summary|5947c9082afaa5cf507e0ed33a4d62ad34461f1cfbe9ba9976c69385593a5464|wy-2026-primary|county|sweetwater|precinct-committeeman-24-1|rep|write_in_aggregate|write_in_aggregate|Sweetwater|COUNTY
wy-2026-primary,wy|sweetwater|wy-2026-primary|county_local_summary,Sweetwater,wy-2026-primary|county|sweetwater|precinct-committeeman-24-1|rep,REP PRECINCT COMMITTEEMAN 24-1,Precinct Committeeman 24-1,county,,REP,REP,precinct,5947c9082afaa5cf507e0ed33a4d62ad34461f1cfbe9ba9976c69385593a5464,2026-08-21T11:30:57Z,,county_summary_pdf_v1,1.1.1,1,verified,https://www.sweetwatercountywy.gov/departments/county_clerk/elections.php,,,county_complete,overvote,Sweetwater,,,,,,0,,wy|sweetwater|wy-2026-primary|county_local_summary|5947c9082afaa5cf507e0ed33a4d62ad34461f1cfbe9ba9976c69385593a5464|wy-2026-primary|county|sweetwater|precinct-committeeman-24-1|rep|overvote|overvote|Sweetwater|COUNTY
wy-2026-primary,wy|sweetwater|wy-2026-primary|county_local_summary,Sweetwater,wy-2026-primary|county|sweetwater|precinct-committeeman-24-1|rep,REP PRECINCT COMMITTEEMAN 24-1,Precinct Committeeman 24-1,county,,REP,REP,precinct,5947c9082afaa5cf507e0ed33a4d62ad34461f1cfbe9ba9976c69385593a5464,2026-08-21T11:30:57Z,,county_summary_pdf_v1,1.1.1,1,verified,https://www.sweetwatercountywy.gov/departments/county_clerk/elections.php,,,county_complete,undervote,Sweetwater,,,,,,48,,wy|sweetwater|wy-2026-primary|county_local_summary|5947c9082afaa5cf507e0ed33a4d62ad34461f1cfbe9ba9976c69385593a5464|wy-2026-primary|county|sweetwater|precinct-committeeman-24-1|rep|undervote|undervote|Sweetwater|COUNTY
wy-2026-primary,wy|sweetwater|wy-2026-primary|county_local_summary,Sweetwater,wy-2026-primary|county|sweetwater|precinct-committeeman-25-2|rep,REP PRECINCT COMMITTEEMAN 25-2,Precinct Committeeman 25-2,county,,REP,REP,precinct,5947c9082afaa5cf507e0ed33a4d62ad34461f1cfbe9ba9976c69385593a5464,2026-08-21T11:30:57Z,,county_summary_pdf_v1,1.1.1,1,verified,https://www.sweetwatercountywy.gov/departments/county_clerk/elections.php,,,county_complete,write_in_aggregate,Sweetwater,,,,,,2,,wy|sweetwater|wy-2026-primary|county_local_summary|5947c9082afaa5cf507e0ed33a4d62ad34461f1cfbe9ba9976c69385593a5464|wy-2026-primary|county|sweetwater|precinct-committeeman-25-2|rep|write_in_aggregate|write_in_aggregate|Sweetwater|COUNTY
wy-2026-primary,wy|sweetwater|wy-2026-primary|county_local_summary,Sweetwater,wy-2026-primary|county|sweetwater|precinct-committeeman-25-2|rep,REP PRECINCT COMMITTEEMAN 25-2,Precinct Committeeman 25-2,county,,REP,REP,precinct,5947c9082afaa5cf507e0ed33a4d62ad34461f1cfbe9ba9976c69385593a5464,2026-08-21T11:30:57Z,,county_summary_pdf_v1,1.1.1,1,verified,https://www.sweetwatercountywy.gov/departments/county_clerk/elections.php,,,county_complete,overvote,Sweetwater,,,,,,0,,wy|sweetwater|wy-2026-primary|county_local_summary|5947c9082afaa5cf507e0ed33a4d62ad34461f1cfbe9ba9976c69385593a5464|wy-2026-primary|county|sweetwater|precinct-committeeman-25-2|rep|overvote|overvote|Sweetwater|COUNTY
wy-2026-primary,wy|sweetwater|wy-2026-primary|county_local_summary,Sweetwater,wy-2026-primary|county|sweetwater|precinct-committeeman-25-2|rep,REP PRECINCT COMMITTEEMAN 25-2,Precinct Committeeman 25-2,county,,REP,REP,precinct,5947c9082afaa5cf507e0ed33a4d62ad34461f1cfbe9ba9976c69385593a5464,2026-08-21T11:30:57Z,,county_summary_pdf_v1,1.1.1,1,verified,https://www.sweetwatercountywy.gov/departments/county_clerk/elections.php,,,county_complete,undervote,Sweetwater,,,,,,33,,wy|sweetwater|wy-2026-primary|county_local_summary|5947c9082afaa5cf507e0ed33a4d62ad34461f1cfbe9ba9976c69385593a5464|wy-2026-primary|county|sweetwater|precinct-committeeman-25-2|rep|undervote|undervote|Sweetwater|COUNTY
wy-2026-primary,wy|sweetwater|wy-2026-primary|county_local_summary,Sweetwater,wy-2026-primary|county|sweetwater|precinct-committeewoman-1-2|rep,REP PRECINCT COMMITTEEWOMAN 01-2,Precinct Committeewoman 1-2,county,,REP,REP,precinct,5947c9082afaa5cf507e0ed33a4d62ad34461f1cfbe9ba9976c69385593a5464,2026-08-21T11:30:57Z,,county_summary_pdf_v1,1.1.1,1,verified,https://www.sweetwatercountywy.gov/departments/county_clerk/elections.php,,,county_complete,candidate,Sweetwater,,,LENORE PERRY,LENORE PERRY,,21,,wy|sweetwater|wy-2026-primary|county_local_summary|5947c9082afaa5cf507e0ed33a4d62ad34461f1cfbe9ba9976c69385593a5464|wy-2026-primary|county|sweetwater|precinct-committeewoman-1-2|rep|candidate|LENORE PERRY|Sweetwater|COUNTY
wy-2026-primary,wy|sweetwater|wy-2026-primary|county_local_summary,Sweetwater,wy-2026-primary|county|sweetwater|precinct-committeewoman-1-2|rep,REP PRECINCT COMMITTEEWOMAN 01-2,Precinct Committeewoman 1-2,county,,REP,REP,precinct,5947c9082afaa5cf507e0ed33a4d62ad34461f1cfbe9ba9976c69385593a5464,2026-08-21T11:30:57Z,,county_summary_pdf_v1,1.1.1,1,verified,https://www.sweetwatercountywy.gov/departments/county_clerk/elections.php,,,county_complete,write_in_aggregate,Sweetwater,,,,,,2,,wy|sweetwater|wy-2026-primary|county_local_summary|5947c9082afaa5cf507e0ed33a4d62ad34461f1cfbe9ba9976c69385593a5464|wy-2026-primary|county|sweetwater|precinct-committeewoman-1-2|rep|write_in_aggregate|write_in_aggregate|Sweetwater|COUNTY
wy-2026-primary,wy|sweetwater|wy-2026-primary|county_local_summary,Sweetwater,wy-2026-primary|county|sweetwater|precinct-committeewoman-1-2|rep,REP PRECINCT COMMITTEEWOMAN 01-2,Precinct Committeewoman 1-2,county,,REP,REP,precinct,5947c9082afaa5cf507e0ed33a4d62ad34461f1cfbe9ba9976c69385593a5464,2026-08-21T11:30:57Z,,county_summary_pdf_v1,1.1.1,1,verified,https://www.sweetwatercountywy.gov/departments/county_clerk/elections.php,,,county_complete,overvote,Sweetwater,,,,,,0,,wy|sweetwater|wy-2026-primary|county_local_summary|5947c9082afaa5cf507e0ed33a4d62ad34461f1cfbe9ba9976c69385593a5464|wy-2026-primary|county|sweetwater|precinct-committeewoman-1-2|rep|overvote|overvote|Sweetwater|COUNTY
wy-2026-primary,wy|sweetwater|wy-2026-primary|county_local_summary,Sweetwater,wy-2026-primary|county|sweetwater|precinct-committeewoman-1-2|rep,REP PRECINCT COMMITTEEWOMAN 01-2,Precinct Committeewoman 1-2,county,,REP,REP,precinct,5947c9082afaa5cf507e0ed33a4d62ad34461f1cfbe9ba9976c69385593a5464,2026-08-21T11:30:57Z,,county_summary_pdf_v1,1.1.1,1,verified,https://www.sweetwatercountywy.gov/departments/county_clerk/elections.php,,,county_complete,undervote,Sweetwater,,,,,,10,,wy|sweetwater|wy-2026-primary|county_local_summary|5947c9082afaa5cf507e0ed33a4d62ad34461f1cfbe9ba9976c69385593a5464|wy-2026-primary|county|sweetwater|precinct-committeewoman-1-2|rep|undervote|undervote|Sweetwater|COUNTY
wy-2026-primary,wy|sweetwater|wy-2026-primary|county_local_summary,Sweetwater,wy-2026-primary|county|sweetwater|precinct-committeewoman-3-4|rep,REP PRECINCT COMMITTEEWOMAN 03-4,Precinct Committeewoman 3-4,county,,REP,REP,precinct,5947c9082afaa5cf507e0ed33a4d62ad34461f1cfbe9ba9976c69385593a5464,2026-08-21T11:30:57Z,,county_summary_pdf_v1,1.1.1,1,verified,https://www.sweetwatercountywy.gov/departments/county_clerk/elections.php,,,county_complete,candidate,Sweetwater,,,CLETA ELDER,CLETA ELDER,,32,,wy|sweetwater|wy-2026-primary|county_local_summary|5947c9082afaa5cf507e0ed33a4d62ad34461f1cfbe9ba9976c69385593a5464|wy-2026-primary|county|sweetwater|precinct-committeewoman-3-4|rep|candidate|CLETA ELDER|Sweetwater|COUNTY
wy-2026-primary,wy|sweetwater|wy-2026-primary|county_local_summary,Sweetwater,wy-2026-primary|county|sweetwater|precinct-committeewoman-3-4|rep,REP PRECINCT COMMITTEEWOMAN 03-4,Precinct Committeewoman 3-4,county,,REP,REP,precinct,5947c9082afaa5cf507e0ed33a4d62ad34461f1cfbe9ba9976c69385593a5464,2026-08-21T11:30:57Z,,county_summary_pdf_v1,1.1.1,1,verified,https://www.sweetwatercountywy.gov/departments/county_clerk/elections.php,,,county_complete,write_in_aggregate,Sweetwater,,,,,,0,,wy|sweetwater|wy-2026-primary|county_local_summary|5947c9082afaa5cf507e0ed33a4d62ad34461f1cfbe9ba9976c69385593a5464|wy-2026-primary|county|sweetwater|precinct-committeewoman-3-4|rep|write_in_aggregate|write_in_aggregate|Sweetwater|COUNTY
wy-2026-primary,wy|sweetwater|wy-2026-primary|county_local_summary,Sweetwater,wy-2026-primary|county|sweetwater|precinct-committeewoman-3-4|rep,REP PRECINCT COMMITTEEWOMAN 03-4,Precinct Committeewoman 3-4,county,,REP,REP,precinct,5947c9082afaa5cf507e0ed33a4d62ad34461f1cfbe9ba9976c69385593a5464,2026-08-21T11:30:57Z,,county_summary_pdf_v1,1.1.1,1,verified,https://www.sweetwatercountywy.gov/departments/county_clerk/elections.php,,,county_complete,overvote,Sweetwater,,,,,,0,,wy|sweetwater|wy-2026-primary|county_local_summary|5947c9082afaa5cf507e0ed33a4d62ad34461f1cfbe9ba9976c69385593a5464|wy-2026-primary|county|sweetwater|precinct-committeewoman-3-4|rep|overvote|overvote|Sweetwater|COUNTY
wy-2026-primary,wy|sweetwater|wy-2026-primary|county_local_summary,Sweetwater,wy-2026-primary|county|sweetwater|precinct-committeewoman-3-4|rep,REP PRECINCT COMMITTEEWOMAN 03-4,Precinct Committeewoman 3-4,county,,REP,REP,precinct,5947c9082afaa5cf507e0ed33a4d62ad34461f1cfbe9ba9976c69385593a5464,2026-08-21T11:30:57Z,,county_summary_pdf_v1,1.1.1,1,verified,https://www.sweetwatercountywy.gov/departments/county_clerk/elections.php,,,county_complete,undervote,Sweetwater,,,,,,12,,wy|sweetwater|wy-2026-primary|county_local_summary|5947c9082afaa5cf507e0ed33a4d62ad34461f1cfbe9ba9976c69385593a5464|wy-2026-primary|county|sweetwater|precinct-committeewoman-3-4|rep|undervote|undervote|Sweetwater|COUNTY
wy-2026-primary,wy|sweetwater|wy-2026-primary|county_local_summary,Sweetwater,wy-2026-primary|county|sweetwater|precinct-committeewoman-3-6|rep,REP PRECINCT COMMITTEEWOMAN 03-6,Precinct Committeewoman 3-6,county,,REP,REP,precinct,5947c9082afaa5cf507e0ed33a4d62ad34461f1cfbe9ba9976c69385593a5464,2026-08-21T11:30:57Z,,county_summary_pdf_v1,1.1.1,1,verified,https://www.sweetwatercountywy.gov/departments/county_clerk/elections.php,,,county_complete,candidate,Sweetwater,,,SHIRLEY ANN CUKALE,SHIRLEY ANN CUKALE,,45,,wy|sweetwater|wy-2026-primary|county_local_summary|5947c9082afaa5cf507e0ed33a4d62ad34461f1cfbe9ba9976c69385593a5464|wy-2026-primary|county|sweetwater|precinct-committeewoman-3-6|rep|candidate|SHIRLEY ANN CUKALE|Sweetwater|COUNTY
wy-2026-primary,wy|sweetwater|wy-2026-primary|county_local_summary,Sweetwater,wy-2026-primary|county|sweetwater|precinct-committeewoman-3-6|rep,REP PRECINCT COMMITTEEWOMAN 03-6,Precinct Committeewoman 3-6,county,,REP,REP,precinct,5947c9082afaa5cf507e0ed33a4d62ad34461f1cfbe9ba9976c69385593a5464,2026-08-21T11:30:57Z,,county_summary_pdf_v1,1.1.1,1,verified,https://www.sweetwatercountywy.gov/departments/county_clerk/elections.php,,,county_complete,candidate,Sweetwater,,,ROSE M. MOSBEY,ROSE M. MOSBEY,,127,,wy|sweetwater|wy-2026-primary|county_local_summary|5947c9082afaa5cf507e0ed33a4d62ad34461f1cfbe9ba9976c69385593a5464|wy-2026-primary|county|sweetwater|precinct-committeewoman-3-6|rep|candidate|ROSE M. MOSBEY|Sweetwater|COUNTY
wy-2026-primary,wy|sweetwater|wy-2026-primary|county_local_summary,Sweetwater,wy-2026-primary|county|sweetwater|precinct-committeewoman-3-6|rep,REP PRECINCT COMMITTEEWOMAN 03-6,Precinct Committeewoman 3-6,county,,REP,REP,precinct,5947c9082afaa5cf507e0ed33a4d62ad34461f1cfbe9ba9976c69385593a5464,2026-08-21T11:30:57Z,,county_summary_pdf_v1,1.1.1,1,verified,https://www.sweetwatercountywy.gov/departments/county_clerk/elections.php,,,county_complete,write_in_aggregate,Sweetwater,,,,,,4,,wy|sweetwater|wy-2026-primary|county_local_summary|5947c9082afaa5cf507e0ed33a4d62ad34461f1cfbe9ba9976c69385593a5464|wy-2026-primary|county|sweetwater|precinct-committeewoman-3-6|rep|write_in_aggregate|write_in_aggregate|Sweetwater|COUNTY
wy-2026-primary,wy|sweetwater|wy-2026-primary|county_local_summary,Sweetwater,wy-2026-primary|county|sweetwater|precinct-committeewoman-3-6|rep,REP PRECINCT COMMITTEEWOMAN 03-6,Precinct Committeewoman 3-6,county,,REP,REP,precinct,5947c9082afaa5cf507e0ed33a4d62ad34461f1cfbe9ba9976c69385593a5464,2026-08-21T11:30:57Z,,county_summary_pdf_v1,1.1.1,1,verified,https://www.sweetwatercountywy.gov/departments/county_clerk/elections.php,,,county_complete,overvote,Sweetwater,,,,,,0,,wy|sweetwater|wy-2026-primary|county_local_summary|5947c9082afaa5cf507e0ed33a4d62ad34461f1cfbe9ba9976c69385593a5464|wy-2026-primary|county|sweetwater|precinct-committeewoman-3-6|rep|overvote|overvote|Sweetwater|COUNTY
wy-2026-primary,wy|sweetwater|wy-2026-primary|county_local_summary,Sweetwater,wy-2026-primary|county|sweetwater|precinct-committeewoman-3-6|rep,REP PRECINCT COMMITTEEWOMAN 03-6,Precinct Committeewoman 3-6,county,,REP,REP,precinct,5947c9082afaa5cf507e0ed33a4d62ad34461f1cfbe9ba9976c69385593a5464,2026-08-21T11:30:57Z,,county_summary_pdf_v1,1.1.1,1,verified,https://www.sweetwatercountywy.gov/departments/county_clerk/elections.php,,,county_complete,undervote,Sweetwater,,,,,,24,,wy|sweetwater|wy-2026-primary|county_local_summary|5947c9082afaa5cf507e0ed33a4d62ad34461f1cfbe9ba9976c69385593a5464|wy-2026-primary|county|sweetwater|precinct-committeewoman-3-6|rep|undervote|undervote|Sweetwater|COUNTY
wy-2026-primary,wy|sweetwater|wy-2026-primary|county_local_summary,Sweetwater,wy-2026-primary|county|sweetwater|precinct-committeewoman-3-7|rep,REP PRECINCT COMMITTEEWOMAN 03-7,Precinct Committeewoman 3-7,county,,REP,REP,precinct,5947c9082afaa5cf507e0ed33a4d62ad34461f1cfbe9ba9976c69385593a5464,2026-08-21T11:30:57Z,,county_summary_pdf_v1,1.1.1,1,verified,https://www.sweetwatercountywy.gov/departments/county_clerk/elections.php,,,county_complete,candidate,Sweetwater,,,ELIZABETH BINGHAM,ELIZABETH BINGHAM,,332,,wy|sweetwater|wy-2026-primary|county_local_summary|5947c9082afaa5cf507e0ed33a4d62ad34461f1cfbe9ba9976c69385593a5464|wy-2026-primary|county|sweetwater|precinct-committeewoman-3-7|rep|candidate|ELIZABETH BINGHAM|Sweetwater|COUNTY
wy-2026-primary,wy|sweetwater|wy-2026-primary|county_local_summary,Sweetwater,wy-2026-primary|county|sweetwater|precinct-committeewoman-3-7|rep,REP PRECINCT COMMITTEEWOMAN 03-7,Precinct Committeewoman 3-7,county,,REP,REP,precinct,5947c9082afaa5cf507e0ed33a4d62ad34461f1cfbe9ba9976c69385593a5464,2026-08-21T11:30:57Z,,county_summary_pdf_v1,1.1.1,1,verified,https://www.sweetwatercountywy.gov/departments/county_clerk/elections.php,,,county_complete,candidate,Sweetwater,,,ANNIE WEDGWOOD,ANNIE WEDGWOOD,,272,,wy|sweetwater|wy-2026-primary|county_local_summary|5947c9082afaa5cf507e0ed33a4d62ad34461f1cfbe9ba9976c69385593a5464|wy-2026-primary|county|sweetwater|precinct-committeewoman-3-7|rep|candidate|ANNIE WEDGWOOD|Sweetwater|COUNTY
wy-2026-primary,wy|sweetwater|wy-2026-primary|county_local_summary,Sweetwater,wy-2026-primary|county|sweetwater|precinct-committeewoman-3-7|rep,REP PRECINCT COMMITTEEWOMAN 03-7,Precinct Committeewoman 3-7,county,,REP,REP,precinct,5947c9082afaa5cf507e0ed33a4d62ad34461f1cfbe9ba9976c69385593a5464,2026-08-21T11:30:57Z,,county_summary_pdf_v1,1.1.1,1,verified,https://www.sweetwatercountywy.gov/departments/county_clerk/elections.php,,,county_complete,write_in_aggregate,Sweetwater,,,,,,2,,wy|sweetwater|wy-2026-primary|county_local_summary|5947c9082afaa5cf507e0ed33a4d62ad34461f1cfbe9ba9976c69385593a5464|wy-2026-primary|county|sweetwater|precinct-committeewoman-3-7|rep|write_in_aggregate|write_in_aggregate|Sweetwater|COUNTY
wy-2026-primary,wy|sweetwater|wy-2026-primary|county_local_summary,Sweetwater,wy-2026-primary|county|sweetwater|precinct-committeewoman-3-7|rep,REP PRECINCT COMMITTEEWOMAN 03-7,Precinct Committeewoman 3-7,county,,REP,REP,precinct,5947c9082afaa5cf507e0ed33a4d62ad34461f1cfbe9ba9976c69385593a5464,2026-08-21T11:30:57Z,,county_summary_pdf_v1,1.1.1,1,verified,https://www.sweetwatercountywy.gov/departments/county_clerk/elections.php,,,county_complete,overvote,Sweetwater,,,,,,0,,wy|sweetwater|wy-2026-primary|county_local_summary|5947c9082afaa5cf507e0ed33a4d62ad34461f1cfbe9ba9976c69385593a5464|wy-2026-primary|county|sweetwater|precinct-committeewoman-3-7|rep|overvote|overvote|Sweetwater|COUNTY
wy-2026-primary,wy|sweetwater|wy-2026-primary|county_local_summary,Sweetwater,wy-2026-primary|county|sweetwater|precinct-committeewoman-3-7|rep,REP PRECINCT COMMITTEEWOMAN 03-7,Precinct Committeewoman 3-7,county,,REP,REP,precinct,5947c9082afaa5cf507e0ed33a4d62ad34461f1cfbe9ba9976c69385593a5464,2026-08-21T11:30:57Z,,county_summary_pdf_v1,1.1.1,1,verified,https://www.sweetwatercountywy.gov/departments/county_clerk/elections.php,,,county_complete,undervote,Sweetwater,,,,,,867,,wy|sweetwater|wy-2026-primary|county_local_summary|5947c9082afaa5cf507e0ed33a4d62ad34461f1cfbe9ba9976c69385593a5464|wy-2026-primary|county|sweetwater|precinct-committeewoman-3-7|rep|undervote|undervote|Sweetwater|COUNTY
wy-2026-primary,wy|sweetwater|wy-2026-primary|county_local_summary,Sweetwater,wy-2026-primary|county|sweetwater|precinct-committeewoman-4-1|rep,REP PRECINCT COMMITTEEWOMAN 04-1,Precinct Committeewoman 4-1,county,,REP,REP,precinct,5947c9082afaa5cf507e0ed33a4d62ad34461f1cfbe9ba9976c69385593a5464,2026-08-21T11:30:57Z,,county_summary_pdf_v1,1.1.1,1,verified,https://www.sweetwatercountywy.gov/departments/county_clerk/elections.php,,,county_complete,candidate,Sweetwater,,,BONNIE SMITH CANNON,BONNIE SMITH CANNON,,45,,wy|sweetwater|wy-2026-primary|county_local_summary|5947c9082afaa5cf507e0ed33a4d62ad34461f1cfbe9ba9976c69385593a5464|wy-2026-primary|county|sweetwater|precinct-committeewoman-4-1|rep|candidate|BONNIE SMITH CANNON|Sweetwater|COUNTY
wy-2026-primary,wy|sweetwater|wy-2026-primary|county_local_summary,Sweetwater,wy-2026-primary|county|sweetwater|precinct-committeewoman-4-1|rep,REP PRECINCT COMMITTEEWOMAN 04-1,Precinct Committeewoman 4-1,county,,REP,REP,precinct,5947c9082afaa5cf507e0ed33a4d62ad34461f1cfbe9ba9976c69385593a5464,2026-08-21T11:30:57Z,,county_summary_pdf_v1,1.1.1,1,verified,https://www.sweetwatercountywy.gov/departments/county_clerk/elections.php,,,county_complete,candidate,Sweetwater,,,TAMERA KENDRICK,TAMERA KENDRICK,,59,,wy|sweetwater|wy-2026-primary|county_local_summary|5947c9082afaa5cf507e0ed33a4d62ad34461f1cfbe9ba9976c69385593a5464|wy-2026-primary|county|sweetwater|precinct-committeewoman-4-1|rep|candidate|TAMERA KENDRICK|Sweetwater|COUNTY
wy-2026-primary,wy|sweetwater|wy-2026-primary|county_local_summary,Sweetwater,wy-2026-primary|county|sweetwater|precinct-committeewoman-4-1|rep,REP PRECINCT COMMITTEEWOMAN 04-1,Precinct Committeewoman 4-1,county,,REP,REP,precinct,5947c9082afaa5cf507e0ed33a4d62ad34461f1cfbe9ba9976c69385593a5464,2026-08-21T11:30:57Z,,county_summary_pdf_v1,1.1.1,1,verified,https://www.sweetwatercountywy.gov/departments/county_clerk/elections.php,,,county_complete,write_in_aggregate,Sweetwater,,,,,,3,,wy|sweetwater|wy-2026-primary|county_local_summary|5947c9082afaa5cf507e0ed33a4d62ad34461f1cfbe9ba9976c69385593a5464|wy-2026-primary|county|sweetwater|precinct-committeewoman-4-1|rep|write_in_aggregate|write_in_aggregate|Sweetwater|COUNTY
wy-2026-primary,wy|sweetwater|wy-2026-primary|county_local_summary,Sweetwater,wy-2026-primary|county|sweetwater|precinct-committeewoman-4-1|rep,REP PRECINCT COMMITTEEWOMAN 04-1,Precinct Committeewoman 4-1,county,,REP,REP,precinct,5947c9082afaa5cf507e0ed33a4d62ad34461f1cfbe9ba9976c69385593a5464,2026-08-21T11:30:57Z,,county_summary_pdf_v1,1.1.1,1,verified,https://www.sweetwatercountywy.gov/departments/county_clerk/elections.php,,,county_complete,overvote,Sweetwater,,,,,,1,,wy|sweetwater|wy-2026-primary|county_local_summary|5947c9082afaa5cf507e0ed33a4d62ad34461f1cfbe9ba9976c69385593a5464|wy-2026-primary|county|sweetwater|precinct-committeewoman-4-1|rep|overvote|overvote|Sweetwater|COUNTY
wy-2026-primary,wy|sweetwater|wy-2026-primary|county_local_summary,Sweetwater,wy-2026-primary|county|sweetwater|precinct-committeewoman-4-1|rep,REP PRECINCT COMMITTEEWOMAN 04-1,Precinct Committeewoman 4-1,county,,REP,REP,precinct,5947c9082afaa5cf507e0ed33a4d62ad34461f1cfbe9ba9976c69385593a5464,2026-08-21T11:30:57Z,,county_summary_pdf_v1,1.1.1,1,verified,https://www.sweetwatercountywy.gov/departments/county_clerk/elections.php,,,county_complete,undervote,Sweetwater,,,,,,44,,wy|sweetwater|wy-2026-primary|county_local_summary|5947c9082afaa5cf507e0ed33a4d62ad34461f1cfbe9ba9976c69385593a5464|wy-2026-primary|county|sweetwater|precinct-committeewoman-4-1|rep|undervote|undervote|Sweetwater|COUNTY
wy-2026-primary,wy|sweetwater|wy-2026-primary|county_local_summary,Sweetwater,wy-2026-primary|county|sweetwater|precinct-committeewoman-4-4|rep,REP PRECINCT COMMITTEEWOMAN 04-4,Precinct Committeewoman 4-4,county,,REP,REP,precinct,5947c9082afaa5cf507e0ed33a4d62ad34461f1cfbe9ba9976c69385593a5464,2026-08-21T11:30:57Z,,county_summary_pdf_v1,1.1.1,1,verified,https://www.sweetwatercountywy.gov/departments/county_clerk/elections.php,,,county_complete,candidate,Sweetwater,,,WENDY KAUMO,WENDY KAUMO,,247,,wy|sweetwater|wy-2026-primary|county_local_summary|5947c9082afaa5cf507e0ed33a4d62ad34461f1cfbe9ba9976c69385593a5464|wy-2026-primary|county|sweetwater|precinct-committeewoman-4-4|rep|candidate|WENDY KAUMO|Sweetwater|COUNTY
wy-2026-primary,wy|sweetwater|wy-2026-primary|county_local_summary,Sweetwater,wy-2026-primary|county|sweetwater|precinct-committeewoman-4-4|rep,REP PRECINCT COMMITTEEWOMAN 04-4,Precinct Committeewoman 4-4,county,,REP,REP,precinct,5947c9082afaa5cf507e0ed33a4d62ad34461f1cfbe9ba9976c69385593a5464,2026-08-21T11:30:57Z,,county_summary_pdf_v1,1.1.1,1,verified,https://www.sweetwatercountywy.gov/departments/county_clerk/elections.php,,,county_complete,write_in_aggregate,Sweetwater,,,,,,4,,wy|sweetwater|wy-2026-primary|county_local_summary|5947c9082afaa5cf507e0ed33a4d62ad34461f1cfbe9ba9976c69385593a5464|wy-2026-primary|county|sweetwater|precinct-committeewoman-4-4|rep|write_in_aggregate|write_in_aggregate|Sweetwater|COUNTY
wy-2026-primary,wy|sweetwater|wy-2026-primary|county_local_summary,Sweetwater,wy-2026-primary|county|sweetwater|precinct-committeewoman-4-4|rep,REP PRECINCT COMMITTEEWOMAN 04-4,Precinct Committeewoman 4-4,county,,REP,REP,precinct,5947c9082afaa5cf507e0ed33a4d62ad34461f1cfbe9ba9976c69385593a5464,2026-08-21T11:30:57Z,,county_summary_pdf_v1,1.1.1,1,verified,https://www.sweetwatercountywy.gov/departments/county_clerk/elections.php,,,county_complete,overvote,Sweetwater,,,,,,0,,wy|sweetwater|wy-2026-primary|county_local_summary|5947c9082afaa5cf507e0ed33a4d62ad34461f1cfbe9ba9976c69385593a5464|wy-2026-primary|county|sweetwater|precinct-committeewoman-4-4|rep|overvote|overvote|Sweetwater|COUNTY
wy-2026-primary,wy|sweetwater|wy-2026-primary|county_local_summary,Sweetwater,wy-2026-primary|county|sweetwater|precinct-committeewoman-4-4|rep,REP PRECINCT COMMITTEEWOMAN 04-4,Precinct Committeewoman 4-4,county,,REP,REP,precinct,5947c9082afaa5cf507e0ed33a4d62ad34461f1cfbe9ba9976c69385593a5464,2026-08-21T11:30:57Z,,county_summary_pdf_v1,1.1.1,1,verified,https://www.sweetwatercountywy.gov/departments/county_clerk/elections.php,,,county_complete,undervote,Sweetwater,,,,,,399,,wy|sweetwater|wy-2026-primary|county_local_summary|5947c9082afaa5cf507e0ed33a4d62ad34461f1cfbe9ba9976c69385593a5464|wy-2026-primary|county|sweetwater|precinct-committeewoman-4-4|rep|undervote|undervote|Sweetwater|COUNTY
wy-2026-primary,wy|sweetwater|wy-2026-primary|county_local_summary,Sweetwater,wy-2026-primary|county|sweetwater|precinct-committeewoman-4-5|rep,REP PRECINCT COMMITTEEWOMAN 04-5,Precinct Committeewoman 4-5,county,,REP,REP,precinct,5947c9082afaa5cf507e0ed33a4d62ad34461f1cfbe9ba9976c69385593a5464,2026-08-21T11:30:57Z,,county_summary_pdf_v1,1.1.1,1,verified,https://www.sweetwatercountywy.gov/departments/county_clerk/elections.php,,,county_complete,write_in_aggregate,Sweetwater,,,,,,5,,wy|sweetwater|wy-2026-primary|county_local_summary|5947c9082afaa5cf507e0ed33a4d62ad34461f1cfbe9ba9976c69385593a5464|wy-2026-primary|county|sweetwater|precinct-committeewoman-4-5|rep|write_in_aggregate|write_in_aggregate|Sweetwater|COUNTY
wy-2026-primary,wy|sweetwater|wy-2026-primary|county_local_summary,Sweetwater,wy-2026-primary|county|sweetwater|precinct-committeewoman-4-5|rep,REP PRECINCT COMMITTEEWOMAN 04-5,Precinct Committeewoman 4-5,county,,REP,REP,precinct,5947c9082afaa5cf507e0ed33a4d62ad34461f1cfbe9ba9976c69385593a5464,2026-08-21T11:30:57Z,,county_summary_pdf_v1,1.1.1,1,verified,https://www.sweetwatercountywy.gov/departments/county_clerk/elections.php,,,county_complete,overvote,Sweetwater,,,,,,0,,wy|sweetwater|wy-2026-primary|county_local_summary|5947c9082afaa5cf507e0ed33a4d62ad34461f1cfbe9ba9976c69385593a5464|wy-2026-primary|county|sweetwater|precinct-committeewoman-4-5|rep|overvote|overvote|Sweetwater|COUNTY
wy-2026-primary,wy|sweetwater|wy-2026-primary|county_local_summary,Sweetwater,wy-2026-primary|county|sweetwater|precinct-committeewoman-4-5|rep,REP PRECINCT COMMITTEEWOMAN 04-5,Precinct Committeewoman 4-5,county,,REP,REP,precinct,5947c9082afaa5cf507e0ed33a4d62ad34461f1cfbe9ba9976c69385593a5464,2026-08-21T11:30:57Z,,county_summary_pdf_v1,1.1.1,1,verified,https://www.sweetwatercountywy.gov/departments/county_clerk/elections.php,,,county_complete,undervote,Sweetwater,,,,,,115,,wy|sweetwater|wy-2026-primary|county_local_summary|5947c9082afaa5cf507e0ed33a4d62ad34461f1cfbe9ba9976c69385593a5464|wy-2026-primary|county|sweetwater|precinct-committeewoman-4-5|rep|undervote|undervote|Sweetwater|COUNTY
wy-2026-primary,wy|sweetwater|wy-2026-primary|county_local_summary,Sweetwater,wy-2026-primary|county|sweetwater|precinct-committeewoman-4-6|rep,REP PRECINCT COMMITTEEWOMAN 04-6,Precinct Committeewoman 4-6,county,,REP,REP,precinct,5947c9082afaa5cf507e0ed33a4d62ad34461f1cfbe9ba9976c69385593a5464,2026-08-21T11:30:57Z,,county_summary_pdf_v1,1.1.1,1,verified,https://www.sweetwatercountywy.gov/departments/county_clerk/elections.php,,,county_complete,write_in_aggregate,Sweetwater,,,,,,2,,wy|sweetwater|wy-2026-primary|county_local_summary|5947c9082afaa5cf507e0ed33a4d62ad34461f1cfbe9ba9976c69385593a5464|wy-2026-primary|county|sweetwater|precinct-committeewoman-4-6|rep|write_in_aggregate|write_in_aggregate|Sweetwater|COUNTY
wy-2026-primary,wy|sweetwater|wy-2026-primary|county_local_summary,Sweetwater,wy-2026-primary|county|sweetwater|precinct-committeewoman-4-6|rep,REP PRECINCT COMMITTEEWOMAN 04-6,Precinct Committeewoman 4-6,county,,REP,REP,precinct,5947c9082afaa5cf507e0ed33a4d62ad34461f1cfbe9ba9976c69385593a5464,2026-08-21T11:30:57Z,,county_summary_pdf_v1,1.1.1,1,verified,https://www.sweetwatercountywy.gov/departments/county_clerk/elections.php,,,county_complete,overvote,Sweetwater,,,,,,0,,wy|sweetwater|wy-2026-primary|county_local_summary|5947c9082afaa5cf507e0ed33a4d62ad34461f1cfbe9ba9976c69385593a5464|wy-2026-primary|county|sweetwater|precinct-committeewoman-4-6|rep|overvote|overvote|Sweetwater|COUNTY
wy-2026-primary,wy|sweetwater|wy-2026-primary|county_local_summary,Sweetwater,wy-2026-primary|county|sweetwater|precinct-committeewoman-4-6|rep,REP PRECINCT COMMITTEEWOMAN 04-6,Precinct Committeewoman 4-6,county,,REP,REP,precinct,5947c9082afaa5cf507e0ed33a4d62ad34461f1cfbe9ba9976c69385593a5464,2026-08-21T11:30:57Z,,county_summary_pdf_v1,1.1.1,1,verified,https://www.sweetwatercountywy.gov/departments/county_clerk/elections.php,,,county_complete,undervote,Sweetwater,,,,,,55,,wy|sweetwater|wy-2026-primary|county_local_summary|5947c9082afaa5cf507e0ed33a4d62ad34461f1cfbe9ba9976c69385593a5464|wy-2026-primary|county|sweetwater|precinct-committeewoman-4-6|rep|undervote|undervote|Sweetwater|COUNTY
wy-2026-primary,wy|sweetwater|wy-2026-primary|county_local_summary,Sweetwater,wy-2026-primary|county|sweetwater|precinct-committeewoman-4-7|rep,REP PRECINCT COMMITTEEWOMAN 04-7,Precinct Committeewoman 4-7,county,,REP,REP,precinct,5947c9082afaa5cf507e0ed33a4d62ad34461f1cfbe9ba9976c69385593a5464,2026-08-21T11:30:57Z,,county_summary_pdf_v1,1.1.1,1,verified,https://www.sweetwatercountywy.gov/departments/county_clerk/elections.php,,,county_complete,write_in_aggregate,Sweetwater,,,,,,1,,wy|sweetwater|wy-2026-primary|county_local_summary|5947c9082afaa5cf507e0ed33a4d62ad34461f1cfbe9ba9976c69385593a5464|wy-2026-primary|county|sweetwater|precinct-committeewoman-4-7|rep|write_in_aggregate|write_in_aggregate|Sweetwater|COUNTY
wy-2026-primary,wy|sweetwater|wy-2026-primary|county_local_summary,Sweetwater,wy-2026-primary|county|sweetwater|precinct-committeewoman-4-7|rep,REP PRECINCT COMMITTEEWOMAN 04-7,Precinct Committeewoman 4-7,county,,REP,REP,precinct,5947c9082afaa5cf507e0ed33a4d62ad34461f1cfbe9ba9976c69385593a5464,2026-08-21T11:30:57Z,,county_summary_pdf_v1,1.1.1,1,verified,https://www.sweetwatercountywy.gov/departments/county_clerk/elections.php,,,county_complete,overvote,Sweetwater,,,,,,0,,wy|sweetwater|wy-2026-primary|county_local_summary|5947c9082afaa5cf507e0ed33a4d62ad34461f1cfbe9ba9976c69385593a5464|wy-2026-primary|county|sweetwater|precinct-committeewoman-4-7|rep|overvote|overvote|Sweetwater|COUNTY
wy-2026-primary,wy|sweetwater|wy-2026-primary|county_local_summary,Sweetwater,wy-2026-primary|county|sweetwater|precinct-committeewoman-4-7|rep,REP PRECINCT COMMITTEEWOMAN 04-7,Precinct Committeewoman 4-7,county,,REP,REP,precinct,5947c9082afaa5cf507e0ed33a4d62ad34461f1cfbe9ba9976c69385593a5464,2026-08-21T11:30:57Z,,county_summary_pdf_v1,1.1.1,1,verified,https://www.sweetwatercountywy.gov/departments/county_clerk/elections.php,,,county_complete,undervote,Sweetwater,,,,,,52,,wy|sweetwater|wy-2026-primary|county_local_summary|5947c9082afaa5cf507e0ed33a4d62ad34461f1cfbe9ba9976c69385593a5464|wy-2026-primary|county|sweetwater|precinct-committeewoman-4-7|rep|undervote|undervote|Sweetwater|COUNTY
wy-2026-primary,wy|sweetwater|wy-2026-primary|county_local_summary,Sweetwater,wy-2026-primary|county|sweetwater|precinct-committeewoman-5-6|rep,REP PRECINCT COMMITTEEWOMAN 05-6,Precinct Committeewoman 5-6,county,,REP,REP,precinct,5947c9082afaa5cf507e0ed33a4d62ad34461f1cfbe9ba9976c69385593a5464,2026-08-21T11:30:57Z,,county_summary_pdf_v1,1.1.1,1,verified,https://www.sweetwatercountywy.gov/departments/county_clerk/elections.php,,,county_complete,candidate,Sweetwater,,,CHERI MACY,CHERI MACY,,175,,wy|sweetwater|wy-2026-primary|county_local_summary|5947c9082afaa5cf507e0ed33a4d62ad34461f1cfbe9ba9976c69385593a5464|wy-2026-primary|county|sweetwater|precinct-committeewoman-5-6|rep|candidate|CHERI MACY|Sweetwater|COUNTY
wy-2026-primary,wy|sweetwater|wy-2026-primary|county_local_summary,Sweetwater,wy-2026-primary|county|sweetwater|precinct-committeewoman-5-6|rep,REP PRECINCT COMMITTEEWOMAN 05-6,Precinct Committeewoman 5-6,county,,REP,REP,precinct,5947c9082afaa5cf507e0ed33a4d62ad34461f1cfbe9ba9976c69385593a5464,2026-08-21T11:30:57Z,,county_summary_pdf_v1,1.1.1,1,verified,https://www.sweetwatercountywy.gov/departments/county_clerk/elections.php,,,county_complete,candidate,Sweetwater,,,RITA OSBORNE,RITA OSBORNE,,139,,wy|sweetwater|wy-2026-primary|county_local_summary|5947c9082afaa5cf507e0ed33a4d62ad34461f1cfbe9ba9976c69385593a5464|wy-2026-primary|county|sweetwater|precinct-committeewoman-5-6|rep|candidate|RITA OSBORNE|Sweetwater|COUNTY
wy-2026-primary,wy|sweetwater|wy-2026-primary|county_local_summary,Sweetwater,wy-2026-primary|county|sweetwater|precinct-committeewoman-5-6|rep,REP PRECINCT COMMITTEEWOMAN 05-6,Precinct Committeewoman 5-6,county,,REP,REP,precinct,5947c9082afaa5cf507e0ed33a4d62ad34461f1cfbe9ba9976c69385593a5464,2026-08-21T11:30:57Z,,county_summary_pdf_v1,1.1.1,1,verified,https://www.sweetwatercountywy.gov/departments/county_clerk/elections.php,,,county_complete,write_in_aggregate,Sweetwater,,,,,,9,,wy|sweetwater|wy-2026-primary|county_local_summary|5947c9082afaa5cf507e0ed33a4d62ad34461f1cfbe9ba9976c69385593a5464|wy-2026-primary|county|sweetwater|precinct-committeewoman-5-6|rep|write_in_aggregate|write_in_aggregate|Sweetwater|COUNTY
wy-2026-primary,wy|sweetwater|wy-2026-primary|county_local_summary,Sweetwater,wy-2026-primary|county|sweetwater|precinct-committeewoman-5-6|rep,REP PRECINCT COMMITTEEWOMAN 05-6,Precinct Committeewoman 5-6,county,,REP,REP,precinct,5947c9082afaa5cf507e0ed33a4d62ad34461f1cfbe9ba9976c69385593a5464,2026-08-21T11:30:57Z,,county_summary_pdf_v1,1.1.1,1,verified,https://www.sweetwatercountywy.gov/departments/county_clerk/elections.php,,,county_complete,overvote,Sweetwater,,,,,,0,,wy|sweetwater|wy-2026-primary|county_local_summary|5947c9082afaa5cf507e0ed33a4d62ad34461f1cfbe9ba9976c69385593a5464|wy-2026-primary|county|sweetwater|precinct-committeewoman-5-6|rep|overvote|overvote|Sweetwater|COUNTY
wy-2026-primary,wy|sweetwater|wy-2026-primary|county_local_summary,Sweetwater,wy-2026-primary|county|sweetwater|precinct-committeewoman-5-6|rep,REP PRECINCT COMMITTEEWOMAN 05-6,Precinct Committeewoman 5-6,county,,REP,REP,precinct,5947c9082afaa5cf507e0ed33a4d62ad34461f1cfbe9ba9976c69385593a5464,2026-08-21T11:30:57Z,,county_summary_pdf_v1,1.1.1,1,verified,https://www.sweetwatercountywy.gov/departments/county_clerk/elections.php,,,county_complete,undervote,Sweetwater,,,,,,257,,wy|sweetwater|wy-2026-primary|county_local_summary|5947c9082afaa5cf507e0ed33a4d62ad34461f1cfbe9ba9976c69385593a5464|wy-2026-primary|county|sweetwater|precinct-committeewoman-5-6|rep|undervote|undervote|Sweetwater|COUNTY
wy-2026-primary,wy|sweetwater|wy-2026-primary|county_local_summary,Sweetwater,wy-2026-primary|county|sweetwater|precinct-committeewoman-5-7|rep,REP PRECINCT COMMITTEEWOMAN 05-7,Precinct Committeewoman 5-7,county,,REP,REP,precinct,5947c9082afaa5cf507e0ed33a4d62ad34461f1cfbe9ba9976c69385593a5464,2026-08-21T11:30:57Z,,county_summary_pdf_v1,1.1.1,1,verified,https://www.sweetwatercountywy.gov/departments/county_clerk/elections.php,,,county_complete,candidate,Sweetwater,,,PORTIA L. WAHL,PORTIA L. WAHL,,92,,wy|sweetwater|wy-2026-primary|county_local_summary|5947c9082afaa5cf507e0ed33a4d62ad34461f1cfbe9ba9976c69385593a5464|wy-2026-primary|county|sweetwater|precinct-committeewoman-5-7|rep|candidate|PORTIA L. WAHL|Sweetwater|COUNTY
wy-2026-primary,wy|sweetwater|wy-2026-primary|county_local_summary,Sweetwater,wy-2026-primary|county|sweetwater|precinct-committeewoman-5-7|rep,REP PRECINCT COMMITTEEWOMAN 05-7,Precinct Committeewoman 5-7,county,,REP,REP,precinct,5947c9082afaa5cf507e0ed33a4d62ad34461f1cfbe9ba9976c69385593a5464,2026-08-21T11:30:57Z,,county_summary_pdf_v1,1.1.1,1,verified,https://www.sweetwatercountywy.gov/departments/county_clerk/elections.php,,,county_complete,write_in_aggregate,Sweetwater,,,,,,3,,wy|sweetwater|wy-2026-primary|county_local_summary|5947c9082afaa5cf507e0ed33a4d62ad34461f1cfbe9ba9976c69385593a5464|wy-2026-primary|county|sweetwater|precinct-committeewoman-5-7|rep|write_in_aggregate|write_in_aggregate|Sweetwater|COUNTY
wy-2026-primary,wy|sweetwater|wy-2026-primary|county_local_summary,Sweetwater,wy-2026-primary|county|sweetwater|precinct-committeewoman-5-7|rep,REP PRECINCT COMMITTEEWOMAN 05-7,Precinct Committeewoman 5-7,county,,REP,REP,precinct,5947c9082afaa5cf507e0ed33a4d62ad34461f1cfbe9ba9976c69385593a5464,2026-08-21T11:30:57Z,,county_summary_pdf_v1,1.1.1,1,verified,https://www.sweetwatercountywy.gov/departments/county_clerk/elections.php,,,county_complete,overvote,Sweetwater,,,,,,0,,wy|sweetwater|wy-2026-primary|county_local_summary|5947c9082afaa5cf507e0ed33a4d62ad34461f1cfbe9ba9976c69385593a5464|wy-2026-primary|county|sweetwater|precinct-committeewoman-5-7|rep|overvote|overvote|Sweetwater|COUNTY
wy-2026-primary,wy|sweetwater|wy-2026-primary|county_local_summary,Sweetwater,wy-2026-primary|county|sweetwater|precinct-committeewoman-5-7|rep,REP PRECINCT COMMITTEEWOMAN 05-7,Precinct Committeewoman 5-7,county,,REP,REP,precinct,5947c9082afaa5cf507e0ed33a4d62ad34461f1cfbe9ba9976c69385593a5464,2026-08-21T11:30:57Z,,county_summary_pdf_v1,1.1.1,1,verified,https://www.sweetwatercountywy.gov/departments/county_clerk/elections.php,,,county_complete,undervote,Sweetwater,,,,,,26,,wy|sweetwater|wy-2026-primary|county_local_summary|5947c9082afaa5cf507e0ed33a4d62ad34461f1cfbe9ba9976c69385593a5464|wy-2026-primary|county|sweetwater|precinct-committeewoman-5-7|rep|undervote|undervote|Sweetwater|COUNTY
wy-2026-primary,wy|sweetwater|wy-2026-primary|county_local_summary,Sweetwater,wy-2026-primary|county|sweetwater|precinct-committeewoman-5-8|rep,REP PRECINCT COMMITTEEWOMAN 05-8,Precinct Committeewoman 5-8,county,,REP,REP,precinct,5947c9082afaa5cf507e0ed33a4d62ad34461f1cfbe9ba9976c69385593a5464,2026-08-21T11:30:57Z,,county_summary_pdf_v1,1.1.1,1,verified,https://www.sweetwatercountywy.gov/departments/county_clerk/elections.php,,,county_complete,candidate,Sweetwater,,,STACY JONES,STACY JONES,,335,,wy|sweetwater|wy-2026-primary|county_local_summary|5947c9082afaa5cf507e0ed33a4d62ad34461f1cfbe9ba9976c69385593a5464|wy-2026-primary|county|sweetwater|precinct-committeewoman-5-8|rep|candidate|STACY JONES|Sweetwater|COUNTY
wy-2026-primary,wy|sweetwater|wy-2026-primary|county_local_summary,Sweetwater,wy-2026-primary|county|sweetwater|precinct-committeewoman-5-8|rep,REP PRECINCT COMMITTEEWOMAN 05-8,Precinct Committeewoman 5-8,county,,REP,REP,precinct,5947c9082afaa5cf507e0ed33a4d62ad34461f1cfbe9ba9976c69385593a5464,2026-08-21T11:30:57Z,,county_summary_pdf_v1,1.1.1,1,verified,https://www.sweetwatercountywy.gov/departments/county_clerk/elections.php,,,county_complete,candidate,Sweetwater,,,LAURA MCKEE,LAURA MCKEE,,221,,wy|sweetwater|wy-2026-primary|county_local_summary|5947c9082afaa5cf507e0ed33a4d62ad34461f1cfbe9ba9976c69385593a5464|wy-2026-primary|county|sweetwater|precinct-committeewoman-5-8|rep|candidate|LAURA MCKEE|Sweetwater|COUNTY
wy-2026-primary,wy|sweetwater|wy-2026-primary|county_local_summary,Sweetwater,wy-2026-primary|county|sweetwater|precinct-committeewoman-5-8|rep,REP PRECINCT COMMITTEEWOMAN 05-8,Precinct Committeewoman 5-8,county,,REP,REP,precinct,5947c9082afaa5cf507e0ed33a4d62ad34461f1cfbe9ba9976c69385593a5464,2026-08-21T11:30:57Z,,county_summary_pdf_v1,1.1.1,1,verified,https://www.sweetwatercountywy.gov/departments/county_clerk/elections.php,,,county_complete,candidate,Sweetwater,,,CINDY LANE-SWENSON,CINDY LANE-SWENSON,,273,,wy|sweetwater|wy-2026-primary|county_local_summary|5947c9082afaa5cf507e0ed33a4d62ad34461f1cfbe9ba9976c69385593a5464|wy-2026-primary|county|sweetwater|precinct-committeewoman-5-8|rep|candidate|CINDY LANE-SWENSON|Sweetwater|COUNTY
wy-2026-primary,wy|sweetwater|wy-2026-primary|county_local_summary,Sweetwater,wy-2026-primary|county|sweetwater|precinct-committeewoman-5-8|rep,REP PRECINCT COMMITTEEWOMAN 05-8,Precinct Committeewoman 5-8,county,,REP,REP,precinct,5947c9082afaa5cf507e0ed33a4d62ad34461f1cfbe9ba9976c69385593a5464,2026-08-21T11:30:57Z,,county_summary_pdf_v1,1.1.1,1,verified,https://www.sweetwatercountywy.gov/departments/county_clerk/elections.php,,,county_complete,write_in_aggregate,Sweetwater,,,,,,4,,wy|sweetwater|wy-2026-primary|county_local_summary|5947c9082afaa5cf507e0ed33a4d62ad34461f1cfbe9ba9976c69385593a5464|wy-2026-primary|county|sweetwater|precinct-committeewoman-5-8|rep|write_in_aggregate|write_in_aggregate|Sweetwater|COUNTY
wy-2026-primary,wy|sweetwater|wy-2026-primary|county_local_summary,Sweetwater,wy-2026-primary|county|sweetwater|precinct-committeewoman-5-8|rep,REP PRECINCT COMMITTEEWOMAN 05-8,Precinct Committeewoman 5-8,county,,REP,REP,precinct,5947c9082afaa5cf507e0ed33a4d62ad34461f1cfbe9ba9976c69385593a5464,2026-08-21T11:30:57Z,,county_summary_pdf_v1,1.1.1,1,verified,https://www.sweetwatercountywy.gov/departments/county_clerk/elections.php,,,county_complete,overvote,Sweetwater,,,,,,0,,wy|sweetwater|wy-2026-primary|county_local_summary|5947c9082afaa5cf507e0ed33a4d62ad34461f1cfbe9ba9976c69385593a5464|wy-2026-primary|county|sweetwater|precinct-committeewoman-5-8|rep|overvote|overvote|Sweetwater|COUNTY
wy-2026-primary,wy|sweetwater|wy-2026-primary|county_local_summary,Sweetwater,wy-2026-primary|county|sweetwater|precinct-committeewoman-5-8|rep,REP PRECINCT COMMITTEEWOMAN 05-8,Precinct Committeewoman 5-8,county,,REP,REP,precinct,5947c9082afaa5cf507e0ed33a4d62ad34461f1cfbe9ba9976c69385593a5464,2026-08-21T11:30:57Z,,county_summary_pdf_v1,1.1.1,1,verified,https://www.sweetwatercountywy.gov/departments/county_clerk/elections.php,,,county_complete,undervote,Sweetwater,,,,,,691,,wy|sweetwater|wy-2026-primary|county_local_summary|5947c9082afaa5cf507e0ed33a4d62ad34461f1cfbe9ba9976c69385593a5464|wy-2026-primary|county|sweetwater|precinct-committeewoman-5-8|rep|undervote|undervote|Sweetwater|COUNTY
wy-2026-primary,wy|sweetwater|wy-2026-primary|county_local_summary,Sweetwater,wy-2026-primary|county|sweetwater|precinct-committeewoman-5-9|rep,REP PRECINCT COMMITTEEWOMAN 05-9,Precinct Committeewoman 5-9,county,,REP,REP,precinct,5947c9082afaa5cf507e0ed33a4d62ad34461f1cfbe9ba9976c69385593a5464,2026-08-21T11:30:57Z,,county_summary_pdf_v1,1.1.1,1,verified,https://www.sweetwatercountywy.gov/departments/county_clerk/elections.php,,,county_complete,write_in_aggregate,Sweetwater,,,,,,5,,wy|sweetwater|wy-2026-primary|county_local_summary|5947c9082afaa5cf507e0ed33a4d62ad34461f1cfbe9ba9976c69385593a5464|wy-2026-primary|county|sweetwater|precinct-committeewoman-5-9|rep|write_in_aggregate|write_in_aggregate|Sweetwater|COUNTY
wy-2026-primary,wy|sweetwater|wy-2026-primary|county_local_summary,Sweetwater,wy-2026-primary|county|sweetwater|precinct-committeewoman-5-9|rep,REP PRECINCT COMMITTEEWOMAN 05-9,Precinct Committeewoman 5-9,county,,REP,REP,precinct,5947c9082afaa5cf507e0ed33a4d62ad34461f1cfbe9ba9976c69385593a5464,2026-08-21T11:30:57Z,,county_summary_pdf_v1,1.1.1,1,verified,https://www.sweetwatercountywy.gov/departments/county_clerk/elections.php,,,county_complete,overvote,Sweetwater,,,,,,0,,wy|sweetwater|wy-2026-primary|county_local_summary|5947c9082afaa5cf507e0ed33a4d62ad34461f1cfbe9ba9976c69385593a5464|wy-2026-primary|county|sweetwater|precinct-committeewoman-5-9|rep|overvote|overvote|Sweetwater|COUNTY
wy-2026-primary,wy|sweetwater|wy-2026-primary|county_local_summary,Sweetwater,wy-2026-primary|county|sweetwater|precinct-committeewoman-5-9|rep,REP PRECINCT COMMITTEEWOMAN 05-9,Precinct Committeewoman 5-9,county,,REP,REP,precinct,5947c9082afaa5cf507e0ed33a4d62ad34461f1cfbe9ba9976c69385593a5464,2026-08-21T11:30:57Z,,county_summary_pdf_v1,1.1.1,1,verified,https://www.sweetwatercountywy.gov/departments/county_clerk/elections.php,,,county_complete,undervote,Sweetwater,,,,,,71,,wy|sweetwater|wy-2026-primary|county_local_summary|5947c9082afaa5cf507e0ed33a4d62ad34461f1cfbe9ba9976c69385593a5464|wy-2026-primary|county|sweetwater|precinct-committeewoman-5-9|rep|undervote|undervote|Sweetwater|COUNTY
wy-2026-primary,wy|sweetwater|wy-2026-primary|county_local_summary,Sweetwater,wy-2026-primary|county|sweetwater|precinct-committeewoman-5-10|rep,REP PRECINCT COMMITTEEWOMAN 05-10,Precinct Committeewoman 5-10,county,,REP,REP,precinct,5947c9082afaa5cf507e0ed33a4d62ad34461f1cfbe9ba9976c69385593a5464,2026-08-21T11:30:57Z,,county_summary_pdf_v1,1.1.1,1,verified,https://www.sweetwatercountywy.gov/departments/county_clerk/elections.php,,,county_complete,candidate,Sweetwater,,,DANELLA (PRUNE) DEVRIES,DANELLA (PRUNE) DEVRIES,,227,,wy|sweetwater|wy-2026-primary|county_local_summary|5947c9082afaa5cf507e0ed33a4d62ad34461f1cfbe9ba9976c69385593a5464|wy-2026-primary|county|sweetwater|precinct-committeewoman-5-10|rep|candidate|DANELLA (PRUNE) DEVRIES|Sweetwater|COUNTY
wy-2026-primary,wy|sweetwater|wy-2026-primary|county_local_summary,Sweetwater,wy-2026-primary|county|sweetwater|precinct-committeewoman-5-10|rep,REP PRECINCT COMMITTEEWOMAN 05-10,Precinct Committeewoman 5-10,county,,REP,REP,precinct,5947c9082afaa5cf507e0ed33a4d62ad34461f1cfbe9ba9976c69385593a5464,2026-08-21T11:30:57Z,,county_summary_pdf_v1,1.1.1,1,verified,https://www.sweetwatercountywy.gov/departments/county_clerk/elections.php,,,county_complete,candidate,Sweetwater,,,CARMA LEE,CARMA LEE,,267,,wy|sweetwater|wy-2026-primary|county_local_summary|5947c9082afaa5cf507e0ed33a4d62ad34461f1cfbe9ba9976c69385593a5464|wy-2026-primary|county|sweetwater|precinct-committeewoman-5-10|rep|candidate|CARMA LEE|Sweetwater|COUNTY
wy-2026-primary,wy|sweetwater|wy-2026-primary|county_local_summary,Sweetwater,wy-2026-primary|county|sweetwater|precinct-committeewoman-5-10|rep,REP PRECINCT COMMITTEEWOMAN 05-10,Precinct Committeewoman 5-10,county,,REP,REP,precinct,5947c9082afaa5cf507e0ed33a4d62ad34461f1cfbe9ba9976c69385593a5464,2026-08-21T11:30:57Z,,county_summary_pdf_v1,1.1.1,1,verified,https://www.sweetwatercountywy.gov/departments/county_clerk/elections.php,,,county_complete,candidate,Sweetwater,,,KANDI PENDLETON,KANDI PENDLETON,,312,,wy|sweetwater|wy-2026-primary|county_local_summary|5947c9082afaa5cf507e0ed33a4d62ad34461f1cfbe9ba9976c69385593a5464|wy-2026-primary|county|sweetwater|precinct-committeewoman-5-10|rep|candidate|KANDI PENDLETON|Sweetwater|COUNTY
wy-2026-primary,wy|sweetwater|wy-2026-primary|county_local_summary,Sweetwater,wy-2026-primary|county|sweetwater|precinct-committeewoman-5-10|rep,REP PRECINCT COMMITTEEWOMAN 05-10,Precinct Committeewoman 5-10,county,,REP,REP,precinct,5947c9082afaa5cf507e0ed33a4d62ad34461f1cfbe9ba9976c69385593a5464,2026-08-21T11:30:57Z,,county_summary_pdf_v1,1.1.1,1,verified,https://www.sweetwatercountywy.gov/departments/county_clerk/elections.php,,,county_complete,write_in_aggregate,Sweetwater,,,,,,7,,wy|sweetwater|wy-2026-primary|county_local_summary|5947c9082afaa5cf507e0ed33a4d62ad34461f1cfbe9ba9976c69385593a5464|wy-2026-primary|county|sweetwater|precinct-committeewoman-5-10|rep|write_in_aggregate|write_in_aggregate|Sweetwater|COUNTY
wy-2026-primary,wy|sweetwater|wy-2026-primary|county_local_summary,Sweetwater,wy-2026-primary|county|sweetwater|precinct-committeewoman-5-10|rep,REP PRECINCT COMMITTEEWOMAN 05-10,Precinct Committeewoman 5-10,county,,REP,REP,precinct,5947c9082afaa5cf507e0ed33a4d62ad34461f1cfbe9ba9976c69385593a5464,2026-08-21T11:30:57Z,,county_summary_pdf_v1,1.1.1,1,verified,https://www.sweetwatercountywy.gov/departments/county_clerk/elections.php,,,county_complete,overvote,Sweetwater,,,,,,0,,wy|sweetwater|wy-2026-primary|county_local_summary|5947c9082afaa5cf507e0ed33a4d62ad34461f1cfbe9ba9976c69385593a5464|wy-2026-primary|county|sweetwater|precinct-committeewoman-5-10|rep|overvote|overvote|Sweetwater|COUNTY
wy-2026-primary,wy|sweetwater|wy-2026-primary|county_local_summary,Sweetwater,wy-2026-primary|county|sweetwater|precinct-committeewoman-5-10|rep,REP PRECINCT COMMITTEEWOMAN 05-10,Precinct Committeewoman 5-10,county,,REP,REP,precinct,5947c9082afaa5cf507e0ed33a4d62ad34461f1cfbe9ba9976c69385593a5464,2026-08-21T11:30:57Z,,county_summary_pdf_v1,1.1.1,1,verified,https://www.sweetwatercountywy.gov/departments/county_clerk/elections.php,,,county_complete,undervote,Sweetwater,,,,,,1547,,wy|sweetwater|wy-2026-primary|county_local_summary|5947c9082afaa5cf507e0ed33a4d62ad34461f1cfbe9ba9976c69385593a5464|wy-2026-primary|county|sweetwater|precinct-committeewoman-5-10|rep|undervote|undervote|Sweetwater|COUNTY
wy-2026-primary,wy|sweetwater|wy-2026-primary|county_local_summary,Sweetwater,wy-2026-primary|county|sweetwater|precinct-committeewoman-6-1|rep,REP PRECINCT COMMITTEEWOMAN 06-1,Precinct Committeewoman 6-1,county,,REP,REP,precinct,5947c9082afaa5cf507e0ed33a4d62ad34461f1cfbe9ba9976c69385593a5464,2026-08-21T11:30:57Z,,county_summary_pdf_v1,1.1.1,1,verified,https://www.sweetwatercountywy.gov/departments/county_clerk/elections.php,,,county_complete,write_in_aggregate,Sweetwater,,,,,,13,,wy|sweetwater|wy-2026-primary|county_local_summary|5947c9082afaa5cf507e0ed33a4d62ad34461f1cfbe9ba9976c69385593a5464|wy-2026-primary|county|sweetwater|precinct-committeewoman-6-1|rep|write_in_aggregate|write_in_aggregate|Sweetwater|COUNTY
wy-2026-primary,wy|sweetwater|wy-2026-primary|county_local_summary,Sweetwater,wy-2026-primary|county|sweetwater|precinct-committeewoman-6-1|rep,REP PRECINCT COMMITTEEWOMAN 06-1,Precinct Committeewoman 6-1,county,,REP,REP,precinct,5947c9082afaa5cf507e0ed33a4d62ad34461f1cfbe9ba9976c69385593a5464,2026-08-21T11:30:57Z,,county_summary_pdf_v1,1.1.1,1,verified,https://www.sweetwatercountywy.gov/departments/county_clerk/elections.php,,,county_complete,overvote,Sweetwater,,,,,,0,,wy|sweetwater|wy-2026-primary|county_local_summary|5947c9082afaa5cf507e0ed33a4d62ad34461f1cfbe9ba9976c69385593a5464|wy-2026-primary|county|sweetwater|precinct-committeewoman-6-1|rep|overvote|overvote|Sweetwater|COUNTY
wy-2026-primary,wy|sweetwater|wy-2026-primary|county_local_summary,Sweetwater,wy-2026-primary|county|sweetwater|precinct-committeewoman-6-1|rep,REP PRECINCT COMMITTEEWOMAN 06-1,Precinct Committeewoman 6-1,county,,REP,REP,precinct,5947c9082afaa5cf507e0ed33a4d62ad34461f1cfbe9ba9976c69385593a5464,2026-08-21T11:30:57Z,,county_summary_pdf_v1,1.1.1,1,verified,https://www.sweetwatercountywy.gov/departments/county_clerk/elections.php,,,county_complete,undervote,Sweetwater,,,,,,180,,wy|sweetwater|wy-2026-primary|county_local_summary|5947c9082afaa5cf507e0ed33a4d62ad34461f1cfbe9ba9976c69385593a5464|wy-2026-primary|county|sweetwater|precinct-committeewoman-6-1|rep|undervote|undervote|Sweetwater|COUNTY
wy-2026-primary,wy|sweetwater|wy-2026-primary|county_local_summary,Sweetwater,wy-2026-primary|county|sweetwater|precinct-committeewoman-6-3|rep,REP PRECINCT COMMITTEEWOMAN 06-3,Precinct Committeewoman 6-3,county,,REP,REP,precinct,5947c9082afaa5cf507e0ed33a4d62ad34461f1cfbe9ba9976c69385593a5464,2026-08-21T11:30:57Z,,county_summary_pdf_v1,1.1.1,1,verified,https://www.sweetwatercountywy.gov/departments/county_clerk/elections.php,,,county_complete,candidate,Sweetwater,,,ELVIRA KOLB,ELVIRA KOLB,,109,,wy|sweetwater|wy-2026-primary|county_local_summary|5947c9082afaa5cf507e0ed33a4d62ad34461f1cfbe9ba9976c69385593a5464|wy-2026-primary|county|sweetwater|precinct-committeewoman-6-3|rep|candidate|ELVIRA KOLB|Sweetwater|COUNTY
wy-2026-primary,wy|sweetwater|wy-2026-primary|county_local_summary,Sweetwater,wy-2026-primary|county|sweetwater|precinct-committeewoman-6-3|rep,REP PRECINCT COMMITTEEWOMAN 06-3,Precinct Committeewoman 6-3,county,,REP,REP,precinct,5947c9082afaa5cf507e0ed33a4d62ad34461f1cfbe9ba9976c69385593a5464,2026-08-21T11:30:57Z,,county_summary_pdf_v1,1.1.1,1,verified,https://www.sweetwatercountywy.gov/departments/county_clerk/elections.php,,,county_complete,write_in_aggregate,Sweetwater,,,,,,3,,wy|sweetwater|wy-2026-primary|county_local_summary|5947c9082afaa5cf507e0ed33a4d62ad34461f1cfbe9ba9976c69385593a5464|wy-2026-primary|county|sweetwater|precinct-committeewoman-6-3|rep|write_in_aggregate|write_in_aggregate|Sweetwater|COUNTY
wy-2026-primary,wy|sweetwater|wy-2026-primary|county_local_summary,Sweetwater,wy-2026-primary|county|sweetwater|precinct-committeewoman-6-3|rep,REP PRECINCT COMMITTEEWOMAN 06-3,Precinct Committeewoman 6-3,county,,REP,REP,precinct,5947c9082afaa5cf507e0ed33a4d62ad34461f1cfbe9ba9976c69385593a5464,2026-08-21T11:30:57Z,,county_summary_pdf_v1,1.1.1,1,verified,https://www.sweetwatercountywy.gov/departments/county_clerk/elections.php,,,county_complete,overvote,Sweetwater,,,,,,0,,wy|sweetwater|wy-2026-primary|county_local_summary|5947c9082afaa5cf507e0ed33a4d62ad34461f1cfbe9ba9976c69385593a5464|wy-2026-primary|county|sweetwater|precinct-committeewoman-6-3|rep|overvote|overvote|Sweetwater|COUNTY
wy-2026-primary,wy|sweetwater|wy-2026-primary|county_local_summary,Sweetwater,wy-2026-primary|county|sweetwater|precinct-committeewoman-6-3|rep,REP PRECINCT COMMITTEEWOMAN 06-3,Precinct Committeewoman 6-3,county,,REP,REP,precinct,5947c9082afaa5cf507e0ed33a4d62ad34461f1cfbe9ba9976c69385593a5464,2026-08-21T11:30:57Z,,county_summary_pdf_v1,1.1.1,1,verified,https://www.sweetwatercountywy.gov/departments/county_clerk/elections.php,,,county_complete,undervote,Sweetwater,,,,,,56,,wy|sweetwater|wy-2026-primary|county_local_summary|5947c9082afaa5cf507e0ed33a4d62ad34461f1cfbe9ba9976c69385593a5464|wy-2026-primary|county|sweetwater|precinct-committeewoman-6-3|rep|undervote|undervote|Sweetwater|COUNTY
wy-2026-primary,wy|sweetwater|wy-2026-primary|county_local_summary,Sweetwater,wy-2026-primary|county|sweetwater|precinct-committeewoman-6-5|rep,REP PRECINCT COMMITTEEWOMAN 06-5,Precinct Committeewoman 6-5,county,,REP,REP,precinct,5947c9082afaa5cf507e0ed33a4d62ad34461f1cfbe9ba9976c69385593a5464,2026-08-21T11:30:57Z,,county_summary_pdf_v1,1.1.1,1,verified,https://www.sweetwatercountywy.gov/departments/county_clerk/elections.php,,,county_complete,candidate,Sweetwater,,,PAT TEUSCHER,PAT TEUSCHER,,185,,wy|sweetwater|wy-2026-primary|county_local_summary|5947c9082afaa5cf507e0ed33a4d62ad34461f1cfbe9ba9976c69385593a5464|wy-2026-primary|county|sweetwater|precinct-committeewoman-6-5|rep|candidate|PAT TEUSCHER|Sweetwater|COUNTY
wy-2026-primary,wy|sweetwater|wy-2026-primary|county_local_summary,Sweetwater,wy-2026-primary|county|sweetwater|precinct-committeewoman-6-5|rep,REP PRECINCT COMMITTEEWOMAN 06-5,Precinct Committeewoman 6-5,county,,REP,REP,precinct,5947c9082afaa5cf507e0ed33a4d62ad34461f1cfbe9ba9976c69385593a5464,2026-08-21T11:30:57Z,,county_summary_pdf_v1,1.1.1,1,verified,https://www.sweetwatercountywy.gov/departments/county_clerk/elections.php,,,county_complete,candidate,Sweetwater,,,SUSAN VON AHRENS,SUSAN VON AHRENS,,174,,wy|sweetwater|wy-2026-primary|county_local_summary|5947c9082afaa5cf507e0ed33a4d62ad34461f1cfbe9ba9976c69385593a5464|wy-2026-primary|county|sweetwater|precinct-committeewoman-6-5|rep|candidate|SUSAN VON AHRENS|Sweetwater|COUNTY
wy-2026-primary,wy|sweetwater|wy-2026-primary|county_local_summary,Sweetwater,wy-2026-primary|county|sweetwater|precinct-committeewoman-6-5|rep,REP PRECINCT COMMITTEEWOMAN 06-5,Precinct Committeewoman 6-5,county,,REP,REP,precinct,5947c9082afaa5cf507e0ed33a4d62ad34461f1cfbe9ba9976c69385593a5464,2026-08-21T11:30:57Z,,county_summary_pdf_v1,1.1.1,1,verified,https://www.sweetwatercountywy.gov/departments/county_clerk/elections.php,,,county_complete,write_in_aggregate,Sweetwater,,,,,,9,,wy|sweetwater|wy-2026-primary|county_local_summary|5947c9082afaa5cf507e0ed33a4d62ad34461f1cfbe9ba9976c69385593a5464|wy-2026-primary|county|sweetwater|precinct-committeewoman-6-5|rep|write_in_aggregate|write_in_aggregate|Sweetwater|COUNTY
wy-2026-primary,wy|sweetwater|wy-2026-primary|county_local_summary,Sweetwater,wy-2026-primary|county|sweetwater|precinct-committeewoman-6-5|rep,REP PRECINCT COMMITTEEWOMAN 06-5,Precinct Committeewoman 6-5,county,,REP,REP,precinct,5947c9082afaa5cf507e0ed33a4d62ad34461f1cfbe9ba9976c69385593a5464,2026-08-21T11:30:57Z,,county_summary_pdf_v1,1.1.1,1,verified,https://www.sweetwatercountywy.gov/departments/county_clerk/elections.php,,,county_complete,overvote,Sweetwater,,,,,,0,,wy|sweetwater|wy-2026-primary|county_local_summary|5947c9082afaa5cf507e0ed33a4d62ad34461f1cfbe9ba9976c69385593a5464|wy-2026-primary|county|sweetwater|precinct-committeewoman-6-5|rep|overvote|overvote|Sweetwater|COUNTY
wy-2026-primary,wy|sweetwater|wy-2026-primary|county_local_summary,Sweetwater,wy-2026-primary|county|sweetwater|precinct-committeewoman-6-5|rep,REP PRECINCT COMMITTEEWOMAN 06-5,Precinct Committeewoman 6-5,county,,REP,REP,precinct,5947c9082afaa5cf507e0ed33a4d62ad34461f1cfbe9ba9976c69385593a5464,2026-08-21T11:30:57Z,,county_summary_pdf_v1,1.1.1,1,verified,https://www.sweetwatercountywy.gov/departments/county_clerk/elections.php,,,county_complete,undervote,Sweetwater,,,,,,272,,wy|sweetwater|wy-2026-primary|county_local_summary|5947c9082afaa5cf507e0ed33a4d62ad34461f1cfbe9ba9976c69385593a5464|wy-2026-primary|county|sweetwater|precinct-committeewoman-6-5|rep|undervote|undervote|Sweetwater|COUNTY
wy-2026-primary,wy|sweetwater|wy-2026-primary|county_local_summary,Sweetwater,wy-2026-primary|county|sweetwater|precinct-committeewoman-6-6|rep,REP PRECINCT COMMITTEEWOMAN 06-6,Precinct Committeewoman 6-6,county,,REP,REP,precinct,5947c9082afaa5cf507e0ed33a4d62ad34461f1cfbe9ba9976c69385593a5464,2026-08-21T11:30:57Z,,county_summary_pdf_v1,1.1.1,1,verified,https://www.sweetwatercountywy.gov/departments/county_clerk/elections.php,,,county_complete,write_in_aggregate,Sweetwater,,,,,,0,,wy|sweetwater|wy-2026-primary|county_local_summary|5947c9082afaa5cf507e0ed33a4d62ad34461f1cfbe9ba9976c69385593a5464|wy-2026-primary|county|sweetwater|precinct-committeewoman-6-6|rep|write_in_aggregate|write_in_aggregate|Sweetwater|COUNTY
wy-2026-primary,wy|sweetwater|wy-2026-primary|county_local_summary,Sweetwater,wy-2026-primary|county|sweetwater|precinct-committeewoman-6-6|rep,REP PRECINCT COMMITTEEWOMAN 06-6,Precinct Committeewoman 6-6,county,,REP,REP,precinct,5947c9082afaa5cf507e0ed33a4d62ad34461f1cfbe9ba9976c69385593a5464,2026-08-21T11:30:57Z,,county_summary_pdf_v1,1.1.1,1,verified,https://www.sweetwatercountywy.gov/departments/county_clerk/elections.php,,,county_complete,overvote,Sweetwater,,,,,,0,,wy|sweetwater|wy-2026-primary|county_local_summary|5947c9082afaa5cf507e0ed33a4d62ad34461f1cfbe9ba9976c69385593a5464|wy-2026-primary|county|sweetwater|precinct-committeewoman-6-6|rep|overvote|overvote|Sweetwater|COUNTY
wy-2026-primary,wy|sweetwater|wy-2026-primary|county_local_summary,Sweetwater,wy-2026-primary|county|sweetwater|precinct-committeewoman-6-6|rep,REP PRECINCT COMMITTEEWOMAN 06-6,Precinct Committeewoman 6-6,county,,REP,REP,precinct,5947c9082afaa5cf507e0ed33a4d62ad34461f1cfbe9ba9976c69385593a5464,2026-08-21T11:30:57Z,,county_summary_pdf_v1,1.1.1,1,verified,https://www.sweetwatercountywy.gov/departments/county_clerk/elections.php,,,county_complete,undervote,Sweetwater,,,,,,0,,wy|sweetwater|wy-2026-primary|county_local_summary|5947c9082afaa5cf507e0ed33a4d62ad34461f1cfbe9ba9976c69385593a5464|wy-2026-primary|county|sweetwater|precinct-committeewoman-6-6|rep|undervote|undervote|Sweetwater|COUNTY
wy-2026-primary,wy|sweetwater|wy-2026-primary|county_local_summary,Sweetwater,wy-2026-primary|county|sweetwater|precinct-committeewoman-7-3|rep,REP PRECINCT COMMITTEEWOMAN 07-3,Precinct Committeewoman 7-3,county,,REP,REP,precinct,5947c9082afaa5cf507e0ed33a4d62ad34461f1cfbe9ba9976c69385593a5464,2026-08-21T11:30:57Z,,county_summary_pdf_v1,1.1.1,1,verified,https://www.sweetwatercountywy.gov/departments/county_clerk/elections.php,,,county_complete,candidate,Sweetwater,,,TRACY MCCANN,TRACY MCCANN,,178,,wy|sweetwater|wy-2026-primary|county_local_summary|5947c9082afaa5cf507e0ed33a4d62ad34461f1cfbe9ba9976c69385593a5464|wy-2026-primary|county|sweetwater|precinct-committeewoman-7-3|rep|candidate|TRACY MCCANN|Sweetwater|COUNTY
wy-2026-primary,wy|sweetwater|wy-2026-primary|county_local_summary,Sweetwater,wy-2026-primary|county|sweetwater|precinct-committeewoman-7-3|rep,REP PRECINCT COMMITTEEWOMAN 07-3,Precinct Committeewoman 7-3,county,,REP,REP,precinct,5947c9082afaa5cf507e0ed33a4d62ad34461f1cfbe9ba9976c69385593a5464,2026-08-21T11:30:57Z,,county_summary_pdf_v1,1.1.1,1,verified,https://www.sweetwatercountywy.gov/departments/county_clerk/elections.php,,,county_complete,candidate,Sweetwater,,,PHYLLIS I. MCCOY,PHYLLIS I. MCCOY,,136,,wy|sweetwater|wy-2026-primary|county_local_summary|5947c9082afaa5cf507e0ed33a4d62ad34461f1cfbe9ba9976c69385593a5464|wy-2026-primary|county|sweetwater|precinct-committeewoman-7-3|rep|candidate|PHYLLIS I. MCCOY|Sweetwater|COUNTY
wy-2026-primary,wy|sweetwater|wy-2026-primary|county_local_summary,Sweetwater,wy-2026-primary|county|sweetwater|precinct-committeewoman-7-3|rep,REP PRECINCT COMMITTEEWOMAN 07-3,Precinct Committeewoman 7-3,county,,REP,REP,precinct,5947c9082afaa5cf507e0ed33a4d62ad34461f1cfbe9ba9976c69385593a5464,2026-08-21T11:30:57Z,,county_summary_pdf_v1,1.1.1,1,verified,https://www.sweetwatercountywy.gov/departments/county_clerk/elections.php,,,county_complete,candidate,Sweetwater,,,MCKENNA RICHARDS,MCKENNA RICHARDS,,126,,wy|sweetwater|wy-2026-primary|county_local_summary|5947c9082afaa5cf507e0ed33a4d62ad34461f1cfbe9ba9976c69385593a5464|wy-2026-primary|county|sweetwater|precinct-committeewoman-7-3|rep|candidate|MCKENNA RICHARDS|Sweetwater|COUNTY
wy-2026-primary,wy|sweetwater|wy-2026-primary|county_local_summary,Sweetwater,wy-2026-primary|county|sweetwater|precinct-committeewoman-7-3|rep,REP PRECINCT COMMITTEEWOMAN 07-3,Precinct Committeewoman 7-3,county,,REP,REP,precinct,5947c9082afaa5cf507e0ed33a4d62ad34461f1cfbe9ba9976c69385593a5464,2026-08-21T11:30:57Z,,county_summary_pdf_v1,1.1.1,1,verified,https://www.sweetwatercountywy.gov/departments/county_clerk/elections.php,,,county_complete,candidate,Sweetwater,,,TERESA RICHARDS,TERESA RICHARDS,,156,,wy|sweetwater|wy-2026-primary|county_local_summary|5947c9082afaa5cf507e0ed33a4d62ad34461f1cfbe9ba9976c69385593a5464|wy-2026-primary|county|sweetwater|precinct-committeewoman-7-3|rep|candidate|TERESA RICHARDS|Sweetwater|COUNTY
wy-2026-primary,wy|sweetwater|wy-2026-primary|county_local_summary,Sweetwater,wy-2026-primary|county|sweetwater|precinct-committeewoman-7-3|rep,REP PRECINCT COMMITTEEWOMAN 07-3,Precinct Committeewoman 7-3,county,,REP,REP,precinct,5947c9082afaa5cf507e0ed33a4d62ad34461f1cfbe9ba9976c69385593a5464,2026-08-21T11:30:57Z,,county_summary_pdf_v1,1.1.1,1,verified,https://www.sweetwatercountywy.gov/departments/county_clerk/elections.php,,,county_complete,candidate,Sweetwater,,,CINDY CORONA SMART,CINDY CORONA SMART,,187,,wy|sweetwater|wy-2026-primary|county_local_summary|5947c9082afaa5cf507e0ed33a4d62ad34461f1cfbe9ba9976c69385593a5464|wy-2026-primary|county|sweetwater|precinct-committeewoman-7-3|rep|candidate|CINDY CORONA SMART|Sweetwater|COUNTY
wy-2026-primary,wy|sweetwater|wy-2026-primary|county_local_summary,Sweetwater,wy-2026-primary|county|sweetwater|precinct-committeewoman-7-3|rep,REP PRECINCT COMMITTEEWOMAN 07-3,Precinct Committeewoman 7-3,county,,REP,REP,precinct,5947c9082afaa5cf507e0ed33a4d62ad34461f1cfbe9ba9976c69385593a5464,2026-08-21T11:30:57Z,,county_summary_pdf_v1,1.1.1,1,verified,https://www.sweetwatercountywy.gov/departments/county_clerk/elections.php,,,county_complete,write_in_aggregate,Sweetwater,,,,,,9,,wy|sweetwater|wy-2026-primary|county_local_summary|5947c9082afaa5cf507e0ed33a4d62ad34461f1cfbe9ba9976c69385593a5464|wy-2026-primary|county|sweetwater|precinct-committeewoman-7-3|rep|write_in_aggregate|write_in_aggregate|Sweetwater|COUNTY
wy-2026-primary,wy|sweetwater|wy-2026-primary|county_local_summary,Sweetwater,wy-2026-primary|county|sweetwater|precinct-committeewoman-7-3|rep,REP PRECINCT COMMITTEEWOMAN 07-3,Precinct Committeewoman 7-3,county,,REP,REP,precinct,5947c9082afaa5cf507e0ed33a4d62ad34461f1cfbe9ba9976c69385593a5464,2026-08-21T11:30:57Z,,county_summary_pdf_v1,1.1.1,1,verified,https://www.sweetwatercountywy.gov/departments/county_clerk/elections.php,,,county_complete,overvote,Sweetwater,,,,,,0,,wy|sweetwater|wy-2026-primary|county_local_summary|5947c9082afaa5cf507e0ed33a4d62ad34461f1cfbe9ba9976c69385593a5464|wy-2026-primary|county|sweetwater|precinct-committeewoman-7-3|rep|overvote|overvote|Sweetwater|COUNTY
wy-2026-primary,wy|sweetwater|wy-2026-primary|county_local_summary,Sweetwater,wy-2026-primary|county|sweetwater|precinct-committeewoman-7-3|rep,REP PRECINCT COMMITTEEWOMAN 07-3,Precinct Committeewoman 7-3,county,,REP,REP,precinct,5947c9082afaa5cf507e0ed33a4d62ad34461f1cfbe9ba9976c69385593a5464,2026-08-21T11:30:57Z,,county_summary_pdf_v1,1.1.1,1,verified,https://www.sweetwatercountywy.gov/departments/county_clerk/elections.php,,,county_complete,undervote,Sweetwater,,,,,,477,,wy|sweetwater|wy-2026-primary|county_local_summary|5947c9082afaa5cf507e0ed33a4d62ad34461f1cfbe9ba9976c69385593a5464|wy-2026-primary|county|sweetwater|precinct-committeewoman-7-3|rep|undervote|undervote|Sweetwater|COUNTY
wy-2026-primary,wy|sweetwater|wy-2026-primary|county_local_summary,Sweetwater,wy-2026-primary|county|sweetwater|precinct-committeewoman-7-4|rep,REP PRECINCT COMMITTEEWOMAN 07-4,Precinct Committeewoman 7-4,county,,REP,REP,precinct,5947c9082afaa5cf507e0ed33a4d62ad34461f1cfbe9ba9976c69385593a5464,2026-08-21T11:30:57Z,,county_summary_pdf_v1,1.1.1,1,verified,https://www.sweetwatercountywy.gov/departments/county_clerk/elections.php,,,county_complete,write_in_aggregate,Sweetwater,,,,,,17,,wy|sweetwater|wy-2026-primary|county_local_summary|5947c9082afaa5cf507e0ed33a4d62ad34461f1cfbe9ba9976c69385593a5464|wy-2026-primary|county|sweetwater|precinct-committeewoman-7-4|rep|write_in_aggregate|write_in_aggregate|Sweetwater|COUNTY
wy-2026-primary,wy|sweetwater|wy-2026-primary|county_local_summary,Sweetwater,wy-2026-primary|county|sweetwater|precinct-committeewoman-7-4|rep,REP PRECINCT COMMITTEEWOMAN 07-4,Precinct Committeewoman 7-4,county,,REP,REP,precinct,5947c9082afaa5cf507e0ed33a4d62ad34461f1cfbe9ba9976c69385593a5464,2026-08-21T11:30:57Z,,county_summary_pdf_v1,1.1.1,1,verified,https://www.sweetwatercountywy.gov/departments/county_clerk/elections.php,,,county_complete,overvote,Sweetwater,,,,,,0,,wy|sweetwater|wy-2026-primary|county_local_summary|5947c9082afaa5cf507e0ed33a4d62ad34461f1cfbe9ba9976c69385593a5464|wy-2026-primary|county|sweetwater|precinct-committeewoman-7-4|rep|overvote|overvote|Sweetwater|COUNTY
wy-2026-primary,wy|sweetwater|wy-2026-primary|county_local_summary,Sweetwater,wy-2026-primary|county|sweetwater|precinct-committeewoman-7-4|rep,REP PRECINCT COMMITTEEWOMAN 07-4,Precinct Committeewoman 7-4,county,,REP,REP,precinct,5947c9082afaa5cf507e0ed33a4d62ad34461f1cfbe9ba9976c69385593a5464,2026-08-21T11:30:57Z,,county_summary_pdf_v1,1.1.1,1,verified,https://www.sweetwatercountywy.gov/departments/county_clerk/elections.php,,,county_complete,undervote,Sweetwater,,,,,,129,,wy|sweetwater|wy-2026-primary|county_local_summary|5947c9082afaa5cf507e0ed33a4d62ad34461f1cfbe9ba9976c69385593a5464|wy-2026-primary|county|sweetwater|precinct-committeewoman-7-4|rep|undervote|undervote|Sweetwater|COUNTY
wy-2026-primary,wy|sweetwater|wy-2026-primary|county_local_summary,Sweetwater,wy-2026-primary|county|sweetwater|precinct-committeewoman-9-3|rep,REP PRECINCT COMMITTEEWOMAN 09-3,Precinct Committeewoman 9-3,county,,REP,REP,precinct,5947c9082afaa5cf507e0ed33a4d62ad34461f1cfbe9ba9976c69385593a5464,2026-08-21T11:30:57Z,,county_summary_pdf_v1,1.1.1,1,verified,https://www.sweetwatercountywy.gov/departments/county_clerk/elections.php,,,county_complete,candidate,Sweetwater,,,DONNA LEE BOBAK,DONNA LEE BOBAK,,67,,wy|sweetwater|wy-2026-primary|county_local_summary|5947c9082afaa5cf507e0ed33a4d62ad34461f1cfbe9ba9976c69385593a5464|wy-2026-primary|county|sweetwater|precinct-committeewoman-9-3|rep|candidate|DONNA LEE BOBAK|Sweetwater|COUNTY
wy-2026-primary,wy|sweetwater|wy-2026-primary|county_local_summary,Sweetwater,wy-2026-primary|county|sweetwater|precinct-committeewoman-9-3|rep,REP PRECINCT COMMITTEEWOMAN 09-3,Precinct Committeewoman 9-3,county,,REP,REP,precinct,5947c9082afaa5cf507e0ed33a4d62ad34461f1cfbe9ba9976c69385593a5464,2026-08-21T11:30:57Z,,county_summary_pdf_v1,1.1.1,1,verified,https://www.sweetwatercountywy.gov/departments/county_clerk/elections.php,,,county_complete,candidate,Sweetwater,,,PAULA HEINER,PAULA HEINER,,51,,wy|sweetwater|wy-2026-primary|county_local_summary|5947c9082afaa5cf507e0ed33a4d62ad34461f1cfbe9ba9976c69385593a5464|wy-2026-primary|county|sweetwater|precinct-committeewoman-9-3|rep|candidate|PAULA HEINER|Sweetwater|COUNTY
wy-2026-primary,wy|sweetwater|wy-2026-primary|county_local_summary,Sweetwater,wy-2026-primary|county|sweetwater|precinct-committeewoman-9-3|rep,REP PRECINCT COMMITTEEWOMAN 09-3,Precinct Committeewoman 9-3,county,,REP,REP,precinct,5947c9082afaa5cf507e0ed33a4d62ad34461f1cfbe9ba9976c69385593a5464,2026-08-21T11:30:57Z,,county_summary_pdf_v1,1.1.1,1,verified,https://www.sweetwatercountywy.gov/departments/county_clerk/elections.php,,,county_complete,write_in_aggregate,Sweetwater,,,,,,1,,wy|sweetwater|wy-2026-primary|county_local_summary|5947c9082afaa5cf507e0ed33a4d62ad34461f1cfbe9ba9976c69385593a5464|wy-2026-primary|county|sweetwater|precinct-committeewoman-9-3|rep|write_in_aggregate|write_in_aggregate|Sweetwater|COUNTY
wy-2026-primary,wy|sweetwater|wy-2026-primary|county_local_summary,Sweetwater,wy-2026-primary|county|sweetwater|precinct-committeewoman-9-3|rep,REP PRECINCT COMMITTEEWOMAN 09-3,Precinct Committeewoman 9-3,county,,REP,REP,precinct,5947c9082afaa5cf507e0ed33a4d62ad34461f1cfbe9ba9976c69385593a5464,2026-08-21T11:30:57Z,,county_summary_pdf_v1,1.1.1,1,verified,https://www.sweetwatercountywy.gov/departments/county_clerk/elections.php,,,county_complete,overvote,Sweetwater,,,,,,0,,wy|sweetwater|wy-2026-primary|county_local_summary|5947c9082afaa5cf507e0ed33a4d62ad34461f1cfbe9ba9976c69385593a5464|wy-2026-primary|county|sweetwater|precinct-committeewoman-9-3|rep|overvote|overvote|Sweetwater|COUNTY
wy-2026-primary,wy|sweetwater|wy-2026-primary|county_local_summary,Sweetwater,wy-2026-primary|county|sweetwater|precinct-committeewoman-9-3|rep,REP PRECINCT COMMITTEEWOMAN 09-3,Precinct Committeewoman 9-3,county,,REP,REP,precinct,5947c9082afaa5cf507e0ed33a4d62ad34461f1cfbe9ba9976c69385593a5464,2026-08-21T11:30:57Z,,county_summary_pdf_v1,1.1.1,1,verified,https://www.sweetwatercountywy.gov/departments/county_clerk/elections.php,,,county_complete,undervote,Sweetwater,,,,,,18,,wy|sweetwater|wy-2026-primary|county_local_summary|5947c9082afaa5cf507e0ed33a4d62ad34461f1cfbe9ba9976c69385593a5464|wy-2026-primary|county|sweetwater|precinct-committeewoman-9-3|rep|undervote|undervote|Sweetwater|COUNTY
wy-2026-primary,wy|sweetwater|wy-2026-primary|county_local_summary,Sweetwater,wy-2026-primary|county|sweetwater|precinct-committeewoman-10-8|rep,REP PRECINCT COMMITTEEWOMAN 10-8,Precinct Committeewoman 10-8,county,,REP,REP,precinct,5947c9082afaa5cf507e0ed33a4d62ad34461f1cfbe9ba9976c69385593a5464,2026-08-21T11:30:57Z,,county_summary_pdf_v1,1.1.1,1,verified,https://www.sweetwatercountywy.gov/departments/county_clerk/elections.php,,,county_complete,candidate,Sweetwater,,,AMY BREININGER,AMY BREININGER,,129,,wy|sweetwater|wy-2026-primary|county_local_summary|5947c9082afaa5cf507e0ed33a4d62ad34461f1cfbe9ba9976c69385593a5464|wy-2026-primary|county|sweetwater|precinct-committeewoman-10-8|rep|candidate|AMY BREININGER|Sweetwater|COUNTY
wy-2026-primary,wy|sweetwater|wy-2026-primary|county_local_summary,Sweetwater,wy-2026-primary|county|sweetwater|precinct-committeewoman-10-8|rep,REP PRECINCT COMMITTEEWOMAN 10-8,Precinct Committeewoman 10-8,county,,REP,REP,precinct,5947c9082afaa5cf507e0ed33a4d62ad34461f1cfbe9ba9976c69385593a5464,2026-08-21T11:30:57Z,,county_summary_pdf_v1,1.1.1,1,verified,https://www.sweetwatercountywy.gov/departments/county_clerk/elections.php,,,county_complete,write_in_aggregate,Sweetwater,,,,,,4,,wy|sweetwater|wy-2026-primary|county_local_summary|5947c9082afaa5cf507e0ed33a4d62ad34461f1cfbe9ba9976c69385593a5464|wy-2026-primary|county|sweetwater|precinct-committeewoman-10-8|rep|write_in_aggregate|write_in_aggregate|Sweetwater|COUNTY
wy-2026-primary,wy|sweetwater|wy-2026-primary|county_local_summary,Sweetwater,wy-2026-primary|county|sweetwater|precinct-committeewoman-10-8|rep,REP PRECINCT COMMITTEEWOMAN 10-8,Precinct Committeewoman 10-8,county,,REP,REP,precinct,5947c9082afaa5cf507e0ed33a4d62ad34461f1cfbe9ba9976c69385593a5464,2026-08-21T11:30:57Z,,county_summary_pdf_v1,1.1.1,1,verified,https://www.sweetwatercountywy.gov/departments/county_clerk/elections.php,,,county_complete,overvote,Sweetwater,,,,,,0,,wy|sweetwater|wy-2026-primary|county_local_summary|5947c9082afaa5cf507e0ed33a4d62ad34461f1cfbe9ba9976c69385593a5464|wy-2026-primary|county|sweetwater|precinct-committeewoman-10-8|rep|overvote|overvote|Sweetwater|COUNTY
wy-2026-primary,wy|sweetwater|wy-2026-primary|county_local_summary,Sweetwater,wy-2026-primary|county|sweetwater|precinct-committeewoman-10-8|rep,REP PRECINCT COMMITTEEWOMAN 10-8,Precinct Committeewoman 10-8,county,,REP,REP,precinct,5947c9082afaa5cf507e0ed33a4d62ad34461f1cfbe9ba9976c69385593a5464,2026-08-21T11:30:57Z,,county_summary_pdf_v1,1.1.1,1,verified,https://www.sweetwatercountywy.gov/departments/county_clerk/elections.php,,,county_complete,undervote,Sweetwater,,,,,,55,,wy|sweetwater|wy-2026-primary|county_local_summary|5947c9082afaa5cf507e0ed33a4d62ad34461f1cfbe9ba9976c69385593a5464|wy-2026-primary|county|sweetwater|precinct-committeewoman-10-8|rep|undervote|undervote|Sweetwater|COUNTY
wy-2026-primary,wy|sweetwater|wy-2026-primary|county_local_summary,Sweetwater,wy-2026-primary|county|sweetwater|precinct-committeewoman-10-9|rep,REP PRECINCT COMMITTEEWOMAN 10-9,Precinct Committeewoman 10-9,county,,REP,REP,precinct,5947c9082afaa5cf507e0ed33a4d62ad34461f1cfbe9ba9976c69385593a5464,2026-08-21T11:30:57Z,,county_summary_pdf_v1,1.1.1,1,verified,https://www.sweetwatercountywy.gov/departments/county_clerk/elections.php,,,county_complete,write_in_aggregate,Sweetwater,,,,,,20,,wy|sweetwater|wy-2026-primary|county_local_summary|5947c9082afaa5cf507e0ed33a4d62ad34461f1cfbe9ba9976c69385593a5464|wy-2026-primary|county|sweetwater|precinct-committeewoman-10-9|rep|write_in_aggregate|write_in_aggregate|Sweetwater|COUNTY
wy-2026-primary,wy|sweetwater|wy-2026-primary|county_local_summary,Sweetwater,wy-2026-primary|county|sweetwater|precinct-committeewoman-10-9|rep,REP PRECINCT COMMITTEEWOMAN 10-9,Precinct Committeewoman 10-9,county,,REP,REP,precinct,5947c9082afaa5cf507e0ed33a4d62ad34461f1cfbe9ba9976c69385593a5464,2026-08-21T11:30:57Z,,county_summary_pdf_v1,1.1.1,1,verified,https://www.sweetwatercountywy.gov/departments/county_clerk/elections.php,,,county_complete,overvote,Sweetwater,,,,,,0,,wy|sweetwater|wy-2026-primary|county_local_summary|5947c9082afaa5cf507e0ed33a4d62ad34461f1cfbe9ba9976c69385593a5464|wy-2026-primary|county|sweetwater|precinct-committeewoman-10-9|rep|overvote|overvote|Sweetwater|COUNTY
wy-2026-primary,wy|sweetwater|wy-2026-primary|county_local_summary,Sweetwater,wy-2026-primary|county|sweetwater|precinct-committeewoman-10-9|rep,REP PRECINCT COMMITTEEWOMAN 10-9,Precinct Committeewoman 10-9,county,,REP,REP,precinct,5947c9082afaa5cf507e0ed33a4d62ad34461f1cfbe9ba9976c69385593a5464,2026-08-21T11:30:57Z,,county_summary_pdf_v1,1.1.1,1,verified,https://www.sweetwatercountywy.gov/departments/county_clerk/elections.php,,,county_complete,undervote,Sweetwater,,,,,,198,,wy|sweetwater|wy-2026-primary|county_local_summary|5947c9082afaa5cf507e0ed33a4d62ad34461f1cfbe9ba9976c69385593a5464|wy-2026-primary|county|sweetwater|precinct-committeewoman-10-9|rep|undervote|undervote|Sweetwater|COUNTY
wy-2026-primary,wy|sweetwater|wy-2026-primary|county_local_summary,Sweetwater,wy-2026-primary|county|sweetwater|precinct-committeewoman-10-10|rep,REP PRECINCT COMMITTEEWOMAN 10-10,Precinct Committeewoman 10-10,county,,REP,REP,precinct,5947c9082afaa5cf507e0ed33a4d62ad34461f1cfbe9ba9976c69385593a5464,2026-08-21T11:30:57Z,,county_summary_pdf_v1,1.1.1,1,verified,https://www.sweetwatercountywy.gov/departments/county_clerk/elections.php,,,county_complete,candidate,Sweetwater,,,LAURA PAVEY,LAURA PAVEY,,230,,wy|sweetwater|wy-2026-primary|county_local_summary|5947c9082afaa5cf507e0ed33a4d62ad34461f1cfbe9ba9976c69385593a5464|wy-2026-primary|county|sweetwater|precinct-committeewoman-10-10|rep|candidate|LAURA PAVEY|Sweetwater|COUNTY
wy-2026-primary,wy|sweetwater|wy-2026-primary|county_local_summary,Sweetwater,wy-2026-primary|county|sweetwater|precinct-committeewoman-10-10|rep,REP PRECINCT COMMITTEEWOMAN 10-10,Precinct Committeewoman 10-10,county,,REP,REP,precinct,5947c9082afaa5cf507e0ed33a4d62ad34461f1cfbe9ba9976c69385593a5464,2026-08-21T11:30:57Z,,county_summary_pdf_v1,1.1.1,1,verified,https://www.sweetwatercountywy.gov/departments/county_clerk/elections.php,,,county_complete,candidate,Sweetwater,,,JOANNA ROBINSON,JOANNA ROBINSON,,254,,wy|sweetwater|wy-2026-primary|county_local_summary|5947c9082afaa5cf507e0ed33a4d62ad34461f1cfbe9ba9976c69385593a5464|wy-2026-primary|county|sweetwater|precinct-committeewoman-10-10|rep|candidate|JOANNA ROBINSON|Sweetwater|COUNTY
wy-2026-primary,wy|sweetwater|wy-2026-primary|county_local_summary,Sweetwater,wy-2026-primary|county|sweetwater|precinct-committeewoman-10-10|rep,REP PRECINCT COMMITTEEWOMAN 10-10,Precinct Committeewoman 10-10,county,,REP,REP,precinct,5947c9082afaa5cf507e0ed33a4d62ad34461f1cfbe9ba9976c69385593a5464,2026-08-21T11:30:57Z,,county_summary_pdf_v1,1.1.1,1,verified,https://www.sweetwatercountywy.gov/departments/county_clerk/elections.php,,,county_complete,candidate,Sweetwater,,,BONNIE TIPPY,BONNIE TIPPY,,307,,wy|sweetwater|wy-2026-primary|county_local_summary|5947c9082afaa5cf507e0ed33a4d62ad34461f1cfbe9ba9976c69385593a5464|wy-2026-primary|county|sweetwater|precinct-committeewoman-10-10|rep|candidate|BONNIE TIPPY|Sweetwater|COUNTY
wy-2026-primary,wy|sweetwater|wy-2026-primary|county_local_summary,Sweetwater,wy-2026-primary|county|sweetwater|precinct-committeewoman-10-10|rep,REP PRECINCT COMMITTEEWOMAN 10-10,Precinct Committeewoman 10-10,county,,REP,REP,precinct,5947c9082afaa5cf507e0ed33a4d62ad34461f1cfbe9ba9976c69385593a5464,2026-08-21T11:30:57Z,,county_summary_pdf_v1,1.1.1,1,verified,https://www.sweetwatercountywy.gov/departments/county_clerk/elections.php,,,county_complete,write_in_aggregate,Sweetwater,,,,,,8,,wy|sweetwater|wy-2026-primary|county_local_summary|5947c9082afaa5cf507e0ed33a4d62ad34461f1cfbe9ba9976c69385593a5464|wy-2026-primary|county|sweetwater|precinct-committeewoman-10-10|rep|write_in_aggregate|write_in_aggregate|Sweetwater|COUNTY
wy-2026-primary,wy|sweetwater|wy-2026-primary|county_local_summary,Sweetwater,wy-2026-primary|county|sweetwater|precinct-committeewoman-10-10|rep,REP PRECINCT COMMITTEEWOMAN 10-10,Precinct Committeewoman 10-10,county,,REP,REP,precinct,5947c9082afaa5cf507e0ed33a4d62ad34461f1cfbe9ba9976c69385593a5464,2026-08-21T11:30:57Z,,county_summary_pdf_v1,1.1.1,1,verified,https://www.sweetwatercountywy.gov/departments/county_clerk/elections.php,,,county_complete,overvote,Sweetwater,,,,,,3,,wy|sweetwater|wy-2026-primary|county_local_summary|5947c9082afaa5cf507e0ed33a4d62ad34461f1cfbe9ba9976c69385593a5464|wy-2026-primary|county|sweetwater|precinct-committeewoman-10-10|rep|overvote|overvote|Sweetwater|COUNTY
wy-2026-primary,wy|sweetwater|wy-2026-primary|county_local_summary,Sweetwater,wy-2026-primary|county|sweetwater|precinct-committeewoman-10-10|rep,REP PRECINCT COMMITTEEWOMAN 10-10,Precinct Committeewoman 10-10,county,,REP,REP,precinct,5947c9082afaa5cf507e0ed33a4d62ad34461f1cfbe9ba9976c69385593a5464,2026-08-21T11:30:57Z,,county_summary_pdf_v1,1.1.1,1,verified,https://www.sweetwatercountywy.gov/departments/county_clerk/elections.php,,,county_complete,undervote,Sweetwater,,,,,,788,,wy|sweetwater|wy-2026-primary|county_local_summary|5947c9082afaa5cf507e0ed33a4d62ad34461f1cfbe9ba9976c69385593a5464|wy-2026-primary|county|sweetwater|precinct-committeewoman-10-10|rep|undervote|undervote|Sweetwater|COUNTY
wy-2026-primary,wy|sweetwater|wy-2026-primary|county_local_summary,Sweetwater,wy-2026-primary|county|sweetwater|precinct-committeewoman-10-11|rep,REP PRECINCT COMMITTEEWOMAN 10-11,Precinct Committeewoman 10-11,county,,REP,REP,precinct,5947c9082afaa5cf507e0ed33a4d62ad34461f1cfbe9ba9976c69385593a5464,2026-08-21T11:30:57Z,,county_summary_pdf_v1,1.1.1,1,verified,https://www.sweetwatercountywy.gov/departments/county_clerk/elections.php,,,county_complete,candidate,Sweetwater,,,DEBBIE ALVAREZ,DEBBIE ALVAREZ,,340,,wy|sweetwater|wy-2026-primary|county_local_summary|5947c9082afaa5cf507e0ed33a4d62ad34461f1cfbe9ba9976c69385593a5464|wy-2026-primary|county|sweetwater|precinct-committeewoman-10-11|rep|candidate|DEBBIE ALVAREZ|Sweetwater|COUNTY
wy-2026-primary,wy|sweetwater|wy-2026-primary|county_local_summary,Sweetwater,wy-2026-primary|county|sweetwater|precinct-committeewoman-10-11|rep,REP PRECINCT COMMITTEEWOMAN 10-11,Precinct Committeewoman 10-11,county,,REP,REP,precinct,5947c9082afaa5cf507e0ed33a4d62ad34461f1cfbe9ba9976c69385593a5464,2026-08-21T11:30:57Z,,county_summary_pdf_v1,1.1.1,1,verified,https://www.sweetwatercountywy.gov/departments/county_clerk/elections.php,,,county_complete,candidate,Sweetwater,,,MARLENE BRADY,MARLENE BRADY,,287,,wy|sweetwater|wy-2026-primary|county_local_summary|5947c9082afaa5cf507e0ed33a4d62ad34461f1cfbe9ba9976c69385593a5464|wy-2026-primary|county|sweetwater|precinct-committeewoman-10-11|rep|candidate|MARLENE BRADY|Sweetwater|COUNTY
wy-2026-primary,wy|sweetwater|wy-2026-primary|county_local_summary,Sweetwater,wy-2026-primary|county|sweetwater|precinct-committeewoman-10-11|rep,REP PRECINCT COMMITTEEWOMAN 10-11,Precinct Committeewoman 10-11,county,,REP,REP,precinct,5947c9082afaa5cf507e0ed33a4d62ad34461f1cfbe9ba9976c69385593a5464,2026-08-21T11:30:57Z,,county_summary_pdf_v1,1.1.1,1,verified,https://www.sweetwatercountywy.gov/departments/county_clerk/elections.php,,,county_complete,candidate,Sweetwater,,,LILLIAN DELEEUW,LILLIAN DELEEUW,,152,,wy|sweetwater|wy-2026-primary|county_local_summary|5947c9082afaa5cf507e0ed33a4d62ad34461f1cfbe9ba9976c69385593a5464|wy-2026-primary|county|sweetwater|precinct-committeewoman-10-11|rep|candidate|LILLIAN DELEEUW|Sweetwater|COUNTY
wy-2026-primary,wy|sweetwater|wy-2026-primary|county_local_summary,Sweetwater,wy-2026-primary|county|sweetwater|precinct-committeewoman-10-11|rep,REP PRECINCT COMMITTEEWOMAN 10-11,Precinct Committeewoman 10-11,county,,REP,REP,precinct,5947c9082afaa5cf507e0ed33a4d62ad34461f1cfbe9ba9976c69385593a5464,2026-08-21T11:30:57Z,,county_summary_pdf_v1,1.1.1,1,verified,https://www.sweetwatercountywy.gov/departments/county_clerk/elections.php,,,county_complete,candidate,Sweetwater,,,SARAH L. W. JOHNSON,SARAH L. W. JOHNSON,,349,,wy|sweetwater|wy-2026-primary|county_local_summary|5947c9082afaa5cf507e0ed33a4d62ad34461f1cfbe9ba9976c69385593a5464|wy-2026-primary|county|sweetwater|precinct-committeewoman-10-11|rep|candidate|SARAH L. W. JOHNSON|Sweetwater|COUNTY
wy-2026-primary,wy|sweetwater|wy-2026-primary|county_local_summary,Sweetwater,wy-2026-primary|county|sweetwater|precinct-committeewoman-10-11|rep,REP PRECINCT COMMITTEEWOMAN 10-11,Precinct Committeewoman 10-11,county,,REP,REP,precinct,5947c9082afaa5cf507e0ed33a4d62ad34461f1cfbe9ba9976c69385593a5464,2026-08-21T11:30:57Z,,county_summary_pdf_v1,1.1.1,1,verified,https://www.sweetwatercountywy.gov/departments/county_clerk/elections.php,,,county_complete,candidate,Sweetwater,,,KAYLA MCDONALD,KAYLA MCDONALD,,342,,wy|sweetwater|wy-2026-primary|county_local_summary|5947c9082afaa5cf507e0ed33a4d62ad34461f1cfbe9ba9976c69385593a5464|wy-2026-primary|county|sweetwater|precinct-committeewoman-10-11|rep|candidate|KAYLA MCDONALD|Sweetwater|COUNTY
wy-2026-primary,wy|sweetwater|wy-2026-primary|county_local_summary,Sweetwater,wy-2026-primary|county|sweetwater|precinct-committeewoman-10-11|rep,REP PRECINCT COMMITTEEWOMAN 10-11,Precinct Committeewoman 10-11,county,,REP,REP,precinct,5947c9082afaa5cf507e0ed33a4d62ad34461f1cfbe9ba9976c69385593a5464,2026-08-21T11:30:57Z,,county_summary_pdf_v1,1.1.1,1,verified,https://www.sweetwatercountywy.gov/departments/county_clerk/elections.php,,,county_complete,candidate,Sweetwater,,,LORI L PALMER,LORI L PALMER,,369,,wy|sweetwater|wy-2026-primary|county_local_summary|5947c9082afaa5cf507e0ed33a4d62ad34461f1cfbe9ba9976c69385593a5464|wy-2026-primary|county|sweetwater|precinct-committeewoman-10-11|rep|candidate|LORI L PALMER|Sweetwater|COUNTY
wy-2026-primary,wy|sweetwater|wy-2026-primary|county_local_summary,Sweetwater,wy-2026-primary|county|sweetwater|precinct-committeewoman-10-11|rep,REP PRECINCT COMMITTEEWOMAN 10-11,Precinct Committeewoman 10-11,county,,REP,REP,precinct,5947c9082afaa5cf507e0ed33a4d62ad34461f1cfbe9ba9976c69385593a5464,2026-08-21T11:30:57Z,,county_summary_pdf_v1,1.1.1,1,verified,https://www.sweetwatercountywy.gov/departments/county_clerk/elections.php,,,county_complete,candidate,Sweetwater,,,REBECCA ROOD,REBECCA ROOD,,357,,wy|sweetwater|wy-2026-primary|county_local_summary|5947c9082afaa5cf507e0ed33a4d62ad34461f1cfbe9ba9976c69385593a5464|wy-2026-primary|county|sweetwater|precinct-committeewoman-10-11|rep|candidate|REBECCA ROOD|Sweetwater|COUNTY
wy-2026-primary,wy|sweetwater|wy-2026-primary|county_local_summary,Sweetwater,wy-2026-primary|county|sweetwater|precinct-committeewoman-10-11|rep,REP PRECINCT COMMITTEEWOMAN 10-11,Precinct Committeewoman 10-11,county,,REP,REP,precinct,5947c9082afaa5cf507e0ed33a4d62ad34461f1cfbe9ba9976c69385593a5464,2026-08-21T11:30:57Z,,county_summary_pdf_v1,1.1.1,1,verified,https://www.sweetwatercountywy.gov/departments/county_clerk/elections.php,,,county_complete,write_in_aggregate,Sweetwater,,,,,,8,,wy|sweetwater|wy-2026-primary|county_local_summary|5947c9082afaa5cf507e0ed33a4d62ad34461f1cfbe9ba9976c69385593a5464|wy-2026-primary|county|sweetwater|precinct-committeewoman-10-11|rep|write_in_aggregate|write_in_aggregate|Sweetwater|COUNTY
wy-2026-primary,wy|sweetwater|wy-2026-primary|county_local_summary,Sweetwater,wy-2026-primary|county|sweetwater|precinct-committeewoman-10-11|rep,REP PRECINCT COMMITTEEWOMAN 10-11,Precinct Committeewoman 10-11,county,,REP,REP,precinct,5947c9082afaa5cf507e0ed33a4d62ad34461f1cfbe9ba9976c69385593a5464,2026-08-21T11:30:57Z,,county_summary_pdf_v1,1.1.1,1,verified,https://www.sweetwatercountywy.gov/departments/county_clerk/elections.php,,,county_complete,overvote,Sweetwater,,,,,,0,,wy|sweetwater|wy-2026-primary|county_local_summary|5947c9082afaa5cf507e0ed33a4d62ad34461f1cfbe9ba9976c69385593a5464|wy-2026-primary|county|sweetwater|precinct-committeewoman-10-11|rep|overvote|overvote|Sweetwater|COUNTY
wy-2026-primary,wy|sweetwater|wy-2026-primary|county_local_summary,Sweetwater,wy-2026-primary|county|sweetwater|precinct-committeewoman-10-11|rep,REP PRECINCT COMMITTEEWOMAN 10-11,Precinct Committeewoman 10-11,county,,REP,REP,precinct,5947c9082afaa5cf507e0ed33a4d62ad34461f1cfbe9ba9976c69385593a5464,2026-08-21T11:30:57Z,,county_summary_pdf_v1,1.1.1,1,verified,https://www.sweetwatercountywy.gov/departments/county_clerk/elections.php,,,county_complete,undervote,Sweetwater,,,,,,2166,,wy|sweetwater|wy-2026-primary|county_local_summary|5947c9082afaa5cf507e0ed33a4d62ad34461f1cfbe9ba9976c69385593a5464|wy-2026-primary|county|sweetwater|precinct-committeewoman-10-11|rep|undervote|undervote|Sweetwater|COUNTY
wy-2026-primary,wy|sweetwater|wy-2026-primary|county_local_summary,Sweetwater,wy-2026-primary|county|sweetwater|precinct-committeewoman-10-12|rep,REP PRECINCT COMMITTEEWOMAN 10-12,Precinct Committeewoman 10-12,county,,REP,REP,precinct,5947c9082afaa5cf507e0ed33a4d62ad34461f1cfbe9ba9976c69385593a5464,2026-08-21T11:30:57Z,,county_summary_pdf_v1,1.1.1,1,verified,https://www.sweetwatercountywy.gov/departments/county_clerk/elections.php,,,county_complete,candidate,Sweetwater,,,TERESA L. SHAFE,TERESA L. SHAFE,,118,,wy|sweetwater|wy-2026-primary|county_local_summary|5947c9082afaa5cf507e0ed33a4d62ad34461f1cfbe9ba9976c69385593a5464|wy-2026-primary|county|sweetwater|precinct-committeewoman-10-12|rep|candidate|TERESA L. SHAFE|Sweetwater|COUNTY
wy-2026-primary,wy|sweetwater|wy-2026-primary|county_local_summary,Sweetwater,wy-2026-primary|county|sweetwater|precinct-committeewoman-10-12|rep,REP PRECINCT COMMITTEEWOMAN 10-12,Precinct Committeewoman 10-12,county,,REP,REP,precinct,5947c9082afaa5cf507e0ed33a4d62ad34461f1cfbe9ba9976c69385593a5464,2026-08-21T11:30:57Z,,county_summary_pdf_v1,1.1.1,1,verified,https://www.sweetwatercountywy.gov/departments/county_clerk/elections.php,,,county_complete,write_in_aggregate,Sweetwater,,,,,,0,,wy|sweetwater|wy-2026-primary|county_local_summary|5947c9082afaa5cf507e0ed33a4d62ad34461f1cfbe9ba9976c69385593a5464|wy-2026-primary|county|sweetwater|precinct-committeewoman-10-12|rep|write_in_aggregate|write_in_aggregate|Sweetwater|COUNTY
wy-2026-primary,wy|sweetwater|wy-2026-primary|county_local_summary,Sweetwater,wy-2026-primary|county|sweetwater|precinct-committeewoman-10-12|rep,REP PRECINCT COMMITTEEWOMAN 10-12,Precinct Committeewoman 10-12,county,,REP,REP,precinct,5947c9082afaa5cf507e0ed33a4d62ad34461f1cfbe9ba9976c69385593a5464,2026-08-21T11:30:57Z,,county_summary_pdf_v1,1.1.1,1,verified,https://www.sweetwatercountywy.gov/departments/county_clerk/elections.php,,,county_complete,overvote,Sweetwater,,,,,,0,,wy|sweetwater|wy-2026-primary|county_local_summary|5947c9082afaa5cf507e0ed33a4d62ad34461f1cfbe9ba9976c69385593a5464|wy-2026-primary|county|sweetwater|precinct-committeewoman-10-12|rep|overvote|overvote|Sweetwater|COUNTY
wy-2026-primary,wy|sweetwater|wy-2026-primary|county_local_summary,Sweetwater,wy-2026-primary|county|sweetwater|precinct-committeewoman-10-12|rep,REP PRECINCT COMMITTEEWOMAN 10-12,Precinct Committeewoman 10-12,county,,REP,REP,precinct,5947c9082afaa5cf507e0ed33a4d62ad34461f1cfbe9ba9976c69385593a5464,2026-08-21T11:30:57Z,,county_summary_pdf_v1,1.1.1,1,verified,https://www.sweetwatercountywy.gov/departments/county_clerk/elections.php,,,county_complete,undervote,Sweetwater,,,,,,54,,wy|sweetwater|wy-2026-primary|county_local_summary|5947c9082afaa5cf507e0ed33a4d62ad34461f1cfbe9ba9976c69385593a5464|wy-2026-primary|county|sweetwater|precinct-committeewoman-10-12|rep|undervote|undervote|Sweetwater|COUNTY
wy-2026-primary,wy|sweetwater|wy-2026-primary|county_local_summary,Sweetwater,wy-2026-primary|county|sweetwater|precinct-committeewoman-10-13|rep,REP PRECINCT COMMITTEEWOMAN 10-13,Precinct Committeewoman 10-13,county,,REP,REP,precinct,5947c9082afaa5cf507e0ed33a4d62ad34461f1cfbe9ba9976c69385593a5464,2026-08-21T11:30:57Z,,county_summary_pdf_v1,1.1.1,1,verified,https://www.sweetwatercountywy.gov/departments/county_clerk/elections.php,,,county_complete,candidate,Sweetwater,,,MELISSA ATKINSON,MELISSA ATKINSON,,95,,wy|sweetwater|wy-2026-primary|county_local_summary|5947c9082afaa5cf507e0ed33a4d62ad34461f1cfbe9ba9976c69385593a5464|wy-2026-primary|county|sweetwater|precinct-committeewoman-10-13|rep|candidate|MELISSA ATKINSON|Sweetwater|COUNTY
wy-2026-primary,wy|sweetwater|wy-2026-primary|county_local_summary,Sweetwater,wy-2026-primary|county|sweetwater|precinct-committeewoman-10-13|rep,REP PRECINCT COMMITTEEWOMAN 10-13,Precinct Committeewoman 10-13,county,,REP,REP,precinct,5947c9082afaa5cf507e0ed33a4d62ad34461f1cfbe9ba9976c69385593a5464,2026-08-21T11:30:57Z,,county_summary_pdf_v1,1.1.1,1,verified,https://www.sweetwatercountywy.gov/departments/county_clerk/elections.php,,,county_complete,candidate,Sweetwater,,,SHERRY BUSHMAN,SHERRY BUSHMAN,,114,,wy|sweetwater|wy-2026-primary|county_local_summary|5947c9082afaa5cf507e0ed33a4d62ad34461f1cfbe9ba9976c69385593a5464|wy-2026-primary|county|sweetwater|precinct-committeewoman-10-13|rep|candidate|SHERRY BUSHMAN|Sweetwater|COUNTY
wy-2026-primary,wy|sweetwater|wy-2026-primary|county_local_summary,Sweetwater,wy-2026-primary|county|sweetwater|precinct-committeewoman-10-13|rep,REP PRECINCT COMMITTEEWOMAN 10-13,Precinct Committeewoman 10-13,county,,REP,REP,precinct,5947c9082afaa5cf507e0ed33a4d62ad34461f1cfbe9ba9976c69385593a5464,2026-08-21T11:30:57Z,,county_summary_pdf_v1,1.1.1,1,verified,https://www.sweetwatercountywy.gov/departments/county_clerk/elections.php,,,county_complete,write_in_aggregate,Sweetwater,,,,,,0,,wy|sweetwater|wy-2026-primary|county_local_summary|5947c9082afaa5cf507e0ed33a4d62ad34461f1cfbe9ba9976c69385593a5464|wy-2026-primary|county|sweetwater|precinct-committeewoman-10-13|rep|write_in_aggregate|write_in_aggregate|Sweetwater|COUNTY
wy-2026-primary,wy|sweetwater|wy-2026-primary|county_local_summary,Sweetwater,wy-2026-primary|county|sweetwater|precinct-committeewoman-10-13|rep,REP PRECINCT COMMITTEEWOMAN 10-13,Precinct Committeewoman 10-13,county,,REP,REP,precinct,5947c9082afaa5cf507e0ed33a4d62ad34461f1cfbe9ba9976c69385593a5464,2026-08-21T11:30:57Z,,county_summary_pdf_v1,1.1.1,1,verified,https://www.sweetwatercountywy.gov/departments/county_clerk/elections.php,,,county_complete,overvote,Sweetwater,,,,,,0,,wy|sweetwater|wy-2026-primary|county_local_summary|5947c9082afaa5cf507e0ed33a4d62ad34461f1cfbe9ba9976c69385593a5464|wy-2026-primary|county|sweetwater|precinct-committeewoman-10-13|rep|overvote|overvote|Sweetwater|COUNTY
wy-2026-primary,wy|sweetwater|wy-2026-primary|county_local_summary,Sweetwater,wy-2026-primary|county|sweetwater|precinct-committeewoman-10-13|rep,REP PRECINCT COMMITTEEWOMAN 10-13,Precinct Committeewoman 10-13,county,,REP,REP,precinct,5947c9082afaa5cf507e0ed33a4d62ad34461f1cfbe9ba9976c69385593a5464,2026-08-21T11:30:57Z,,county_summary_pdf_v1,1.1.1,1,verified,https://www.sweetwatercountywy.gov/departments/county_clerk/elections.php,,,county_complete,undervote,Sweetwater,,,,,,29,,wy|sweetwater|wy-2026-primary|county_local_summary|5947c9082afaa5cf507e0ed33a4d62ad34461f1cfbe9ba9976c69385593a5464|wy-2026-primary|county|sweetwater|precinct-committeewoman-10-13|rep|undervote|undervote|Sweetwater|COUNTY
wy-2026-primary,wy|sweetwater|wy-2026-primary|county_local_summary,Sweetwater,wy-2026-primary|county|sweetwater|precinct-committeewoman-12-2|rep,REP PRECINCT COMMITTEEWOMAN 12-2,Precinct Committeewoman 12-2,county,,REP,REP,precinct,5947c9082afaa5cf507e0ed33a4d62ad34461f1cfbe9ba9976c69385593a5464,2026-08-21T11:30:57Z,,county_summary_pdf_v1,1.1.1,1,verified,https://www.sweetwatercountywy.gov/departments/county_clerk/elections.php,,,county_complete,write_in_aggregate,Sweetwater,,,,,,4,,wy|sweetwater|wy-2026-primary|county_local_summary|5947c9082afaa5cf507e0ed33a4d62ad34461f1cfbe9ba9976c69385593a5464|wy-2026-primary|county|sweetwater|precinct-committeewoman-12-2|rep|write_in_aggregate|write_in_aggregate|Sweetwater|COUNTY
wy-2026-primary,wy|sweetwater|wy-2026-primary|county_local_summary,Sweetwater,wy-2026-primary|county|sweetwater|precinct-committeewoman-12-2|rep,REP PRECINCT COMMITTEEWOMAN 12-2,Precinct Committeewoman 12-2,county,,REP,REP,precinct,5947c9082afaa5cf507e0ed33a4d62ad34461f1cfbe9ba9976c69385593a5464,2026-08-21T11:30:57Z,,county_summary_pdf_v1,1.1.1,1,verified,https://www.sweetwatercountywy.gov/departments/county_clerk/elections.php,,,county_complete,overvote,Sweetwater,,,,,,0,,wy|sweetwater|wy-2026-primary|county_local_summary|5947c9082afaa5cf507e0ed33a4d62ad34461f1cfbe9ba9976c69385593a5464|wy-2026-primary|county|sweetwater|precinct-committeewoman-12-2|rep|overvote|overvote|Sweetwater|COUNTY
wy-2026-primary,wy|sweetwater|wy-2026-primary|county_local_summary,Sweetwater,wy-2026-primary|county|sweetwater|precinct-committeewoman-12-2|rep,REP PRECINCT COMMITTEEWOMAN 12-2,Precinct Committeewoman 12-2,county,,REP,REP,precinct,5947c9082afaa5cf507e0ed33a4d62ad34461f1cfbe9ba9976c69385593a5464,2026-08-21T11:30:57Z,,county_summary_pdf_v1,1.1.1,1,verified,https://www.sweetwatercountywy.gov/departments/county_clerk/elections.php,,,county_complete,undervote,Sweetwater,,,,,,71,,wy|sweetwater|wy-2026-primary|county_local_summary|5947c9082afaa5cf507e0ed33a4d62ad34461f1cfbe9ba9976c69385593a5464|wy-2026-primary|county|sweetwater|precinct-committeewoman-12-2|rep|undervote|undervote|Sweetwater|COUNTY
wy-2026-primary,wy|sweetwater|wy-2026-primary|county_local_summary,Sweetwater,wy-2026-primary|county|sweetwater|precinct-committeewoman-13-2|rep,REP PRECINCT COMMITTEEWOMAN 13-2,Precinct Committeewoman 13-2,county,,REP,REP,precinct,5947c9082afaa5cf507e0ed33a4d62ad34461f1cfbe9ba9976c69385593a5464,2026-08-21T11:30:57Z,,county_summary_pdf_v1,1.1.1,1,verified,https://www.sweetwatercountywy.gov/departments/county_clerk/elections.php,,,county_complete,write_in_aggregate,Sweetwater,,,,,,2,,wy|sweetwater|wy-2026-primary|county_local_summary|5947c9082afaa5cf507e0ed33a4d62ad34461f1cfbe9ba9976c69385593a5464|wy-2026-primary|county|sweetwater|precinct-committeewoman-13-2|rep|write_in_aggregate|write_in_aggregate|Sweetwater|COUNTY
wy-2026-primary,wy|sweetwater|wy-2026-primary|county_local_summary,Sweetwater,wy-2026-primary|county|sweetwater|precinct-committeewoman-13-2|rep,REP PRECINCT COMMITTEEWOMAN 13-2,Precinct Committeewoman 13-2,county,,REP,REP,precinct,5947c9082afaa5cf507e0ed33a4d62ad34461f1cfbe9ba9976c69385593a5464,2026-08-21T11:30:57Z,,county_summary_pdf_v1,1.1.1,1,verified,https://www.sweetwatercountywy.gov/departments/county_clerk/elections.php,,,county_complete,overvote,Sweetwater,,,,,,0,,wy|sweetwater|wy-2026-primary|county_local_summary|5947c9082afaa5cf507e0ed33a4d62ad34461f1cfbe9ba9976c69385593a5464|wy-2026-primary|county|sweetwater|precinct-committeewoman-13-2|rep|overvote|overvote|Sweetwater|COUNTY
wy-2026-primary,wy|sweetwater|wy-2026-primary|county_local_summary,Sweetwater,wy-2026-primary|county|sweetwater|precinct-committeewoman-13-2|rep,REP PRECINCT COMMITTEEWOMAN 13-2,Precinct Committeewoman 13-2,county,,REP,REP,precinct,5947c9082afaa5cf507e0ed33a4d62ad34461f1cfbe9ba9976c69385593a5464,2026-08-21T11:30:57Z,,county_summary_pdf_v1,1.1.1,1,verified,https://www.sweetwatercountywy.gov/departments/county_clerk/elections.php,,,county_complete,undervote,Sweetwater,,,,,,13,,wy|sweetwater|wy-2026-primary|county_local_summary|5947c9082afaa5cf507e0ed33a4d62ad34461f1cfbe9ba9976c69385593a5464|wy-2026-primary|county|sweetwater|precinct-committeewoman-13-2|rep|undervote|undervote|Sweetwater|COUNTY
wy-2026-primary,wy|sweetwater|wy-2026-primary|county_local_summary,Sweetwater,wy-2026-primary|county|sweetwater|precinct-committeewoman-19-1|rep,REP PRECINCT COMMITTEEWOMAN 19-1,Precinct Committeewoman 19-1,county,,REP,REP,precinct,5947c9082afaa5cf507e0ed33a4d62ad34461f1cfbe9ba9976c69385593a5464,2026-08-21T11:30:57Z,,county_summary_pdf_v1,1.1.1,1,verified,https://www.sweetwatercountywy.gov/departments/county_clerk/elections.php,,,county_complete,candidate,Sweetwater,,,SHERI NIEMIEC,SHERI NIEMIEC,,64,,wy|sweetwater|wy-2026-primary|county_local_summary|5947c9082afaa5cf507e0ed33a4d62ad34461f1cfbe9ba9976c69385593a5464|wy-2026-primary|county|sweetwater|precinct-committeewoman-19-1|rep|candidate|SHERI NIEMIEC|Sweetwater|COUNTY
wy-2026-primary,wy|sweetwater|wy-2026-primary|county_local_summary,Sweetwater,wy-2026-primary|county|sweetwater|precinct-committeewoman-19-1|rep,REP PRECINCT COMMITTEEWOMAN 19-1,Precinct Committeewoman 19-1,county,,REP,REP,precinct,5947c9082afaa5cf507e0ed33a4d62ad34461f1cfbe9ba9976c69385593a5464,2026-08-21T11:30:57Z,,county_summary_pdf_v1,1.1.1,1,verified,https://www.sweetwatercountywy.gov/departments/county_clerk/elections.php,,,county_complete,write_in_aggregate,Sweetwater,,,,,,4,,wy|sweetwater|wy-2026-primary|county_local_summary|5947c9082afaa5cf507e0ed33a4d62ad34461f1cfbe9ba9976c69385593a5464|wy-2026-primary|county|sweetwater|precinct-committeewoman-19-1|rep|write_in_aggregate|write_in_aggregate|Sweetwater|COUNTY
wy-2026-primary,wy|sweetwater|wy-2026-primary|county_local_summary,Sweetwater,wy-2026-primary|county|sweetwater|precinct-committeewoman-19-1|rep,REP PRECINCT COMMITTEEWOMAN 19-1,Precinct Committeewoman 19-1,county,,REP,REP,precinct,5947c9082afaa5cf507e0ed33a4d62ad34461f1cfbe9ba9976c69385593a5464,2026-08-21T11:30:57Z,,county_summary_pdf_v1,1.1.1,1,verified,https://www.sweetwatercountywy.gov/departments/county_clerk/elections.php,,,county_complete,overvote,Sweetwater,,,,,,0,,wy|sweetwater|wy-2026-primary|county_local_summary|5947c9082afaa5cf507e0ed33a4d62ad34461f1cfbe9ba9976c69385593a5464|wy-2026-primary|county|sweetwater|precinct-committeewoman-19-1|rep|overvote|overvote|Sweetwater|COUNTY
wy-2026-primary,wy|sweetwater|wy-2026-primary|county_local_summary,Sweetwater,wy-2026-primary|county|sweetwater|precinct-committeewoman-19-1|rep,REP PRECINCT COMMITTEEWOMAN 19-1,Precinct Committeewoman 19-1,county,,REP,REP,precinct,5947c9082afaa5cf507e0ed33a4d62ad34461f1cfbe9ba9976c69385593a5464,2026-08-21T11:30:57Z,,county_summary_pdf_v1,1.1.1,1,verified,https://www.sweetwatercountywy.gov/departments/county_clerk/elections.php,,,county_complete,undervote,Sweetwater,,,,,,16,,wy|sweetwater|wy-2026-primary|county_local_summary|5947c9082afaa5cf507e0ed33a4d62ad34461f1cfbe9ba9976c69385593a5464|wy-2026-primary|county|sweetwater|precinct-committeewoman-19-1|rep|undervote|undervote|Sweetwater|COUNTY
wy-2026-primary,wy|sweetwater|wy-2026-primary|county_local_summary,Sweetwater,wy-2026-primary|county|sweetwater|precinct-committeewoman-20-2|rep,REP PRECINCT COMMITTEEWOMAN 20-2,Precinct Committeewoman 20-2,county,,REP,REP,precinct,5947c9082afaa5cf507e0ed33a4d62ad34461f1cfbe9ba9976c69385593a5464,2026-08-21T11:30:57Z,,county_summary_pdf_v1,1.1.1,1,verified,https://www.sweetwatercountywy.gov/departments/county_clerk/elections.php,,,county_complete,candidate,Sweetwater,,,MARY E. THOMAN,MARY E. THOMAN,,140,,wy|sweetwater|wy-2026-primary|county_local_summary|5947c9082afaa5cf507e0ed33a4d62ad34461f1cfbe9ba9976c69385593a5464|wy-2026-primary|county|sweetwater|precinct-committeewoman-20-2|rep|candidate|MARY E. THOMAN|Sweetwater|COUNTY
wy-2026-primary,wy|sweetwater|wy-2026-primary|county_local_summary,Sweetwater,wy-2026-primary|county|sweetwater|precinct-committeewoman-20-2|rep,REP PRECINCT COMMITTEEWOMAN 20-2,Precinct Committeewoman 20-2,county,,REP,REP,precinct,5947c9082afaa5cf507e0ed33a4d62ad34461f1cfbe9ba9976c69385593a5464,2026-08-21T11:30:57Z,,county_summary_pdf_v1,1.1.1,1,verified,https://www.sweetwatercountywy.gov/departments/county_clerk/elections.php,,,county_complete,write_in_aggregate,Sweetwater,,,,,,0,,wy|sweetwater|wy-2026-primary|county_local_summary|5947c9082afaa5cf507e0ed33a4d62ad34461f1cfbe9ba9976c69385593a5464|wy-2026-primary|county|sweetwater|precinct-committeewoman-20-2|rep|write_in_aggregate|write_in_aggregate|Sweetwater|COUNTY
wy-2026-primary,wy|sweetwater|wy-2026-primary|county_local_summary,Sweetwater,wy-2026-primary|county|sweetwater|precinct-committeewoman-20-2|rep,REP PRECINCT COMMITTEEWOMAN 20-2,Precinct Committeewoman 20-2,county,,REP,REP,precinct,5947c9082afaa5cf507e0ed33a4d62ad34461f1cfbe9ba9976c69385593a5464,2026-08-21T11:30:57Z,,county_summary_pdf_v1,1.1.1,1,verified,https://www.sweetwatercountywy.gov/departments/county_clerk/elections.php,,,county_complete,overvote,Sweetwater,,,,,,0,,wy|sweetwater|wy-2026-primary|county_local_summary|5947c9082afaa5cf507e0ed33a4d62ad34461f1cfbe9ba9976c69385593a5464|wy-2026-primary|county|sweetwater|precinct-committeewoman-20-2|rep|overvote|overvote|Sweetwater|COUNTY
wy-2026-primary,wy|sweetwater|wy-2026-primary|county_local_summary,Sweetwater,wy-2026-primary|county|sweetwater|precinct-committeewoman-20-2|rep,REP PRECINCT COMMITTEEWOMAN 20-2,Precinct Committeewoman 20-2,county,,REP,REP,precinct,5947c9082afaa5cf507e0ed33a4d62ad34461f1cfbe9ba9976c69385593a5464,2026-08-21T11:30:57Z,,county_summary_pdf_v1,1.1.1,1,verified,https://www.sweetwatercountywy.gov/departments/county_clerk/elections.php,,,county_complete,undervote,Sweetwater,,,,,,32,,wy|sweetwater|wy-2026-primary|county_local_summary|5947c9082afaa5cf507e0ed33a4d62ad34461f1cfbe9ba9976c69385593a5464|wy-2026-primary|county|sweetwater|precinct-committeewoman-20-2|rep|undervote|undervote|Sweetwater|COUNTY
wy-2026-primary,wy|sweetwater|wy-2026-primary|county_local_summary,Sweetwater,wy-2026-primary|county|sweetwater|precinct-committeewoman-21-1|rep,REP PRECINCT COMMITTEEWOMAN 21-1,Precinct Committeewoman 21-1,county,,REP,REP,precinct,5947c9082afaa5cf507e0ed33a4d62ad34461f1cfbe9ba9976c69385593a5464,2026-08-21T11:30:57Z,,county_summary_pdf_v1,1.1.1,1,verified,https://www.sweetwatercountywy.gov/departments/county_clerk/elections.php,,,county_complete,write_in_aggregate,Sweetwater,,,,,,1,,wy|sweetwater|wy-2026-primary|county_local_summary|5947c9082afaa5cf507e0ed33a4d62ad34461f1cfbe9ba9976c69385593a5464|wy-2026-primary|county|sweetwater|precinct-committeewoman-21-1|rep|write_in_aggregate|write_in_aggregate|Sweetwater|COUNTY
wy-2026-primary,wy|sweetwater|wy-2026-primary|county_local_summary,Sweetwater,wy-2026-primary|county|sweetwater|precinct-committeewoman-21-1|rep,REP PRECINCT COMMITTEEWOMAN 21-1,Precinct Committeewoman 21-1,county,,REP,REP,precinct,5947c9082afaa5cf507e0ed33a4d62ad34461f1cfbe9ba9976c69385593a5464,2026-08-21T11:30:57Z,,county_summary_pdf_v1,1.1.1,1,verified,https://www.sweetwatercountywy.gov/departments/county_clerk/elections.php,,,county_complete,overvote,Sweetwater,,,,,,0,,wy|sweetwater|wy-2026-primary|county_local_summary|5947c9082afaa5cf507e0ed33a4d62ad34461f1cfbe9ba9976c69385593a5464|wy-2026-primary|county|sweetwater|precinct-committeewoman-21-1|rep|overvote|overvote|Sweetwater|COUNTY
wy-2026-primary,wy|sweetwater|wy-2026-primary|county_local_summary,Sweetwater,wy-2026-primary|county|sweetwater|precinct-committeewoman-21-1|rep,REP PRECINCT COMMITTEEWOMAN 21-1,Precinct Committeewoman 21-1,county,,REP,REP,precinct,5947c9082afaa5cf507e0ed33a4d62ad34461f1cfbe9ba9976c69385593a5464,2026-08-21T11:30:57Z,,county_summary_pdf_v1,1.1.1,1,verified,https://www.sweetwatercountywy.gov/departments/county_clerk/elections.php,,,county_complete,undervote,Sweetwater,,,,,,10,,wy|sweetwater|wy-2026-primary|county_local_summary|5947c9082afaa5cf507e0ed33a4d62ad34461f1cfbe9ba9976c69385593a5464|wy-2026-primary|county|sweetwater|precinct-committeewoman-21-1|rep|undervote|undervote|Sweetwater|COUNTY
wy-2026-primary,wy|sweetwater|wy-2026-primary|county_local_summary,Sweetwater,wy-2026-primary|county|sweetwater|precinct-committeewoman-23-2|rep,REP PRECINCT COMMITTEEWOMAN 23-2,Precinct Committeewoman 23-2,county,,REP,REP,precinct,5947c9082afaa5cf507e0ed33a4d62ad34461f1cfbe9ba9976c69385593a5464,2026-08-21T11:30:57Z,,county_summary_pdf_v1,1.1.1,1,verified,https://www.sweetwatercountywy.gov/departments/county_clerk/elections.php,,,county_complete,write_in_aggregate,Sweetwater,,,,,,2,,wy|sweetwater|wy-2026-primary|county_local_summary|5947c9082afaa5cf507e0ed33a4d62ad34461f1cfbe9ba9976c69385593a5464|wy-2026-primary|county|sweetwater|precinct-committeewoman-23-2|rep|write_in_aggregate|write_in_aggregate|Sweetwater|COUNTY
wy-2026-primary,wy|sweetwater|wy-2026-primary|county_local_summary,Sweetwater,wy-2026-primary|county|sweetwater|precinct-committeewoman-23-2|rep,REP PRECINCT COMMITTEEWOMAN 23-2,Precinct Committeewoman 23-2,county,,REP,REP,precinct,5947c9082afaa5cf507e0ed33a4d62ad34461f1cfbe9ba9976c69385593a5464,2026-08-21T11:30:57Z,,county_summary_pdf_v1,1.1.1,1,verified,https://www.sweetwatercountywy.gov/departments/county_clerk/elections.php,,,county_complete,overvote,Sweetwater,,,,,,0,,wy|sweetwater|wy-2026-primary|county_local_summary|5947c9082afaa5cf507e0ed33a4d62ad34461f1cfbe9ba9976c69385593a5464|wy-2026-primary|county|sweetwater|precinct-committeewoman-23-2|rep|overvote|overvote|Sweetwater|COUNTY
wy-2026-primary,wy|sweetwater|wy-2026-primary|county_local_summary,Sweetwater,wy-2026-primary|county|sweetwater|precinct-committeewoman-23-2|rep,REP PRECINCT COMMITTEEWOMAN 23-2,Precinct Committeewoman 23-2,county,,REP,REP,precinct,5947c9082afaa5cf507e0ed33a4d62ad34461f1cfbe9ba9976c69385593a5464,2026-08-21T11:30:57Z,,county_summary_pdf_v1,1.1.1,1,verified,https://www.sweetwatercountywy.gov/departments/county_clerk/elections.php,,,county_complete,undervote,Sweetwater,,,,,,46,,wy|sweetwater|wy-2026-primary|county_local_summary|5947c9082afaa5cf507e0ed33a4d62ad34461f1cfbe9ba9976c69385593a5464|wy-2026-primary|county|sweetwater|precinct-committeewoman-23-2|rep|undervote|undervote|Sweetwater|COUNTY
wy-2026-primary,wy|sweetwater|wy-2026-primary|county_local_summary,Sweetwater,wy-2026-primary|county|sweetwater|precinct-committeewoman-24-1|rep,REP PRECINCT COMMITTEEWOMAN 24-1,Precinct Committeewoman 24-1,county,,REP,REP,precinct,5947c9082afaa5cf507e0ed33a4d62ad34461f1cfbe9ba9976c69385593a5464,2026-08-21T11:30:57Z,,county_summary_pdf_v1,1.1.1,1,verified,https://www.sweetwatercountywy.gov/departments/county_clerk/elections.php,,,county_complete,write_in_aggregate,Sweetwater,,,,,,1,,wy|sweetwater|wy-2026-primary|county_local_summary|5947c9082afaa5cf507e0ed33a4d62ad34461f1cfbe9ba9976c69385593a5464|wy-2026-primary|county|sweetwater|precinct-committeewoman-24-1|rep|write_in_aggregate|write_in_aggregate|Sweetwater|COUNTY
wy-2026-primary,wy|sweetwater|wy-2026-primary|county_local_summary,Sweetwater,wy-2026-primary|county|sweetwater|precinct-committeewoman-24-1|rep,REP PRECINCT COMMITTEEWOMAN 24-1,Precinct Committeewoman 24-1,county,,REP,REP,precinct,5947c9082afaa5cf507e0ed33a4d62ad34461f1cfbe9ba9976c69385593a5464,2026-08-21T11:30:57Z,,county_summary_pdf_v1,1.1.1,1,verified,https://www.sweetwatercountywy.gov/departments/county_clerk/elections.php,,,county_complete,overvote,Sweetwater,,,,,,0,,wy|sweetwater|wy-2026-primary|county_local_summary|5947c9082afaa5cf507e0ed33a4d62ad34461f1cfbe9ba9976c69385593a5464|wy-2026-primary|county|sweetwater|precinct-committeewoman-24-1|rep|overvote|overvote|Sweetwater|COUNTY
wy-2026-primary,wy|sweetwater|wy-2026-primary|county_local_summary,Sweetwater,wy-2026-primary|county|sweetwater|precinct-committeewoman-24-1|rep,REP PRECINCT COMMITTEEWOMAN 24-1,Precinct Committeewoman 24-1,county,,REP,REP,precinct,5947c9082afaa5cf507e0ed33a4d62ad34461f1cfbe9ba9976c69385593a5464,2026-08-21T11:30:57Z,,county_summary_pdf_v1,1.1.1,1,verified,https://www.sweetwatercountywy.gov/departments/county_clerk/elections.php,,,county_complete,undervote,Sweetwater,,,,,,48,,wy|sweetwater|wy-2026-primary|county_local_summary|5947c9082afaa5cf507e0ed33a4d62ad34461f1cfbe9ba9976c69385593a5464|wy-2026-primary|county|sweetwater|precinct-committeewoman-24-1|rep|undervote|undervote|Sweetwater|COUNTY
wy-2026-primary,wy|sweetwater|wy-2026-primary|county_local_summary,Sweetwater,wy-2026-primary|county|sweetwater|precinct-committeewoman-25-2|rep,REP PRECINCT COMMITTEEWOMAN 25-2,Precinct Committeewoman 25-2,county,,REP,REP,precinct,5947c9082afaa5cf507e0ed33a4d62ad34461f1cfbe9ba9976c69385593a5464,2026-08-21T11:30:57Z,,county_summary_pdf_v1,1.1.1,1,verified,https://www.sweetwatercountywy.gov/departments/county_clerk/elections.php,,,county_complete,write_in_aggregate,Sweetwater,,,,,,2,,wy|sweetwater|wy-2026-primary|county_local_summary|5947c9082afaa5cf507e0ed33a4d62ad34461f1cfbe9ba9976c69385593a5464|wy-2026-primary|county|sweetwater|precinct-committeewoman-25-2|rep|write_in_aggregate|write_in_aggregate|Sweetwater|COUNTY
wy-2026-primary,wy|sweetwater|wy-2026-primary|county_local_summary,Sweetwater,wy-2026-primary|county|sweetwater|precinct-committeewoman-25-2|rep,REP PRECINCT COMMITTEEWOMAN 25-2,Precinct Committeewoman 25-2,county,,REP,REP,precinct,5947c9082afaa5cf507e0ed33a4d62ad34461f1cfbe9ba9976c69385593a5464,2026-08-21T11:30:57Z,,county_summary_pdf_v1,1.1.1,1,verified,https://www.sweetwatercountywy.gov/departments/county_clerk/elections.php,,,county_complete,overvote,Sweetwater,,,,,,0,,wy|sweetwater|wy-2026-primary|county_local_summary|5947c9082afaa5cf507e0ed33a4d62ad34461f1cfbe9ba9976c69385593a5464|wy-2026-primary|county|sweetwater|precinct-committeewoman-25-2|rep|overvote|overvote|Sweetwater|COUNTY
wy-2026-primary,wy|sweetwater|wy-2026-primary|county_local_summary,Sweetwater,wy-2026-primary|county|sweetwater|precinct-committeewoman-25-2|rep,REP PRECINCT COMMITTEEWOMAN 25-2,Precinct Committeewoman 25-2,county,,REP,REP,precinct,5947c9082afaa5cf507e0ed33a4d62ad34461f1cfbe9ba9976c69385593a5464,2026-08-21T11:30:57Z,,county_summary_pdf_v1,1.1.1,1,verified,https://www.sweetwatercountywy.gov/departments/county_clerk/elections.php,,,county_complete,undervote,Sweetwater,,,,,,33,,wy|sweetwater|wy-2026-primary|county_local_summary|5947c9082afaa5cf507e0ed33a4d62ad34461f1cfbe9ba9976c69385593a5464|wy-2026-primary|county|sweetwater|precinct-committeewoman-25-2|rep|undervote|undervote|Sweetwater|COUNTY
wy-2026-primary,wy|sweetwater|wy-2026-primary|county_local_summary,Sweetwater,wy-2026-primary|county|sweetwater|county-commissioner|dem,DEM COUNTY COMMISSIONER,County Commissioner,county,,DEM,DEM,county,5947c9082afaa5cf507e0ed33a4d62ad34461f1cfbe9ba9976c69385593a5464,2026-08-21T11:30:57Z,,county_summary_pdf_v1,1.1.1,1,verified,https://www.sweetwatercountywy.gov/departments/county_clerk/elections.php,,,county_complete,candidate,Sweetwater,,,WAYNE SEVERSON,WAYNE SEVERSON,,925,,wy|sweetwater|wy-2026-primary|county_local_summary|5947c9082afaa5cf507e0ed33a4d62ad34461f1cfbe9ba9976c69385593a5464|wy-2026-primary|county|sweetwater|county-commissioner|dem|candidate|WAYNE SEVERSON|Sweetwater|COUNTY
wy-2026-primary,wy|sweetwater|wy-2026-primary|county_local_summary,Sweetwater,wy-2026-primary|county|sweetwater|county-commissioner|dem,DEM COUNTY COMMISSIONER,County Commissioner,county,,DEM,DEM,county,5947c9082afaa5cf507e0ed33a4d62ad34461f1cfbe9ba9976c69385593a5464,2026-08-21T11:30:57Z,,county_summary_pdf_v1,1.1.1,1,verified,https://www.sweetwatercountywy.gov/departments/county_clerk/elections.php,,,county_complete,write_in_aggregate,Sweetwater,,,,,,84,,wy|sweetwater|wy-2026-primary|county_local_summary|5947c9082afaa5cf507e0ed33a4d62ad34461f1cfbe9ba9976c69385593a5464|wy-2026-primary|county|sweetwater|county-commissioner|dem|write_in_aggregate|write_in_aggregate|Sweetwater|COUNTY
wy-2026-primary,wy|sweetwater|wy-2026-primary|county_local_summary,Sweetwater,wy-2026-primary|county|sweetwater|county-commissioner|dem,DEM COUNTY COMMISSIONER,County Commissioner,county,,DEM,DEM,county,5947c9082afaa5cf507e0ed33a4d62ad34461f1cfbe9ba9976c69385593a5464,2026-08-21T11:30:57Z,,county_summary_pdf_v1,1.1.1,1,verified,https://www.sweetwatercountywy.gov/departments/county_clerk/elections.php,,,county_complete,overvote,Sweetwater,,,,,,0,,wy|sweetwater|wy-2026-primary|county_local_summary|5947c9082afaa5cf507e0ed33a4d62ad34461f1cfbe9ba9976c69385593a5464|wy-2026-primary|county|sweetwater|county-commissioner|dem|overvote|overvote|Sweetwater|COUNTY
wy-2026-primary,wy|sweetwater|wy-2026-primary|county_local_summary,Sweetwater,wy-2026-primary|county|sweetwater|county-commissioner|dem,DEM COUNTY COMMISSIONER,County Commissioner,county,,DEM,DEM,county,5947c9082afaa5cf507e0ed33a4d62ad34461f1cfbe9ba9976c69385593a5464,2026-08-21T11:30:57Z,,county_summary_pdf_v1,1.1.1,1,verified,https://www.sweetwatercountywy.gov/departments/county_clerk/elections.php,,,county_complete,undervote,Sweetwater,,,,,,2630,,wy|sweetwater|wy-2026-primary|county_local_summary|5947c9082afaa5cf507e0ed33a4d62ad34461f1cfbe9ba9976c69385593a5464|wy-2026-primary|county|sweetwater|county-commissioner|dem|undervote|undervote|Sweetwater|COUNTY
wy-2026-primary,wy|sweetwater|wy-2026-primary|county_local_summary,Sweetwater,wy-2026-primary|county|sweetwater|county-coroner|dem,DEM COUNTY CORONER,County Coroner,county,,DEM,DEM,county,5947c9082afaa5cf507e0ed33a4d62ad34461f1cfbe9ba9976c69385593a5464,2026-08-21T11:30:57Z,,county_summary_pdf_v1,1.1.1,1,verified,https://www.sweetwatercountywy.gov/departments/county_clerk/elections.php,,,county_complete,write_in_aggregate,Sweetwater,,,,,,78,,wy|sweetwater|wy-2026-primary|county_local_summary|5947c9082afaa5cf507e0ed33a4d62ad34461f1cfbe9ba9976c69385593a5464|wy-2026-primary|county|sweetwater|county-coroner|dem|write_in_aggregate|write_in_aggregate|Sweetwater|COUNTY
wy-2026-primary,wy|sweetwater|wy-2026-primary|county_local_summary,Sweetwater,wy-2026-primary|county|sweetwater|county-coroner|dem,DEM COUNTY CORONER,County Coroner,county,,DEM,DEM,county,5947c9082afaa5cf507e0ed33a4d62ad34461f1cfbe9ba9976c69385593a5464,2026-08-21T11:30:57Z,,county_summary_pdf_v1,1.1.1,1,verified,https://www.sweetwatercountywy.gov/departments/county_clerk/elections.php,,,county_complete,overvote,Sweetwater,,,,,,0,,wy|sweetwater|wy-2026-primary|county_local_summary|5947c9082afaa5cf507e0ed33a4d62ad34461f1cfbe9ba9976c69385593a5464|wy-2026-primary|county|sweetwater|county-coroner|dem|overvote|overvote|Sweetwater|COUNTY
wy-2026-primary,wy|sweetwater|wy-2026-primary|county_local_summary,Sweetwater,wy-2026-primary|county|sweetwater|county-coroner|dem,DEM COUNTY CORONER,County Coroner,county,,DEM,DEM,county,5947c9082afaa5cf507e0ed33a4d62ad34461f1cfbe9ba9976c69385593a5464,2026-08-21T11:30:57Z,,county_summary_pdf_v1,1.1.1,1,verified,https://www.sweetwatercountywy.gov/departments/county_clerk/elections.php,,,county_complete,undervote,Sweetwater,,,,,,1135,,wy|sweetwater|wy-2026-primary|county_local_summary|5947c9082afaa5cf507e0ed33a4d62ad34461f1cfbe9ba9976c69385593a5464|wy-2026-primary|county|sweetwater|county-coroner|dem|undervote|undervote|Sweetwater|COUNTY
wy-2026-primary,wy|sweetwater|wy-2026-primary|county_local_summary,Sweetwater,wy-2026-primary|county|sweetwater|county-attorney|dem,DEM COUNTY ATTORNEY,County Attorney,county,,DEM,DEM,county,5947c9082afaa5cf507e0ed33a4d62ad34461f1cfbe9ba9976c69385593a5464,2026-08-21T11:30:57Z,,county_summary_pdf_v1,1.1.1,1,verified,https://www.sweetwatercountywy.gov/departments/county_clerk/elections.php,,,county_complete,write_in_aggregate,Sweetwater,,,,,,68,,wy|sweetwater|wy-2026-primary|county_local_summary|5947c9082afaa5cf507e0ed33a4d62ad34461f1cfbe9ba9976c69385593a5464|wy-2026-primary|county|sweetwater|county-attorney|dem|write_in_aggregate|write_in_aggregate|Sweetwater|COUNTY
wy-2026-primary,wy|sweetwater|wy-2026-primary|county_local_summary,Sweetwater,wy-2026-primary|county|sweetwater|county-attorney|dem,DEM COUNTY ATTORNEY,County Attorney,county,,DEM,DEM,county,5947c9082afaa5cf507e0ed33a4d62ad34461f1cfbe9ba9976c69385593a5464,2026-08-21T11:30:57Z,,county_summary_pdf_v1,1.1.1,1,verified,https://www.sweetwatercountywy.gov/departments/county_clerk/elections.php,,,county_complete,overvote,Sweetwater,,,,,,0,,wy|sweetwater|wy-2026-primary|county_local_summary|5947c9082afaa5cf507e0ed33a4d62ad34461f1cfbe9ba9976c69385593a5464|wy-2026-primary|county|sweetwater|county-attorney|dem|overvote|overvote|Sweetwater|COUNTY
wy-2026-primary,wy|sweetwater|wy-2026-primary|county_local_summary,Sweetwater,wy-2026-primary|county|sweetwater|county-attorney|dem,DEM COUNTY ATTORNEY,County Attorney,county,,DEM,DEM,county,5947c9082afaa5cf507e0ed33a4d62ad34461f1cfbe9ba9976c69385593a5464,2026-08-21T11:30:57Z,,county_summary_pdf_v1,1.1.1,1,verified,https://www.sweetwatercountywy.gov/departments/county_clerk/elections.php,,,county_complete,undervote,Sweetwater,,,,,,1145,,wy|sweetwater|wy-2026-primary|county_local_summary|5947c9082afaa5cf507e0ed33a4d62ad34461f1cfbe9ba9976c69385593a5464|wy-2026-primary|county|sweetwater|county-attorney|dem|undervote|undervote|Sweetwater|COUNTY
wy-2026-primary,wy|sweetwater|wy-2026-primary|county_local_summary,Sweetwater,wy-2026-primary|county|sweetwater|county-sheriff|dem,DEM COUNTY SHERIFF,County Sheriff,county,,DEM,DEM,county,5947c9082afaa5cf507e0ed33a4d62ad34461f1cfbe9ba9976c69385593a5464,2026-08-21T11:30:57Z,,county_summary_pdf_v1,1.1.1,1,verified,https://www.sweetwatercountywy.gov/departments/county_clerk/elections.php,,,county_complete,write_in_aggregate,Sweetwater,,,,,,201,,wy|sweetwater|wy-2026-primary|county_local_summary|5947c9082afaa5cf507e0ed33a4d62ad34461f1cfbe9ba9976c69385593a5464|wy-2026-primary|county|sweetwater|county-sheriff|dem|write_in_aggregate|write_in_aggregate|Sweetwater|COUNTY
wy-2026-primary,wy|sweetwater|wy-2026-primary|county_local_summary,Sweetwater,wy-2026-primary|county|sweetwater|county-sheriff|dem,DEM COUNTY SHERIFF,County Sheriff,county,,DEM,DEM,county,5947c9082afaa5cf507e0ed33a4d62ad34461f1cfbe9ba9976c69385593a5464,2026-08-21T11:30:57Z,,county_summary_pdf_v1,1.1.1,1,verified,https://www.sweetwatercountywy.gov/departments/county_clerk/elections.php,,,county_complete,overvote,Sweetwater,,,,,,0,,wy|sweetwater|wy-2026-primary|county_local_summary|5947c9082afaa5cf507e0ed33a4d62ad34461f1cfbe9ba9976c69385593a5464|wy-2026-primary|county|sweetwater|county-sheriff|dem|overvote|overvote|Sweetwater|COUNTY
wy-2026-primary,wy|sweetwater|wy-2026-primary|county_local_summary,Sweetwater,wy-2026-primary|county|sweetwater|county-sheriff|dem,DEM COUNTY SHERIFF,County Sheriff,county,,DEM,DEM,county,5947c9082afaa5cf507e0ed33a4d62ad34461f1cfbe9ba9976c69385593a5464,2026-08-21T11:30:57Z,,county_summary_pdf_v1,1.1.1,1,verified,https://www.sweetwatercountywy.gov/departments/county_clerk/elections.php,,,county_complete,undervote,Sweetwater,,,,,,1012,,wy|sweetwater|wy-2026-primary|county_local_summary|5947c9082afaa5cf507e0ed33a4d62ad34461f1cfbe9ba9976c69385593a5464|wy-2026-primary|county|sweetwater|county-sheriff|dem|undervote|undervote|Sweetwater|COUNTY
wy-2026-primary,wy|sweetwater|wy-2026-primary|county_local_summary,Sweetwater,wy-2026-primary|county|sweetwater|county-clerk|dem,DEM COUNTY CLERK,County Clerk,county,,DEM,DEM,county,5947c9082afaa5cf507e0ed33a4d62ad34461f1cfbe9ba9976c69385593a5464,2026-08-21T11:30:57Z,,county_summary_pdf_v1,1.1.1,1,verified,https://www.sweetwatercountywy.gov/departments/county_clerk/elections.php,,,county_complete,write_in_aggregate,Sweetwater,,,,,,79,,wy|sweetwater|wy-2026-primary|county_local_summary|5947c9082afaa5cf507e0ed33a4d62ad34461f1cfbe9ba9976c69385593a5464|wy-2026-primary|county|sweetwater|county-clerk|dem|write_in_aggregate|write_in_aggregate|Sweetwater|COUNTY
wy-2026-primary,wy|sweetwater|wy-2026-primary|county_local_summary,Sweetwater,wy-2026-primary|county|sweetwater|county-clerk|dem,DEM COUNTY CLERK,County Clerk,county,,DEM,DEM,county,5947c9082afaa5cf507e0ed33a4d62ad34461f1cfbe9ba9976c69385593a5464,2026-08-21T11:30:57Z,,county_summary_pdf_v1,1.1.1,1,verified,https://www.sweetwatercountywy.gov/departments/county_clerk/elections.php,,,county_complete,overvote,Sweetwater,,,,,,0,,wy|sweetwater|wy-2026-primary|county_local_summary|5947c9082afaa5cf507e0ed33a4d62ad34461f1cfbe9ba9976c69385593a5464|wy-2026-primary|county|sweetwater|county-clerk|dem|overvote|overvote|Sweetwater|COUNTY
wy-2026-primary,wy|sweetwater|wy-2026-primary|county_local_summary,Sweetwater,wy-2026-primary|county|sweetwater|county-clerk|dem,DEM COUNTY CLERK,County Clerk,county,,DEM,DEM,county,5947c9082afaa5cf507e0ed33a4d62ad34461f1cfbe9ba9976c69385593a5464,2026-08-21T11:30:57Z,,county_summary_pdf_v1,1.1.1,1,verified,https://www.sweetwatercountywy.gov/departments/county_clerk/elections.php,,,county_complete,undervote,Sweetwater,,,,,,1134,,wy|sweetwater|wy-2026-primary|county_local_summary|5947c9082afaa5cf507e0ed33a4d62ad34461f1cfbe9ba9976c69385593a5464|wy-2026-primary|county|sweetwater|county-clerk|dem|undervote|undervote|Sweetwater|COUNTY
wy-2026-primary,wy|sweetwater|wy-2026-primary|county_local_summary,Sweetwater,wy-2026-primary|county|sweetwater|county-treasurer|dem,DEM COUNTY TREASURER,County Treasurer,county,,DEM,DEM,county,5947c9082afaa5cf507e0ed33a4d62ad34461f1cfbe9ba9976c69385593a5464,2026-08-21T11:30:57Z,,county_summary_pdf_v1,1.1.1,1,verified,https://www.sweetwatercountywy.gov/departments/county_clerk/elections.php,,,county_complete,write_in_aggregate,Sweetwater,,,,,,58,,wy|sweetwater|wy-2026-primary|county_local_summary|5947c9082afaa5cf507e0ed33a4d62ad34461f1cfbe9ba9976c69385593a5464|wy-2026-primary|county|sweetwater|county-treasurer|dem|write_in_aggregate|write_in_aggregate|Sweetwater|COUNTY
wy-2026-primary,wy|sweetwater|wy-2026-primary|county_local_summary,Sweetwater,wy-2026-primary|county|sweetwater|county-treasurer|dem,DEM COUNTY TREASURER,County Treasurer,county,,DEM,DEM,county,5947c9082afaa5cf507e0ed33a4d62ad34461f1cfbe9ba9976c69385593a5464,2026-08-21T11:30:57Z,,county_summary_pdf_v1,1.1.1,1,verified,https://www.sweetwatercountywy.gov/departments/county_clerk/elections.php,,,county_complete,overvote,Sweetwater,,,,,,0,,wy|sweetwater|wy-2026-primary|county_local_summary|5947c9082afaa5cf507e0ed33a4d62ad34461f1cfbe9ba9976c69385593a5464|wy-2026-primary|county|sweetwater|county-treasurer|dem|overvote|overvote|Sweetwater|COUNTY
wy-2026-primary,wy|sweetwater|wy-2026-primary|county_local_summary,Sweetwater,wy-2026-primary|county|sweetwater|county-treasurer|dem,DEM COUNTY TREASURER,County Treasurer,county,,DEM,DEM,county,5947c9082afaa5cf507e0ed33a4d62ad34461f1cfbe9ba9976c69385593a5464,2026-08-21T11:30:57Z,,county_summary_pdf_v1,1.1.1,1,verified,https://www.sweetwatercountywy.gov/departments/county_clerk/elections.php,,,county_complete,undervote,Sweetwater,,,,,,1155,,wy|sweetwater|wy-2026-primary|county_local_summary|5947c9082afaa5cf507e0ed33a4d62ad34461f1cfbe9ba9976c69385593a5464|wy-2026-primary|county|sweetwater|county-treasurer|dem|undervote|undervote|Sweetwater|COUNTY
wy-2026-primary,wy|sweetwater|wy-2026-primary|county_local_summary,Sweetwater,wy-2026-primary|county|sweetwater|county-assessor|dem,DEM COUNTY ASSESSOR,County Assessor,county,,DEM,DEM,county,5947c9082afaa5cf507e0ed33a4d62ad34461f1cfbe9ba9976c69385593a5464,2026-08-21T11:30:57Z,,county_summary_pdf_v1,1.1.1,1,verified,https://www.sweetwatercountywy.gov/departments/county_clerk/elections.php,,,county_complete,write_in_aggregate,Sweetwater,,,,,,49,,wy|sweetwater|wy-2026-primary|county_local_summary|5947c9082afaa5cf507e0ed33a4d62ad34461f1cfbe9ba9976c69385593a5464|wy-2026-primary|county|sweetwater|county-assessor|dem|write_in_aggregate|write_in_aggregate|Sweetwater|COUNTY
wy-2026-primary,wy|sweetwater|wy-2026-primary|county_local_summary,Sweetwater,wy-2026-primary|county|sweetwater|county-assessor|dem,DEM COUNTY ASSESSOR,County Assessor,county,,DEM,DEM,county,5947c9082afaa5cf507e0ed33a4d62ad34461f1cfbe9ba9976c69385593a5464,2026-08-21T11:30:57Z,,county_summary_pdf_v1,1.1.1,1,verified,https://www.sweetwatercountywy.gov/departments/county_clerk/elections.php,,,county_complete,overvote,Sweetwater,,,,,,0,,wy|sweetwater|wy-2026-primary|county_local_summary|5947c9082afaa5cf507e0ed33a4d62ad34461f1cfbe9ba9976c69385593a5464|wy-2026-primary|county|sweetwater|county-assessor|dem|overvote|overvote|Sweetwater|COUNTY
wy-2026-primary,wy|sweetwater|wy-2026-primary|county_local_summary,Sweetwater,wy-2026-primary|county|sweetwater|county-assessor|dem,DEM COUNTY ASSESSOR,County Assessor,county,,DEM,DEM,county,5947c9082afaa5cf507e0ed33a4d62ad34461f1cfbe9ba9976c69385593a5464,2026-08-21T11:30:57Z,,county_summary_pdf_v1,1.1.1,1,verified,https://www.sweetwatercountywy.gov/departments/county_clerk/elections.php,,,county_complete,undervote,Sweetwater,,,,,,1164,,wy|sweetwater|wy-2026-primary|county_local_summary|5947c9082afaa5cf507e0ed33a4d62ad34461f1cfbe9ba9976c69385593a5464|wy-2026-primary|county|sweetwater|county-assessor|dem|undervote|undervote|Sweetwater|COUNTY
wy-2026-primary,wy|sweetwater|wy-2026-primary|county_local_summary,Sweetwater,wy-2026-primary|county|sweetwater|clerk-of-district-court|dem,DEM CLERK OF THE DISTRICT COURT,Clerk Of District Court,county,,DEM,DEM,county,5947c9082afaa5cf507e0ed33a4d62ad34461f1cfbe9ba9976c69385593a5464,2026-08-21T11:30:57Z,,county_summary_pdf_v1,1.1.1,1,verified,https://www.sweetwatercountywy.gov/departments/county_clerk/elections.php,,,county_complete,write_in_aggregate,Sweetwater,,,,,,48,,wy|sweetwater|wy-2026-primary|county_local_summary|5947c9082afaa5cf507e0ed33a4d62ad34461f1cfbe9ba9976c69385593a5464|wy-2026-primary|county|sweetwater|clerk-of-district-court|dem|write_in_aggregate|write_in_aggregate|Sweetwater|COUNTY
wy-2026-primary,wy|sweetwater|wy-2026-primary|county_local_summary,Sweetwater,wy-2026-primary|county|sweetwater|clerk-of-district-court|dem,DEM CLERK OF THE DISTRICT COURT,Clerk Of District Court,county,,DEM,DEM,county,5947c9082afaa5cf507e0ed33a4d62ad34461f1cfbe9ba9976c69385593a5464,2026-08-21T11:30:57Z,,county_summary_pdf_v1,1.1.1,1,verified,https://www.sweetwatercountywy.gov/departments/county_clerk/elections.php,,,county_complete,overvote,Sweetwater,,,,,,0,,wy|sweetwater|wy-2026-primary|county_local_summary|5947c9082afaa5cf507e0ed33a4d62ad34461f1cfbe9ba9976c69385593a5464|wy-2026-primary|county|sweetwater|clerk-of-district-court|dem|overvote|overvote|Sweetwater|COUNTY
wy-2026-primary,wy|sweetwater|wy-2026-primary|county_local_summary,Sweetwater,wy-2026-primary|county|sweetwater|clerk-of-district-court|dem,DEM CLERK OF THE DISTRICT COURT,Clerk Of District Court,county,,DEM,DEM,county,5947c9082afaa5cf507e0ed33a4d62ad34461f1cfbe9ba9976c69385593a5464,2026-08-21T11:30:57Z,,county_summary_pdf_v1,1.1.1,1,verified,https://www.sweetwatercountywy.gov/departments/county_clerk/elections.php,,,county_complete,undervote,Sweetwater,,,,,,1165,,wy|sweetwater|wy-2026-primary|county_local_summary|5947c9082afaa5cf507e0ed33a4d62ad34461f1cfbe9ba9976c69385593a5464|wy-2026-primary|county|sweetwater|clerk-of-district-court|dem|undervote|undervote|Sweetwater|COUNTY
wy-2026-primary,wy|sweetwater|wy-2026-primary|county_local_summary,Sweetwater,wy-2026-primary|county|sweetwater|precinct-committeeman-1-2|dem,DEM PRECINCT COMMITTEEMAN 01-2,Precinct Committeeman 1-2,county,,DEM,DEM,precinct,5947c9082afaa5cf507e0ed33a4d62ad34461f1cfbe9ba9976c69385593a5464,2026-08-21T11:30:57Z,,county_summary_pdf_v1,1.1.1,1,verified,https://www.sweetwatercountywy.gov/departments/county_clerk/elections.php,,,county_complete,write_in_aggregate,Sweetwater,,,,,,0,,wy|sweetwater|wy-2026-primary|county_local_summary|5947c9082afaa5cf507e0ed33a4d62ad34461f1cfbe9ba9976c69385593a5464|wy-2026-primary|county|sweetwater|precinct-committeeman-1-2|dem|write_in_aggregate|write_in_aggregate|Sweetwater|COUNTY
wy-2026-primary,wy|sweetwater|wy-2026-primary|county_local_summary,Sweetwater,wy-2026-primary|county|sweetwater|precinct-committeeman-1-2|dem,DEM PRECINCT COMMITTEEMAN 01-2,Precinct Committeeman 1-2,county,,DEM,DEM,precinct,5947c9082afaa5cf507e0ed33a4d62ad34461f1cfbe9ba9976c69385593a5464,2026-08-21T11:30:57Z,,county_summary_pdf_v1,1.1.1,1,verified,https://www.sweetwatercountywy.gov/departments/county_clerk/elections.php,,,county_complete,overvote,Sweetwater,,,,,,0,,wy|sweetwater|wy-2026-primary|county_local_summary|5947c9082afaa5cf507e0ed33a4d62ad34461f1cfbe9ba9976c69385593a5464|wy-2026-primary|county|sweetwater|precinct-committeeman-1-2|dem|overvote|overvote|Sweetwater|COUNTY
wy-2026-primary,wy|sweetwater|wy-2026-primary|county_local_summary,Sweetwater,wy-2026-primary|county|sweetwater|precinct-committeeman-1-2|dem,DEM PRECINCT COMMITTEEMAN 01-2,Precinct Committeeman 1-2,county,,DEM,DEM,precinct,5947c9082afaa5cf507e0ed33a4d62ad34461f1cfbe9ba9976c69385593a5464,2026-08-21T11:30:57Z,,county_summary_pdf_v1,1.1.1,1,verified,https://www.sweetwatercountywy.gov/departments/county_clerk/elections.php,,,county_complete,undervote,Sweetwater,,,,,,6,,wy|sweetwater|wy-2026-primary|county_local_summary|5947c9082afaa5cf507e0ed33a4d62ad34461f1cfbe9ba9976c69385593a5464|wy-2026-primary|county|sweetwater|precinct-committeeman-1-2|dem|undervote|undervote|Sweetwater|COUNTY
wy-2026-primary,wy|sweetwater|wy-2026-primary|county_local_summary,Sweetwater,wy-2026-primary|county|sweetwater|precinct-committeeman-3-4|dem,DEM PRECINCT COMMITTEEMAN 03-4,Precinct Committeeman 3-4,county,,DEM,DEM,precinct,5947c9082afaa5cf507e0ed33a4d62ad34461f1cfbe9ba9976c69385593a5464,2026-08-21T11:30:57Z,,county_summary_pdf_v1,1.1.1,1,verified,https://www.sweetwatercountywy.gov/departments/county_clerk/elections.php,,,county_complete,write_in_aggregate,Sweetwater,,,,,,1,,wy|sweetwater|wy-2026-primary|county_local_summary|5947c9082afaa5cf507e0ed33a4d62ad34461f1cfbe9ba9976c69385593a5464|wy-2026-primary|county|sweetwater|precinct-committeeman-3-4|dem|write_in_aggregate|write_in_aggregate|Sweetwater|COUNTY
wy-2026-primary,wy|sweetwater|wy-2026-primary|county_local_summary,Sweetwater,wy-2026-primary|county|sweetwater|precinct-committeeman-3-4|dem,DEM PRECINCT COMMITTEEMAN 03-4,Precinct Committeeman 3-4,county,,DEM,DEM,precinct,5947c9082afaa5cf507e0ed33a4d62ad34461f1cfbe9ba9976c69385593a5464,2026-08-21T11:30:57Z,,county_summary_pdf_v1,1.1.1,1,verified,https://www.sweetwatercountywy.gov/departments/county_clerk/elections.php,,,county_complete,overvote,Sweetwater,,,,,,0,,wy|sweetwater|wy-2026-primary|county_local_summary|5947c9082afaa5cf507e0ed33a4d62ad34461f1cfbe9ba9976c69385593a5464|wy-2026-primary|county|sweetwater|precinct-committeeman-3-4|dem|overvote|overvote|Sweetwater|COUNTY
wy-2026-primary,wy|sweetwater|wy-2026-primary|county_local_summary,Sweetwater,wy-2026-primary|county|sweetwater|precinct-committeeman-3-4|dem,DEM PRECINCT COMMITTEEMAN 03-4,Precinct Committeeman 3-4,county,,DEM,DEM,precinct,5947c9082afaa5cf507e0ed33a4d62ad34461f1cfbe9ba9976c69385593a5464,2026-08-21T11:30:57Z,,county_summary_pdf_v1,1.1.1,1,verified,https://www.sweetwatercountywy.gov/departments/county_clerk/elections.php,,,county_complete,undervote,Sweetwater,,,,,,8,,wy|sweetwater|wy-2026-primary|county_local_summary|5947c9082afaa5cf507e0ed33a4d62ad34461f1cfbe9ba9976c69385593a5464|wy-2026-primary|county|sweetwater|precinct-committeeman-3-4|dem|undervote|undervote|Sweetwater|COUNTY
wy-2026-primary,wy|sweetwater|wy-2026-primary|county_local_summary,Sweetwater,wy-2026-primary|county|sweetwater|precinct-committeeman-3-6|dem,DEM PRECINCT COMMITTEEMAN 03-6,Precinct Committeeman 3-6,county,,DEM,DEM,precinct,5947c9082afaa5cf507e0ed33a4d62ad34461f1cfbe9ba9976c69385593a5464,2026-08-21T11:30:57Z,,county_summary_pdf_v1,1.1.1,1,verified,https://www.sweetwatercountywy.gov/departments/county_clerk/elections.php,,,county_complete,write_in_aggregate,Sweetwater,,,,,,2,,wy|sweetwater|wy-2026-primary|county_local_summary|5947c9082afaa5cf507e0ed33a4d62ad34461f1cfbe9ba9976c69385593a5464|wy-2026-primary|county|sweetwater|precinct-committeeman-3-6|dem|write_in_aggregate|write_in_aggregate|Sweetwater|COUNTY
wy-2026-primary,wy|sweetwater|wy-2026-primary|county_local_summary,Sweetwater,wy-2026-primary|county|sweetwater|precinct-committeeman-3-6|dem,DEM PRECINCT COMMITTEEMAN 03-6,Precinct Committeeman 3-6,county,,DEM,DEM,precinct,5947c9082afaa5cf507e0ed33a4d62ad34461f1cfbe9ba9976c69385593a5464,2026-08-21T11:30:57Z,,county_summary_pdf_v1,1.1.1,1,verified,https://www.sweetwatercountywy.gov/departments/county_clerk/elections.php,,,county_complete,overvote,Sweetwater,,,,,,0,,wy|sweetwater|wy-2026-primary|county_local_summary|5947c9082afaa5cf507e0ed33a4d62ad34461f1cfbe9ba9976c69385593a5464|wy-2026-primary|county|sweetwater|precinct-committeeman-3-6|dem|overvote|overvote|Sweetwater|COUNTY
wy-2026-primary,wy|sweetwater|wy-2026-primary|county_local_summary,Sweetwater,wy-2026-primary|county|sweetwater|precinct-committeeman-3-6|dem,DEM PRECINCT COMMITTEEMAN 03-6,Precinct Committeeman 3-6,county,,DEM,DEM,precinct,5947c9082afaa5cf507e0ed33a4d62ad34461f1cfbe9ba9976c69385593a5464,2026-08-21T11:30:57Z,,county_summary_pdf_v1,1.1.1,1,verified,https://www.sweetwatercountywy.gov/departments/county_clerk/elections.php,,,county_complete,undervote,Sweetwater,,,,,,43,,wy|sweetwater|wy-2026-primary|county_local_summary|5947c9082afaa5cf507e0ed33a4d62ad34461f1cfbe9ba9976c69385593a5464|wy-2026-primary|county|sweetwater|precinct-committeeman-3-6|dem|undervote|undervote|Sweetwater|COUNTY
wy-2026-primary,wy|sweetwater|wy-2026-primary|county_local_summary,Sweetwater,wy-2026-primary|county|sweetwater|precinct-committeeman-3-7|dem,DEM PRECINCT COMMITTEEMAN 03-7,Precinct Committeeman 3-7,county,,DEM,DEM,precinct,5947c9082afaa5cf507e0ed33a4d62ad34461f1cfbe9ba9976c69385593a5464,2026-08-21T11:30:57Z,,county_summary_pdf_v1,1.1.1,1,verified,https://www.sweetwatercountywy.gov/departments/county_clerk/elections.php,,,county_complete,write_in_aggregate,Sweetwater,,,,,,8,,wy|sweetwater|wy-2026-primary|county_local_summary|5947c9082afaa5cf507e0ed33a4d62ad34461f1cfbe9ba9976c69385593a5464|wy-2026-primary|county|sweetwater|precinct-committeeman-3-7|dem|write_in_aggregate|write_in_aggregate|Sweetwater|COUNTY
wy-2026-primary,wy|sweetwater|wy-2026-primary|county_local_summary,Sweetwater,wy-2026-primary|county|sweetwater|precinct-committeeman-3-7|dem,DEM PRECINCT COMMITTEEMAN 03-7,Precinct Committeeman 3-7,county,,DEM,DEM,precinct,5947c9082afaa5cf507e0ed33a4d62ad34461f1cfbe9ba9976c69385593a5464,2026-08-21T11:30:57Z,,county_summary_pdf_v1,1.1.1,1,verified,https://www.sweetwatercountywy.gov/departments/county_clerk/elections.php,,,county_complete,overvote,Sweetwater,,,,,,0,,wy|sweetwater|wy-2026-primary|county_local_summary|5947c9082afaa5cf507e0ed33a4d62ad34461f1cfbe9ba9976c69385593a5464|wy-2026-primary|county|sweetwater|precinct-committeeman-3-7|dem|overvote|overvote|Sweetwater|COUNTY
wy-2026-primary,wy|sweetwater|wy-2026-primary|county_local_summary,Sweetwater,wy-2026-primary|county|sweetwater|precinct-committeeman-3-7|dem,DEM PRECINCT COMMITTEEMAN 03-7,Precinct Committeeman 3-7,county,,DEM,DEM,precinct,5947c9082afaa5cf507e0ed33a4d62ad34461f1cfbe9ba9976c69385593a5464,2026-08-21T11:30:57Z,,county_summary_pdf_v1,1.1.1,1,verified,https://www.sweetwatercountywy.gov/departments/county_clerk/elections.php,,,county_complete,undervote,Sweetwater,,,,,,112,,wy|sweetwater|wy-2026-primary|county_local_summary|5947c9082afaa5cf507e0ed33a4d62ad34461f1cfbe9ba9976c69385593a5464|wy-2026-primary|county|sweetwater|precinct-committeeman-3-7|dem|undervote|undervote|Sweetwater|COUNTY
wy-2026-primary,wy|sweetwater|wy-2026-primary|county_local_summary,Sweetwater,wy-2026-primary|county|sweetwater|precinct-committeeman-4-1|dem,DEM PRECINCT COMMITTEEMAN 04-1,Precinct Committeeman 4-1,county,,DEM,DEM,precinct,5947c9082afaa5cf507e0ed33a4d62ad34461f1cfbe9ba9976c69385593a5464,2026-08-21T11:30:57Z,,county_summary_pdf_v1,1.1.1,1,verified,https://www.sweetwatercountywy.gov/departments/county_clerk/elections.php,,,county_complete,write_in_aggregate,Sweetwater,,,,,,3,,wy|sweetwater|wy-2026-primary|county_local_summary|5947c9082afaa5cf507e0ed33a4d62ad34461f1cfbe9ba9976c69385593a5464|wy-2026-primary|county|sweetwater|precinct-committeeman-4-1|dem|write_in_aggregate|write_in_aggregate|Sweetwater|COUNTY
wy-2026-primary,wy|sweetwater|wy-2026-primary|county_local_summary,Sweetwater,wy-2026-primary|county|sweetwater|precinct-committeeman-4-1|dem,DEM PRECINCT COMMITTEEMAN 04-1,Precinct Committeeman 4-1,county,,DEM,DEM,precinct,5947c9082afaa5cf507e0ed33a4d62ad34461f1cfbe9ba9976c69385593a5464,2026-08-21T11:30:57Z,,county_summary_pdf_v1,1.1.1,1,verified,https://www.sweetwatercountywy.gov/departments/county_clerk/elections.php,,,county_complete,overvote,Sweetwater,,,,,,0,,wy|sweetwater|wy-2026-primary|county_local_summary|5947c9082afaa5cf507e0ed33a4d62ad34461f1cfbe9ba9976c69385593a5464|wy-2026-primary|county|sweetwater|precinct-committeeman-4-1|dem|overvote|overvote|Sweetwater|COUNTY
wy-2026-primary,wy|sweetwater|wy-2026-primary|county_local_summary,Sweetwater,wy-2026-primary|county|sweetwater|precinct-committeeman-4-1|dem,DEM PRECINCT COMMITTEEMAN 04-1,Precinct Committeeman 4-1,county,,DEM,DEM,precinct,5947c9082afaa5cf507e0ed33a4d62ad34461f1cfbe9ba9976c69385593a5464,2026-08-21T11:30:57Z,,county_summary_pdf_v1,1.1.1,1,verified,https://www.sweetwatercountywy.gov/departments/county_clerk/elections.php,,,county_complete,undervote,Sweetwater,,,,,,44,,wy|sweetwater|wy-2026-primary|county_local_summary|5947c9082afaa5cf507e0ed33a4d62ad34461f1cfbe9ba9976c69385593a5464|wy-2026-primary|county|sweetwater|precinct-committeeman-4-1|dem|undervote|undervote|Sweetwater|COUNTY
wy-2026-primary,wy|sweetwater|wy-2026-primary|county_local_summary,Sweetwater,wy-2026-primary|county|sweetwater|precinct-committeeman-4-4|dem,DEM PRECINCT COMMITTEEMAN 04-4,Precinct Committeeman 4-4,county,,DEM,DEM,precinct,5947c9082afaa5cf507e0ed33a4d62ad34461f1cfbe9ba9976c69385593a5464,2026-08-21T11:30:57Z,,county_summary_pdf_v1,1.1.1,1,verified,https://www.sweetwatercountywy.gov/departments/county_clerk/elections.php,,,county_complete,write_in_aggregate,Sweetwater,,,,,,3,,wy|sweetwater|wy-2026-primary|county_local_summary|5947c9082afaa5cf507e0ed33a4d62ad34461f1cfbe9ba9976c69385593a5464|wy-2026-primary|county|sweetwater|precinct-committeeman-4-4|dem|write_in_aggregate|write_in_aggregate|Sweetwater|COUNTY
wy-2026-primary,wy|sweetwater|wy-2026-primary|county_local_summary,Sweetwater,wy-2026-primary|county|sweetwater|precinct-committeeman-4-4|dem,DEM PRECINCT COMMITTEEMAN 04-4,Precinct Committeeman 4-4,county,,DEM,DEM,precinct,5947c9082afaa5cf507e0ed33a4d62ad34461f1cfbe9ba9976c69385593a5464,2026-08-21T11:30:57Z,,county_summary_pdf_v1,1.1.1,1,verified,https://www.sweetwatercountywy.gov/departments/county_clerk/elections.php,,,county_complete,overvote,Sweetwater,,,,,,0,,wy|sweetwater|wy-2026-primary|county_local_summary|5947c9082afaa5cf507e0ed33a4d62ad34461f1cfbe9ba9976c69385593a5464|wy-2026-primary|county|sweetwater|precinct-committeeman-4-4|dem|overvote|overvote|Sweetwater|COUNTY
wy-2026-primary,wy|sweetwater|wy-2026-primary|county_local_summary,Sweetwater,wy-2026-primary|county|sweetwater|precinct-committeeman-4-4|dem,DEM PRECINCT COMMITTEEMAN 04-4,Precinct Committeeman 4-4,county,,DEM,DEM,precinct,5947c9082afaa5cf507e0ed33a4d62ad34461f1cfbe9ba9976c69385593a5464,2026-08-21T11:30:57Z,,county_summary_pdf_v1,1.1.1,1,verified,https://www.sweetwatercountywy.gov/departments/county_clerk/elections.php,,,county_complete,undervote,Sweetwater,,,,,,55,,wy|sweetwater|wy-2026-primary|county_local_summary|5947c9082afaa5cf507e0ed33a4d62ad34461f1cfbe9ba9976c69385593a5464|wy-2026-primary|county|sweetwater|precinct-committeeman-4-4|dem|undervote|undervote|Sweetwater|COUNTY
wy-2026-primary,wy|sweetwater|wy-2026-primary|county_local_summary,Sweetwater,wy-2026-primary|county|sweetwater|precinct-committeeman-4-5|dem,DEM PRECINCT COMMITTEEMAN 04-5,Precinct Committeeman 4-5,county,,DEM,DEM,precinct,5947c9082afaa5cf507e0ed33a4d62ad34461f1cfbe9ba9976c69385593a5464,2026-08-21T11:30:57Z,,county_summary_pdf_v1,1.1.1,1,verified,https://www.sweetwatercountywy.gov/departments/county_clerk/elections.php,,,county_complete,write_in_aggregate,Sweetwater,,,,,,1,,wy|sweetwater|wy-2026-primary|county_local_summary|5947c9082afaa5cf507e0ed33a4d62ad34461f1cfbe9ba9976c69385593a5464|wy-2026-primary|county|sweetwater|precinct-committeeman-4-5|dem|write_in_aggregate|write_in_aggregate|Sweetwater|COUNTY
wy-2026-primary,wy|sweetwater|wy-2026-primary|county_local_summary,Sweetwater,wy-2026-primary|county|sweetwater|precinct-committeeman-4-5|dem,DEM PRECINCT COMMITTEEMAN 04-5,Precinct Committeeman 4-5,county,,DEM,DEM,precinct,5947c9082afaa5cf507e0ed33a4d62ad34461f1cfbe9ba9976c69385593a5464,2026-08-21T11:30:57Z,,county_summary_pdf_v1,1.1.1,1,verified,https://www.sweetwatercountywy.gov/departments/county_clerk/elections.php,,,county_complete,overvote,Sweetwater,,,,,,0,,wy|sweetwater|wy-2026-primary|county_local_summary|5947c9082afaa5cf507e0ed33a4d62ad34461f1cfbe9ba9976c69385593a5464|wy-2026-primary|county|sweetwater|precinct-committeeman-4-5|dem|overvote|overvote|Sweetwater|COUNTY
wy-2026-primary,wy|sweetwater|wy-2026-primary|county_local_summary,Sweetwater,wy-2026-primary|county|sweetwater|precinct-committeeman-4-5|dem,DEM PRECINCT COMMITTEEMAN 04-5,Precinct Committeeman 4-5,county,,DEM,DEM,precinct,5947c9082afaa5cf507e0ed33a4d62ad34461f1cfbe9ba9976c69385593a5464,2026-08-21T11:30:57Z,,county_summary_pdf_v1,1.1.1,1,verified,https://www.sweetwatercountywy.gov/departments/county_clerk/elections.php,,,county_complete,undervote,Sweetwater,,,,,,26,,wy|sweetwater|wy-2026-primary|county_local_summary|5947c9082afaa5cf507e0ed33a4d62ad34461f1cfbe9ba9976c69385593a5464|wy-2026-primary|county|sweetwater|precinct-committeeman-4-5|dem|undervote|undervote|Sweetwater|COUNTY
wy-2026-primary,wy|sweetwater|wy-2026-primary|county_local_summary,Sweetwater,wy-2026-primary|county|sweetwater|precinct-committeeman-4-6|dem,DEM PRECINCT COMMITTEEMAN 04-6,Precinct Committeeman 4-6,county,,DEM,DEM,precinct,5947c9082afaa5cf507e0ed33a4d62ad34461f1cfbe9ba9976c69385593a5464,2026-08-21T11:30:57Z,,county_summary_pdf_v1,1.1.1,1,verified,https://www.sweetwatercountywy.gov/departments/county_clerk/elections.php,,,county_complete,write_in_aggregate,Sweetwater,,,,,,2,,wy|sweetwater|wy-2026-primary|county_local_summary|5947c9082afaa5cf507e0ed33a4d62ad34461f1cfbe9ba9976c69385593a5464|wy-2026-primary|county|sweetwater|precinct-committeeman-4-6|dem|write_in_aggregate|write_in_aggregate|Sweetwater|COUNTY
wy-2026-primary,wy|sweetwater|wy-2026-primary|county_local_summary,Sweetwater,wy-2026-primary|county|sweetwater|precinct-committeeman-4-6|dem,DEM PRECINCT COMMITTEEMAN 04-6,Precinct Committeeman 4-6,county,,DEM,DEM,precinct,5947c9082afaa5cf507e0ed33a4d62ad34461f1cfbe9ba9976c69385593a5464,2026-08-21T11:30:57Z,,county_summary_pdf_v1,1.1.1,1,verified,https://www.sweetwatercountywy.gov/departments/county_clerk/elections.php,,,county_complete,overvote,Sweetwater,,,,,,0,,wy|sweetwater|wy-2026-primary|county_local_summary|5947c9082afaa5cf507e0ed33a4d62ad34461f1cfbe9ba9976c69385593a5464|wy-2026-primary|county|sweetwater|precinct-committeeman-4-6|dem|overvote|overvote|Sweetwater|COUNTY
wy-2026-primary,wy|sweetwater|wy-2026-primary|county_local_summary,Sweetwater,wy-2026-primary|county|sweetwater|precinct-committeeman-4-6|dem,DEM PRECINCT COMMITTEEMAN 04-6,Precinct Committeeman 4-6,county,,DEM,DEM,precinct,5947c9082afaa5cf507e0ed33a4d62ad34461f1cfbe9ba9976c69385593a5464,2026-08-21T11:30:57Z,,county_summary_pdf_v1,1.1.1,1,verified,https://www.sweetwatercountywy.gov/departments/county_clerk/elections.php,,,county_complete,undervote,Sweetwater,,,,,,13,,wy|sweetwater|wy-2026-primary|county_local_summary|5947c9082afaa5cf507e0ed33a4d62ad34461f1cfbe9ba9976c69385593a5464|wy-2026-primary|county|sweetwater|precinct-committeeman-4-6|dem|undervote|undervote|Sweetwater|COUNTY
wy-2026-primary,wy|sweetwater|wy-2026-primary|county_local_summary,Sweetwater,wy-2026-primary|county|sweetwater|precinct-committeeman-4-7|dem,DEM PRECINCT COMMITTEEMAN 04-7,Precinct Committeeman 4-7,county,,DEM,DEM,precinct,5947c9082afaa5cf507e0ed33a4d62ad34461f1cfbe9ba9976c69385593a5464,2026-08-21T11:30:57Z,,county_summary_pdf_v1,1.1.1,1,verified,https://www.sweetwatercountywy.gov/departments/county_clerk/elections.php,,,county_complete,write_in_aggregate,Sweetwater,,,,,,0,,wy|sweetwater|wy-2026-primary|county_local_summary|5947c9082afaa5cf507e0ed33a4d62ad34461f1cfbe9ba9976c69385593a5464|wy-2026-primary|county|sweetwater|precinct-committeeman-4-7|dem|write_in_aggregate|write_in_aggregate|Sweetwater|COUNTY
wy-2026-primary,wy|sweetwater|wy-2026-primary|county_local_summary,Sweetwater,wy-2026-primary|county|sweetwater|precinct-committeeman-4-7|dem,DEM PRECINCT COMMITTEEMAN 04-7,Precinct Committeeman 4-7,county,,DEM,DEM,precinct,5947c9082afaa5cf507e0ed33a4d62ad34461f1cfbe9ba9976c69385593a5464,2026-08-21T11:30:57Z,,county_summary_pdf_v1,1.1.1,1,verified,https://www.sweetwatercountywy.gov/departments/county_clerk/elections.php,,,county_complete,overvote,Sweetwater,,,,,,0,,wy|sweetwater|wy-2026-primary|county_local_summary|5947c9082afaa5cf507e0ed33a4d62ad34461f1cfbe9ba9976c69385593a5464|wy-2026-primary|county|sweetwater|precinct-committeeman-4-7|dem|overvote|overvote|Sweetwater|COUNTY
wy-2026-primary,wy|sweetwater|wy-2026-primary|county_local_summary,Sweetwater,wy-2026-primary|county|sweetwater|precinct-committeeman-4-7|dem,DEM PRECINCT COMMITTEEMAN 04-7,Precinct Committeeman 4-7,county,,DEM,DEM,precinct,5947c9082afaa5cf507e0ed33a4d62ad34461f1cfbe9ba9976c69385593a5464,2026-08-21T11:30:57Z,,county_summary_pdf_v1,1.1.1,1,verified,https://www.sweetwatercountywy.gov/departments/county_clerk/elections.php,,,county_complete,undervote,Sweetwater,,,,,,8,,wy|sweetwater|wy-2026-primary|county_local_summary|5947c9082afaa5cf507e0ed33a4d62ad34461f1cfbe9ba9976c69385593a5464|wy-2026-primary|county|sweetwater|precinct-committeeman-4-7|dem|undervote|undervote|Sweetwater|COUNTY
wy-2026-primary,wy|sweetwater|wy-2026-primary|county_local_summary,Sweetwater,wy-2026-primary|county|sweetwater|precinct-committeeman-5-6|dem,DEM PRECINCT COMMITTEEMAN 05-6,Precinct Committeeman 5-6,county,,DEM,DEM,precinct,5947c9082afaa5cf507e0ed33a4d62ad34461f1cfbe9ba9976c69385593a5464,2026-08-21T11:30:57Z,,county_summary_pdf_v1,1.1.1,1,verified,https://www.sweetwatercountywy.gov/departments/county_clerk/elections.php,,,county_complete,write_in_aggregate,Sweetwater,,,,,,1,,wy|sweetwater|wy-2026-primary|county_local_summary|5947c9082afaa5cf507e0ed33a4d62ad34461f1cfbe9ba9976c69385593a5464|wy-2026-primary|county|sweetwater|precinct-committeeman-5-6|dem|write_in_aggregate|write_in_aggregate|Sweetwater|COUNTY
wy-2026-primary,wy|sweetwater|wy-2026-primary|county_local_summary,Sweetwater,wy-2026-primary|county|sweetwater|precinct-committeeman-5-6|dem,DEM PRECINCT COMMITTEEMAN 05-6,Precinct Committeeman 5-6,county,,DEM,DEM,precinct,5947c9082afaa5cf507e0ed33a4d62ad34461f1cfbe9ba9976c69385593a5464,2026-08-21T11:30:57Z,,county_summary_pdf_v1,1.1.1,1,verified,https://www.sweetwatercountywy.gov/departments/county_clerk/elections.php,,,county_complete,overvote,Sweetwater,,,,,,0,,wy|sweetwater|wy-2026-primary|county_local_summary|5947c9082afaa5cf507e0ed33a4d62ad34461f1cfbe9ba9976c69385593a5464|wy-2026-primary|county|sweetwater|precinct-committeeman-5-6|dem|overvote|overvote|Sweetwater|COUNTY
wy-2026-primary,wy|sweetwater|wy-2026-primary|county_local_summary,Sweetwater,wy-2026-primary|county|sweetwater|precinct-committeeman-5-6|dem,DEM PRECINCT COMMITTEEMAN 05-6,Precinct Committeeman 5-6,county,,DEM,DEM,precinct,5947c9082afaa5cf507e0ed33a4d62ad34461f1cfbe9ba9976c69385593a5464,2026-08-21T11:30:57Z,,county_summary_pdf_v1,1.1.1,1,verified,https://www.sweetwatercountywy.gov/departments/county_clerk/elections.php,,,county_complete,undervote,Sweetwater,,,,,,44,,wy|sweetwater|wy-2026-primary|county_local_summary|5947c9082afaa5cf507e0ed33a4d62ad34461f1cfbe9ba9976c69385593a5464|wy-2026-primary|county|sweetwater|precinct-committeeman-5-6|dem|undervote|undervote|Sweetwater|COUNTY
wy-2026-primary,wy|sweetwater|wy-2026-primary|county_local_summary,Sweetwater,wy-2026-primary|county|sweetwater|precinct-committeeman-5-7|dem,DEM PRECINCT COMMITTEEMAN 05-7,Precinct Committeeman 5-7,county,,DEM,DEM,precinct,5947c9082afaa5cf507e0ed33a4d62ad34461f1cfbe9ba9976c69385593a5464,2026-08-21T11:30:57Z,,county_summary_pdf_v1,1.1.1,1,verified,https://www.sweetwatercountywy.gov/departments/county_clerk/elections.php,,,county_complete,write_in_aggregate,Sweetwater,,,,,,1,,wy|sweetwater|wy-2026-primary|county_local_summary|5947c9082afaa5cf507e0ed33a4d62ad34461f1cfbe9ba9976c69385593a5464|wy-2026-primary|county|sweetwater|precinct-committeeman-5-7|dem|write_in_aggregate|write_in_aggregate|Sweetwater|COUNTY
wy-2026-primary,wy|sweetwater|wy-2026-primary|county_local_summary,Sweetwater,wy-2026-primary|county|sweetwater|precinct-committeeman-5-7|dem,DEM PRECINCT COMMITTEEMAN 05-7,Precinct Committeeman 5-7,county,,DEM,DEM,precinct,5947c9082afaa5cf507e0ed33a4d62ad34461f1cfbe9ba9976c69385593a5464,2026-08-21T11:30:57Z,,county_summary_pdf_v1,1.1.1,1,verified,https://www.sweetwatercountywy.gov/departments/county_clerk/elections.php,,,county_complete,overvote,Sweetwater,,,,,,0,,wy|sweetwater|wy-2026-primary|county_local_summary|5947c9082afaa5cf507e0ed33a4d62ad34461f1cfbe9ba9976c69385593a5464|wy-2026-primary|county|sweetwater|precinct-committeeman-5-7|dem|overvote|overvote|Sweetwater|COUNTY
wy-2026-primary,wy|sweetwater|wy-2026-primary|county_local_summary,Sweetwater,wy-2026-primary|county|sweetwater|precinct-committeeman-5-7|dem,DEM PRECINCT COMMITTEEMAN 05-7,Precinct Committeeman 5-7,county,,DEM,DEM,precinct,5947c9082afaa5cf507e0ed33a4d62ad34461f1cfbe9ba9976c69385593a5464,2026-08-21T11:30:57Z,,county_summary_pdf_v1,1.1.1,1,verified,https://www.sweetwatercountywy.gov/departments/county_clerk/elections.php,,,county_complete,undervote,Sweetwater,,,,,,28,,wy|sweetwater|wy-2026-primary|county_local_summary|5947c9082afaa5cf507e0ed33a4d62ad34461f1cfbe9ba9976c69385593a5464|wy-2026-primary|county|sweetwater|precinct-committeeman-5-7|dem|undervote|undervote|Sweetwater|COUNTY
wy-2026-primary,wy|sweetwater|wy-2026-primary|county_local_summary,Sweetwater,wy-2026-primary|county|sweetwater|precinct-committeeman-5-8|dem,DEM PRECINCT COMMITTEEMAN 05-8,Precinct Committeeman 5-8,county,,DEM,DEM,precinct,5947c9082afaa5cf507e0ed33a4d62ad34461f1cfbe9ba9976c69385593a5464,2026-08-21T11:30:57Z,,county_summary_pdf_v1,1.1.1,1,verified,https://www.sweetwatercountywy.gov/departments/county_clerk/elections.php,,,county_complete,write_in_aggregate,Sweetwater,,,,,,2,,wy|sweetwater|wy-2026-primary|county_local_summary|5947c9082afaa5cf507e0ed33a4d62ad34461f1cfbe9ba9976c69385593a5464|wy-2026-primary|county|sweetwater|precinct-committeeman-5-8|dem|write_in_aggregate|write_in_aggregate|Sweetwater|COUNTY
wy-2026-primary,wy|sweetwater|wy-2026-primary|county_local_summary,Sweetwater,wy-2026-primary|county|sweetwater|precinct-committeeman-5-8|dem,DEM PRECINCT COMMITTEEMAN 05-8,Precinct Committeeman 5-8,county,,DEM,DEM,precinct,5947c9082afaa5cf507e0ed33a4d62ad34461f1cfbe9ba9976c69385593a5464,2026-08-21T11:30:57Z,,county_summary_pdf_v1,1.1.1,1,verified,https://www.sweetwatercountywy.gov/departments/county_clerk/elections.php,,,county_complete,overvote,Sweetwater,,,,,,0,,wy|sweetwater|wy-2026-primary|county_local_summary|5947c9082afaa5cf507e0ed33a4d62ad34461f1cfbe9ba9976c69385593a5464|wy-2026-primary|county|sweetwater|precinct-committeeman-5-8|dem|overvote|overvote|Sweetwater|COUNTY
wy-2026-primary,wy|sweetwater|wy-2026-primary|county_local_summary,Sweetwater,wy-2026-primary|county|sweetwater|precinct-committeeman-5-8|dem,DEM PRECINCT COMMITTEEMAN 05-8,Precinct Committeeman 5-8,county,,DEM,DEM,precinct,5947c9082afaa5cf507e0ed33a4d62ad34461f1cfbe9ba9976c69385593a5464,2026-08-21T11:30:57Z,,county_summary_pdf_v1,1.1.1,1,verified,https://www.sweetwatercountywy.gov/departments/county_clerk/elections.php,,,county_complete,undervote,Sweetwater,,,,,,82,,wy|sweetwater|wy-2026-primary|county_local_summary|5947c9082afaa5cf507e0ed33a4d62ad34461f1cfbe9ba9976c69385593a5464|wy-2026-primary|county|sweetwater|precinct-committeeman-5-8|dem|undervote|undervote|Sweetwater|COUNTY
wy-2026-primary,wy|sweetwater|wy-2026-primary|county_local_summary,Sweetwater,wy-2026-primary|county|sweetwater|precinct-committeeman-5-9|dem,DEM PRECINCT COMMITTEEMAN 05-9,Precinct Committeeman 5-9,county,,DEM,DEM,precinct,5947c9082afaa5cf507e0ed33a4d62ad34461f1cfbe9ba9976c69385593a5464,2026-08-21T11:30:57Z,,county_summary_pdf_v1,1.1.1,1,verified,https://www.sweetwatercountywy.gov/departments/county_clerk/elections.php,,,county_complete,write_in_aggregate,Sweetwater,,,,,,1,,wy|sweetwater|wy-2026-primary|county_local_summary|5947c9082afaa5cf507e0ed33a4d62ad34461f1cfbe9ba9976c69385593a5464|wy-2026-primary|county|sweetwater|precinct-committeeman-5-9|dem|write_in_aggregate|write_in_aggregate|Sweetwater|COUNTY
wy-2026-primary,wy|sweetwater|wy-2026-primary|county_local_summary,Sweetwater,wy-2026-primary|county|sweetwater|precinct-committeeman-5-9|dem,DEM PRECINCT COMMITTEEMAN 05-9,Precinct Committeeman 5-9,county,,DEM,DEM,precinct,5947c9082afaa5cf507e0ed33a4d62ad34461f1cfbe9ba9976c69385593a5464,2026-08-21T11:30:57Z,,county_summary_pdf_v1,1.1.1,1,verified,https://www.sweetwatercountywy.gov/departments/county_clerk/elections.php,,,county_complete,overvote,Sweetwater,,,,,,0,,wy|sweetwater|wy-2026-primary|county_local_summary|5947c9082afaa5cf507e0ed33a4d62ad34461f1cfbe9ba9976c69385593a5464|wy-2026-primary|county|sweetwater|precinct-committeeman-5-9|dem|overvote|overvote|Sweetwater|COUNTY
wy-2026-primary,wy|sweetwater|wy-2026-primary|county_local_summary,Sweetwater,wy-2026-primary|county|sweetwater|precinct-committeeman-5-9|dem,DEM PRECINCT COMMITTEEMAN 05-9,Precinct Committeeman 5-9,county,,DEM,DEM,precinct,5947c9082afaa5cf507e0ed33a4d62ad34461f1cfbe9ba9976c69385593a5464,2026-08-21T11:30:57Z,,county_summary_pdf_v1,1.1.1,1,verified,https://www.sweetwatercountywy.gov/departments/county_clerk/elections.php,,,county_complete,undervote,Sweetwater,,,,,,21,,wy|sweetwater|wy-2026-primary|county_local_summary|5947c9082afaa5cf507e0ed33a4d62ad34461f1cfbe9ba9976c69385593a5464|wy-2026-primary|county|sweetwater|precinct-committeeman-5-9|dem|undervote|undervote|Sweetwater|COUNTY
wy-2026-primary,wy|sweetwater|wy-2026-primary|county_local_summary,Sweetwater,wy-2026-primary|county|sweetwater|precinct-committeeman-5-10|dem,DEM PRECINCT COMMITTEEMAN 05-10,Precinct Committeeman 5-10,county,,DEM,DEM,precinct,5947c9082afaa5cf507e0ed33a4d62ad34461f1cfbe9ba9976c69385593a5464,2026-08-21T11:30:57Z,,county_summary_pdf_v1,1.1.1,1,verified,https://www.sweetwatercountywy.gov/departments/county_clerk/elections.php,,,county_complete,candidate,Sweetwater,,,MICHAEL A. GREEN,MICHAEL A. GREEN,,58,,wy|sweetwater|wy-2026-primary|county_local_summary|5947c9082afaa5cf507e0ed33a4d62ad34461f1cfbe9ba9976c69385593a5464|wy-2026-primary|county|sweetwater|precinct-committeeman-5-10|dem|candidate|MICHAEL A. GREEN|Sweetwater|COUNTY
wy-2026-primary,wy|sweetwater|wy-2026-primary|county_local_summary,Sweetwater,wy-2026-primary|county|sweetwater|precinct-committeeman-5-10|dem,DEM PRECINCT COMMITTEEMAN 05-10,Precinct Committeeman 5-10,county,,DEM,DEM,precinct,5947c9082afaa5cf507e0ed33a4d62ad34461f1cfbe9ba9976c69385593a5464,2026-08-21T11:30:57Z,,county_summary_pdf_v1,1.1.1,1,verified,https://www.sweetwatercountywy.gov/departments/county_clerk/elections.php,,,county_complete,write_in_aggregate,Sweetwater,,,,,,0,,wy|sweetwater|wy-2026-primary|county_local_summary|5947c9082afaa5cf507e0ed33a4d62ad34461f1cfbe9ba9976c69385593a5464|wy-2026-primary|county|sweetwater|precinct-committeeman-5-10|dem|write_in_aggregate|write_in_aggregate|Sweetwater|COUNTY
wy-2026-primary,wy|sweetwater|wy-2026-primary|county_local_summary,Sweetwater,wy-2026-primary|county|sweetwater|precinct-committeeman-5-10|dem,DEM PRECINCT COMMITTEEMAN 05-10,Precinct Committeeman 5-10,county,,DEM,DEM,precinct,5947c9082afaa5cf507e0ed33a4d62ad34461f1cfbe9ba9976c69385593a5464,2026-08-21T11:30:57Z,,county_summary_pdf_v1,1.1.1,1,verified,https://www.sweetwatercountywy.gov/departments/county_clerk/elections.php,,,county_complete,overvote,Sweetwater,,,,,,0,,wy|sweetwater|wy-2026-primary|county_local_summary|5947c9082afaa5cf507e0ed33a4d62ad34461f1cfbe9ba9976c69385593a5464|wy-2026-primary|county|sweetwater|precinct-committeeman-5-10|dem|overvote|overvote|Sweetwater|COUNTY
wy-2026-primary,wy|sweetwater|wy-2026-primary|county_local_summary,Sweetwater,wy-2026-primary|county|sweetwater|precinct-committeeman-5-10|dem,DEM PRECINCT COMMITTEEMAN 05-10,Precinct Committeeman 5-10,county,,DEM,DEM,precinct,5947c9082afaa5cf507e0ed33a4d62ad34461f1cfbe9ba9976c69385593a5464,2026-08-21T11:30:57Z,,county_summary_pdf_v1,1.1.1,1,verified,https://www.sweetwatercountywy.gov/departments/county_clerk/elections.php,,,county_complete,undervote,Sweetwater,,,,,,15,,wy|sweetwater|wy-2026-primary|county_local_summary|5947c9082afaa5cf507e0ed33a4d62ad34461f1cfbe9ba9976c69385593a5464|wy-2026-primary|county|sweetwater|precinct-committeeman-5-10|dem|undervote|undervote|Sweetwater|COUNTY
wy-2026-primary,wy|sweetwater|wy-2026-primary|county_local_summary,Sweetwater,wy-2026-primary|county|sweetwater|precinct-committeeman-6-1|dem,DEM PRECINCT COMMITTEEMAN 06-1,Precinct Committeeman 6-1,county,,DEM,DEM,precinct,5947c9082afaa5cf507e0ed33a4d62ad34461f1cfbe9ba9976c69385593a5464,2026-08-21T11:30:57Z,,county_summary_pdf_v1,1.1.1,1,verified,https://www.sweetwatercountywy.gov/departments/county_clerk/elections.php,,,county_complete,candidate,Sweetwater,,,JOE M BARBUTO,JOE M BARBUTO,,41,,wy|sweetwater|wy-2026-primary|county_local_summary|5947c9082afaa5cf507e0ed33a4d62ad34461f1cfbe9ba9976c69385593a5464|wy-2026-primary|county|sweetwater|precinct-committeeman-6-1|dem|candidate|JOE M BARBUTO|Sweetwater|COUNTY
wy-2026-primary,wy|sweetwater|wy-2026-primary|county_local_summary,Sweetwater,wy-2026-primary|county|sweetwater|precinct-committeeman-6-1|dem,DEM PRECINCT COMMITTEEMAN 06-1,Precinct Committeeman 6-1,county,,DEM,DEM,precinct,5947c9082afaa5cf507e0ed33a4d62ad34461f1cfbe9ba9976c69385593a5464,2026-08-21T11:30:57Z,,county_summary_pdf_v1,1.1.1,1,verified,https://www.sweetwatercountywy.gov/departments/county_clerk/elections.php,,,county_complete,write_in_aggregate,Sweetwater,,,,,,0,,wy|sweetwater|wy-2026-primary|county_local_summary|5947c9082afaa5cf507e0ed33a4d62ad34461f1cfbe9ba9976c69385593a5464|wy-2026-primary|county|sweetwater|precinct-committeeman-6-1|dem|write_in_aggregate|write_in_aggregate|Sweetwater|COUNTY
wy-2026-primary,wy|sweetwater|wy-2026-primary|county_local_summary,Sweetwater,wy-2026-primary|county|sweetwater|precinct-committeeman-6-1|dem,DEM PRECINCT COMMITTEEMAN 06-1,Precinct Committeeman 6-1,county,,DEM,DEM,precinct,5947c9082afaa5cf507e0ed33a4d62ad34461f1cfbe9ba9976c69385593a5464,2026-08-21T11:30:57Z,,county_summary_pdf_v1,1.1.1,1,verified,https://www.sweetwatercountywy.gov/departments/county_clerk/elections.php,,,county_complete,overvote,Sweetwater,,,,,,0,,wy|sweetwater|wy-2026-primary|county_local_summary|5947c9082afaa5cf507e0ed33a4d62ad34461f1cfbe9ba9976c69385593a5464|wy-2026-primary|county|sweetwater|precinct-committeeman-6-1|dem|overvote|overvote|Sweetwater|COUNTY
wy-2026-primary,wy|sweetwater|wy-2026-primary|county_local_summary,Sweetwater,wy-2026-primary|county|sweetwater|precinct-committeeman-6-1|dem,DEM PRECINCT COMMITTEEMAN 06-1,Precinct Committeeman 6-1,county,,DEM,DEM,precinct,5947c9082afaa5cf507e0ed33a4d62ad34461f1cfbe9ba9976c69385593a5464,2026-08-21T11:30:57Z,,county_summary_pdf_v1,1.1.1,1,verified,https://www.sweetwatercountywy.gov/departments/county_clerk/elections.php,,,county_complete,undervote,Sweetwater,,,,,,4,,wy|sweetwater|wy-2026-primary|county_local_summary|5947c9082afaa5cf507e0ed33a4d62ad34461f1cfbe9ba9976c69385593a5464|wy-2026-primary|county|sweetwater|precinct-committeeman-6-1|dem|undervote|undervote|Sweetwater|COUNTY
wy-2026-primary,wy|sweetwater|wy-2026-primary|county_local_summary,Sweetwater,wy-2026-primary|county|sweetwater|precinct-committeeman-6-3|dem,DEM PRECINCT COMMITTEEMAN 06-3,Precinct Committeeman 6-3,county,,DEM,DEM,precinct,5947c9082afaa5cf507e0ed33a4d62ad34461f1cfbe9ba9976c69385593a5464,2026-08-21T11:30:57Z,,county_summary_pdf_v1,1.1.1,1,verified,https://www.sweetwatercountywy.gov/departments/county_clerk/elections.php,,,county_complete,write_in_aggregate,Sweetwater,,,,,,1,,wy|sweetwater|wy-2026-primary|county_local_summary|5947c9082afaa5cf507e0ed33a4d62ad34461f1cfbe9ba9976c69385593a5464|wy-2026-primary|county|sweetwater|precinct-committeeman-6-3|dem|write_in_aggregate|write_in_aggregate|Sweetwater|COUNTY
wy-2026-primary,wy|sweetwater|wy-2026-primary|county_local_summary,Sweetwater,wy-2026-primary|county|sweetwater|precinct-committeeman-6-3|dem,DEM PRECINCT COMMITTEEMAN 06-3,Precinct Committeeman 6-3,county,,DEM,DEM,precinct,5947c9082afaa5cf507e0ed33a4d62ad34461f1cfbe9ba9976c69385593a5464,2026-08-21T11:30:57Z,,county_summary_pdf_v1,1.1.1,1,verified,https://www.sweetwatercountywy.gov/departments/county_clerk/elections.php,,,county_complete,overvote,Sweetwater,,,,,,0,,wy|sweetwater|wy-2026-primary|county_local_summary|5947c9082afaa5cf507e0ed33a4d62ad34461f1cfbe9ba9976c69385593a5464|wy-2026-primary|county|sweetwater|precinct-committeeman-6-3|dem|overvote|overvote|Sweetwater|COUNTY
wy-2026-primary,wy|sweetwater|wy-2026-primary|county_local_summary,Sweetwater,wy-2026-primary|county|sweetwater|precinct-committeeman-6-3|dem,DEM PRECINCT COMMITTEEMAN 06-3,Precinct Committeeman 6-3,county,,DEM,DEM,precinct,5947c9082afaa5cf507e0ed33a4d62ad34461f1cfbe9ba9976c69385593a5464,2026-08-21T11:30:57Z,,county_summary_pdf_v1,1.1.1,1,verified,https://www.sweetwatercountywy.gov/departments/county_clerk/elections.php,,,county_complete,undervote,Sweetwater,,,,,,20,,wy|sweetwater|wy-2026-primary|county_local_summary|5947c9082afaa5cf507e0ed33a4d62ad34461f1cfbe9ba9976c69385593a5464|wy-2026-primary|county|sweetwater|precinct-committeeman-6-3|dem|undervote|undervote|Sweetwater|COUNTY
wy-2026-primary,wy|sweetwater|wy-2026-primary|county_local_summary,Sweetwater,wy-2026-primary|county|sweetwater|precinct-committeeman-6-5|dem,DEM PRECINCT COMMITTEEMAN 06-5,Precinct Committeeman 6-5,county,,DEM,DEM,precinct,5947c9082afaa5cf507e0ed33a4d62ad34461f1cfbe9ba9976c69385593a5464,2026-08-21T11:30:57Z,,county_summary_pdf_v1,1.1.1,1,verified,https://www.sweetwatercountywy.gov/departments/county_clerk/elections.php,,,county_complete,write_in_aggregate,Sweetwater,,,,,,4,,wy|sweetwater|wy-2026-primary|county_local_summary|5947c9082afaa5cf507e0ed33a4d62ad34461f1cfbe9ba9976c69385593a5464|wy-2026-primary|county|sweetwater|precinct-committeeman-6-5|dem|write_in_aggregate|write_in_aggregate|Sweetwater|COUNTY
wy-2026-primary,wy|sweetwater|wy-2026-primary|county_local_summary,Sweetwater,wy-2026-primary|county|sweetwater|precinct-committeeman-6-5|dem,DEM PRECINCT COMMITTEEMAN 06-5,Precinct Committeeman 6-5,county,,DEM,DEM,precinct,5947c9082afaa5cf507e0ed33a4d62ad34461f1cfbe9ba9976c69385593a5464,2026-08-21T11:30:57Z,,county_summary_pdf_v1,1.1.1,1,verified,https://www.sweetwatercountywy.gov/departments/county_clerk/elections.php,,,county_complete,overvote,Sweetwater,,,,,,0,,wy|sweetwater|wy-2026-primary|county_local_summary|5947c9082afaa5cf507e0ed33a4d62ad34461f1cfbe9ba9976c69385593a5464|wy-2026-primary|county|sweetwater|precinct-committeeman-6-5|dem|overvote|overvote|Sweetwater|COUNTY
wy-2026-primary,wy|sweetwater|wy-2026-primary|county_local_summary,Sweetwater,wy-2026-primary|county|sweetwater|precinct-committeeman-6-5|dem,DEM PRECINCT COMMITTEEMAN 06-5,Precinct Committeeman 6-5,county,,DEM,DEM,precinct,5947c9082afaa5cf507e0ed33a4d62ad34461f1cfbe9ba9976c69385593a5464,2026-08-21T11:30:57Z,,county_summary_pdf_v1,1.1.1,1,verified,https://www.sweetwatercountywy.gov/departments/county_clerk/elections.php,,,county_complete,undervote,Sweetwater,,,,,,50,,wy|sweetwater|wy-2026-primary|county_local_summary|5947c9082afaa5cf507e0ed33a4d62ad34461f1cfbe9ba9976c69385593a5464|wy-2026-primary|county|sweetwater|precinct-committeeman-6-5|dem|undervote|undervote|Sweetwater|COUNTY
wy-2026-primary,wy|sweetwater|wy-2026-primary|county_local_summary,Sweetwater,wy-2026-primary|county|sweetwater|precinct-committeeman-6-6|dem,DEM PRECINCT COMMITTEEMAN 06-6,Precinct Committeeman 6-6,county,,DEM,DEM,precinct,5947c9082afaa5cf507e0ed33a4d62ad34461f1cfbe9ba9976c69385593a5464,2026-08-21T11:30:57Z,,county_summary_pdf_v1,1.1.1,1,verified,https://www.sweetwatercountywy.gov/departments/county_clerk/elections.php,,,county_complete,write_in_aggregate,Sweetwater,,,,,,0,,wy|sweetwater|wy-2026-primary|county_local_summary|5947c9082afaa5cf507e0ed33a4d62ad34461f1cfbe9ba9976c69385593a5464|wy-2026-primary|county|sweetwater|precinct-committeeman-6-6|dem|write_in_aggregate|write_in_aggregate|Sweetwater|COUNTY
wy-2026-primary,wy|sweetwater|wy-2026-primary|county_local_summary,Sweetwater,wy-2026-primary|county|sweetwater|precinct-committeeman-6-6|dem,DEM PRECINCT COMMITTEEMAN 06-6,Precinct Committeeman 6-6,county,,DEM,DEM,precinct,5947c9082afaa5cf507e0ed33a4d62ad34461f1cfbe9ba9976c69385593a5464,2026-08-21T11:30:57Z,,county_summary_pdf_v1,1.1.1,1,verified,https://www.sweetwatercountywy.gov/departments/county_clerk/elections.php,,,county_complete,overvote,Sweetwater,,,,,,0,,wy|sweetwater|wy-2026-primary|county_local_summary|5947c9082afaa5cf507e0ed33a4d62ad34461f1cfbe9ba9976c69385593a5464|wy-2026-primary|county|sweetwater|precinct-committeeman-6-6|dem|overvote|overvote|Sweetwater|COUNTY
wy-2026-primary,wy|sweetwater|wy-2026-primary|county_local_summary,Sweetwater,wy-2026-primary|county|sweetwater|precinct-committeeman-6-6|dem,DEM PRECINCT COMMITTEEMAN 06-6,Precinct Committeeman 6-6,county,,DEM,DEM,precinct,5947c9082afaa5cf507e0ed33a4d62ad34461f1cfbe9ba9976c69385593a5464,2026-08-21T11:30:57Z,,county_summary_pdf_v1,1.1.1,1,verified,https://www.sweetwatercountywy.gov/departments/county_clerk/elections.php,,,county_complete,undervote,Sweetwater,,,,,,0,,wy|sweetwater|wy-2026-primary|county_local_summary|5947c9082afaa5cf507e0ed33a4d62ad34461f1cfbe9ba9976c69385593a5464|wy-2026-primary|county|sweetwater|precinct-committeeman-6-6|dem|undervote|undervote|Sweetwater|COUNTY
wy-2026-primary,wy|sweetwater|wy-2026-primary|county_local_summary,Sweetwater,wy-2026-primary|county|sweetwater|precinct-committeeman-7-3|dem,DEM PRECINCT COMMITTEEMAN 07-3,Precinct Committeeman 7-3,county,,DEM,DEM,precinct,5947c9082afaa5cf507e0ed33a4d62ad34461f1cfbe9ba9976c69385593a5464,2026-08-21T11:30:57Z,,county_summary_pdf_v1,1.1.1,1,verified,https://www.sweetwatercountywy.gov/departments/county_clerk/elections.php,,,county_complete,write_in_aggregate,Sweetwater,,,,,,0,,wy|sweetwater|wy-2026-primary|county_local_summary|5947c9082afaa5cf507e0ed33a4d62ad34461f1cfbe9ba9976c69385593a5464|wy-2026-primary|county|sweetwater|precinct-committeeman-7-3|dem|write_in_aggregate|write_in_aggregate|Sweetwater|COUNTY
wy-2026-primary,wy|sweetwater|wy-2026-primary|county_local_summary,Sweetwater,wy-2026-primary|county|sweetwater|precinct-committeeman-7-3|dem,DEM PRECINCT COMMITTEEMAN 07-3,Precinct Committeeman 7-3,county,,DEM,DEM,precinct,5947c9082afaa5cf507e0ed33a4d62ad34461f1cfbe9ba9976c69385593a5464,2026-08-21T11:30:57Z,,county_summary_pdf_v1,1.1.1,1,verified,https://www.sweetwatercountywy.gov/departments/county_clerk/elections.php,,,county_complete,overvote,Sweetwater,,,,,,0,,wy|sweetwater|wy-2026-primary|county_local_summary|5947c9082afaa5cf507e0ed33a4d62ad34461f1cfbe9ba9976c69385593a5464|wy-2026-primary|county|sweetwater|precinct-committeeman-7-3|dem|overvote|overvote|Sweetwater|COUNTY
wy-2026-primary,wy|sweetwater|wy-2026-primary|county_local_summary,Sweetwater,wy-2026-primary|county|sweetwater|precinct-committeeman-7-3|dem,DEM PRECINCT COMMITTEEMAN 07-3,Precinct Committeeman 7-3,county,,DEM,DEM,precinct,5947c9082afaa5cf507e0ed33a4d62ad34461f1cfbe9ba9976c69385593a5464,2026-08-21T11:30:57Z,,county_summary_pdf_v1,1.1.1,1,verified,https://www.sweetwatercountywy.gov/departments/county_clerk/elections.php,,,county_complete,undervote,Sweetwater,,,,,,34,,wy|sweetwater|wy-2026-primary|county_local_summary|5947c9082afaa5cf507e0ed33a4d62ad34461f1cfbe9ba9976c69385593a5464|wy-2026-primary|county|sweetwater|precinct-committeeman-7-3|dem|undervote|undervote|Sweetwater|COUNTY
wy-2026-primary,wy|sweetwater|wy-2026-primary|county_local_summary,Sweetwater,wy-2026-primary|county|sweetwater|precinct-committeeman-7-4|dem,DEM PRECINCT COMMITTEEMAN 07-4,Precinct Committeeman 7-4,county,,DEM,DEM,precinct,5947c9082afaa5cf507e0ed33a4d62ad34461f1cfbe9ba9976c69385593a5464,2026-08-21T11:30:57Z,,county_summary_pdf_v1,1.1.1,1,verified,https://www.sweetwatercountywy.gov/departments/county_clerk/elections.php,,,county_complete,write_in_aggregate,Sweetwater,,,,,,0,,wy|sweetwater|wy-2026-primary|county_local_summary|5947c9082afaa5cf507e0ed33a4d62ad34461f1cfbe9ba9976c69385593a5464|wy-2026-primary|county|sweetwater|precinct-committeeman-7-4|dem|write_in_aggregate|write_in_aggregate|Sweetwater|COUNTY
wy-2026-primary,wy|sweetwater|wy-2026-primary|county_local_summary,Sweetwater,wy-2026-primary|county|sweetwater|precinct-committeeman-7-4|dem,DEM PRECINCT COMMITTEEMAN 07-4,Precinct Committeeman 7-4,county,,DEM,DEM,precinct,5947c9082afaa5cf507e0ed33a4d62ad34461f1cfbe9ba9976c69385593a5464,2026-08-21T11:30:57Z,,county_summary_pdf_v1,1.1.1,1,verified,https://www.sweetwatercountywy.gov/departments/county_clerk/elections.php,,,county_complete,overvote,Sweetwater,,,,,,0,,wy|sweetwater|wy-2026-primary|county_local_summary|5947c9082afaa5cf507e0ed33a4d62ad34461f1cfbe9ba9976c69385593a5464|wy-2026-primary|county|sweetwater|precinct-committeeman-7-4|dem|overvote|overvote|Sweetwater|COUNTY
wy-2026-primary,wy|sweetwater|wy-2026-primary|county_local_summary,Sweetwater,wy-2026-primary|county|sweetwater|precinct-committeeman-7-4|dem,DEM PRECINCT COMMITTEEMAN 07-4,Precinct Committeeman 7-4,county,,DEM,DEM,precinct,5947c9082afaa5cf507e0ed33a4d62ad34461f1cfbe9ba9976c69385593a5464,2026-08-21T11:30:57Z,,county_summary_pdf_v1,1.1.1,1,verified,https://www.sweetwatercountywy.gov/departments/county_clerk/elections.php,,,county_complete,undervote,Sweetwater,,,,,,10,,wy|sweetwater|wy-2026-primary|county_local_summary|5947c9082afaa5cf507e0ed33a4d62ad34461f1cfbe9ba9976c69385593a5464|wy-2026-primary|county|sweetwater|precinct-committeeman-7-4|dem|undervote|undervote|Sweetwater|COUNTY
wy-2026-primary,wy|sweetwater|wy-2026-primary|county_local_summary,Sweetwater,wy-2026-primary|county|sweetwater|precinct-committeeman-9-3|dem,DEM PRECINCT COMMITTEEMAN 09-3,Precinct Committeeman 9-3,county,,DEM,DEM,precinct,5947c9082afaa5cf507e0ed33a4d62ad34461f1cfbe9ba9976c69385593a5464,2026-08-21T11:30:57Z,,county_summary_pdf_v1,1.1.1,1,verified,https://www.sweetwatercountywy.gov/departments/county_clerk/elections.php,,,county_complete,write_in_aggregate,Sweetwater,,,,,,0,,wy|sweetwater|wy-2026-primary|county_local_summary|5947c9082afaa5cf507e0ed33a4d62ad34461f1cfbe9ba9976c69385593a5464|wy-2026-primary|county|sweetwater|precinct-committeeman-9-3|dem|write_in_aggregate|write_in_aggregate|Sweetwater|COUNTY
wy-2026-primary,wy|sweetwater|wy-2026-primary|county_local_summary,Sweetwater,wy-2026-primary|county|sweetwater|precinct-committeeman-9-3|dem,DEM PRECINCT COMMITTEEMAN 09-3,Precinct Committeeman 9-3,county,,DEM,DEM,precinct,5947c9082afaa5cf507e0ed33a4d62ad34461f1cfbe9ba9976c69385593a5464,2026-08-21T11:30:57Z,,county_summary_pdf_v1,1.1.1,1,verified,https://www.sweetwatercountywy.gov/departments/county_clerk/elections.php,,,county_complete,overvote,Sweetwater,,,,,,0,,wy|sweetwater|wy-2026-primary|county_local_summary|5947c9082afaa5cf507e0ed33a4d62ad34461f1cfbe9ba9976c69385593a5464|wy-2026-primary|county|sweetwater|precinct-committeeman-9-3|dem|overvote|overvote|Sweetwater|COUNTY
wy-2026-primary,wy|sweetwater|wy-2026-primary|county_local_summary,Sweetwater,wy-2026-primary|county|sweetwater|precinct-committeeman-9-3|dem,DEM PRECINCT COMMITTEEMAN 09-3,Precinct Committeeman 9-3,county,,DEM,DEM,precinct,5947c9082afaa5cf507e0ed33a4d62ad34461f1cfbe9ba9976c69385593a5464,2026-08-21T11:30:57Z,,county_summary_pdf_v1,1.1.1,1,verified,https://www.sweetwatercountywy.gov/departments/county_clerk/elections.php,,,county_complete,undervote,Sweetwater,,,,,,15,,wy|sweetwater|wy-2026-primary|county_local_summary|5947c9082afaa5cf507e0ed33a4d62ad34461f1cfbe9ba9976c69385593a5464|wy-2026-primary|county|sweetwater|precinct-committeeman-9-3|dem|undervote|undervote|Sweetwater|COUNTY
wy-2026-primary,wy|sweetwater|wy-2026-primary|county_local_summary,Sweetwater,wy-2026-primary|county|sweetwater|precinct-committeeman-10-8|dem,DEM PRECINCT COMMITTEEMAN 10-8,Precinct Committeeman 10-8,county,,DEM,DEM,precinct,5947c9082afaa5cf507e0ed33a4d62ad34461f1cfbe9ba9976c69385593a5464,2026-08-21T11:30:57Z,,county_summary_pdf_v1,1.1.1,1,verified,https://www.sweetwatercountywy.gov/departments/county_clerk/elections.php,,,county_complete,write_in_aggregate,Sweetwater,,,,,,0,,wy|sweetwater|wy-2026-primary|county_local_summary|5947c9082afaa5cf507e0ed33a4d62ad34461f1cfbe9ba9976c69385593a5464|wy-2026-primary|county|sweetwater|precinct-committeeman-10-8|dem|write_in_aggregate|write_in_aggregate|Sweetwater|COUNTY
wy-2026-primary,wy|sweetwater|wy-2026-primary|county_local_summary,Sweetwater,wy-2026-primary|county|sweetwater|precinct-committeeman-10-8|dem,DEM PRECINCT COMMITTEEMAN 10-8,Precinct Committeeman 10-8,county,,DEM,DEM,precinct,5947c9082afaa5cf507e0ed33a4d62ad34461f1cfbe9ba9976c69385593a5464,2026-08-21T11:30:57Z,,county_summary_pdf_v1,1.1.1,1,verified,https://www.sweetwatercountywy.gov/departments/county_clerk/elections.php,,,county_complete,overvote,Sweetwater,,,,,,0,,wy|sweetwater|wy-2026-primary|county_local_summary|5947c9082afaa5cf507e0ed33a4d62ad34461f1cfbe9ba9976c69385593a5464|wy-2026-primary|county|sweetwater|precinct-committeeman-10-8|dem|overvote|overvote|Sweetwater|COUNTY
wy-2026-primary,wy|sweetwater|wy-2026-primary|county_local_summary,Sweetwater,wy-2026-primary|county|sweetwater|precinct-committeeman-10-8|dem,DEM PRECINCT COMMITTEEMAN 10-8,Precinct Committeeman 10-8,county,,DEM,DEM,precinct,5947c9082afaa5cf507e0ed33a4d62ad34461f1cfbe9ba9976c69385593a5464,2026-08-21T11:30:57Z,,county_summary_pdf_v1,1.1.1,1,verified,https://www.sweetwatercountywy.gov/departments/county_clerk/elections.php,,,county_complete,undervote,Sweetwater,,,,,,46,,wy|sweetwater|wy-2026-primary|county_local_summary|5947c9082afaa5cf507e0ed33a4d62ad34461f1cfbe9ba9976c69385593a5464|wy-2026-primary|county|sweetwater|precinct-committeeman-10-8|dem|undervote|undervote|Sweetwater|COUNTY
wy-2026-primary,wy|sweetwater|wy-2026-primary|county_local_summary,Sweetwater,wy-2026-primary|county|sweetwater|precinct-committeeman-10-9|dem,DEM PRECINCT COMMITTEEMAN 10-9,Precinct Committeeman 10-9,county,,DEM,DEM,precinct,5947c9082afaa5cf507e0ed33a4d62ad34461f1cfbe9ba9976c69385593a5464,2026-08-21T11:30:57Z,,county_summary_pdf_v1,1.1.1,1,verified,https://www.sweetwatercountywy.gov/departments/county_clerk/elections.php,,,county_complete,candidate,Sweetwater,,,MICHAEL D MASTERSON,MICHAEL D MASTERSON,,40,,wy|sweetwater|wy-2026-primary|county_local_summary|5947c9082afaa5cf507e0ed33a4d62ad34461f1cfbe9ba9976c69385593a5464|wy-2026-primary|county|sweetwater|precinct-committeeman-10-9|dem|candidate|MICHAEL D MASTERSON|Sweetwater|COUNTY
wy-2026-primary,wy|sweetwater|wy-2026-primary|county_local_summary,Sweetwater,wy-2026-primary|county|sweetwater|precinct-committeeman-10-9|dem,DEM PRECINCT COMMITTEEMAN 10-9,Precinct Committeeman 10-9,county,,DEM,DEM,precinct,5947c9082afaa5cf507e0ed33a4d62ad34461f1cfbe9ba9976c69385593a5464,2026-08-21T11:30:57Z,,county_summary_pdf_v1,1.1.1,1,verified,https://www.sweetwatercountywy.gov/departments/county_clerk/elections.php,,,county_complete,write_in_aggregate,Sweetwater,,,,,,0,,wy|sweetwater|wy-2026-primary|county_local_summary|5947c9082afaa5cf507e0ed33a4d62ad34461f1cfbe9ba9976c69385593a5464|wy-2026-primary|county|sweetwater|precinct-committeeman-10-9|dem|write_in_aggregate|write_in_aggregate|Sweetwater|COUNTY
wy-2026-primary,wy|sweetwater|wy-2026-primary|county_local_summary,Sweetwater,wy-2026-primary|county|sweetwater|precinct-committeeman-10-9|dem,DEM PRECINCT COMMITTEEMAN 10-9,Precinct Committeeman 10-9,county,,DEM,DEM,precinct,5947c9082afaa5cf507e0ed33a4d62ad34461f1cfbe9ba9976c69385593a5464,2026-08-21T11:30:57Z,,county_summary_pdf_v1,1.1.1,1,verified,https://www.sweetwatercountywy.gov/departments/county_clerk/elections.php,,,county_complete,overvote,Sweetwater,,,,,,0,,wy|sweetwater|wy-2026-primary|county_local_summary|5947c9082afaa5cf507e0ed33a4d62ad34461f1cfbe9ba9976c69385593a5464|wy-2026-primary|county|sweetwater|precinct-committeeman-10-9|dem|overvote|overvote|Sweetwater|COUNTY
wy-2026-primary,wy|sweetwater|wy-2026-primary|county_local_summary,Sweetwater,wy-2026-primary|county|sweetwater|precinct-committeeman-10-9|dem,DEM PRECINCT COMMITTEEMAN 10-9,Precinct Committeeman 10-9,county,,DEM,DEM,precinct,5947c9082afaa5cf507e0ed33a4d62ad34461f1cfbe9ba9976c69385593a5464,2026-08-21T11:30:57Z,,county_summary_pdf_v1,1.1.1,1,verified,https://www.sweetwatercountywy.gov/departments/county_clerk/elections.php,,,county_complete,undervote,Sweetwater,,,,,,6,,wy|sweetwater|wy-2026-primary|county_local_summary|5947c9082afaa5cf507e0ed33a4d62ad34461f1cfbe9ba9976c69385593a5464|wy-2026-primary|county|sweetwater|precinct-committeeman-10-9|dem|undervote|undervote|Sweetwater|COUNTY
wy-2026-primary,wy|sweetwater|wy-2026-primary|county_local_summary,Sweetwater,wy-2026-primary|county|sweetwater|precinct-committeeman-10-10|dem,DEM PRECINCT COMMITTEEMAN 10-10,Precinct Committeeman 10-10,county,,DEM,DEM,precinct,5947c9082afaa5cf507e0ed33a4d62ad34461f1cfbe9ba9976c69385593a5464,2026-08-21T11:30:57Z,,county_summary_pdf_v1,1.1.1,1,verified,https://www.sweetwatercountywy.gov/departments/county_clerk/elections.php,,,county_complete,write_in_aggregate,Sweetwater,,,,,,3,,wy|sweetwater|wy-2026-primary|county_local_summary|5947c9082afaa5cf507e0ed33a4d62ad34461f1cfbe9ba9976c69385593a5464|wy-2026-primary|county|sweetwater|precinct-committeeman-10-10|dem|write_in_aggregate|write_in_aggregate|Sweetwater|COUNTY
wy-2026-primary,wy|sweetwater|wy-2026-primary|county_local_summary,Sweetwater,wy-2026-primary|county|sweetwater|precinct-committeeman-10-10|dem,DEM PRECINCT COMMITTEEMAN 10-10,Precinct Committeeman 10-10,county,,DEM,DEM,precinct,5947c9082afaa5cf507e0ed33a4d62ad34461f1cfbe9ba9976c69385593a5464,2026-08-21T11:30:57Z,,county_summary_pdf_v1,1.1.1,1,verified,https://www.sweetwatercountywy.gov/departments/county_clerk/elections.php,,,county_complete,overvote,Sweetwater,,,,,,0,,wy|sweetwater|wy-2026-primary|county_local_summary|5947c9082afaa5cf507e0ed33a4d62ad34461f1cfbe9ba9976c69385593a5464|wy-2026-primary|county|sweetwater|precinct-committeeman-10-10|dem|overvote|overvote|Sweetwater|COUNTY
wy-2026-primary,wy|sweetwater|wy-2026-primary|county_local_summary,Sweetwater,wy-2026-primary|county|sweetwater|precinct-committeeman-10-10|dem,DEM PRECINCT COMMITTEEMAN 10-10,Precinct Committeeman 10-10,county,,DEM,DEM,precinct,5947c9082afaa5cf507e0ed33a4d62ad34461f1cfbe9ba9976c69385593a5464,2026-08-21T11:30:57Z,,county_summary_pdf_v1,1.1.1,1,verified,https://www.sweetwatercountywy.gov/departments/county_clerk/elections.php,,,county_complete,undervote,Sweetwater,,,,,,96,,wy|sweetwater|wy-2026-primary|county_local_summary|5947c9082afaa5cf507e0ed33a4d62ad34461f1cfbe9ba9976c69385593a5464|wy-2026-primary|county|sweetwater|precinct-committeeman-10-10|dem|undervote|undervote|Sweetwater|COUNTY
wy-2026-primary,wy|sweetwater|wy-2026-primary|county_local_summary,Sweetwater,wy-2026-primary|county|sweetwater|precinct-committeeman-10-11|dem,DEM PRECINCT COMMITTEEMAN 10-11,Precinct Committeeman 10-11,county,,DEM,DEM,precinct,5947c9082afaa5cf507e0ed33a4d62ad34461f1cfbe9ba9976c69385593a5464,2026-08-21T11:30:57Z,,county_summary_pdf_v1,1.1.1,1,verified,https://www.sweetwatercountywy.gov/departments/county_clerk/elections.php,,,county_complete,write_in_aggregate,Sweetwater,,,,,,4,,wy|sweetwater|wy-2026-primary|county_local_summary|5947c9082afaa5cf507e0ed33a4d62ad34461f1cfbe9ba9976c69385593a5464|wy-2026-primary|county|sweetwater|precinct-committeeman-10-11|dem|write_in_aggregate|write_in_aggregate|Sweetwater|COUNTY
wy-2026-primary,wy|sweetwater|wy-2026-primary|county_local_summary,Sweetwater,wy-2026-primary|county|sweetwater|precinct-committeeman-10-11|dem,DEM PRECINCT COMMITTEEMAN 10-11,Precinct Committeeman 10-11,county,,DEM,DEM,precinct,5947c9082afaa5cf507e0ed33a4d62ad34461f1cfbe9ba9976c69385593a5464,2026-08-21T11:30:57Z,,county_summary_pdf_v1,1.1.1,1,verified,https://www.sweetwatercountywy.gov/departments/county_clerk/elections.php,,,county_complete,overvote,Sweetwater,,,,,,0,,wy|sweetwater|wy-2026-primary|county_local_summary|5947c9082afaa5cf507e0ed33a4d62ad34461f1cfbe9ba9976c69385593a5464|wy-2026-primary|county|sweetwater|precinct-committeeman-10-11|dem|overvote|overvote|Sweetwater|COUNTY
wy-2026-primary,wy|sweetwater|wy-2026-primary|county_local_summary,Sweetwater,wy-2026-primary|county|sweetwater|precinct-committeeman-10-11|dem,DEM PRECINCT COMMITTEEMAN 10-11,Precinct Committeeman 10-11,county,,DEM,DEM,precinct,5947c9082afaa5cf507e0ed33a4d62ad34461f1cfbe9ba9976c69385593a5464,2026-08-21T11:30:57Z,,county_summary_pdf_v1,1.1.1,1,verified,https://www.sweetwatercountywy.gov/departments/county_clerk/elections.php,,,county_complete,undervote,Sweetwater,,,,,,134,,wy|sweetwater|wy-2026-primary|county_local_summary|5947c9082afaa5cf507e0ed33a4d62ad34461f1cfbe9ba9976c69385593a5464|wy-2026-primary|county|sweetwater|precinct-committeeman-10-11|dem|undervote|undervote|Sweetwater|COUNTY
wy-2026-primary,wy|sweetwater|wy-2026-primary|county_local_summary,Sweetwater,wy-2026-primary|county|sweetwater|precinct-committeeman-10-12|dem,DEM PRECINCT COMMITTEEMAN 10-12,Precinct Committeeman 10-12,county,,DEM,DEM,precinct,5947c9082afaa5cf507e0ed33a4d62ad34461f1cfbe9ba9976c69385593a5464,2026-08-21T11:30:57Z,,county_summary_pdf_v1,1.1.1,1,verified,https://www.sweetwatercountywy.gov/departments/county_clerk/elections.php,,,county_complete,write_in_aggregate,Sweetwater,,,,,,0,,wy|sweetwater|wy-2026-primary|county_local_summary|5947c9082afaa5cf507e0ed33a4d62ad34461f1cfbe9ba9976c69385593a5464|wy-2026-primary|county|sweetwater|precinct-committeeman-10-12|dem|write_in_aggregate|write_in_aggregate|Sweetwater|COUNTY
wy-2026-primary,wy|sweetwater|wy-2026-primary|county_local_summary,Sweetwater,wy-2026-primary|county|sweetwater|precinct-committeeman-10-12|dem,DEM PRECINCT COMMITTEEMAN 10-12,Precinct Committeeman 10-12,county,,DEM,DEM,precinct,5947c9082afaa5cf507e0ed33a4d62ad34461f1cfbe9ba9976c69385593a5464,2026-08-21T11:30:57Z,,county_summary_pdf_v1,1.1.1,1,verified,https://www.sweetwatercountywy.gov/departments/county_clerk/elections.php,,,county_complete,overvote,Sweetwater,,,,,,0,,wy|sweetwater|wy-2026-primary|county_local_summary|5947c9082afaa5cf507e0ed33a4d62ad34461f1cfbe9ba9976c69385593a5464|wy-2026-primary|county|sweetwater|precinct-committeeman-10-12|dem|overvote|overvote|Sweetwater|COUNTY
wy-2026-primary,wy|sweetwater|wy-2026-primary|county_local_summary,Sweetwater,wy-2026-primary|county|sweetwater|precinct-committeeman-10-12|dem,DEM PRECINCT COMMITTEEMAN 10-12,Precinct Committeeman 10-12,county,,DEM,DEM,precinct,5947c9082afaa5cf507e0ed33a4d62ad34461f1cfbe9ba9976c69385593a5464,2026-08-21T11:30:57Z,,county_summary_pdf_v1,1.1.1,1,verified,https://www.sweetwatercountywy.gov/departments/county_clerk/elections.php,,,county_complete,undervote,Sweetwater,,,,,,29,,wy|sweetwater|wy-2026-primary|county_local_summary|5947c9082afaa5cf507e0ed33a4d62ad34461f1cfbe9ba9976c69385593a5464|wy-2026-primary|county|sweetwater|precinct-committeeman-10-12|dem|undervote|undervote|Sweetwater|COUNTY
wy-2026-primary,wy|sweetwater|wy-2026-primary|county_local_summary,Sweetwater,wy-2026-primary|county|sweetwater|precinct-committeeman-10-13|dem,DEM PRECINCT COMMITTEEMAN 10-13,Precinct Committeeman 10-13,county,,DEM,DEM,precinct,5947c9082afaa5cf507e0ed33a4d62ad34461f1cfbe9ba9976c69385593a5464,2026-08-21T11:30:57Z,,county_summary_pdf_v1,1.1.1,1,verified,https://www.sweetwatercountywy.gov/departments/county_clerk/elections.php,,,county_complete,write_in_aggregate,Sweetwater,,,,,,1,,wy|sweetwater|wy-2026-primary|county_local_summary|5947c9082afaa5cf507e0ed33a4d62ad34461f1cfbe9ba9976c69385593a5464|wy-2026-primary|county|sweetwater|precinct-committeeman-10-13|dem|write_in_aggregate|write_in_aggregate|Sweetwater|COUNTY
wy-2026-primary,wy|sweetwater|wy-2026-primary|county_local_summary,Sweetwater,wy-2026-primary|county|sweetwater|precinct-committeeman-10-13|dem,DEM PRECINCT COMMITTEEMAN 10-13,Precinct Committeeman 10-13,county,,DEM,DEM,precinct,5947c9082afaa5cf507e0ed33a4d62ad34461f1cfbe9ba9976c69385593a5464,2026-08-21T11:30:57Z,,county_summary_pdf_v1,1.1.1,1,verified,https://www.sweetwatercountywy.gov/departments/county_clerk/elections.php,,,county_complete,overvote,Sweetwater,,,,,,0,,wy|sweetwater|wy-2026-primary|county_local_summary|5947c9082afaa5cf507e0ed33a4d62ad34461f1cfbe9ba9976c69385593a5464|wy-2026-primary|county|sweetwater|precinct-committeeman-10-13|dem|overvote|overvote|Sweetwater|COUNTY
wy-2026-primary,wy|sweetwater|wy-2026-primary|county_local_summary,Sweetwater,wy-2026-primary|county|sweetwater|precinct-committeeman-10-13|dem,DEM PRECINCT COMMITTEEMAN 10-13,Precinct Committeeman 10-13,county,,DEM,DEM,precinct,5947c9082afaa5cf507e0ed33a4d62ad34461f1cfbe9ba9976c69385593a5464,2026-08-21T11:30:57Z,,county_summary_pdf_v1,1.1.1,1,verified,https://www.sweetwatercountywy.gov/departments/county_clerk/elections.php,,,county_complete,undervote,Sweetwater,,,,,,41,,wy|sweetwater|wy-2026-primary|county_local_summary|5947c9082afaa5cf507e0ed33a4d62ad34461f1cfbe9ba9976c69385593a5464|wy-2026-primary|county|sweetwater|precinct-committeeman-10-13|dem|undervote|undervote|Sweetwater|COUNTY
wy-2026-primary,wy|sweetwater|wy-2026-primary|county_local_summary,Sweetwater,wy-2026-primary|county|sweetwater|precinct-committeeman-12-2|dem,DEM PRECINCT COMMITTEEMAN 12-2,Precinct Committeeman 12-2,county,,DEM,DEM,precinct,5947c9082afaa5cf507e0ed33a4d62ad34461f1cfbe9ba9976c69385593a5464,2026-08-21T11:30:57Z,,county_summary_pdf_v1,1.1.1,1,verified,https://www.sweetwatercountywy.gov/departments/county_clerk/elections.php,,,county_complete,write_in_aggregate,Sweetwater,,,,,,2,,wy|sweetwater|wy-2026-primary|county_local_summary|5947c9082afaa5cf507e0ed33a4d62ad34461f1cfbe9ba9976c69385593a5464|wy-2026-primary|county|sweetwater|precinct-committeeman-12-2|dem|write_in_aggregate|write_in_aggregate|Sweetwater|COUNTY
wy-2026-primary,wy|sweetwater|wy-2026-primary|county_local_summary,Sweetwater,wy-2026-primary|county|sweetwater|precinct-committeeman-12-2|dem,DEM PRECINCT COMMITTEEMAN 12-2,Precinct Committeeman 12-2,county,,DEM,DEM,precinct,5947c9082afaa5cf507e0ed33a4d62ad34461f1cfbe9ba9976c69385593a5464,2026-08-21T11:30:57Z,,county_summary_pdf_v1,1.1.1,1,verified,https://www.sweetwatercountywy.gov/departments/county_clerk/elections.php,,,county_complete,overvote,Sweetwater,,,,,,0,,wy|sweetwater|wy-2026-primary|county_local_summary|5947c9082afaa5cf507e0ed33a4d62ad34461f1cfbe9ba9976c69385593a5464|wy-2026-primary|county|sweetwater|precinct-committeeman-12-2|dem|overvote|overvote|Sweetwater|COUNTY
wy-2026-primary,wy|sweetwater|wy-2026-primary|county_local_summary,Sweetwater,wy-2026-primary|county|sweetwater|precinct-committeeman-12-2|dem,DEM PRECINCT COMMITTEEMAN 12-2,Precinct Committeeman 12-2,county,,DEM,DEM,precinct,5947c9082afaa5cf507e0ed33a4d62ad34461f1cfbe9ba9976c69385593a5464,2026-08-21T11:30:57Z,,county_summary_pdf_v1,1.1.1,1,verified,https://www.sweetwatercountywy.gov/departments/county_clerk/elections.php,,,county_complete,undervote,Sweetwater,,,,,,17,,wy|sweetwater|wy-2026-primary|county_local_summary|5947c9082afaa5cf507e0ed33a4d62ad34461f1cfbe9ba9976c69385593a5464|wy-2026-primary|county|sweetwater|precinct-committeeman-12-2|dem|undervote|undervote|Sweetwater|COUNTY
wy-2026-primary,wy|sweetwater|wy-2026-primary|county_local_summary,Sweetwater,wy-2026-primary|county|sweetwater|precinct-committeeman-13-2|dem,DEM PRECINCT COMMITTEEMAN 13-2,Precinct Committeeman 13-2,county,,DEM,DEM,precinct,5947c9082afaa5cf507e0ed33a4d62ad34461f1cfbe9ba9976c69385593a5464,2026-08-21T11:30:57Z,,county_summary_pdf_v1,1.1.1,1,verified,https://www.sweetwatercountywy.gov/departments/county_clerk/elections.php,,,county_complete,write_in_aggregate,Sweetwater,,,,,,0,,wy|sweetwater|wy-2026-primary|county_local_summary|5947c9082afaa5cf507e0ed33a4d62ad34461f1cfbe9ba9976c69385593a5464|wy-2026-primary|county|sweetwater|precinct-committeeman-13-2|dem|write_in_aggregate|write_in_aggregate|Sweetwater|COUNTY
wy-2026-primary,wy|sweetwater|wy-2026-primary|county_local_summary,Sweetwater,wy-2026-primary|county|sweetwater|precinct-committeeman-13-2|dem,DEM PRECINCT COMMITTEEMAN 13-2,Precinct Committeeman 13-2,county,,DEM,DEM,precinct,5947c9082afaa5cf507e0ed33a4d62ad34461f1cfbe9ba9976c69385593a5464,2026-08-21T11:30:57Z,,county_summary_pdf_v1,1.1.1,1,verified,https://www.sweetwatercountywy.gov/departments/county_clerk/elections.php,,,county_complete,overvote,Sweetwater,,,,,,0,,wy|sweetwater|wy-2026-primary|county_local_summary|5947c9082afaa5cf507e0ed33a4d62ad34461f1cfbe9ba9976c69385593a5464|wy-2026-primary|county|sweetwater|precinct-committeeman-13-2|dem|overvote|overvote|Sweetwater|COUNTY
wy-2026-primary,wy|sweetwater|wy-2026-primary|county_local_summary,Sweetwater,wy-2026-primary|county|sweetwater|precinct-committeeman-13-2|dem,DEM PRECINCT COMMITTEEMAN 13-2,Precinct Committeeman 13-2,county,,DEM,DEM,precinct,5947c9082afaa5cf507e0ed33a4d62ad34461f1cfbe9ba9976c69385593a5464,2026-08-21T11:30:57Z,,county_summary_pdf_v1,1.1.1,1,verified,https://www.sweetwatercountywy.gov/departments/county_clerk/elections.php,,,county_complete,undervote,Sweetwater,,,,,,6,,wy|sweetwater|wy-2026-primary|county_local_summary|5947c9082afaa5cf507e0ed33a4d62ad34461f1cfbe9ba9976c69385593a5464|wy-2026-primary|county|sweetwater|precinct-committeeman-13-2|dem|undervote|undervote|Sweetwater|COUNTY
wy-2026-primary,wy|sweetwater|wy-2026-primary|county_local_summary,Sweetwater,wy-2026-primary|county|sweetwater|precinct-committeeman-19-1|dem,DEM PRECINCT COMMITTEEMAN 19-1,Precinct Committeeman 19-1,county,,DEM,DEM,precinct,5947c9082afaa5cf507e0ed33a4d62ad34461f1cfbe9ba9976c69385593a5464,2026-08-21T11:30:57Z,,county_summary_pdf_v1,1.1.1,1,verified,https://www.sweetwatercountywy.gov/departments/county_clerk/elections.php,,,county_complete,write_in_aggregate,Sweetwater,,,,,,0,,wy|sweetwater|wy-2026-primary|county_local_summary|5947c9082afaa5cf507e0ed33a4d62ad34461f1cfbe9ba9976c69385593a5464|wy-2026-primary|county|sweetwater|precinct-committeeman-19-1|dem|write_in_aggregate|write_in_aggregate|Sweetwater|COUNTY
wy-2026-primary,wy|sweetwater|wy-2026-primary|county_local_summary,Sweetwater,wy-2026-primary|county|sweetwater|precinct-committeeman-19-1|dem,DEM PRECINCT COMMITTEEMAN 19-1,Precinct Committeeman 19-1,county,,DEM,DEM,precinct,5947c9082afaa5cf507e0ed33a4d62ad34461f1cfbe9ba9976c69385593a5464,2026-08-21T11:30:57Z,,county_summary_pdf_v1,1.1.1,1,verified,https://www.sweetwatercountywy.gov/departments/county_clerk/elections.php,,,county_complete,overvote,Sweetwater,,,,,,0,,wy|sweetwater|wy-2026-primary|county_local_summary|5947c9082afaa5cf507e0ed33a4d62ad34461f1cfbe9ba9976c69385593a5464|wy-2026-primary|county|sweetwater|precinct-committeeman-19-1|dem|overvote|overvote|Sweetwater|COUNTY
wy-2026-primary,wy|sweetwater|wy-2026-primary|county_local_summary,Sweetwater,wy-2026-primary|county|sweetwater|precinct-committeeman-19-1|dem,DEM PRECINCT COMMITTEEMAN 19-1,Precinct Committeeman 19-1,county,,DEM,DEM,precinct,5947c9082afaa5cf507e0ed33a4d62ad34461f1cfbe9ba9976c69385593a5464,2026-08-21T11:30:57Z,,county_summary_pdf_v1,1.1.1,1,verified,https://www.sweetwatercountywy.gov/departments/county_clerk/elections.php,,,county_complete,undervote,Sweetwater,,,,,,3,,wy|sweetwater|wy-2026-primary|county_local_summary|5947c9082afaa5cf507e0ed33a4d62ad34461f1cfbe9ba9976c69385593a5464|wy-2026-primary|county|sweetwater|precinct-committeeman-19-1|dem|undervote|undervote|Sweetwater|COUNTY
wy-2026-primary,wy|sweetwater|wy-2026-primary|county_local_summary,Sweetwater,wy-2026-primary|county|sweetwater|precinct-committeeman-20-2|dem,DEM PRECINCT COMMITTEEMAN 20-2,Precinct Committeeman 20-2,county,,DEM,DEM,precinct,5947c9082afaa5cf507e0ed33a4d62ad34461f1cfbe9ba9976c69385593a5464,2026-08-21T11:30:57Z,,county_summary_pdf_v1,1.1.1,1,verified,https://www.sweetwatercountywy.gov/departments/county_clerk/elections.php,,,county_complete,write_in_aggregate,Sweetwater,,,,,,0,,wy|sweetwater|wy-2026-primary|county_local_summary|5947c9082afaa5cf507e0ed33a4d62ad34461f1cfbe9ba9976c69385593a5464|wy-2026-primary|county|sweetwater|precinct-committeeman-20-2|dem|write_in_aggregate|write_in_aggregate|Sweetwater|COUNTY
wy-2026-primary,wy|sweetwater|wy-2026-primary|county_local_summary,Sweetwater,wy-2026-primary|county|sweetwater|precinct-committeeman-20-2|dem,DEM PRECINCT COMMITTEEMAN 20-2,Precinct Committeeman 20-2,county,,DEM,DEM,precinct,5947c9082afaa5cf507e0ed33a4d62ad34461f1cfbe9ba9976c69385593a5464,2026-08-21T11:30:57Z,,county_summary_pdf_v1,1.1.1,1,verified,https://www.sweetwatercountywy.gov/departments/county_clerk/elections.php,,,county_complete,overvote,Sweetwater,,,,,,0,,wy|sweetwater|wy-2026-primary|county_local_summary|5947c9082afaa5cf507e0ed33a4d62ad34461f1cfbe9ba9976c69385593a5464|wy-2026-primary|county|sweetwater|precinct-committeeman-20-2|dem|overvote|overvote|Sweetwater|COUNTY
wy-2026-primary,wy|sweetwater|wy-2026-primary|county_local_summary,Sweetwater,wy-2026-primary|county|sweetwater|precinct-committeeman-20-2|dem,DEM PRECINCT COMMITTEEMAN 20-2,Precinct Committeeman 20-2,county,,DEM,DEM,precinct,5947c9082afaa5cf507e0ed33a4d62ad34461f1cfbe9ba9976c69385593a5464,2026-08-21T11:30:57Z,,county_summary_pdf_v1,1.1.1,1,verified,https://www.sweetwatercountywy.gov/departments/county_clerk/elections.php,,,county_complete,undervote,Sweetwater,,,,,,7,,wy|sweetwater|wy-2026-primary|county_local_summary|5947c9082afaa5cf507e0ed33a4d62ad34461f1cfbe9ba9976c69385593a5464|wy-2026-primary|county|sweetwater|precinct-committeeman-20-2|dem|undervote|undervote|Sweetwater|COUNTY
wy-2026-primary,wy|sweetwater|wy-2026-primary|county_local_summary,Sweetwater,wy-2026-primary|county|sweetwater|precinct-committeeman-21-1|dem,DEM PRECINCT COMMITTEEMAN 21-1,Precinct Committeeman 21-1,county,,DEM,DEM,precinct,5947c9082afaa5cf507e0ed33a4d62ad34461f1cfbe9ba9976c69385593a5464,2026-08-21T11:30:57Z,,county_summary_pdf_v1,1.1.1,1,verified,https://www.sweetwatercountywy.gov/departments/county_clerk/elections.php,,,county_complete,write_in_aggregate,Sweetwater,,,,,,0,,wy|sweetwater|wy-2026-primary|county_local_summary|5947c9082afaa5cf507e0ed33a4d62ad34461f1cfbe9ba9976c69385593a5464|wy-2026-primary|county|sweetwater|precinct-committeeman-21-1|dem|write_in_aggregate|write_in_aggregate|Sweetwater|COUNTY
wy-2026-primary,wy|sweetwater|wy-2026-primary|county_local_summary,Sweetwater,wy-2026-primary|county|sweetwater|precinct-committeeman-21-1|dem,DEM PRECINCT COMMITTEEMAN 21-1,Precinct Committeeman 21-1,county,,DEM,DEM,precinct,5947c9082afaa5cf507e0ed33a4d62ad34461f1cfbe9ba9976c69385593a5464,2026-08-21T11:30:57Z,,county_summary_pdf_v1,1.1.1,1,verified,https://www.sweetwatercountywy.gov/departments/county_clerk/elections.php,,,county_complete,overvote,Sweetwater,,,,,,0,,wy|sweetwater|wy-2026-primary|county_local_summary|5947c9082afaa5cf507e0ed33a4d62ad34461f1cfbe9ba9976c69385593a5464|wy-2026-primary|county|sweetwater|precinct-committeeman-21-1|dem|overvote|overvote|Sweetwater|COUNTY
wy-2026-primary,wy|sweetwater|wy-2026-primary|county_local_summary,Sweetwater,wy-2026-primary|county|sweetwater|precinct-committeeman-21-1|dem,DEM PRECINCT COMMITTEEMAN 21-1,Precinct Committeeman 21-1,county,,DEM,DEM,precinct,5947c9082afaa5cf507e0ed33a4d62ad34461f1cfbe9ba9976c69385593a5464,2026-08-21T11:30:57Z,,county_summary_pdf_v1,1.1.1,1,verified,https://www.sweetwatercountywy.gov/departments/county_clerk/elections.php,,,county_complete,undervote,Sweetwater,,,,,,6,,wy|sweetwater|wy-2026-primary|county_local_summary|5947c9082afaa5cf507e0ed33a4d62ad34461f1cfbe9ba9976c69385593a5464|wy-2026-primary|county|sweetwater|precinct-committeeman-21-1|dem|undervote|undervote|Sweetwater|COUNTY
wy-2026-primary,wy|sweetwater|wy-2026-primary|county_local_summary,Sweetwater,wy-2026-primary|county|sweetwater|precinct-committeeman-23-2|dem,DEM PRECINCT COMMITTEEMAN 23-2,Precinct Committeeman 23-2,county,,DEM,DEM,precinct,5947c9082afaa5cf507e0ed33a4d62ad34461f1cfbe9ba9976c69385593a5464,2026-08-21T11:30:57Z,,county_summary_pdf_v1,1.1.1,1,verified,https://www.sweetwatercountywy.gov/departments/county_clerk/elections.php,,,county_complete,write_in_aggregate,Sweetwater,,,,,,0,,wy|sweetwater|wy-2026-primary|county_local_summary|5947c9082afaa5cf507e0ed33a4d62ad34461f1cfbe9ba9976c69385593a5464|wy-2026-primary|county|sweetwater|precinct-committeeman-23-2|dem|write_in_aggregate|write_in_aggregate|Sweetwater|COUNTY
wy-2026-primary,wy|sweetwater|wy-2026-primary|county_local_summary,Sweetwater,wy-2026-primary|county|sweetwater|precinct-committeeman-23-2|dem,DEM PRECINCT COMMITTEEMAN 23-2,Precinct Committeeman 23-2,county,,DEM,DEM,precinct,5947c9082afaa5cf507e0ed33a4d62ad34461f1cfbe9ba9976c69385593a5464,2026-08-21T11:30:57Z,,county_summary_pdf_v1,1.1.1,1,verified,https://www.sweetwatercountywy.gov/departments/county_clerk/elections.php,,,county_complete,overvote,Sweetwater,,,,,,0,,wy|sweetwater|wy-2026-primary|county_local_summary|5947c9082afaa5cf507e0ed33a4d62ad34461f1cfbe9ba9976c69385593a5464|wy-2026-primary|county|sweetwater|precinct-committeeman-23-2|dem|overvote|overvote|Sweetwater|COUNTY
wy-2026-primary,wy|sweetwater|wy-2026-primary|county_local_summary,Sweetwater,wy-2026-primary|county|sweetwater|precinct-committeeman-23-2|dem,DEM PRECINCT COMMITTEEMAN 23-2,Precinct Committeeman 23-2,county,,DEM,DEM,precinct,5947c9082afaa5cf507e0ed33a4d62ad34461f1cfbe9ba9976c69385593a5464,2026-08-21T11:30:57Z,,county_summary_pdf_v1,1.1.1,1,verified,https://www.sweetwatercountywy.gov/departments/county_clerk/elections.php,,,county_complete,undervote,Sweetwater,,,,,,3,,wy|sweetwater|wy-2026-primary|county_local_summary|5947c9082afaa5cf507e0ed33a4d62ad34461f1cfbe9ba9976c69385593a5464|wy-2026-primary|county|sweetwater|precinct-committeeman-23-2|dem|undervote|undervote|Sweetwater|COUNTY
wy-2026-primary,wy|sweetwater|wy-2026-primary|county_local_summary,Sweetwater,wy-2026-primary|county|sweetwater|precinct-committeeman-24-1|dem,DEM PRECINCT COMMITTEEMAN 24-1,Precinct Committeeman 24-1,county,,DEM,DEM,precinct,5947c9082afaa5cf507e0ed33a4d62ad34461f1cfbe9ba9976c69385593a5464,2026-08-21T11:30:57Z,,county_summary_pdf_v1,1.1.1,1,verified,https://www.sweetwatercountywy.gov/departments/county_clerk/elections.php,,,county_complete,write_in_aggregate,Sweetwater,,,,,,0,,wy|sweetwater|wy-2026-primary|county_local_summary|5947c9082afaa5cf507e0ed33a4d62ad34461f1cfbe9ba9976c69385593a5464|wy-2026-primary|county|sweetwater|precinct-committeeman-24-1|dem|write_in_aggregate|write_in_aggregate|Sweetwater|COUNTY
wy-2026-primary,wy|sweetwater|wy-2026-primary|county_local_summary,Sweetwater,wy-2026-primary|county|sweetwater|precinct-committeeman-24-1|dem,DEM PRECINCT COMMITTEEMAN 24-1,Precinct Committeeman 24-1,county,,DEM,DEM,precinct,5947c9082afaa5cf507e0ed33a4d62ad34461f1cfbe9ba9976c69385593a5464,2026-08-21T11:30:57Z,,county_summary_pdf_v1,1.1.1,1,verified,https://www.sweetwatercountywy.gov/departments/county_clerk/elections.php,,,county_complete,overvote,Sweetwater,,,,,,0,,wy|sweetwater|wy-2026-primary|county_local_summary|5947c9082afaa5cf507e0ed33a4d62ad34461f1cfbe9ba9976c69385593a5464|wy-2026-primary|county|sweetwater|precinct-committeeman-24-1|dem|overvote|overvote|Sweetwater|COUNTY
wy-2026-primary,wy|sweetwater|wy-2026-primary|county_local_summary,Sweetwater,wy-2026-primary|county|sweetwater|precinct-committeeman-24-1|dem,DEM PRECINCT COMMITTEEMAN 24-1,Precinct Committeeman 24-1,county,,DEM,DEM,precinct,5947c9082afaa5cf507e0ed33a4d62ad34461f1cfbe9ba9976c69385593a5464,2026-08-21T11:30:57Z,,county_summary_pdf_v1,1.1.1,1,verified,https://www.sweetwatercountywy.gov/departments/county_clerk/elections.php,,,county_complete,undervote,Sweetwater,,,,,,0,,wy|sweetwater|wy-2026-primary|county_local_summary|5947c9082afaa5cf507e0ed33a4d62ad34461f1cfbe9ba9976c69385593a5464|wy-2026-primary|county|sweetwater|precinct-committeeman-24-1|dem|undervote|undervote|Sweetwater|COUNTY
wy-2026-primary,wy|sweetwater|wy-2026-primary|county_local_summary,Sweetwater,wy-2026-primary|county|sweetwater|precinct-committeeman-25-2|dem,DEM PRECINCT COMMITTEEMAN 25-2,Precinct Committeeman 25-2,county,,DEM,DEM,precinct,5947c9082afaa5cf507e0ed33a4d62ad34461f1cfbe9ba9976c69385593a5464,2026-08-21T11:30:57Z,,county_summary_pdf_v1,1.1.1,1,verified,https://www.sweetwatercountywy.gov/departments/county_clerk/elections.php,,,county_complete,write_in_aggregate,Sweetwater,,,,,,1,,wy|sweetwater|wy-2026-primary|county_local_summary|5947c9082afaa5cf507e0ed33a4d62ad34461f1cfbe9ba9976c69385593a5464|wy-2026-primary|county|sweetwater|precinct-committeeman-25-2|dem|write_in_aggregate|write_in_aggregate|Sweetwater|COUNTY
wy-2026-primary,wy|sweetwater|wy-2026-primary|county_local_summary,Sweetwater,wy-2026-primary|county|sweetwater|precinct-committeeman-25-2|dem,DEM PRECINCT COMMITTEEMAN 25-2,Precinct Committeeman 25-2,county,,DEM,DEM,precinct,5947c9082afaa5cf507e0ed33a4d62ad34461f1cfbe9ba9976c69385593a5464,2026-08-21T11:30:57Z,,county_summary_pdf_v1,1.1.1,1,verified,https://www.sweetwatercountywy.gov/departments/county_clerk/elections.php,,,county_complete,overvote,Sweetwater,,,,,,0,,wy|sweetwater|wy-2026-primary|county_local_summary|5947c9082afaa5cf507e0ed33a4d62ad34461f1cfbe9ba9976c69385593a5464|wy-2026-primary|county|sweetwater|precinct-committeeman-25-2|dem|overvote|overvote|Sweetwater|COUNTY
wy-2026-primary,wy|sweetwater|wy-2026-primary|county_local_summary,Sweetwater,wy-2026-primary|county|sweetwater|precinct-committeeman-25-2|dem,DEM PRECINCT COMMITTEEMAN 25-2,Precinct Committeeman 25-2,county,,DEM,DEM,precinct,5947c9082afaa5cf507e0ed33a4d62ad34461f1cfbe9ba9976c69385593a5464,2026-08-21T11:30:57Z,,county_summary_pdf_v1,1.1.1,1,verified,https://www.sweetwatercountywy.gov/departments/county_clerk/elections.php,,,county_complete,undervote,Sweetwater,,,,,,1,,wy|sweetwater|wy-2026-primary|county_local_summary|5947c9082afaa5cf507e0ed33a4d62ad34461f1cfbe9ba9976c69385593a5464|wy-2026-primary|county|sweetwater|precinct-committeeman-25-2|dem|undervote|undervote|Sweetwater|COUNTY
wy-2026-primary,wy|sweetwater|wy-2026-primary|county_local_summary,Sweetwater,wy-2026-primary|county|sweetwater|precinct-committeewoman-1-2|dem,DEM PRECINCT COMMITTEEWOMAN 01-2,Precinct Committeewoman 1-2,county,,DEM,DEM,precinct,5947c9082afaa5cf507e0ed33a4d62ad34461f1cfbe9ba9976c69385593a5464,2026-08-21T11:30:57Z,,county_summary_pdf_v1,1.1.1,1,verified,https://www.sweetwatercountywy.gov/departments/county_clerk/elections.php,,,county_complete,write_in_aggregate,Sweetwater,,,,,,0,,wy|sweetwater|wy-2026-primary|county_local_summary|5947c9082afaa5cf507e0ed33a4d62ad34461f1cfbe9ba9976c69385593a5464|wy-2026-primary|county|sweetwater|precinct-committeewoman-1-2|dem|write_in_aggregate|write_in_aggregate|Sweetwater|COUNTY
wy-2026-primary,wy|sweetwater|wy-2026-primary|county_local_summary,Sweetwater,wy-2026-primary|county|sweetwater|precinct-committeewoman-1-2|dem,DEM PRECINCT COMMITTEEWOMAN 01-2,Precinct Committeewoman 1-2,county,,DEM,DEM,precinct,5947c9082afaa5cf507e0ed33a4d62ad34461f1cfbe9ba9976c69385593a5464,2026-08-21T11:30:57Z,,county_summary_pdf_v1,1.1.1,1,verified,https://www.sweetwatercountywy.gov/departments/county_clerk/elections.php,,,county_complete,overvote,Sweetwater,,,,,,0,,wy|sweetwater|wy-2026-primary|county_local_summary|5947c9082afaa5cf507e0ed33a4d62ad34461f1cfbe9ba9976c69385593a5464|wy-2026-primary|county|sweetwater|precinct-committeewoman-1-2|dem|overvote|overvote|Sweetwater|COUNTY
wy-2026-primary,wy|sweetwater|wy-2026-primary|county_local_summary,Sweetwater,wy-2026-primary|county|sweetwater|precinct-committeewoman-1-2|dem,DEM PRECINCT COMMITTEEWOMAN 01-2,Precinct Committeewoman 1-2,county,,DEM,DEM,precinct,5947c9082afaa5cf507e0ed33a4d62ad34461f1cfbe9ba9976c69385593a5464,2026-08-21T11:30:57Z,,county_summary_pdf_v1,1.1.1,1,verified,https://www.sweetwatercountywy.gov/departments/county_clerk/elections.php,,,county_complete,undervote,Sweetwater,,,,,,6,,wy|sweetwater|wy-2026-primary|county_local_summary|5947c9082afaa5cf507e0ed33a4d62ad34461f1cfbe9ba9976c69385593a5464|wy-2026-primary|county|sweetwater|precinct-committeewoman-1-2|dem|undervote|undervote|Sweetwater|COUNTY
wy-2026-primary,wy|sweetwater|wy-2026-primary|county_local_summary,Sweetwater,wy-2026-primary|county|sweetwater|precinct-committeewoman-3-4|dem,DEM PRECINCT COMMITTEEWOMAN 03-4,Precinct Committeewoman 3-4,county,,DEM,DEM,precinct,5947c9082afaa5cf507e0ed33a4d62ad34461f1cfbe9ba9976c69385593a5464,2026-08-21T11:30:57Z,,county_summary_pdf_v1,1.1.1,1,verified,https://www.sweetwatercountywy.gov/departments/county_clerk/elections.php,,,county_complete,write_in_aggregate,Sweetwater,,,,,,1,,wy|sweetwater|wy-2026-primary|county_local_summary|5947c9082afaa5cf507e0ed33a4d62ad34461f1cfbe9ba9976c69385593a5464|wy-2026-primary|county|sweetwater|precinct-committeewoman-3-4|dem|write_in_aggregate|write_in_aggregate|Sweetwater|COUNTY
wy-2026-primary,wy|sweetwater|wy-2026-primary|county_local_summary,Sweetwater,wy-2026-primary|county|sweetwater|precinct-committeewoman-3-4|dem,DEM PRECINCT COMMITTEEWOMAN 03-4,Precinct Committeewoman 3-4,county,,DEM,DEM,precinct,5947c9082afaa5cf507e0ed33a4d62ad34461f1cfbe9ba9976c69385593a5464,2026-08-21T11:30:57Z,,county_summary_pdf_v1,1.1.1,1,verified,https://www.sweetwatercountywy.gov/departments/county_clerk/elections.php,,,county_complete,overvote,Sweetwater,,,,,,0,,wy|sweetwater|wy-2026-primary|county_local_summary|5947c9082afaa5cf507e0ed33a4d62ad34461f1cfbe9ba9976c69385593a5464|wy-2026-primary|county|sweetwater|precinct-committeewoman-3-4|dem|overvote|overvote|Sweetwater|COUNTY
wy-2026-primary,wy|sweetwater|wy-2026-primary|county_local_summary,Sweetwater,wy-2026-primary|county|sweetwater|precinct-committeewoman-3-4|dem,DEM PRECINCT COMMITTEEWOMAN 03-4,Precinct Committeewoman 3-4,county,,DEM,DEM,precinct,5947c9082afaa5cf507e0ed33a4d62ad34461f1cfbe9ba9976c69385593a5464,2026-08-21T11:30:57Z,,county_summary_pdf_v1,1.1.1,1,verified,https://www.sweetwatercountywy.gov/departments/county_clerk/elections.php,,,county_complete,undervote,Sweetwater,,,,,,8,,wy|sweetwater|wy-2026-primary|county_local_summary|5947c9082afaa5cf507e0ed33a4d62ad34461f1cfbe9ba9976c69385593a5464|wy-2026-primary|county|sweetwater|precinct-committeewoman-3-4|dem|undervote|undervote|Sweetwater|COUNTY
wy-2026-primary,wy|sweetwater|wy-2026-primary|county_local_summary,Sweetwater,wy-2026-primary|county|sweetwater|precinct-committeewoman-3-6|dem,DEM PRECINCT COMMITTEEWOMAN 03-6,Precinct Committeewoman 3-6,county,,DEM,DEM,precinct,5947c9082afaa5cf507e0ed33a4d62ad34461f1cfbe9ba9976c69385593a5464,2026-08-21T11:30:57Z,,county_summary_pdf_v1,1.1.1,1,verified,https://www.sweetwatercountywy.gov/departments/county_clerk/elections.php,,,county_complete,write_in_aggregate,Sweetwater,,,,,,1,,wy|sweetwater|wy-2026-primary|county_local_summary|5947c9082afaa5cf507e0ed33a4d62ad34461f1cfbe9ba9976c69385593a5464|wy-2026-primary|county|sweetwater|precinct-committeewoman-3-6|dem|write_in_aggregate|write_in_aggregate|Sweetwater|COUNTY
wy-2026-primary,wy|sweetwater|wy-2026-primary|county_local_summary,Sweetwater,wy-2026-primary|county|sweetwater|precinct-committeewoman-3-6|dem,DEM PRECINCT COMMITTEEWOMAN 03-6,Precinct Committeewoman 3-6,county,,DEM,DEM,precinct,5947c9082afaa5cf507e0ed33a4d62ad34461f1cfbe9ba9976c69385593a5464,2026-08-21T11:30:57Z,,county_summary_pdf_v1,1.1.1,1,verified,https://www.sweetwatercountywy.gov/departments/county_clerk/elections.php,,,county_complete,overvote,Sweetwater,,,,,,0,,wy|sweetwater|wy-2026-primary|county_local_summary|5947c9082afaa5cf507e0ed33a4d62ad34461f1cfbe9ba9976c69385593a5464|wy-2026-primary|county|sweetwater|precinct-committeewoman-3-6|dem|overvote|overvote|Sweetwater|COUNTY
wy-2026-primary,wy|sweetwater|wy-2026-primary|county_local_summary,Sweetwater,wy-2026-primary|county|sweetwater|precinct-committeewoman-3-6|dem,DEM PRECINCT COMMITTEEWOMAN 03-6,Precinct Committeewoman 3-6,county,,DEM,DEM,precinct,5947c9082afaa5cf507e0ed33a4d62ad34461f1cfbe9ba9976c69385593a5464,2026-08-21T11:30:57Z,,county_summary_pdf_v1,1.1.1,1,verified,https://www.sweetwatercountywy.gov/departments/county_clerk/elections.php,,,county_complete,undervote,Sweetwater,,,,,,44,,wy|sweetwater|wy-2026-primary|county_local_summary|5947c9082afaa5cf507e0ed33a4d62ad34461f1cfbe9ba9976c69385593a5464|wy-2026-primary|county|sweetwater|precinct-committeewoman-3-6|dem|undervote|undervote|Sweetwater|COUNTY
wy-2026-primary,wy|sweetwater|wy-2026-primary|county_local_summary,Sweetwater,wy-2026-primary|county|sweetwater|precinct-committeewoman-3-7|dem,DEM PRECINCT COMMITTEEWOMAN 03-7,Precinct Committeewoman 3-7,county,,DEM,DEM,precinct,5947c9082afaa5cf507e0ed33a4d62ad34461f1cfbe9ba9976c69385593a5464,2026-08-21T11:30:57Z,,county_summary_pdf_v1,1.1.1,1,verified,https://www.sweetwatercountywy.gov/departments/county_clerk/elections.php,,,county_complete,write_in_aggregate,Sweetwater,,,,,,8,,wy|sweetwater|wy-2026-primary|county_local_summary|5947c9082afaa5cf507e0ed33a4d62ad34461f1cfbe9ba9976c69385593a5464|wy-2026-primary|county|sweetwater|precinct-committeewoman-3-7|dem|write_in_aggregate|write_in_aggregate|Sweetwater|COUNTY
wy-2026-primary,wy|sweetwater|wy-2026-primary|county_local_summary,Sweetwater,wy-2026-primary|county|sweetwater|precinct-committeewoman-3-7|dem,DEM PRECINCT COMMITTEEWOMAN 03-7,Precinct Committeewoman 3-7,county,,DEM,DEM,precinct,5947c9082afaa5cf507e0ed33a4d62ad34461f1cfbe9ba9976c69385593a5464,2026-08-21T11:30:57Z,,county_summary_pdf_v1,1.1.1,1,verified,https://www.sweetwatercountywy.gov/departments/county_clerk/elections.php,,,county_complete,overvote,Sweetwater,,,,,,0,,wy|sweetwater|wy-2026-primary|county_local_summary|5947c9082afaa5cf507e0ed33a4d62ad34461f1cfbe9ba9976c69385593a5464|wy-2026-primary|county|sweetwater|precinct-committeewoman-3-7|dem|overvote|overvote|Sweetwater|COUNTY
wy-2026-primary,wy|sweetwater|wy-2026-primary|county_local_summary,Sweetwater,wy-2026-primary|county|sweetwater|precinct-committeewoman-3-7|dem,DEM PRECINCT COMMITTEEWOMAN 03-7,Precinct Committeewoman 3-7,county,,DEM,DEM,precinct,5947c9082afaa5cf507e0ed33a4d62ad34461f1cfbe9ba9976c69385593a5464,2026-08-21T11:30:57Z,,county_summary_pdf_v1,1.1.1,1,verified,https://www.sweetwatercountywy.gov/departments/county_clerk/elections.php,,,county_complete,undervote,Sweetwater,,,,,,112,,wy|sweetwater|wy-2026-primary|county_local_summary|5947c9082afaa5cf507e0ed33a4d62ad34461f1cfbe9ba9976c69385593a5464|wy-2026-primary|county|sweetwater|precinct-committeewoman-3-7|dem|undervote|undervote|Sweetwater|COUNTY
wy-2026-primary,wy|sweetwater|wy-2026-primary|county_local_summary,Sweetwater,wy-2026-primary|county|sweetwater|precinct-committeewoman-4-1|dem,DEM PRECINCT COMMITTEEWOMAN 04-1,Precinct Committeewoman 4-1,county,,DEM,DEM,precinct,5947c9082afaa5cf507e0ed33a4d62ad34461f1cfbe9ba9976c69385593a5464,2026-08-21T11:30:57Z,,county_summary_pdf_v1,1.1.1,1,verified,https://www.sweetwatercountywy.gov/departments/county_clerk/elections.php,,,county_complete,candidate,Sweetwater,,,ANGELA M. CABLE,ANGELA M. CABLE,,40,,wy|sweetwater|wy-2026-primary|county_local_summary|5947c9082afaa5cf507e0ed33a4d62ad34461f1cfbe9ba9976c69385593a5464|wy-2026-primary|county|sweetwater|precinct-committeewoman-4-1|dem|candidate|ANGELA M. CABLE|Sweetwater|COUNTY
wy-2026-primary,wy|sweetwater|wy-2026-primary|county_local_summary,Sweetwater,wy-2026-primary|county|sweetwater|precinct-committeewoman-4-1|dem,DEM PRECINCT COMMITTEEWOMAN 04-1,Precinct Committeewoman 4-1,county,,DEM,DEM,precinct,5947c9082afaa5cf507e0ed33a4d62ad34461f1cfbe9ba9976c69385593a5464,2026-08-21T11:30:57Z,,county_summary_pdf_v1,1.1.1,1,verified,https://www.sweetwatercountywy.gov/departments/county_clerk/elections.php,,,county_complete,write_in_aggregate,Sweetwater,,,,,,0,,wy|sweetwater|wy-2026-primary|county_local_summary|5947c9082afaa5cf507e0ed33a4d62ad34461f1cfbe9ba9976c69385593a5464|wy-2026-primary|county|sweetwater|precinct-committeewoman-4-1|dem|write_in_aggregate|write_in_aggregate|Sweetwater|COUNTY
wy-2026-primary,wy|sweetwater|wy-2026-primary|county_local_summary,Sweetwater,wy-2026-primary|county|sweetwater|precinct-committeewoman-4-1|dem,DEM PRECINCT COMMITTEEWOMAN 04-1,Precinct Committeewoman 4-1,county,,DEM,DEM,precinct,5947c9082afaa5cf507e0ed33a4d62ad34461f1cfbe9ba9976c69385593a5464,2026-08-21T11:30:57Z,,county_summary_pdf_v1,1.1.1,1,verified,https://www.sweetwatercountywy.gov/departments/county_clerk/elections.php,,,county_complete,overvote,Sweetwater,,,,,,0,,wy|sweetwater|wy-2026-primary|county_local_summary|5947c9082afaa5cf507e0ed33a4d62ad34461f1cfbe9ba9976c69385593a5464|wy-2026-primary|county|sweetwater|precinct-committeewoman-4-1|dem|overvote|overvote|Sweetwater|COUNTY
wy-2026-primary,wy|sweetwater|wy-2026-primary|county_local_summary,Sweetwater,wy-2026-primary|county|sweetwater|precinct-committeewoman-4-1|dem,DEM PRECINCT COMMITTEEWOMAN 04-1,Precinct Committeewoman 4-1,county,,DEM,DEM,precinct,5947c9082afaa5cf507e0ed33a4d62ad34461f1cfbe9ba9976c69385593a5464,2026-08-21T11:30:57Z,,county_summary_pdf_v1,1.1.1,1,verified,https://www.sweetwatercountywy.gov/departments/county_clerk/elections.php,,,county_complete,undervote,Sweetwater,,,,,,7,,wy|sweetwater|wy-2026-primary|county_local_summary|5947c9082afaa5cf507e0ed33a4d62ad34461f1cfbe9ba9976c69385593a5464|wy-2026-primary|county|sweetwater|precinct-committeewoman-4-1|dem|undervote|undervote|Sweetwater|COUNTY
wy-2026-primary,wy|sweetwater|wy-2026-primary|county_local_summary,Sweetwater,wy-2026-primary|county|sweetwater|precinct-committeewoman-4-4|dem,DEM PRECINCT COMMITTEEWOMAN 04-4,Precinct Committeewoman 4-4,county,,DEM,DEM,precinct,5947c9082afaa5cf507e0ed33a4d62ad34461f1cfbe9ba9976c69385593a5464,2026-08-21T11:30:57Z,,county_summary_pdf_v1,1.1.1,1,verified,https://www.sweetwatercountywy.gov/departments/county_clerk/elections.php,,,county_complete,write_in_aggregate,Sweetwater,,,,,,3,,wy|sweetwater|wy-2026-primary|county_local_summary|5947c9082afaa5cf507e0ed33a4d62ad34461f1cfbe9ba9976c69385593a5464|wy-2026-primary|county|sweetwater|precinct-committeewoman-4-4|dem|write_in_aggregate|write_in_aggregate|Sweetwater|COUNTY
wy-2026-primary,wy|sweetwater|wy-2026-primary|county_local_summary,Sweetwater,wy-2026-primary|county|sweetwater|precinct-committeewoman-4-4|dem,DEM PRECINCT COMMITTEEWOMAN 04-4,Precinct Committeewoman 4-4,county,,DEM,DEM,precinct,5947c9082afaa5cf507e0ed33a4d62ad34461f1cfbe9ba9976c69385593a5464,2026-08-21T11:30:57Z,,county_summary_pdf_v1,1.1.1,1,verified,https://www.sweetwatercountywy.gov/departments/county_clerk/elections.php,,,county_complete,overvote,Sweetwater,,,,,,0,,wy|sweetwater|wy-2026-primary|county_local_summary|5947c9082afaa5cf507e0ed33a4d62ad34461f1cfbe9ba9976c69385593a5464|wy-2026-primary|county|sweetwater|precinct-committeewoman-4-4|dem|overvote|overvote|Sweetwater|COUNTY
wy-2026-primary,wy|sweetwater|wy-2026-primary|county_local_summary,Sweetwater,wy-2026-primary|county|sweetwater|precinct-committeewoman-4-4|dem,DEM PRECINCT COMMITTEEWOMAN 04-4,Precinct Committeewoman 4-4,county,,DEM,DEM,precinct,5947c9082afaa5cf507e0ed33a4d62ad34461f1cfbe9ba9976c69385593a5464,2026-08-21T11:30:57Z,,county_summary_pdf_v1,1.1.1,1,verified,https://www.sweetwatercountywy.gov/departments/county_clerk/elections.php,,,county_complete,undervote,Sweetwater,,,,,,55,,wy|sweetwater|wy-2026-primary|county_local_summary|5947c9082afaa5cf507e0ed33a4d62ad34461f1cfbe9ba9976c69385593a5464|wy-2026-primary|county|sweetwater|precinct-committeewoman-4-4|dem|undervote|undervote|Sweetwater|COUNTY
wy-2026-primary,wy|sweetwater|wy-2026-primary|county_local_summary,Sweetwater,wy-2026-primary|county|sweetwater|precinct-committeewoman-4-5|dem,DEM PRECINCT COMMITTEEWOMAN 04-5,Precinct Committeewoman 4-5,county,,DEM,DEM,precinct,5947c9082afaa5cf507e0ed33a4d62ad34461f1cfbe9ba9976c69385593a5464,2026-08-21T11:30:57Z,,county_summary_pdf_v1,1.1.1,1,verified,https://www.sweetwatercountywy.gov/departments/county_clerk/elections.php,,,county_complete,write_in_aggregate,Sweetwater,,,,,,2,,wy|sweetwater|wy-2026-primary|county_local_summary|5947c9082afaa5cf507e0ed33a4d62ad34461f1cfbe9ba9976c69385593a5464|wy-2026-primary|county|sweetwater|precinct-committeewoman-4-5|dem|write_in_aggregate|write_in_aggregate|Sweetwater|COUNTY
wy-2026-primary,wy|sweetwater|wy-2026-primary|county_local_summary,Sweetwater,wy-2026-primary|county|sweetwater|precinct-committeewoman-4-5|dem,DEM PRECINCT COMMITTEEWOMAN 04-5,Precinct Committeewoman 4-5,county,,DEM,DEM,precinct,5947c9082afaa5cf507e0ed33a4d62ad34461f1cfbe9ba9976c69385593a5464,2026-08-21T11:30:57Z,,county_summary_pdf_v1,1.1.1,1,verified,https://www.sweetwatercountywy.gov/departments/county_clerk/elections.php,,,county_complete,overvote,Sweetwater,,,,,,0,,wy|sweetwater|wy-2026-primary|county_local_summary|5947c9082afaa5cf507e0ed33a4d62ad34461f1cfbe9ba9976c69385593a5464|wy-2026-primary|county|sweetwater|precinct-committeewoman-4-5|dem|overvote|overvote|Sweetwater|COUNTY
wy-2026-primary,wy|sweetwater|wy-2026-primary|county_local_summary,Sweetwater,wy-2026-primary|county|sweetwater|precinct-committeewoman-4-5|dem,DEM PRECINCT COMMITTEEWOMAN 04-5,Precinct Committeewoman 4-5,county,,DEM,DEM,precinct,5947c9082afaa5cf507e0ed33a4d62ad34461f1cfbe9ba9976c69385593a5464,2026-08-21T11:30:57Z,,county_summary_pdf_v1,1.1.1,1,verified,https://www.sweetwatercountywy.gov/departments/county_clerk/elections.php,,,county_complete,undervote,Sweetwater,,,,,,25,,wy|sweetwater|wy-2026-primary|county_local_summary|5947c9082afaa5cf507e0ed33a4d62ad34461f1cfbe9ba9976c69385593a5464|wy-2026-primary|county|sweetwater|precinct-committeewoman-4-5|dem|undervote|undervote|Sweetwater|COUNTY
wy-2026-primary,wy|sweetwater|wy-2026-primary|county_local_summary,Sweetwater,wy-2026-primary|county|sweetwater|precinct-committeewoman-4-6|dem,DEM PRECINCT COMMITTEEWOMAN 04-6,Precinct Committeewoman 4-6,county,,DEM,DEM,precinct,5947c9082afaa5cf507e0ed33a4d62ad34461f1cfbe9ba9976c69385593a5464,2026-08-21T11:30:57Z,,county_summary_pdf_v1,1.1.1,1,verified,https://www.sweetwatercountywy.gov/departments/county_clerk/elections.php,,,county_complete,write_in_aggregate,Sweetwater,,,,,,1,,wy|sweetwater|wy-2026-primary|county_local_summary|5947c9082afaa5cf507e0ed33a4d62ad34461f1cfbe9ba9976c69385593a5464|wy-2026-primary|county|sweetwater|precinct-committeewoman-4-6|dem|write_in_aggregate|write_in_aggregate|Sweetwater|COUNTY
wy-2026-primary,wy|sweetwater|wy-2026-primary|county_local_summary,Sweetwater,wy-2026-primary|county|sweetwater|precinct-committeewoman-4-6|dem,DEM PRECINCT COMMITTEEWOMAN 04-6,Precinct Committeewoman 4-6,county,,DEM,DEM,precinct,5947c9082afaa5cf507e0ed33a4d62ad34461f1cfbe9ba9976c69385593a5464,2026-08-21T11:30:57Z,,county_summary_pdf_v1,1.1.1,1,verified,https://www.sweetwatercountywy.gov/departments/county_clerk/elections.php,,,county_complete,overvote,Sweetwater,,,,,,0,,wy|sweetwater|wy-2026-primary|county_local_summary|5947c9082afaa5cf507e0ed33a4d62ad34461f1cfbe9ba9976c69385593a5464|wy-2026-primary|county|sweetwater|precinct-committeewoman-4-6|dem|overvote|overvote|Sweetwater|COUNTY
wy-2026-primary,wy|sweetwater|wy-2026-primary|county_local_summary,Sweetwater,wy-2026-primary|county|sweetwater|precinct-committeewoman-4-6|dem,DEM PRECINCT COMMITTEEWOMAN 04-6,Precinct Committeewoman 4-6,county,,DEM,DEM,precinct,5947c9082afaa5cf507e0ed33a4d62ad34461f1cfbe9ba9976c69385593a5464,2026-08-21T11:30:57Z,,county_summary_pdf_v1,1.1.1,1,verified,https://www.sweetwatercountywy.gov/departments/county_clerk/elections.php,,,county_complete,undervote,Sweetwater,,,,,,14,,wy|sweetwater|wy-2026-primary|county_local_summary|5947c9082afaa5cf507e0ed33a4d62ad34461f1cfbe9ba9976c69385593a5464|wy-2026-primary|county|sweetwater|precinct-committeewoman-4-6|dem|undervote|undervote|Sweetwater|COUNTY
wy-2026-primary,wy|sweetwater|wy-2026-primary|county_local_summary,Sweetwater,wy-2026-primary|county|sweetwater|precinct-committeewoman-4-7|dem,DEM PRECINCT COMMITTEEWOMAN 04-7,Precinct Committeewoman 4-7,county,,DEM,DEM,precinct,5947c9082afaa5cf507e0ed33a4d62ad34461f1cfbe9ba9976c69385593a5464,2026-08-21T11:30:57Z,,county_summary_pdf_v1,1.1.1,1,verified,https://www.sweetwatercountywy.gov/departments/county_clerk/elections.php,,,county_complete,write_in_aggregate,Sweetwater,,,,,,1,,wy|sweetwater|wy-2026-primary|county_local_summary|5947c9082afaa5cf507e0ed33a4d62ad34461f1cfbe9ba9976c69385593a5464|wy-2026-primary|county|sweetwater|precinct-committeewoman-4-7|dem|write_in_aggregate|write_in_aggregate|Sweetwater|COUNTY
wy-2026-primary,wy|sweetwater|wy-2026-primary|county_local_summary,Sweetwater,wy-2026-primary|county|sweetwater|precinct-committeewoman-4-7|dem,DEM PRECINCT COMMITTEEWOMAN 04-7,Precinct Committeewoman 4-7,county,,DEM,DEM,precinct,5947c9082afaa5cf507e0ed33a4d62ad34461f1cfbe9ba9976c69385593a5464,2026-08-21T11:30:57Z,,county_summary_pdf_v1,1.1.1,1,verified,https://www.sweetwatercountywy.gov/departments/county_clerk/elections.php,,,county_complete,overvote,Sweetwater,,,,,,0,,wy|sweetwater|wy-2026-primary|county_local_summary|5947c9082afaa5cf507e0ed33a4d62ad34461f1cfbe9ba9976c69385593a5464|wy-2026-primary|county|sweetwater|precinct-committeewoman-4-7|dem|overvote|overvote|Sweetwater|COUNTY
wy-2026-primary,wy|sweetwater|wy-2026-primary|county_local_summary,Sweetwater,wy-2026-primary|county|sweetwater|precinct-committeewoman-4-7|dem,DEM PRECINCT COMMITTEEWOMAN 04-7,Precinct Committeewoman 4-7,county,,DEM,DEM,precinct,5947c9082afaa5cf507e0ed33a4d62ad34461f1cfbe9ba9976c69385593a5464,2026-08-21T11:30:57Z,,county_summary_pdf_v1,1.1.1,1,verified,https://www.sweetwatercountywy.gov/departments/county_clerk/elections.php,,,county_complete,undervote,Sweetwater,,,,,,7,,wy|sweetwater|wy-2026-primary|county_local_summary|5947c9082afaa5cf507e0ed33a4d62ad34461f1cfbe9ba9976c69385593a5464|wy-2026-primary|county|sweetwater|precinct-committeewoman-4-7|dem|undervote|undervote|Sweetwater|COUNTY
wy-2026-primary,wy|sweetwater|wy-2026-primary|county_local_summary,Sweetwater,wy-2026-primary|county|sweetwater|precinct-committeewoman-5-6|dem,DEM PRECINCT COMMITTEEWOMAN 05-6,Precinct Committeewoman 5-6,county,,DEM,DEM,precinct,5947c9082afaa5cf507e0ed33a4d62ad34461f1cfbe9ba9976c69385593a5464,2026-08-21T11:30:57Z,,county_summary_pdf_v1,1.1.1,1,verified,https://www.sweetwatercountywy.gov/departments/county_clerk/elections.php,,,county_complete,write_in_aggregate,Sweetwater,,,,,,2,,wy|sweetwater|wy-2026-primary|county_local_summary|5947c9082afaa5cf507e0ed33a4d62ad34461f1cfbe9ba9976c69385593a5464|wy-2026-primary|county|sweetwater|precinct-committeewoman-5-6|dem|write_in_aggregate|write_in_aggregate|Sweetwater|COUNTY
wy-2026-primary,wy|sweetwater|wy-2026-primary|county_local_summary,Sweetwater,wy-2026-primary|county|sweetwater|precinct-committeewoman-5-6|dem,DEM PRECINCT COMMITTEEWOMAN 05-6,Precinct Committeewoman 5-6,county,,DEM,DEM,precinct,5947c9082afaa5cf507e0ed33a4d62ad34461f1cfbe9ba9976c69385593a5464,2026-08-21T11:30:57Z,,county_summary_pdf_v1,1.1.1,1,verified,https://www.sweetwatercountywy.gov/departments/county_clerk/elections.php,,,county_complete,overvote,Sweetwater,,,,,,0,,wy|sweetwater|wy-2026-primary|county_local_summary|5947c9082afaa5cf507e0ed33a4d62ad34461f1cfbe9ba9976c69385593a5464|wy-2026-primary|county|sweetwater|precinct-committeewoman-5-6|dem|overvote|overvote|Sweetwater|COUNTY
wy-2026-primary,wy|sweetwater|wy-2026-primary|county_local_summary,Sweetwater,wy-2026-primary|county|sweetwater|precinct-committeewoman-5-6|dem,DEM PRECINCT COMMITTEEWOMAN 05-6,Precinct Committeewoman 5-6,county,,DEM,DEM,precinct,5947c9082afaa5cf507e0ed33a4d62ad34461f1cfbe9ba9976c69385593a5464,2026-08-21T11:30:57Z,,county_summary_pdf_v1,1.1.1,1,verified,https://www.sweetwatercountywy.gov/departments/county_clerk/elections.php,,,county_complete,undervote,Sweetwater,,,,,,43,,wy|sweetwater|wy-2026-primary|county_local_summary|5947c9082afaa5cf507e0ed33a4d62ad34461f1cfbe9ba9976c69385593a5464|wy-2026-primary|county|sweetwater|precinct-committeewoman-5-6|dem|undervote|undervote|Sweetwater|COUNTY
wy-2026-primary,wy|sweetwater|wy-2026-primary|county_local_summary,Sweetwater,wy-2026-primary|county|sweetwater|precinct-committeewoman-5-7|dem,DEM PRECINCT COMMITTEEWOMAN 05-7,Precinct Committeewoman 5-7,county,,DEM,DEM,precinct,5947c9082afaa5cf507e0ed33a4d62ad34461f1cfbe9ba9976c69385593a5464,2026-08-21T11:30:57Z,,county_summary_pdf_v1,1.1.1,1,verified,https://www.sweetwatercountywy.gov/departments/county_clerk/elections.php,,,county_complete,write_in_aggregate,Sweetwater,,,,,,1,,wy|sweetwater|wy-2026-primary|county_local_summary|5947c9082afaa5cf507e0ed33a4d62ad34461f1cfbe9ba9976c69385593a5464|wy-2026-primary|county|sweetwater|precinct-committeewoman-5-7|dem|write_in_aggregate|write_in_aggregate|Sweetwater|COUNTY
wy-2026-primary,wy|sweetwater|wy-2026-primary|county_local_summary,Sweetwater,wy-2026-primary|county|sweetwater|precinct-committeewoman-5-7|dem,DEM PRECINCT COMMITTEEWOMAN 05-7,Precinct Committeewoman 5-7,county,,DEM,DEM,precinct,5947c9082afaa5cf507e0ed33a4d62ad34461f1cfbe9ba9976c69385593a5464,2026-08-21T11:30:57Z,,county_summary_pdf_v1,1.1.1,1,verified,https://www.sweetwatercountywy.gov/departments/county_clerk/elections.php,,,county_complete,overvote,Sweetwater,,,,,,0,,wy|sweetwater|wy-2026-primary|county_local_summary|5947c9082afaa5cf507e0ed33a4d62ad34461f1cfbe9ba9976c69385593a5464|wy-2026-primary|county|sweetwater|precinct-committeewoman-5-7|dem|overvote|overvote|Sweetwater|COUNTY
wy-2026-primary,wy|sweetwater|wy-2026-primary|county_local_summary,Sweetwater,wy-2026-primary|county|sweetwater|precinct-committeewoman-5-7|dem,DEM PRECINCT COMMITTEEWOMAN 05-7,Precinct Committeewoman 5-7,county,,DEM,DEM,precinct,5947c9082afaa5cf507e0ed33a4d62ad34461f1cfbe9ba9976c69385593a5464,2026-08-21T11:30:57Z,,county_summary_pdf_v1,1.1.1,1,verified,https://www.sweetwatercountywy.gov/departments/county_clerk/elections.php,,,county_complete,undervote,Sweetwater,,,,,,28,,wy|sweetwater|wy-2026-primary|county_local_summary|5947c9082afaa5cf507e0ed33a4d62ad34461f1cfbe9ba9976c69385593a5464|wy-2026-primary|county|sweetwater|precinct-committeewoman-5-7|dem|undervote|undervote|Sweetwater|COUNTY
wy-2026-primary,wy|sweetwater|wy-2026-primary|county_local_summary,Sweetwater,wy-2026-primary|county|sweetwater|precinct-committeewoman-5-8|dem,DEM PRECINCT COMMITTEEWOMAN 05-8,Precinct Committeewoman 5-8,county,,DEM,DEM,precinct,5947c9082afaa5cf507e0ed33a4d62ad34461f1cfbe9ba9976c69385593a5464,2026-08-21T11:30:57Z,,county_summary_pdf_v1,1.1.1,1,verified,https://www.sweetwatercountywy.gov/departments/county_clerk/elections.php,,,county_complete,write_in_aggregate,Sweetwater,,,,,,1,,wy|sweetwater|wy-2026-primary|county_local_summary|5947c9082afaa5cf507e0ed33a4d62ad34461f1cfbe9ba9976c69385593a5464|wy-2026-primary|county|sweetwater|precinct-committeewoman-5-8|dem|write_in_aggregate|write_in_aggregate|Sweetwater|COUNTY
wy-2026-primary,wy|sweetwater|wy-2026-primary|county_local_summary,Sweetwater,wy-2026-primary|county|sweetwater|precinct-committeewoman-5-8|dem,DEM PRECINCT COMMITTEEWOMAN 05-8,Precinct Committeewoman 5-8,county,,DEM,DEM,precinct,5947c9082afaa5cf507e0ed33a4d62ad34461f1cfbe9ba9976c69385593a5464,2026-08-21T11:30:57Z,,county_summary_pdf_v1,1.1.1,1,verified,https://www.sweetwatercountywy.gov/departments/county_clerk/elections.php,,,county_complete,overvote,Sweetwater,,,,,,0,,wy|sweetwater|wy-2026-primary|county_local_summary|5947c9082afaa5cf507e0ed33a4d62ad34461f1cfbe9ba9976c69385593a5464|wy-2026-primary|county|sweetwater|precinct-committeewoman-5-8|dem|overvote|overvote|Sweetwater|COUNTY
wy-2026-primary,wy|sweetwater|wy-2026-primary|county_local_summary,Sweetwater,wy-2026-primary|county|sweetwater|precinct-committeewoman-5-8|dem,DEM PRECINCT COMMITTEEWOMAN 05-8,Precinct Committeewoman 5-8,county,,DEM,DEM,precinct,5947c9082afaa5cf507e0ed33a4d62ad34461f1cfbe9ba9976c69385593a5464,2026-08-21T11:30:57Z,,county_summary_pdf_v1,1.1.1,1,verified,https://www.sweetwatercountywy.gov/departments/county_clerk/elections.php,,,county_complete,undervote,Sweetwater,,,,,,83,,wy|sweetwater|wy-2026-primary|county_local_summary|5947c9082afaa5cf507e0ed33a4d62ad34461f1cfbe9ba9976c69385593a5464|wy-2026-primary|county|sweetwater|precinct-committeewoman-5-8|dem|undervote|undervote|Sweetwater|COUNTY
wy-2026-primary,wy|sweetwater|wy-2026-primary|county_local_summary,Sweetwater,wy-2026-primary|county|sweetwater|precinct-committeewoman-5-9|dem,DEM PRECINCT COMMITTEEWOMAN 05-9,Precinct Committeewoman 5-9,county,,DEM,DEM,precinct,5947c9082afaa5cf507e0ed33a4d62ad34461f1cfbe9ba9976c69385593a5464,2026-08-21T11:30:57Z,,county_summary_pdf_v1,1.1.1,1,verified,https://www.sweetwatercountywy.gov/departments/county_clerk/elections.php,,,county_complete,write_in_aggregate,Sweetwater,,,,,,1,,wy|sweetwater|wy-2026-primary|county_local_summary|5947c9082afaa5cf507e0ed33a4d62ad34461f1cfbe9ba9976c69385593a5464|wy-2026-primary|county|sweetwater|precinct-committeewoman-5-9|dem|write_in_aggregate|write_in_aggregate|Sweetwater|COUNTY
wy-2026-primary,wy|sweetwater|wy-2026-primary|county_local_summary,Sweetwater,wy-2026-primary|county|sweetwater|precinct-committeewoman-5-9|dem,DEM PRECINCT COMMITTEEWOMAN 05-9,Precinct Committeewoman 5-9,county,,DEM,DEM,precinct,5947c9082afaa5cf507e0ed33a4d62ad34461f1cfbe9ba9976c69385593a5464,2026-08-21T11:30:57Z,,county_summary_pdf_v1,1.1.1,1,verified,https://www.sweetwatercountywy.gov/departments/county_clerk/elections.php,,,county_complete,overvote,Sweetwater,,,,,,0,,wy|sweetwater|wy-2026-primary|county_local_summary|5947c9082afaa5cf507e0ed33a4d62ad34461f1cfbe9ba9976c69385593a5464|wy-2026-primary|county|sweetwater|precinct-committeewoman-5-9|dem|overvote|overvote|Sweetwater|COUNTY
wy-2026-primary,wy|sweetwater|wy-2026-primary|county_local_summary,Sweetwater,wy-2026-primary|county|sweetwater|precinct-committeewoman-5-9|dem,DEM PRECINCT COMMITTEEWOMAN 05-9,Precinct Committeewoman 5-9,county,,DEM,DEM,precinct,5947c9082afaa5cf507e0ed33a4d62ad34461f1cfbe9ba9976c69385593a5464,2026-08-21T11:30:57Z,,county_summary_pdf_v1,1.1.1,1,verified,https://www.sweetwatercountywy.gov/departments/county_clerk/elections.php,,,county_complete,undervote,Sweetwater,,,,,,21,,wy|sweetwater|wy-2026-primary|county_local_summary|5947c9082afaa5cf507e0ed33a4d62ad34461f1cfbe9ba9976c69385593a5464|wy-2026-primary|county|sweetwater|precinct-committeewoman-5-9|dem|undervote|undervote|Sweetwater|COUNTY
wy-2026-primary,wy|sweetwater|wy-2026-primary|county_local_summary,Sweetwater,wy-2026-primary|county|sweetwater|precinct-committeewoman-5-10|dem,DEM PRECINCT COMMITTEEWOMAN 05-10,Precinct Committeewoman 5-10,county,,DEM,DEM,precinct,5947c9082afaa5cf507e0ed33a4d62ad34461f1cfbe9ba9976c69385593a5464,2026-08-21T11:30:57Z,,county_summary_pdf_v1,1.1.1,1,verified,https://www.sweetwatercountywy.gov/departments/county_clerk/elections.php,,,county_complete,write_in_aggregate,Sweetwater,,,,,,3,,wy|sweetwater|wy-2026-primary|county_local_summary|5947c9082afaa5cf507e0ed33a4d62ad34461f1cfbe9ba9976c69385593a5464|wy-2026-primary|county|sweetwater|precinct-committeewoman-5-10|dem|write_in_aggregate|write_in_aggregate|Sweetwater|COUNTY
wy-2026-primary,wy|sweetwater|wy-2026-primary|county_local_summary,Sweetwater,wy-2026-primary|county|sweetwater|precinct-committeewoman-5-10|dem,DEM PRECINCT COMMITTEEWOMAN 05-10,Precinct Committeewoman 5-10,county,,DEM,DEM,precinct,5947c9082afaa5cf507e0ed33a4d62ad34461f1cfbe9ba9976c69385593a5464,2026-08-21T11:30:57Z,,county_summary_pdf_v1,1.1.1,1,verified,https://www.sweetwatercountywy.gov/departments/county_clerk/elections.php,,,county_complete,overvote,Sweetwater,,,,,,0,,wy|sweetwater|wy-2026-primary|county_local_summary|5947c9082afaa5cf507e0ed33a4d62ad34461f1cfbe9ba9976c69385593a5464|wy-2026-primary|county|sweetwater|precinct-committeewoman-5-10|dem|overvote|overvote|Sweetwater|COUNTY
wy-2026-primary,wy|sweetwater|wy-2026-primary|county_local_summary,Sweetwater,wy-2026-primary|county|sweetwater|precinct-committeewoman-5-10|dem,DEM PRECINCT COMMITTEEWOMAN 05-10,Precinct Committeewoman 5-10,county,,DEM,DEM,precinct,5947c9082afaa5cf507e0ed33a4d62ad34461f1cfbe9ba9976c69385593a5464,2026-08-21T11:30:57Z,,county_summary_pdf_v1,1.1.1,1,verified,https://www.sweetwatercountywy.gov/departments/county_clerk/elections.php,,,county_complete,undervote,Sweetwater,,,,,,70,,wy|sweetwater|wy-2026-primary|county_local_summary|5947c9082afaa5cf507e0ed33a4d62ad34461f1cfbe9ba9976c69385593a5464|wy-2026-primary|county|sweetwater|precinct-committeewoman-5-10|dem|undervote|undervote|Sweetwater|COUNTY
wy-2026-primary,wy|sweetwater|wy-2026-primary|county_local_summary,Sweetwater,wy-2026-primary|county|sweetwater|precinct-committeewoman-6-1|dem,DEM PRECINCT COMMITTEEWOMAN 06-1,Precinct Committeewoman 6-1,county,,DEM,DEM,precinct,5947c9082afaa5cf507e0ed33a4d62ad34461f1cfbe9ba9976c69385593a5464,2026-08-21T11:30:57Z,,county_summary_pdf_v1,1.1.1,1,verified,https://www.sweetwatercountywy.gov/departments/county_clerk/elections.php,,,county_complete,write_in_aggregate,Sweetwater,,,,,,2,,wy|sweetwater|wy-2026-primary|county_local_summary|5947c9082afaa5cf507e0ed33a4d62ad34461f1cfbe9ba9976c69385593a5464|wy-2026-primary|county|sweetwater|precinct-committeewoman-6-1|dem|write_in_aggregate|write_in_aggregate|Sweetwater|COUNTY
wy-2026-primary,wy|sweetwater|wy-2026-primary|county_local_summary,Sweetwater,wy-2026-primary|county|sweetwater|precinct-committeewoman-6-1|dem,DEM PRECINCT COMMITTEEWOMAN 06-1,Precinct Committeewoman 6-1,county,,DEM,DEM,precinct,5947c9082afaa5cf507e0ed33a4d62ad34461f1cfbe9ba9976c69385593a5464,2026-08-21T11:30:57Z,,county_summary_pdf_v1,1.1.1,1,verified,https://www.sweetwatercountywy.gov/departments/county_clerk/elections.php,,,county_complete,overvote,Sweetwater,,,,,,0,,wy|sweetwater|wy-2026-primary|county_local_summary|5947c9082afaa5cf507e0ed33a4d62ad34461f1cfbe9ba9976c69385593a5464|wy-2026-primary|county|sweetwater|precinct-committeewoman-6-1|dem|overvote|overvote|Sweetwater|COUNTY
wy-2026-primary,wy|sweetwater|wy-2026-primary|county_local_summary,Sweetwater,wy-2026-primary|county|sweetwater|precinct-committeewoman-6-1|dem,DEM PRECINCT COMMITTEEWOMAN 06-1,Precinct Committeewoman 6-1,county,,DEM,DEM,precinct,5947c9082afaa5cf507e0ed33a4d62ad34461f1cfbe9ba9976c69385593a5464,2026-08-21T11:30:57Z,,county_summary_pdf_v1,1.1.1,1,verified,https://www.sweetwatercountywy.gov/departments/county_clerk/elections.php,,,county_complete,undervote,Sweetwater,,,,,,43,,wy|sweetwater|wy-2026-primary|county_local_summary|5947c9082afaa5cf507e0ed33a4d62ad34461f1cfbe9ba9976c69385593a5464|wy-2026-primary|county|sweetwater|precinct-committeewoman-6-1|dem|undervote|undervote|Sweetwater|COUNTY
wy-2026-primary,wy|sweetwater|wy-2026-primary|county_local_summary,Sweetwater,wy-2026-primary|county|sweetwater|precinct-committeewoman-6-3|dem,DEM PRECINCT COMMITTEEWOMAN 06-3,Precinct Committeewoman 6-3,county,,DEM,DEM,precinct,5947c9082afaa5cf507e0ed33a4d62ad34461f1cfbe9ba9976c69385593a5464,2026-08-21T11:30:57Z,,county_summary_pdf_v1,1.1.1,1,verified,https://www.sweetwatercountywy.gov/departments/county_clerk/elections.php,,,county_complete,write_in_aggregate,Sweetwater,,,,,,0,,wy|sweetwater|wy-2026-primary|county_local_summary|5947c9082afaa5cf507e0ed33a4d62ad34461f1cfbe9ba9976c69385593a5464|wy-2026-primary|county|sweetwater|precinct-committeewoman-6-3|dem|write_in_aggregate|write_in_aggregate|Sweetwater|COUNTY
wy-2026-primary,wy|sweetwater|wy-2026-primary|county_local_summary,Sweetwater,wy-2026-primary|county|sweetwater|precinct-committeewoman-6-3|dem,DEM PRECINCT COMMITTEEWOMAN 06-3,Precinct Committeewoman 6-3,county,,DEM,DEM,precinct,5947c9082afaa5cf507e0ed33a4d62ad34461f1cfbe9ba9976c69385593a5464,2026-08-21T11:30:57Z,,county_summary_pdf_v1,1.1.1,1,verified,https://www.sweetwatercountywy.gov/departments/county_clerk/elections.php,,,county_complete,overvote,Sweetwater,,,,,,0,,wy|sweetwater|wy-2026-primary|county_local_summary|5947c9082afaa5cf507e0ed33a4d62ad34461f1cfbe9ba9976c69385593a5464|wy-2026-primary|county|sweetwater|precinct-committeewoman-6-3|dem|overvote|overvote|Sweetwater|COUNTY
wy-2026-primary,wy|sweetwater|wy-2026-primary|county_local_summary,Sweetwater,wy-2026-primary|county|sweetwater|precinct-committeewoman-6-3|dem,DEM PRECINCT COMMITTEEWOMAN 06-3,Precinct Committeewoman 6-3,county,,DEM,DEM,precinct,5947c9082afaa5cf507e0ed33a4d62ad34461f1cfbe9ba9976c69385593a5464,2026-08-21T11:30:57Z,,county_summary_pdf_v1,1.1.1,1,verified,https://www.sweetwatercountywy.gov/departments/county_clerk/elections.php,,,county_complete,undervote,Sweetwater,,,,,,21,,wy|sweetwater|wy-2026-primary|county_local_summary|5947c9082afaa5cf507e0ed33a4d62ad34461f1cfbe9ba9976c69385593a5464|wy-2026-primary|county|sweetwater|precinct-committeewoman-6-3|dem|undervote|undervote|Sweetwater|COUNTY
wy-2026-primary,wy|sweetwater|wy-2026-primary|county_local_summary,Sweetwater,wy-2026-primary|county|sweetwater|precinct-committeewoman-6-5|dem,DEM PRECINCT COMMITTEEWOMAN 06-5,Precinct Committeewoman 6-5,county,,DEM,DEM,precinct,5947c9082afaa5cf507e0ed33a4d62ad34461f1cfbe9ba9976c69385593a5464,2026-08-21T11:30:57Z,,county_summary_pdf_v1,1.1.1,1,verified,https://www.sweetwatercountywy.gov/departments/county_clerk/elections.php,,,county_complete,write_in_aggregate,Sweetwater,,,,,,2,,wy|sweetwater|wy-2026-primary|county_local_summary|5947c9082afaa5cf507e0ed33a4d62ad34461f1cfbe9ba9976c69385593a5464|wy-2026-primary|county|sweetwater|precinct-committeewoman-6-5|dem|write_in_aggregate|write_in_aggregate|Sweetwater|COUNTY
wy-2026-primary,wy|sweetwater|wy-2026-primary|county_local_summary,Sweetwater,wy-2026-primary|county|sweetwater|precinct-committeewoman-6-5|dem,DEM PRECINCT COMMITTEEWOMAN 06-5,Precinct Committeewoman 6-5,county,,DEM,DEM,precinct,5947c9082afaa5cf507e0ed33a4d62ad34461f1cfbe9ba9976c69385593a5464,2026-08-21T11:30:57Z,,county_summary_pdf_v1,1.1.1,1,verified,https://www.sweetwatercountywy.gov/departments/county_clerk/elections.php,,,county_complete,overvote,Sweetwater,,,,,,0,,wy|sweetwater|wy-2026-primary|county_local_summary|5947c9082afaa5cf507e0ed33a4d62ad34461f1cfbe9ba9976c69385593a5464|wy-2026-primary|county|sweetwater|precinct-committeewoman-6-5|dem|overvote|overvote|Sweetwater|COUNTY
wy-2026-primary,wy|sweetwater|wy-2026-primary|county_local_summary,Sweetwater,wy-2026-primary|county|sweetwater|precinct-committeewoman-6-5|dem,DEM PRECINCT COMMITTEEWOMAN 06-5,Precinct Committeewoman 6-5,county,,DEM,DEM,precinct,5947c9082afaa5cf507e0ed33a4d62ad34461f1cfbe9ba9976c69385593a5464,2026-08-21T11:30:57Z,,county_summary_pdf_v1,1.1.1,1,verified,https://www.sweetwatercountywy.gov/departments/county_clerk/elections.php,,,county_complete,undervote,Sweetwater,,,,,,52,,wy|sweetwater|wy-2026-primary|county_local_summary|5947c9082afaa5cf507e0ed33a4d62ad34461f1cfbe9ba9976c69385593a5464|wy-2026-primary|county|sweetwater|precinct-committeewoman-6-5|dem|undervote|undervote|Sweetwater|COUNTY
wy-2026-primary,wy|sweetwater|wy-2026-primary|county_local_summary,Sweetwater,wy-2026-primary|county|sweetwater|precinct-committeewoman-6-6|dem,DEM PRECINCT COMMITTEEWOMAN 06-6,Precinct Committeewoman 6-6,county,,DEM,DEM,precinct,5947c9082afaa5cf507e0ed33a4d62ad34461f1cfbe9ba9976c69385593a5464,2026-08-21T11:30:57Z,,county_summary_pdf_v1,1.1.1,1,verified,https://www.sweetwatercountywy.gov/departments/county_clerk/elections.php,,,county_complete,write_in_aggregate,Sweetwater,,,,,,0,,wy|sweetwater|wy-2026-primary|county_local_summary|5947c9082afaa5cf507e0ed33a4d62ad34461f1cfbe9ba9976c69385593a5464|wy-2026-primary|county|sweetwater|precinct-committeewoman-6-6|dem|write_in_aggregate|write_in_aggregate|Sweetwater|COUNTY
wy-2026-primary,wy|sweetwater|wy-2026-primary|county_local_summary,Sweetwater,wy-2026-primary|county|sweetwater|precinct-committeewoman-6-6|dem,DEM PRECINCT COMMITTEEWOMAN 06-6,Precinct Committeewoman 6-6,county,,DEM,DEM,precinct,5947c9082afaa5cf507e0ed33a4d62ad34461f1cfbe9ba9976c69385593a5464,2026-08-21T11:30:57Z,,county_summary_pdf_v1,1.1.1,1,verified,https://www.sweetwatercountywy.gov/departments/county_clerk/elections.php,,,county_complete,overvote,Sweetwater,,,,,,0,,wy|sweetwater|wy-2026-primary|county_local_summary|5947c9082afaa5cf507e0ed33a4d62ad34461f1cfbe9ba9976c69385593a5464|wy-2026-primary|county|sweetwater|precinct-committeewoman-6-6|dem|overvote|overvote|Sweetwater|COUNTY
wy-2026-primary,wy|sweetwater|wy-2026-primary|county_local_summary,Sweetwater,wy-2026-primary|county|sweetwater|precinct-committeewoman-6-6|dem,DEM PRECINCT COMMITTEEWOMAN 06-6,Precinct Committeewoman 6-6,county,,DEM,DEM,precinct,5947c9082afaa5cf507e0ed33a4d62ad34461f1cfbe9ba9976c69385593a5464,2026-08-21T11:30:57Z,,county_summary_pdf_v1,1.1.1,1,verified,https://www.sweetwatercountywy.gov/departments/county_clerk/elections.php,,,county_complete,undervote,Sweetwater,,,,,,0,,wy|sweetwater|wy-2026-primary|county_local_summary|5947c9082afaa5cf507e0ed33a4d62ad34461f1cfbe9ba9976c69385593a5464|wy-2026-primary|county|sweetwater|precinct-committeewoman-6-6|dem|undervote|undervote|Sweetwater|COUNTY
wy-2026-primary,wy|sweetwater|wy-2026-primary|county_local_summary,Sweetwater,wy-2026-primary|county|sweetwater|precinct-committeewoman-7-3|dem,DEM PRECINCT COMMITTEEWOMAN 07-3,Precinct Committeewoman 7-3,county,,DEM,DEM,precinct,5947c9082afaa5cf507e0ed33a4d62ad34461f1cfbe9ba9976c69385593a5464,2026-08-21T11:30:57Z,,county_summary_pdf_v1,1.1.1,1,verified,https://www.sweetwatercountywy.gov/departments/county_clerk/elections.php,,,county_complete,write_in_aggregate,Sweetwater,,,,,,2,,wy|sweetwater|wy-2026-primary|county_local_summary|5947c9082afaa5cf507e0ed33a4d62ad34461f1cfbe9ba9976c69385593a5464|wy-2026-primary|county|sweetwater|precinct-committeewoman-7-3|dem|write_in_aggregate|write_in_aggregate|Sweetwater|COUNTY
wy-2026-primary,wy|sweetwater|wy-2026-primary|county_local_summary,Sweetwater,wy-2026-primary|county|sweetwater|precinct-committeewoman-7-3|dem,DEM PRECINCT COMMITTEEWOMAN 07-3,Precinct Committeewoman 7-3,county,,DEM,DEM,precinct,5947c9082afaa5cf507e0ed33a4d62ad34461f1cfbe9ba9976c69385593a5464,2026-08-21T11:30:57Z,,county_summary_pdf_v1,1.1.1,1,verified,https://www.sweetwatercountywy.gov/departments/county_clerk/elections.php,,,county_complete,overvote,Sweetwater,,,,,,0,,wy|sweetwater|wy-2026-primary|county_local_summary|5947c9082afaa5cf507e0ed33a4d62ad34461f1cfbe9ba9976c69385593a5464|wy-2026-primary|county|sweetwater|precinct-committeewoman-7-3|dem|overvote|overvote|Sweetwater|COUNTY
wy-2026-primary,wy|sweetwater|wy-2026-primary|county_local_summary,Sweetwater,wy-2026-primary|county|sweetwater|precinct-committeewoman-7-3|dem,DEM PRECINCT COMMITTEEWOMAN 07-3,Precinct Committeewoman 7-3,county,,DEM,DEM,precinct,5947c9082afaa5cf507e0ed33a4d62ad34461f1cfbe9ba9976c69385593a5464,2026-08-21T11:30:57Z,,county_summary_pdf_v1,1.1.1,1,verified,https://www.sweetwatercountywy.gov/departments/county_clerk/elections.php,,,county_complete,undervote,Sweetwater,,,,,,32,,wy|sweetwater|wy-2026-primary|county_local_summary|5947c9082afaa5cf507e0ed33a4d62ad34461f1cfbe9ba9976c69385593a5464|wy-2026-primary|county|sweetwater|precinct-committeewoman-7-3|dem|undervote|undervote|Sweetwater|COUNTY
wy-2026-primary,wy|sweetwater|wy-2026-primary|county_local_summary,Sweetwater,wy-2026-primary|county|sweetwater|precinct-committeewoman-7-4|dem,DEM PRECINCT COMMITTEEWOMAN 07-4,Precinct Committeewoman 7-4,county,,DEM,DEM,precinct,5947c9082afaa5cf507e0ed33a4d62ad34461f1cfbe9ba9976c69385593a5464,2026-08-21T11:30:57Z,,county_summary_pdf_v1,1.1.1,1,verified,https://www.sweetwatercountywy.gov/departments/county_clerk/elections.php,,,county_complete,write_in_aggregate,Sweetwater,,,,,,0,,wy|sweetwater|wy-2026-primary|county_local_summary|5947c9082afaa5cf507e0ed33a4d62ad34461f1cfbe9ba9976c69385593a5464|wy-2026-primary|county|sweetwater|precinct-committeewoman-7-4|dem|write_in_aggregate|write_in_aggregate|Sweetwater|COUNTY
wy-2026-primary,wy|sweetwater|wy-2026-primary|county_local_summary,Sweetwater,wy-2026-primary|county|sweetwater|precinct-committeewoman-7-4|dem,DEM PRECINCT COMMITTEEWOMAN 07-4,Precinct Committeewoman 7-4,county,,DEM,DEM,precinct,5947c9082afaa5cf507e0ed33a4d62ad34461f1cfbe9ba9976c69385593a5464,2026-08-21T11:30:57Z,,county_summary_pdf_v1,1.1.1,1,verified,https://www.sweetwatercountywy.gov/departments/county_clerk/elections.php,,,county_complete,overvote,Sweetwater,,,,,,0,,wy|sweetwater|wy-2026-primary|county_local_summary|5947c9082afaa5cf507e0ed33a4d62ad34461f1cfbe9ba9976c69385593a5464|wy-2026-primary|county|sweetwater|precinct-committeewoman-7-4|dem|overvote|overvote|Sweetwater|COUNTY
wy-2026-primary,wy|sweetwater|wy-2026-primary|county_local_summary,Sweetwater,wy-2026-primary|county|sweetwater|precinct-committeewoman-7-4|dem,DEM PRECINCT COMMITTEEWOMAN 07-4,Precinct Committeewoman 7-4,county,,DEM,DEM,precinct,5947c9082afaa5cf507e0ed33a4d62ad34461f1cfbe9ba9976c69385593a5464,2026-08-21T11:30:57Z,,county_summary_pdf_v1,1.1.1,1,verified,https://www.sweetwatercountywy.gov/departments/county_clerk/elections.php,,,county_complete,undervote,Sweetwater,,,,,,10,,wy|sweetwater|wy-2026-primary|county_local_summary|5947c9082afaa5cf507e0ed33a4d62ad34461f1cfbe9ba9976c69385593a5464|wy-2026-primary|county|sweetwater|precinct-committeewoman-7-4|dem|undervote|undervote|Sweetwater|COUNTY
wy-2026-primary,wy|sweetwater|wy-2026-primary|county_local_summary,Sweetwater,wy-2026-primary|county|sweetwater|precinct-committeewoman-9-3|dem,DEM PRECINCT COMMITTEEWOMAN 09-3,Precinct Committeewoman 9-3,county,,DEM,DEM,precinct,5947c9082afaa5cf507e0ed33a4d62ad34461f1cfbe9ba9976c69385593a5464,2026-08-21T11:30:57Z,,county_summary_pdf_v1,1.1.1,1,verified,https://www.sweetwatercountywy.gov/departments/county_clerk/elections.php,,,county_complete,write_in_aggregate,Sweetwater,,,,,,0,,wy|sweetwater|wy-2026-primary|county_local_summary|5947c9082afaa5cf507e0ed33a4d62ad34461f1cfbe9ba9976c69385593a5464|wy-2026-primary|county|sweetwater|precinct-committeewoman-9-3|dem|write_in_aggregate|write_in_aggregate|Sweetwater|COUNTY
wy-2026-primary,wy|sweetwater|wy-2026-primary|county_local_summary,Sweetwater,wy-2026-primary|county|sweetwater|precinct-committeewoman-9-3|dem,DEM PRECINCT COMMITTEEWOMAN 09-3,Precinct Committeewoman 9-3,county,,DEM,DEM,precinct,5947c9082afaa5cf507e0ed33a4d62ad34461f1cfbe9ba9976c69385593a5464,2026-08-21T11:30:57Z,,county_summary_pdf_v1,1.1.1,1,verified,https://www.sweetwatercountywy.gov/departments/county_clerk/elections.php,,,county_complete,overvote,Sweetwater,,,,,,0,,wy|sweetwater|wy-2026-primary|county_local_summary|5947c9082afaa5cf507e0ed33a4d62ad34461f1cfbe9ba9976c69385593a5464|wy-2026-primary|county|sweetwater|precinct-committeewoman-9-3|dem|overvote|overvote|Sweetwater|COUNTY
wy-2026-primary,wy|sweetwater|wy-2026-primary|county_local_summary,Sweetwater,wy-2026-primary|county|sweetwater|precinct-committeewoman-9-3|dem,DEM PRECINCT COMMITTEEWOMAN 09-3,Precinct Committeewoman 9-3,county,,DEM,DEM,precinct,5947c9082afaa5cf507e0ed33a4d62ad34461f1cfbe9ba9976c69385593a5464,2026-08-21T11:30:57Z,,county_summary_pdf_v1,1.1.1,1,verified,https://www.sweetwatercountywy.gov/departments/county_clerk/elections.php,,,county_complete,undervote,Sweetwater,,,,,,15,,wy|sweetwater|wy-2026-primary|county_local_summary|5947c9082afaa5cf507e0ed33a4d62ad34461f1cfbe9ba9976c69385593a5464|wy-2026-primary|county|sweetwater|precinct-committeewoman-9-3|dem|undervote|undervote|Sweetwater|COUNTY
wy-2026-primary,wy|sweetwater|wy-2026-primary|county_local_summary,Sweetwater,wy-2026-primary|county|sweetwater|precinct-committeewoman-10-8|dem,DEM PRECINCT COMMITTEEWOMAN 10-8,Precinct Committeewoman 10-8,county,,DEM,DEM,precinct,5947c9082afaa5cf507e0ed33a4d62ad34461f1cfbe9ba9976c69385593a5464,2026-08-21T11:30:57Z,,county_summary_pdf_v1,1.1.1,1,verified,https://www.sweetwatercountywy.gov/departments/county_clerk/elections.php,,,county_complete,write_in_aggregate,Sweetwater,,,,,,0,,wy|sweetwater|wy-2026-primary|county_local_summary|5947c9082afaa5cf507e0ed33a4d62ad34461f1cfbe9ba9976c69385593a5464|wy-2026-primary|county|sweetwater|precinct-committeewoman-10-8|dem|write_in_aggregate|write_in_aggregate|Sweetwater|COUNTY
wy-2026-primary,wy|sweetwater|wy-2026-primary|county_local_summary,Sweetwater,wy-2026-primary|county|sweetwater|precinct-committeewoman-10-8|dem,DEM PRECINCT COMMITTEEWOMAN 10-8,Precinct Committeewoman 10-8,county,,DEM,DEM,precinct,5947c9082afaa5cf507e0ed33a4d62ad34461f1cfbe9ba9976c69385593a5464,2026-08-21T11:30:57Z,,county_summary_pdf_v1,1.1.1,1,verified,https://www.sweetwatercountywy.gov/departments/county_clerk/elections.php,,,county_complete,overvote,Sweetwater,,,,,,0,,wy|sweetwater|wy-2026-primary|county_local_summary|5947c9082afaa5cf507e0ed33a4d62ad34461f1cfbe9ba9976c69385593a5464|wy-2026-primary|county|sweetwater|precinct-committeewoman-10-8|dem|overvote|overvote|Sweetwater|COUNTY
wy-2026-primary,wy|sweetwater|wy-2026-primary|county_local_summary,Sweetwater,wy-2026-primary|county|sweetwater|precinct-committeewoman-10-8|dem,DEM PRECINCT COMMITTEEWOMAN 10-8,Precinct Committeewoman 10-8,county,,DEM,DEM,precinct,5947c9082afaa5cf507e0ed33a4d62ad34461f1cfbe9ba9976c69385593a5464,2026-08-21T11:30:57Z,,county_summary_pdf_v1,1.1.1,1,verified,https://www.sweetwatercountywy.gov/departments/county_clerk/elections.php,,,county_complete,undervote,Sweetwater,,,,,,46,,wy|sweetwater|wy-2026-primary|county_local_summary|5947c9082afaa5cf507e0ed33a4d62ad34461f1cfbe9ba9976c69385593a5464|wy-2026-primary|county|sweetwater|precinct-committeewoman-10-8|dem|undervote|undervote|Sweetwater|COUNTY
wy-2026-primary,wy|sweetwater|wy-2026-primary|county_local_summary,Sweetwater,wy-2026-primary|county|sweetwater|precinct-committeewoman-10-9|dem,DEM PRECINCT COMMITTEEWOMAN 10-9,Precinct Committeewoman 10-9,county,,DEM,DEM,precinct,5947c9082afaa5cf507e0ed33a4d62ad34461f1cfbe9ba9976c69385593a5464,2026-08-21T11:30:57Z,,county_summary_pdf_v1,1.1.1,1,verified,https://www.sweetwatercountywy.gov/departments/county_clerk/elections.php,,,county_complete,candidate,Sweetwater,,,CATHRYN E DENMAN,CATHRYN E DENMAN,,37,,wy|sweetwater|wy-2026-primary|county_local_summary|5947c9082afaa5cf507e0ed33a4d62ad34461f1cfbe9ba9976c69385593a5464|wy-2026-primary|county|sweetwater|precinct-committeewoman-10-9|dem|candidate|CATHRYN E DENMAN|Sweetwater|COUNTY
wy-2026-primary,wy|sweetwater|wy-2026-primary|county_local_summary,Sweetwater,wy-2026-primary|county|sweetwater|precinct-committeewoman-10-9|dem,DEM PRECINCT COMMITTEEWOMAN 10-9,Precinct Committeewoman 10-9,county,,DEM,DEM,precinct,5947c9082afaa5cf507e0ed33a4d62ad34461f1cfbe9ba9976c69385593a5464,2026-08-21T11:30:57Z,,county_summary_pdf_v1,1.1.1,1,verified,https://www.sweetwatercountywy.gov/departments/county_clerk/elections.php,,,county_complete,write_in_aggregate,Sweetwater,,,,,,0,,wy|sweetwater|wy-2026-primary|county_local_summary|5947c9082afaa5cf507e0ed33a4d62ad34461f1cfbe9ba9976c69385593a5464|wy-2026-primary|county|sweetwater|precinct-committeewoman-10-9|dem|write_in_aggregate|write_in_aggregate|Sweetwater|COUNTY
wy-2026-primary,wy|sweetwater|wy-2026-primary|county_local_summary,Sweetwater,wy-2026-primary|county|sweetwater|precinct-committeewoman-10-9|dem,DEM PRECINCT COMMITTEEWOMAN 10-9,Precinct Committeewoman 10-9,county,,DEM,DEM,precinct,5947c9082afaa5cf507e0ed33a4d62ad34461f1cfbe9ba9976c69385593a5464,2026-08-21T11:30:57Z,,county_summary_pdf_v1,1.1.1,1,verified,https://www.sweetwatercountywy.gov/departments/county_clerk/elections.php,,,county_complete,overvote,Sweetwater,,,,,,0,,wy|sweetwater|wy-2026-primary|county_local_summary|5947c9082afaa5cf507e0ed33a4d62ad34461f1cfbe9ba9976c69385593a5464|wy-2026-primary|county|sweetwater|precinct-committeewoman-10-9|dem|overvote|overvote|Sweetwater|COUNTY
wy-2026-primary,wy|sweetwater|wy-2026-primary|county_local_summary,Sweetwater,wy-2026-primary|county|sweetwater|precinct-committeewoman-10-9|dem,DEM PRECINCT COMMITTEEWOMAN 10-9,Precinct Committeewoman 10-9,county,,DEM,DEM,precinct,5947c9082afaa5cf507e0ed33a4d62ad34461f1cfbe9ba9976c69385593a5464,2026-08-21T11:30:57Z,,county_summary_pdf_v1,1.1.1,1,verified,https://www.sweetwatercountywy.gov/departments/county_clerk/elections.php,,,county_complete,undervote,Sweetwater,,,,,,9,,wy|sweetwater|wy-2026-primary|county_local_summary|5947c9082afaa5cf507e0ed33a4d62ad34461f1cfbe9ba9976c69385593a5464|wy-2026-primary|county|sweetwater|precinct-committeewoman-10-9|dem|undervote|undervote|Sweetwater|COUNTY
wy-2026-primary,wy|sweetwater|wy-2026-primary|county_local_summary,Sweetwater,wy-2026-primary|county|sweetwater|precinct-committeewoman-10-10|dem,DEM PRECINCT COMMITTEEWOMAN 10-10,Precinct Committeewoman 10-10,county,,DEM,DEM,precinct,5947c9082afaa5cf507e0ed33a4d62ad34461f1cfbe9ba9976c69385593a5464,2026-08-21T11:30:57Z,,county_summary_pdf_v1,1.1.1,1,verified,https://www.sweetwatercountywy.gov/departments/county_clerk/elections.php,,,county_complete,write_in_aggregate,Sweetwater,,,,,,4,,wy|sweetwater|wy-2026-primary|county_local_summary|5947c9082afaa5cf507e0ed33a4d62ad34461f1cfbe9ba9976c69385593a5464|wy-2026-primary|county|sweetwater|precinct-committeewoman-10-10|dem|write_in_aggregate|write_in_aggregate|Sweetwater|COUNTY
wy-2026-primary,wy|sweetwater|wy-2026-primary|county_local_summary,Sweetwater,wy-2026-primary|county|sweetwater|precinct-committeewoman-10-10|dem,DEM PRECINCT COMMITTEEWOMAN 10-10,Precinct Committeewoman 10-10,county,,DEM,DEM,precinct,5947c9082afaa5cf507e0ed33a4d62ad34461f1cfbe9ba9976c69385593a5464,2026-08-21T11:30:57Z,,county_summary_pdf_v1,1.1.1,1,verified,https://www.sweetwatercountywy.gov/departments/county_clerk/elections.php,,,county_complete,overvote,Sweetwater,,,,,,0,,wy|sweetwater|wy-2026-primary|county_local_summary|5947c9082afaa5cf507e0ed33a4d62ad34461f1cfbe9ba9976c69385593a5464|wy-2026-primary|county|sweetwater|precinct-committeewoman-10-10|dem|overvote|overvote|Sweetwater|COUNTY
wy-2026-primary,wy|sweetwater|wy-2026-primary|county_local_summary,Sweetwater,wy-2026-primary|county|sweetwater|precinct-committeewoman-10-10|dem,DEM PRECINCT COMMITTEEWOMAN 10-10,Precinct Committeewoman 10-10,county,,DEM,DEM,precinct,5947c9082afaa5cf507e0ed33a4d62ad34461f1cfbe9ba9976c69385593a5464,2026-08-21T11:30:57Z,,county_summary_pdf_v1,1.1.1,1,verified,https://www.sweetwatercountywy.gov/departments/county_clerk/elections.php,,,county_complete,undervote,Sweetwater,,,,,,95,,wy|sweetwater|wy-2026-primary|county_local_summary|5947c9082afaa5cf507e0ed33a4d62ad34461f1cfbe9ba9976c69385593a5464|wy-2026-primary|county|sweetwater|precinct-committeewoman-10-10|dem|undervote|undervote|Sweetwater|COUNTY
wy-2026-primary,wy|sweetwater|wy-2026-primary|county_local_summary,Sweetwater,wy-2026-primary|county|sweetwater|precinct-committeewoman-10-11|dem,DEM PRECINCT COMMITTEEWOMAN 10-11,Precinct Committeewoman 10-11,county,,DEM,DEM,precinct,5947c9082afaa5cf507e0ed33a4d62ad34461f1cfbe9ba9976c69385593a5464,2026-08-21T11:30:57Z,,county_summary_pdf_v1,1.1.1,1,verified,https://www.sweetwatercountywy.gov/departments/county_clerk/elections.php,,,county_complete,write_in_aggregate,Sweetwater,,,,,,4,,wy|sweetwater|wy-2026-primary|county_local_summary|5947c9082afaa5cf507e0ed33a4d62ad34461f1cfbe9ba9976c69385593a5464|wy-2026-primary|county|sweetwater|precinct-committeewoman-10-11|dem|write_in_aggregate|write_in_aggregate|Sweetwater|COUNTY
wy-2026-primary,wy|sweetwater|wy-2026-primary|county_local_summary,Sweetwater,wy-2026-primary|county|sweetwater|precinct-committeewoman-10-11|dem,DEM PRECINCT COMMITTEEWOMAN 10-11,Precinct Committeewoman 10-11,county,,DEM,DEM,precinct,5947c9082afaa5cf507e0ed33a4d62ad34461f1cfbe9ba9976c69385593a5464,2026-08-21T11:30:57Z,,county_summary_pdf_v1,1.1.1,1,verified,https://www.sweetwatercountywy.gov/departments/county_clerk/elections.php,,,county_complete,overvote,Sweetwater,,,,,,0,,wy|sweetwater|wy-2026-primary|county_local_summary|5947c9082afaa5cf507e0ed33a4d62ad34461f1cfbe9ba9976c69385593a5464|wy-2026-primary|county|sweetwater|precinct-committeewoman-10-11|dem|overvote|overvote|Sweetwater|COUNTY
wy-2026-primary,wy|sweetwater|wy-2026-primary|county_local_summary,Sweetwater,wy-2026-primary|county|sweetwater|precinct-committeewoman-10-11|dem,DEM PRECINCT COMMITTEEWOMAN 10-11,Precinct Committeewoman 10-11,county,,DEM,DEM,precinct,5947c9082afaa5cf507e0ed33a4d62ad34461f1cfbe9ba9976c69385593a5464,2026-08-21T11:30:57Z,,county_summary_pdf_v1,1.1.1,1,verified,https://www.sweetwatercountywy.gov/departments/county_clerk/elections.php,,,county_complete,undervote,Sweetwater,,,,,,134,,wy|sweetwater|wy-2026-primary|county_local_summary|5947c9082afaa5cf507e0ed33a4d62ad34461f1cfbe9ba9976c69385593a5464|wy-2026-primary|county|sweetwater|precinct-committeewoman-10-11|dem|undervote|undervote|Sweetwater|COUNTY
wy-2026-primary,wy|sweetwater|wy-2026-primary|county_local_summary,Sweetwater,wy-2026-primary|county|sweetwater|precinct-committeewoman-10-12|dem,DEM PRECINCT COMMITTEEWOMAN 10-12,Precinct Committeewoman 10-12,county,,DEM,DEM,precinct,5947c9082afaa5cf507e0ed33a4d62ad34461f1cfbe9ba9976c69385593a5464,2026-08-21T11:30:57Z,,county_summary_pdf_v1,1.1.1,1,verified,https://www.sweetwatercountywy.gov/departments/county_clerk/elections.php,,,county_complete,write_in_aggregate,Sweetwater,,,,,,0,,wy|sweetwater|wy-2026-primary|county_local_summary|5947c9082afaa5cf507e0ed33a4d62ad34461f1cfbe9ba9976c69385593a5464|wy-2026-primary|county|sweetwater|precinct-committeewoman-10-12|dem|write_in_aggregate|write_in_aggregate|Sweetwater|COUNTY
wy-2026-primary,wy|sweetwater|wy-2026-primary|county_local_summary,Sweetwater,wy-2026-primary|county|sweetwater|precinct-committeewoman-10-12|dem,DEM PRECINCT COMMITTEEWOMAN 10-12,Precinct Committeewoman 10-12,county,,DEM,DEM,precinct,5947c9082afaa5cf507e0ed33a4d62ad34461f1cfbe9ba9976c69385593a5464,2026-08-21T11:30:57Z,,county_summary_pdf_v1,1.1.1,1,verified,https://www.sweetwatercountywy.gov/departments/county_clerk/elections.php,,,county_complete,overvote,Sweetwater,,,,,,0,,wy|sweetwater|wy-2026-primary|county_local_summary|5947c9082afaa5cf507e0ed33a4d62ad34461f1cfbe9ba9976c69385593a5464|wy-2026-primary|county|sweetwater|precinct-committeewoman-10-12|dem|overvote|overvote|Sweetwater|COUNTY
wy-2026-primary,wy|sweetwater|wy-2026-primary|county_local_summary,Sweetwater,wy-2026-primary|county|sweetwater|precinct-committeewoman-10-12|dem,DEM PRECINCT COMMITTEEWOMAN 10-12,Precinct Committeewoman 10-12,county,,DEM,DEM,precinct,5947c9082afaa5cf507e0ed33a4d62ad34461f1cfbe9ba9976c69385593a5464,2026-08-21T11:30:57Z,,county_summary_pdf_v1,1.1.1,1,verified,https://www.sweetwatercountywy.gov/departments/county_clerk/elections.php,,,county_complete,undervote,Sweetwater,,,,,,29,,wy|sweetwater|wy-2026-primary|county_local_summary|5947c9082afaa5cf507e0ed33a4d62ad34461f1cfbe9ba9976c69385593a5464|wy-2026-primary|county|sweetwater|precinct-committeewoman-10-12|dem|undervote|undervote|Sweetwater|COUNTY
wy-2026-primary,wy|sweetwater|wy-2026-primary|county_local_summary,Sweetwater,wy-2026-primary|county|sweetwater|precinct-committeewoman-10-13|dem,DEM PRECINCT COMMITTEEWOMAN 10-13,Precinct Committeewoman 10-13,county,,DEM,DEM,precinct,5947c9082afaa5cf507e0ed33a4d62ad34461f1cfbe9ba9976c69385593a5464,2026-08-21T11:30:57Z,,county_summary_pdf_v1,1.1.1,1,verified,https://www.sweetwatercountywy.gov/departments/county_clerk/elections.php,,,county_complete,write_in_aggregate,Sweetwater,,,,,,0,,wy|sweetwater|wy-2026-primary|county_local_summary|5947c9082afaa5cf507e0ed33a4d62ad34461f1cfbe9ba9976c69385593a5464|wy-2026-primary|county|sweetwater|precinct-committeewoman-10-13|dem|write_in_aggregate|write_in_aggregate|Sweetwater|COUNTY
wy-2026-primary,wy|sweetwater|wy-2026-primary|county_local_summary,Sweetwater,wy-2026-primary|county|sweetwater|precinct-committeewoman-10-13|dem,DEM PRECINCT COMMITTEEWOMAN 10-13,Precinct Committeewoman 10-13,county,,DEM,DEM,precinct,5947c9082afaa5cf507e0ed33a4d62ad34461f1cfbe9ba9976c69385593a5464,2026-08-21T11:30:57Z,,county_summary_pdf_v1,1.1.1,1,verified,https://www.sweetwatercountywy.gov/departments/county_clerk/elections.php,,,county_complete,overvote,Sweetwater,,,,,,0,,wy|sweetwater|wy-2026-primary|county_local_summary|5947c9082afaa5cf507e0ed33a4d62ad34461f1cfbe9ba9976c69385593a5464|wy-2026-primary|county|sweetwater|precinct-committeewoman-10-13|dem|overvote|overvote|Sweetwater|COUNTY
wy-2026-primary,wy|sweetwater|wy-2026-primary|county_local_summary,Sweetwater,wy-2026-primary|county|sweetwater|precinct-committeewoman-10-13|dem,DEM PRECINCT COMMITTEEWOMAN 10-13,Precinct Committeewoman 10-13,county,,DEM,DEM,precinct,5947c9082afaa5cf507e0ed33a4d62ad34461f1cfbe9ba9976c69385593a5464,2026-08-21T11:30:57Z,,county_summary_pdf_v1,1.1.1,1,verified,https://www.sweetwatercountywy.gov/departments/county_clerk/elections.php,,,county_complete,undervote,Sweetwater,,,,,,42,,wy|sweetwater|wy-2026-primary|county_local_summary|5947c9082afaa5cf507e0ed33a4d62ad34461f1cfbe9ba9976c69385593a5464|wy-2026-primary|county|sweetwater|precinct-committeewoman-10-13|dem|undervote|undervote|Sweetwater|COUNTY
wy-2026-primary,wy|sweetwater|wy-2026-primary|county_local_summary,Sweetwater,wy-2026-primary|county|sweetwater|precinct-committeewoman-12-2|dem,DEM PRECINCT COMMITTEEWOMAN 12-2,Precinct Committeewoman 12-2,county,,DEM,DEM,precinct,5947c9082afaa5cf507e0ed33a4d62ad34461f1cfbe9ba9976c69385593a5464,2026-08-21T11:30:57Z,,county_summary_pdf_v1,1.1.1,1,verified,https://www.sweetwatercountywy.gov/departments/county_clerk/elections.php,,,county_complete,write_in_aggregate,Sweetwater,,,,,,1,,wy|sweetwater|wy-2026-primary|county_local_summary|5947c9082afaa5cf507e0ed33a4d62ad34461f1cfbe9ba9976c69385593a5464|wy-2026-primary|county|sweetwater|precinct-committeewoman-12-2|dem|write_in_aggregate|write_in_aggregate|Sweetwater|COUNTY
wy-2026-primary,wy|sweetwater|wy-2026-primary|county_local_summary,Sweetwater,wy-2026-primary|county|sweetwater|precinct-committeewoman-12-2|dem,DEM PRECINCT COMMITTEEWOMAN 12-2,Precinct Committeewoman 12-2,county,,DEM,DEM,precinct,5947c9082afaa5cf507e0ed33a4d62ad34461f1cfbe9ba9976c69385593a5464,2026-08-21T11:30:57Z,,county_summary_pdf_v1,1.1.1,1,verified,https://www.sweetwatercountywy.gov/departments/county_clerk/elections.php,,,county_complete,overvote,Sweetwater,,,,,,0,,wy|sweetwater|wy-2026-primary|county_local_summary|5947c9082afaa5cf507e0ed33a4d62ad34461f1cfbe9ba9976c69385593a5464|wy-2026-primary|county|sweetwater|precinct-committeewoman-12-2|dem|overvote|overvote|Sweetwater|COUNTY
wy-2026-primary,wy|sweetwater|wy-2026-primary|county_local_summary,Sweetwater,wy-2026-primary|county|sweetwater|precinct-committeewoman-12-2|dem,DEM PRECINCT COMMITTEEWOMAN 12-2,Precinct Committeewoman 12-2,county,,DEM,DEM,precinct,5947c9082afaa5cf507e0ed33a4d62ad34461f1cfbe9ba9976c69385593a5464,2026-08-21T11:30:57Z,,county_summary_pdf_v1,1.1.1,1,verified,https://www.sweetwatercountywy.gov/departments/county_clerk/elections.php,,,county_complete,undervote,Sweetwater,,,,,,18,,wy|sweetwater|wy-2026-primary|county_local_summary|5947c9082afaa5cf507e0ed33a4d62ad34461f1cfbe9ba9976c69385593a5464|wy-2026-primary|county|sweetwater|precinct-committeewoman-12-2|dem|undervote|undervote|Sweetwater|COUNTY
wy-2026-primary,wy|sweetwater|wy-2026-primary|county_local_summary,Sweetwater,wy-2026-primary|county|sweetwater|precinct-committeewoman-13-2|dem,DEM PRECINCT COMMITTEEWOMAN 13-2,Precinct Committeewoman 13-2,county,,DEM,DEM,precinct,5947c9082afaa5cf507e0ed33a4d62ad34461f1cfbe9ba9976c69385593a5464,2026-08-21T11:30:57Z,,county_summary_pdf_v1,1.1.1,1,verified,https://www.sweetwatercountywy.gov/departments/county_clerk/elections.php,,,county_complete,write_in_aggregate,Sweetwater,,,,,,0,,wy|sweetwater|wy-2026-primary|county_local_summary|5947c9082afaa5cf507e0ed33a4d62ad34461f1cfbe9ba9976c69385593a5464|wy-2026-primary|county|sweetwater|precinct-committeewoman-13-2|dem|write_in_aggregate|write_in_aggregate|Sweetwater|COUNTY
wy-2026-primary,wy|sweetwater|wy-2026-primary|county_local_summary,Sweetwater,wy-2026-primary|county|sweetwater|precinct-committeewoman-13-2|dem,DEM PRECINCT COMMITTEEWOMAN 13-2,Precinct Committeewoman 13-2,county,,DEM,DEM,precinct,5947c9082afaa5cf507e0ed33a4d62ad34461f1cfbe9ba9976c69385593a5464,2026-08-21T11:30:57Z,,county_summary_pdf_v1,1.1.1,1,verified,https://www.sweetwatercountywy.gov/departments/county_clerk/elections.php,,,county_complete,overvote,Sweetwater,,,,,,0,,wy|sweetwater|wy-2026-primary|county_local_summary|5947c9082afaa5cf507e0ed33a4d62ad34461f1cfbe9ba9976c69385593a5464|wy-2026-primary|county|sweetwater|precinct-committeewoman-13-2|dem|overvote|overvote|Sweetwater|COUNTY
wy-2026-primary,wy|sweetwater|wy-2026-primary|county_local_summary,Sweetwater,wy-2026-primary|county|sweetwater|precinct-committeewoman-13-2|dem,DEM PRECINCT COMMITTEEWOMAN 13-2,Precinct Committeewoman 13-2,county,,DEM,DEM,precinct,5947c9082afaa5cf507e0ed33a4d62ad34461f1cfbe9ba9976c69385593a5464,2026-08-21T11:30:57Z,,county_summary_pdf_v1,1.1.1,1,verified,https://www.sweetwatercountywy.gov/departments/county_clerk/elections.php,,,county_complete,undervote,Sweetwater,,,,,,6,,wy|sweetwater|wy-2026-primary|county_local_summary|5947c9082afaa5cf507e0ed33a4d62ad34461f1cfbe9ba9976c69385593a5464|wy-2026-primary|county|sweetwater|precinct-committeewoman-13-2|dem|undervote|undervote|Sweetwater|COUNTY
wy-2026-primary,wy|sweetwater|wy-2026-primary|county_local_summary,Sweetwater,wy-2026-primary|county|sweetwater|precinct-committeewoman-19-1|dem,DEM PRECINCT COMMITTEEWOMAN 19-1,Precinct Committeewoman 19-1,county,,DEM,DEM,precinct,5947c9082afaa5cf507e0ed33a4d62ad34461f1cfbe9ba9976c69385593a5464,2026-08-21T11:30:57Z,,county_summary_pdf_v1,1.1.1,1,verified,https://www.sweetwatercountywy.gov/departments/county_clerk/elections.php,,,county_complete,write_in_aggregate,Sweetwater,,,,,,0,,wy|sweetwater|wy-2026-primary|county_local_summary|5947c9082afaa5cf507e0ed33a4d62ad34461f1cfbe9ba9976c69385593a5464|wy-2026-primary|county|sweetwater|precinct-committeewoman-19-1|dem|write_in_aggregate|write_in_aggregate|Sweetwater|COUNTY
wy-2026-primary,wy|sweetwater|wy-2026-primary|county_local_summary,Sweetwater,wy-2026-primary|county|sweetwater|precinct-committeewoman-19-1|dem,DEM PRECINCT COMMITTEEWOMAN 19-1,Precinct Committeewoman 19-1,county,,DEM,DEM,precinct,5947c9082afaa5cf507e0ed33a4d62ad34461f1cfbe9ba9976c69385593a5464,2026-08-21T11:30:57Z,,county_summary_pdf_v1,1.1.1,1,verified,https://www.sweetwatercountywy.gov/departments/county_clerk/elections.php,,,county_complete,overvote,Sweetwater,,,,,,0,,wy|sweetwater|wy-2026-primary|county_local_summary|5947c9082afaa5cf507e0ed33a4d62ad34461f1cfbe9ba9976c69385593a5464|wy-2026-primary|county|sweetwater|precinct-committeewoman-19-1|dem|overvote|overvote|Sweetwater|COUNTY
wy-2026-primary,wy|sweetwater|wy-2026-primary|county_local_summary,Sweetwater,wy-2026-primary|county|sweetwater|precinct-committeewoman-19-1|dem,DEM PRECINCT COMMITTEEWOMAN 19-1,Precinct Committeewoman 19-1,county,,DEM,DEM,precinct,5947c9082afaa5cf507e0ed33a4d62ad34461f1cfbe9ba9976c69385593a5464,2026-08-21T11:30:57Z,,county_summary_pdf_v1,1.1.1,1,verified,https://www.sweetwatercountywy.gov/departments/county_clerk/elections.php,,,county_complete,undervote,Sweetwater,,,,,,3,,wy|sweetwater|wy-2026-primary|county_local_summary|5947c9082afaa5cf507e0ed33a4d62ad34461f1cfbe9ba9976c69385593a5464|wy-2026-primary|county|sweetwater|precinct-committeewoman-19-1|dem|undervote|undervote|Sweetwater|COUNTY
wy-2026-primary,wy|sweetwater|wy-2026-primary|county_local_summary,Sweetwater,wy-2026-primary|county|sweetwater|precinct-committeewoman-20-2|dem,DEM PRECINCT COMMITTEEWOMAN 20-2,Precinct Committeewoman 20-2,county,,DEM,DEM,precinct,5947c9082afaa5cf507e0ed33a4d62ad34461f1cfbe9ba9976c69385593a5464,2026-08-21T11:30:57Z,,county_summary_pdf_v1,1.1.1,1,verified,https://www.sweetwatercountywy.gov/departments/county_clerk/elections.php,,,county_complete,write_in_aggregate,Sweetwater,,,,,,0,,wy|sweetwater|wy-2026-primary|county_local_summary|5947c9082afaa5cf507e0ed33a4d62ad34461f1cfbe9ba9976c69385593a5464|wy-2026-primary|county|sweetwater|precinct-committeewoman-20-2|dem|write_in_aggregate|write_in_aggregate|Sweetwater|COUNTY
wy-2026-primary,wy|sweetwater|wy-2026-primary|county_local_summary,Sweetwater,wy-2026-primary|county|sweetwater|precinct-committeewoman-20-2|dem,DEM PRECINCT COMMITTEEWOMAN 20-2,Precinct Committeewoman 20-2,county,,DEM,DEM,precinct,5947c9082afaa5cf507e0ed33a4d62ad34461f1cfbe9ba9976c69385593a5464,2026-08-21T11:30:57Z,,county_summary_pdf_v1,1.1.1,1,verified,https://www.sweetwatercountywy.gov/departments/county_clerk/elections.php,,,county_complete,overvote,Sweetwater,,,,,,0,,wy|sweetwater|wy-2026-primary|county_local_summary|5947c9082afaa5cf507e0ed33a4d62ad34461f1cfbe9ba9976c69385593a5464|wy-2026-primary|county|sweetwater|precinct-committeewoman-20-2|dem|overvote|overvote|Sweetwater|COUNTY
wy-2026-primary,wy|sweetwater|wy-2026-primary|county_local_summary,Sweetwater,wy-2026-primary|county|sweetwater|precinct-committeewoman-20-2|dem,DEM PRECINCT COMMITTEEWOMAN 20-2,Precinct Committeewoman 20-2,county,,DEM,DEM,precinct,5947c9082afaa5cf507e0ed33a4d62ad34461f1cfbe9ba9976c69385593a5464,2026-08-21T11:30:57Z,,county_summary_pdf_v1,1.1.1,1,verified,https://www.sweetwatercountywy.gov/departments/county_clerk/elections.php,,,county_complete,undervote,Sweetwater,,,,,,7,,wy|sweetwater|wy-2026-primary|county_local_summary|5947c9082afaa5cf507e0ed33a4d62ad34461f1cfbe9ba9976c69385593a5464|wy-2026-primary|county|sweetwater|precinct-committeewoman-20-2|dem|undervote|undervote|Sweetwater|COUNTY
wy-2026-primary,wy|sweetwater|wy-2026-primary|county_local_summary,Sweetwater,wy-2026-primary|county|sweetwater|precinct-committeewoman-21-1|dem,DEM PRECINCT COMMITTEEWOMAN 21-1,Precinct Committeewoman 21-1,county,,DEM,DEM,precinct,5947c9082afaa5cf507e0ed33a4d62ad34461f1cfbe9ba9976c69385593a5464,2026-08-21T11:30:57Z,,county_summary_pdf_v1,1.1.1,1,verified,https://www.sweetwatercountywy.gov/departments/county_clerk/elections.php,,,county_complete,write_in_aggregate,Sweetwater,,,,,,0,,wy|sweetwater|wy-2026-primary|county_local_summary|5947c9082afaa5cf507e0ed33a4d62ad34461f1cfbe9ba9976c69385593a5464|wy-2026-primary|county|sweetwater|precinct-committeewoman-21-1|dem|write_in_aggregate|write_in_aggregate|Sweetwater|COUNTY
wy-2026-primary,wy|sweetwater|wy-2026-primary|county_local_summary,Sweetwater,wy-2026-primary|county|sweetwater|precinct-committeewoman-21-1|dem,DEM PRECINCT COMMITTEEWOMAN 21-1,Precinct Committeewoman 21-1,county,,DEM,DEM,precinct,5947c9082afaa5cf507e0ed33a4d62ad34461f1cfbe9ba9976c69385593a5464,2026-08-21T11:30:57Z,,county_summary_pdf_v1,1.1.1,1,verified,https://www.sweetwatercountywy.gov/departments/county_clerk/elections.php,,,county_complete,overvote,Sweetwater,,,,,,0,,wy|sweetwater|wy-2026-primary|county_local_summary|5947c9082afaa5cf507e0ed33a4d62ad34461f1cfbe9ba9976c69385593a5464|wy-2026-primary|county|sweetwater|precinct-committeewoman-21-1|dem|overvote|overvote|Sweetwater|COUNTY
wy-2026-primary,wy|sweetwater|wy-2026-primary|county_local_summary,Sweetwater,wy-2026-primary|county|sweetwater|precinct-committeewoman-21-1|dem,DEM PRECINCT COMMITTEEWOMAN 21-1,Precinct Committeewoman 21-1,county,,DEM,DEM,precinct,5947c9082afaa5cf507e0ed33a4d62ad34461f1cfbe9ba9976c69385593a5464,2026-08-21T11:30:57Z,,county_summary_pdf_v1,1.1.1,1,verified,https://www.sweetwatercountywy.gov/departments/county_clerk/elections.php,,,county_complete,undervote,Sweetwater,,,,,,6,,wy|sweetwater|wy-2026-primary|county_local_summary|5947c9082afaa5cf507e0ed33a4d62ad34461f1cfbe9ba9976c69385593a5464|wy-2026-primary|county|sweetwater|precinct-committeewoman-21-1|dem|undervote|undervote|Sweetwater|COUNTY
wy-2026-primary,wy|sweetwater|wy-2026-primary|county_local_summary,Sweetwater,wy-2026-primary|county|sweetwater|precinct-committeewoman-23-2|dem,DEM PRECINCT COMMITTEEWOMAN 23-2,Precinct Committeewoman 23-2,county,,DEM,DEM,precinct,5947c9082afaa5cf507e0ed33a4d62ad34461f1cfbe9ba9976c69385593a5464,2026-08-21T11:30:57Z,,county_summary_pdf_v1,1.1.1,1,verified,https://www.sweetwatercountywy.gov/departments/county_clerk/elections.php,,,county_complete,write_in_aggregate,Sweetwater,,,,,,0,,wy|sweetwater|wy-2026-primary|county_local_summary|5947c9082afaa5cf507e0ed33a4d62ad34461f1cfbe9ba9976c69385593a5464|wy-2026-primary|county|sweetwater|precinct-committeewoman-23-2|dem|write_in_aggregate|write_in_aggregate|Sweetwater|COUNTY
wy-2026-primary,wy|sweetwater|wy-2026-primary|county_local_summary,Sweetwater,wy-2026-primary|county|sweetwater|precinct-committeewoman-23-2|dem,DEM PRECINCT COMMITTEEWOMAN 23-2,Precinct Committeewoman 23-2,county,,DEM,DEM,precinct,5947c9082afaa5cf507e0ed33a4d62ad34461f1cfbe9ba9976c69385593a5464,2026-08-21T11:30:57Z,,county_summary_pdf_v1,1.1.1,1,verified,https://www.sweetwatercountywy.gov/departments/county_clerk/elections.php,,,county_complete,overvote,Sweetwater,,,,,,0,,wy|sweetwater|wy-2026-primary|county_local_summary|5947c9082afaa5cf507e0ed33a4d62ad34461f1cfbe9ba9976c69385593a5464|wy-2026-primary|county|sweetwater|precinct-committeewoman-23-2|dem|overvote|overvote|Sweetwater|COUNTY
wy-2026-primary,wy|sweetwater|wy-2026-primary|county_local_summary,Sweetwater,wy-2026-primary|county|sweetwater|precinct-committeewoman-23-2|dem,DEM PRECINCT COMMITTEEWOMAN 23-2,Precinct Committeewoman 23-2,county,,DEM,DEM,precinct,5947c9082afaa5cf507e0ed33a4d62ad34461f1cfbe9ba9976c69385593a5464,2026-08-21T11:30:57Z,,county_summary_pdf_v1,1.1.1,1,verified,https://www.sweetwatercountywy.gov/departments/county_clerk/elections.php,,,county_complete,undervote,Sweetwater,,,,,,3,,wy|sweetwater|wy-2026-primary|county_local_summary|5947c9082afaa5cf507e0ed33a4d62ad34461f1cfbe9ba9976c69385593a5464|wy-2026-primary|county|sweetwater|precinct-committeewoman-23-2|dem|undervote|undervote|Sweetwater|COUNTY
wy-2026-primary,wy|sweetwater|wy-2026-primary|county_local_summary,Sweetwater,wy-2026-primary|county|sweetwater|precinct-committeewoman-24-1|dem,DEM PRECINCT COMMITTEEWOMAN 24-1,Precinct Committeewoman 24-1,county,,DEM,DEM,precinct,5947c9082afaa5cf507e0ed33a4d62ad34461f1cfbe9ba9976c69385593a5464,2026-08-21T11:30:57Z,,county_summary_pdf_v1,1.1.1,1,verified,https://www.sweetwatercountywy.gov/departments/county_clerk/elections.php,,,county_complete,write_in_aggregate,Sweetwater,,,,,,0,,wy|sweetwater|wy-2026-primary|county_local_summary|5947c9082afaa5cf507e0ed33a4d62ad34461f1cfbe9ba9976c69385593a5464|wy-2026-primary|county|sweetwater|precinct-committeewoman-24-1|dem|write_in_aggregate|write_in_aggregate|Sweetwater|COUNTY
wy-2026-primary,wy|sweetwater|wy-2026-primary|county_local_summary,Sweetwater,wy-2026-primary|county|sweetwater|precinct-committeewoman-24-1|dem,DEM PRECINCT COMMITTEEWOMAN 24-1,Precinct Committeewoman 24-1,county,,DEM,DEM,precinct,5947c9082afaa5cf507e0ed33a4d62ad34461f1cfbe9ba9976c69385593a5464,2026-08-21T11:30:57Z,,county_summary_pdf_v1,1.1.1,1,verified,https://www.sweetwatercountywy.gov/departments/county_clerk/elections.php,,,county_complete,overvote,Sweetwater,,,,,,0,,wy|sweetwater|wy-2026-primary|county_local_summary|5947c9082afaa5cf507e0ed33a4d62ad34461f1cfbe9ba9976c69385593a5464|wy-2026-primary|county|sweetwater|precinct-committeewoman-24-1|dem|overvote|overvote|Sweetwater|COUNTY
wy-2026-primary,wy|sweetwater|wy-2026-primary|county_local_summary,Sweetwater,wy-2026-primary|county|sweetwater|precinct-committeewoman-24-1|dem,DEM PRECINCT COMMITTEEWOMAN 24-1,Precinct Committeewoman 24-1,county,,DEM,DEM,precinct,5947c9082afaa5cf507e0ed33a4d62ad34461f1cfbe9ba9976c69385593a5464,2026-08-21T11:30:57Z,,county_summary_pdf_v1,1.1.1,1,verified,https://www.sweetwatercountywy.gov/departments/county_clerk/elections.php,,,county_complete,undervote,Sweetwater,,,,,,0,,wy|sweetwater|wy-2026-primary|county_local_summary|5947c9082afaa5cf507e0ed33a4d62ad34461f1cfbe9ba9976c69385593a5464|wy-2026-primary|county|sweetwater|precinct-committeewoman-24-1|dem|undervote|undervote|Sweetwater|COUNTY
wy-2026-primary,wy|sweetwater|wy-2026-primary|county_local_summary,Sweetwater,wy-2026-primary|county|sweetwater|precinct-committeewoman-25-2|dem,DEM PRECINCT COMMITTEEWOMAN 25-2,Precinct Committeewoman 25-2,county,,DEM,DEM,precinct,5947c9082afaa5cf507e0ed33a4d62ad34461f1cfbe9ba9976c69385593a5464,2026-08-21T11:30:57Z,,county_summary_pdf_v1,1.1.1,1,verified,https://www.sweetwatercountywy.gov/departments/county_clerk/elections.php,,,county_complete,write_in_aggregate,Sweetwater,,,,,,1,,wy|sweetwater|wy-2026-primary|county_local_summary|5947c9082afaa5cf507e0ed33a4d62ad34461f1cfbe9ba9976c69385593a5464|wy-2026-primary|county|sweetwater|precinct-committeewoman-25-2|dem|write_in_aggregate|write_in_aggregate|Sweetwater|COUNTY
wy-2026-primary,wy|sweetwater|wy-2026-primary|county_local_summary,Sweetwater,wy-2026-primary|county|sweetwater|precinct-committeewoman-25-2|dem,DEM PRECINCT COMMITTEEWOMAN 25-2,Precinct Committeewoman 25-2,county,,DEM,DEM,precinct,5947c9082afaa5cf507e0ed33a4d62ad34461f1cfbe9ba9976c69385593a5464,2026-08-21T11:30:57Z,,county_summary_pdf_v1,1.1.1,1,verified,https://www.sweetwatercountywy.gov/departments/county_clerk/elections.php,,,county_complete,overvote,Sweetwater,,,,,,0,,wy|sweetwater|wy-2026-primary|county_local_summary|5947c9082afaa5cf507e0ed33a4d62ad34461f1cfbe9ba9976c69385593a5464|wy-2026-primary|county|sweetwater|precinct-committeewoman-25-2|dem|overvote|overvote|Sweetwater|COUNTY
wy-2026-primary,wy|sweetwater|wy-2026-primary|county_local_summary,Sweetwater,wy-2026-primary|county|sweetwater|precinct-committeewoman-25-2|dem,DEM PRECINCT COMMITTEEWOMAN 25-2,Precinct Committeewoman 25-2,county,,DEM,DEM,precinct,5947c9082afaa5cf507e0ed33a4d62ad34461f1cfbe9ba9976c69385593a5464,2026-08-21T11:30:57Z,,county_summary_pdf_v1,1.1.1,1,verified,https://www.sweetwatercountywy.gov/departments/county_clerk/elections.php,,,county_complete,undervote,Sweetwater,,,,,,1,,wy|sweetwater|wy-2026-primary|county_local_summary|5947c9082afaa5cf507e0ed33a4d62ad34461f1cfbe9ba9976c69385593a5464|wy-2026-primary|county|sweetwater|precinct-committeewoman-25-2|dem|undervote|undervote|Sweetwater|COUNTY
wy-2026-primary,wy|sweetwater|wy-2026-primary|county_local_summary,Sweetwater,wy-2026-primary|city|sweetwater|green-river-mayor|na,GREEN RIVER MAYOR,Green River Mayor,city,,,,city,5947c9082afaa5cf507e0ed33a4d62ad34461f1cfbe9ba9976c69385593a5464,2026-08-21T11:30:57Z,,county_summary_pdf_v1,1.1.1,1,verified,https://www.sweetwatercountywy.gov/departments/county_clerk/elections.php,,,county_complete,candidate,Sweetwater,,,STAN BLAKE,STAN BLAKE,,893,,wy|sweetwater|wy-2026-primary|county_local_summary|5947c9082afaa5cf507e0ed33a4d62ad34461f1cfbe9ba9976c69385593a5464|wy-2026-primary|city|sweetwater|green-river-mayor|na|candidate|STAN BLAKE|Sweetwater|COUNTY
wy-2026-primary,wy|sweetwater|wy-2026-primary|county_local_summary,Sweetwater,wy-2026-primary|city|sweetwater|green-river-mayor|na,GREEN RIVER MAYOR,Green River Mayor,city,,,,city,5947c9082afaa5cf507e0ed33a4d62ad34461f1cfbe9ba9976c69385593a5464,2026-08-21T11:30:57Z,,county_summary_pdf_v1,1.1.1,1,verified,https://www.sweetwatercountywy.gov/departments/county_clerk/elections.php,,,county_complete,candidate,Sweetwater,,,KARL BODE,KARL BODE,,431,,wy|sweetwater|wy-2026-primary|county_local_summary|5947c9082afaa5cf507e0ed33a4d62ad34461f1cfbe9ba9976c69385593a5464|wy-2026-primary|city|sweetwater|green-river-mayor|na|candidate|KARL BODE|Sweetwater|COUNTY
wy-2026-primary,wy|sweetwater|wy-2026-primary|county_local_summary,Sweetwater,wy-2026-primary|city|sweetwater|green-river-mayor|na,GREEN RIVER MAYOR,Green River Mayor,city,,,,city,5947c9082afaa5cf507e0ed33a4d62ad34461f1cfbe9ba9976c69385593a5464,2026-08-21T11:30:57Z,,county_summary_pdf_v1,1.1.1,1,verified,https://www.sweetwatercountywy.gov/departments/county_clerk/elections.php,,,county_complete,candidate,Sweetwater,,,JASON J. HOWARD,JASON J. HOWARD,,129,,wy|sweetwater|wy-2026-primary|county_local_summary|5947c9082afaa5cf507e0ed33a4d62ad34461f1cfbe9ba9976c69385593a5464|wy-2026-primary|city|sweetwater|green-river-mayor|na|candidate|JASON J. HOWARD|Sweetwater|COUNTY
wy-2026-primary,wy|sweetwater|wy-2026-primary|county_local_summary,Sweetwater,wy-2026-primary|city|sweetwater|green-river-mayor|na,GREEN RIVER MAYOR,Green River Mayor,city,,,,city,5947c9082afaa5cf507e0ed33a4d62ad34461f1cfbe9ba9976c69385593a5464,2026-08-21T11:30:57Z,,county_summary_pdf_v1,1.1.1,1,verified,https://www.sweetwatercountywy.gov/departments/county_clerk/elections.php,,,county_complete,candidate,Sweetwater,,,KAYLA KAPPERS,KAYLA KAPPERS,,130,,wy|sweetwater|wy-2026-primary|county_local_summary|5947c9082afaa5cf507e0ed33a4d62ad34461f1cfbe9ba9976c69385593a5464|wy-2026-primary|city|sweetwater|green-river-mayor|na|candidate|KAYLA KAPPERS|Sweetwater|COUNTY
wy-2026-primary,wy|sweetwater|wy-2026-primary|county_local_summary,Sweetwater,wy-2026-primary|city|sweetwater|green-river-mayor|na,GREEN RIVER MAYOR,Green River Mayor,city,,,,city,5947c9082afaa5cf507e0ed33a4d62ad34461f1cfbe9ba9976c69385593a5464,2026-08-21T11:30:57Z,,county_summary_pdf_v1,1.1.1,1,verified,https://www.sweetwatercountywy.gov/departments/county_clerk/elections.php,,,county_complete,candidate,Sweetwater,,,MARK PETERSON,MARK PETERSON,,396,,wy|sweetwater|wy-2026-primary|county_local_summary|5947c9082afaa5cf507e0ed33a4d62ad34461f1cfbe9ba9976c69385593a5464|wy-2026-primary|city|sweetwater|green-river-mayor|na|candidate|MARK PETERSON|Sweetwater|COUNTY
wy-2026-primary,wy|sweetwater|wy-2026-primary|county_local_summary,Sweetwater,wy-2026-primary|city|sweetwater|green-river-mayor|na,GREEN RIVER MAYOR,Green River Mayor,city,,,,city,5947c9082afaa5cf507e0ed33a4d62ad34461f1cfbe9ba9976c69385593a5464,2026-08-21T11:30:57Z,,county_summary_pdf_v1,1.1.1,1,verified,https://www.sweetwatercountywy.gov/departments/county_clerk/elections.php,,,county_complete,candidate,Sweetwater,,,PHIL STANTON,PHIL STANTON,,561,,wy|sweetwater|wy-2026-primary|county_local_summary|5947c9082afaa5cf507e0ed33a4d62ad34461f1cfbe9ba9976c69385593a5464|wy-2026-primary|city|sweetwater|green-river-mayor|na|candidate|PHIL STANTON|Sweetwater|COUNTY
wy-2026-primary,wy|sweetwater|wy-2026-primary|county_local_summary,Sweetwater,wy-2026-primary|city|sweetwater|green-river-mayor|na,GREEN RIVER MAYOR,Green River Mayor,city,,,,city,5947c9082afaa5cf507e0ed33a4d62ad34461f1cfbe9ba9976c69385593a5464,2026-08-21T11:30:57Z,,county_summary_pdf_v1,1.1.1,1,verified,https://www.sweetwatercountywy.gov/departments/county_clerk/elections.php,,,county_complete,write_in_aggregate,Sweetwater,,,,,,31,,wy|sweetwater|wy-2026-primary|county_local_summary|5947c9082afaa5cf507e0ed33a4d62ad34461f1cfbe9ba9976c69385593a5464|wy-2026-primary|city|sweetwater|green-river-mayor|na|write_in_aggregate|write_in_aggregate|Sweetwater|COUNTY
wy-2026-primary,wy|sweetwater|wy-2026-primary|county_local_summary,Sweetwater,wy-2026-primary|city|sweetwater|green-river-mayor|na,GREEN RIVER MAYOR,Green River Mayor,city,,,,city,5947c9082afaa5cf507e0ed33a4d62ad34461f1cfbe9ba9976c69385593a5464,2026-08-21T11:30:57Z,,county_summary_pdf_v1,1.1.1,1,verified,https://www.sweetwatercountywy.gov/departments/county_clerk/elections.php,,,county_complete,overvote,Sweetwater,,,,,,5,,wy|sweetwater|wy-2026-primary|county_local_summary|5947c9082afaa5cf507e0ed33a4d62ad34461f1cfbe9ba9976c69385593a5464|wy-2026-primary|city|sweetwater|green-river-mayor|na|overvote|overvote|Sweetwater|COUNTY
wy-2026-primary,wy|sweetwater|wy-2026-primary|county_local_summary,Sweetwater,wy-2026-primary|city|sweetwater|green-river-mayor|na,GREEN RIVER MAYOR,Green River Mayor,city,,,,city,5947c9082afaa5cf507e0ed33a4d62ad34461f1cfbe9ba9976c69385593a5464,2026-08-21T11:30:57Z,,county_summary_pdf_v1,1.1.1,1,verified,https://www.sweetwatercountywy.gov/departments/county_clerk/elections.php,,,county_complete,undervote,Sweetwater,,,,,,147,,wy|sweetwater|wy-2026-primary|county_local_summary|5947c9082afaa5cf507e0ed33a4d62ad34461f1cfbe9ba9976c69385593a5464|wy-2026-primary|city|sweetwater|green-river-mayor|na|undervote|undervote|Sweetwater|COUNTY
wy-2026-primary,wy|sweetwater|wy-2026-primary|county_local_summary,Sweetwater,wy-2026-primary|city|sweetwater|green-river-ward-i|na,GREEN RIVER WARD I,Green River Ward I,city,,,,city,5947c9082afaa5cf507e0ed33a4d62ad34461f1cfbe9ba9976c69385593a5464,2026-08-21T11:30:57Z,,county_summary_pdf_v1,1.1.1,1,verified,https://www.sweetwatercountywy.gov/departments/county_clerk/elections.php,,,county_complete,candidate,Sweetwater,,,TOM MURPHY,TOM MURPHY,,296,,wy|sweetwater|wy-2026-primary|county_local_summary|5947c9082afaa5cf507e0ed33a4d62ad34461f1cfbe9ba9976c69385593a5464|wy-2026-primary|city|sweetwater|green-river-ward-i|na|candidate|TOM MURPHY|Sweetwater|COUNTY
wy-2026-primary,wy|sweetwater|wy-2026-primary|county_local_summary,Sweetwater,wy-2026-primary|city|sweetwater|green-river-ward-i|na,GREEN RIVER WARD I,Green River Ward I,city,,,,city,5947c9082afaa5cf507e0ed33a4d62ad34461f1cfbe9ba9976c69385593a5464,2026-08-21T11:30:57Z,,county_summary_pdf_v1,1.1.1,1,verified,https://www.sweetwatercountywy.gov/departments/county_clerk/elections.php,,,county_complete,candidate,Sweetwater,,,JASON SOUZA,JASON SOUZA,,142,,wy|sweetwater|wy-2026-primary|county_local_summary|5947c9082afaa5cf507e0ed33a4d62ad34461f1cfbe9ba9976c69385593a5464|wy-2026-primary|city|sweetwater|green-river-ward-i|na|candidate|JASON SOUZA|Sweetwater|COUNTY
wy-2026-primary,wy|sweetwater|wy-2026-primary|county_local_summary,Sweetwater,wy-2026-primary|city|sweetwater|green-river-ward-i|na,GREEN RIVER WARD I,Green River Ward I,city,,,,city,5947c9082afaa5cf507e0ed33a4d62ad34461f1cfbe9ba9976c69385593a5464,2026-08-21T11:30:57Z,,county_summary_pdf_v1,1.1.1,1,verified,https://www.sweetwatercountywy.gov/departments/county_clerk/elections.php,,,county_complete,candidate,Sweetwater,,,RONALD L. WILLIAMS,RONALD L. WILLIAMS,,479,,wy|sweetwater|wy-2026-primary|county_local_summary|5947c9082afaa5cf507e0ed33a4d62ad34461f1cfbe9ba9976c69385593a5464|wy-2026-primary|city|sweetwater|green-river-ward-i|na|candidate|RONALD L. WILLIAMS|Sweetwater|COUNTY
wy-2026-primary,wy|sweetwater|wy-2026-primary|county_local_summary,Sweetwater,wy-2026-primary|city|sweetwater|green-river-ward-i|na,GREEN RIVER WARD I,Green River Ward I,city,,,,city,5947c9082afaa5cf507e0ed33a4d62ad34461f1cfbe9ba9976c69385593a5464,2026-08-21T11:30:57Z,,county_summary_pdf_v1,1.1.1,1,verified,https://www.sweetwatercountywy.gov/departments/county_clerk/elections.php,,,county_complete,write_in_aggregate,Sweetwater,,,,,,6,,wy|sweetwater|wy-2026-primary|county_local_summary|5947c9082afaa5cf507e0ed33a4d62ad34461f1cfbe9ba9976c69385593a5464|wy-2026-primary|city|sweetwater|green-river-ward-i|na|write_in_aggregate|write_in_aggregate|Sweetwater|COUNTY
wy-2026-primary,wy|sweetwater|wy-2026-primary|county_local_summary,Sweetwater,wy-2026-primary|city|sweetwater|green-river-ward-i|na,GREEN RIVER WARD I,Green River Ward I,city,,,,city,5947c9082afaa5cf507e0ed33a4d62ad34461f1cfbe9ba9976c69385593a5464,2026-08-21T11:30:57Z,,county_summary_pdf_v1,1.1.1,1,verified,https://www.sweetwatercountywy.gov/departments/county_clerk/elections.php,,,county_complete,overvote,Sweetwater,,,,,,0,,wy|sweetwater|wy-2026-primary|county_local_summary|5947c9082afaa5cf507e0ed33a4d62ad34461f1cfbe9ba9976c69385593a5464|wy-2026-primary|city|sweetwater|green-river-ward-i|na|overvote|overvote|Sweetwater|COUNTY
wy-2026-primary,wy|sweetwater|wy-2026-primary|county_local_summary,Sweetwater,wy-2026-primary|city|sweetwater|green-river-ward-i|na,GREEN RIVER WARD I,Green River Ward I,city,,,,city,5947c9082afaa5cf507e0ed33a4d62ad34461f1cfbe9ba9976c69385593a5464,2026-08-21T11:30:57Z,,county_summary_pdf_v1,1.1.1,1,verified,https://www.sweetwatercountywy.gov/departments/county_clerk/elections.php,,,county_complete,undervote,Sweetwater,,,,,,94,,wy|sweetwater|wy-2026-primary|county_local_summary|5947c9082afaa5cf507e0ed33a4d62ad34461f1cfbe9ba9976c69385593a5464|wy-2026-primary|city|sweetwater|green-river-ward-i|na|undervote|undervote|Sweetwater|COUNTY
wy-2026-primary,wy|sweetwater|wy-2026-primary|county_local_summary,Sweetwater,wy-2026-primary|city|sweetwater|green-river-ward-ii|na,GREEN RIVER WARD II,Green River Ward Ii,city,,,,city,5947c9082afaa5cf507e0ed33a4d62ad34461f1cfbe9ba9976c69385593a5464,2026-08-21T11:30:57Z,,county_summary_pdf_v1,1.1.1,1,verified,https://www.sweetwatercountywy.gov/departments/county_clerk/elections.php,,,county_complete,candidate,Sweetwater,,,JEAN JOSEPH,JEAN JOSEPH,,302,,wy|sweetwater|wy-2026-primary|county_local_summary|5947c9082afaa5cf507e0ed33a4d62ad34461f1cfbe9ba9976c69385593a5464|wy-2026-primary|city|sweetwater|green-river-ward-ii|na|candidate|JEAN JOSEPH|Sweetwater|COUNTY
wy-2026-primary,wy|sweetwater|wy-2026-primary|county_local_summary,Sweetwater,wy-2026-primary|city|sweetwater|green-river-ward-ii|na,GREEN RIVER WARD II,Green River Ward Ii,city,,,,city,5947c9082afaa5cf507e0ed33a4d62ad34461f1cfbe9ba9976c69385593a5464,2026-08-21T11:30:57Z,,county_summary_pdf_v1,1.1.1,1,verified,https://www.sweetwatercountywy.gov/departments/county_clerk/elections.php,,,county_complete,candidate,Sweetwater,,,MICHAEL SHANE SHUTRAN,MICHAEL SHANE SHUTRAN,,311,,wy|sweetwater|wy-2026-primary|county_local_summary|5947c9082afaa5cf507e0ed33a4d62ad34461f1cfbe9ba9976c69385593a5464|wy-2026-primary|city|sweetwater|green-river-ward-ii|na|candidate|MICHAEL SHANE SHUTRAN|Sweetwater|COUNTY
wy-2026-primary,wy|sweetwater|wy-2026-primary|county_local_summary,Sweetwater,wy-2026-primary|city|sweetwater|green-river-ward-ii|na,GREEN RIVER WARD II,Green River Ward Ii,city,,,,city,5947c9082afaa5cf507e0ed33a4d62ad34461f1cfbe9ba9976c69385593a5464,2026-08-21T11:30:57Z,,county_summary_pdf_v1,1.1.1,1,verified,https://www.sweetwatercountywy.gov/departments/county_clerk/elections.php,,,county_complete,write_in_aggregate,Sweetwater,,,,,,0,,wy|sweetwater|wy-2026-primary|county_local_summary|5947c9082afaa5cf507e0ed33a4d62ad34461f1cfbe9ba9976c69385593a5464|wy-2026-primary|city|sweetwater|green-river-ward-ii|na|write_in_aggregate|write_in_aggregate|Sweetwater|COUNTY
wy-2026-primary,wy|sweetwater|wy-2026-primary|county_local_summary,Sweetwater,wy-2026-primary|city|sweetwater|green-river-ward-ii|na,GREEN RIVER WARD II,Green River Ward Ii,city,,,,city,5947c9082afaa5cf507e0ed33a4d62ad34461f1cfbe9ba9976c69385593a5464,2026-08-21T11:30:57Z,,county_summary_pdf_v1,1.1.1,1,verified,https://www.sweetwatercountywy.gov/departments/county_clerk/elections.php,,,county_complete,overvote,Sweetwater,,,,,,0,,wy|sweetwater|wy-2026-primary|county_local_summary|5947c9082afaa5cf507e0ed33a4d62ad34461f1cfbe9ba9976c69385593a5464|wy-2026-primary|city|sweetwater|green-river-ward-ii|na|overvote|overvote|Sweetwater|COUNTY
wy-2026-primary,wy|sweetwater|wy-2026-primary|county_local_summary,Sweetwater,wy-2026-primary|city|sweetwater|green-river-ward-ii|na,GREEN RIVER WARD II,Green River Ward Ii,city,,,,city,5947c9082afaa5cf507e0ed33a4d62ad34461f1cfbe9ba9976c69385593a5464,2026-08-21T11:30:57Z,,county_summary_pdf_v1,1.1.1,1,verified,https://www.sweetwatercountywy.gov/departments/county_clerk/elections.php,,,county_complete,undervote,Sweetwater,,,,,,43,,wy|sweetwater|wy-2026-primary|county_local_summary|5947c9082afaa5cf507e0ed33a4d62ad34461f1cfbe9ba9976c69385593a5464|wy-2026-primary|city|sweetwater|green-river-ward-ii|na|undervote|undervote|Sweetwater|COUNTY
wy-2026-primary,wy|sweetwater|wy-2026-primary|county_local_summary,Sweetwater,wy-2026-primary|city|sweetwater|green-river-ward-iii|na,GREEN RIVER WARD III,Green River Ward Iii,city,,,,city,5947c9082afaa5cf507e0ed33a4d62ad34461f1cfbe9ba9976c69385593a5464,2026-08-21T11:30:57Z,,county_summary_pdf_v1,1.1.1,1,verified,https://www.sweetwatercountywy.gov/departments/county_clerk/elections.php,,,county_complete,candidate,Sweetwater,,,ROBERT ROSS,ROBERT ROSS,,312,,wy|sweetwater|wy-2026-primary|county_local_summary|5947c9082afaa5cf507e0ed33a4d62ad34461f1cfbe9ba9976c69385593a5464|wy-2026-primary|city|sweetwater|green-river-ward-iii|na|candidate|ROBERT ROSS|Sweetwater|COUNTY
wy-2026-primary,wy|sweetwater|wy-2026-primary|county_local_summary,Sweetwater,wy-2026-primary|city|sweetwater|green-river-ward-iii|na,GREEN RIVER WARD III,Green River Ward Iii,city,,,,city,5947c9082afaa5cf507e0ed33a4d62ad34461f1cfbe9ba9976c69385593a5464,2026-08-21T11:30:57Z,,county_summary_pdf_v1,1.1.1,1,verified,https://www.sweetwatercountywy.gov/departments/county_clerk/elections.php,,,county_complete,candidate,Sweetwater,,,PAUL D. STEVENS,PAUL D. STEVENS,,436,,wy|sweetwater|wy-2026-primary|county_local_summary|5947c9082afaa5cf507e0ed33a4d62ad34461f1cfbe9ba9976c69385593a5464|wy-2026-primary|city|sweetwater|green-river-ward-iii|na|candidate|PAUL D. STEVENS|Sweetwater|COUNTY
wy-2026-primary,wy|sweetwater|wy-2026-primary|county_local_summary,Sweetwater,wy-2026-primary|city|sweetwater|green-river-ward-iii|na,GREEN RIVER WARD III,Green River Ward Iii,city,,,,city,5947c9082afaa5cf507e0ed33a4d62ad34461f1cfbe9ba9976c69385593a5464,2026-08-21T11:30:57Z,,county_summary_pdf_v1,1.1.1,1,verified,https://www.sweetwatercountywy.gov/departments/county_clerk/elections.php,,,county_complete,candidate,Sweetwater,,,CLIFFORD VANDERPOOL,CLIFFORD VANDERPOOL,,204,,wy|sweetwater|wy-2026-primary|county_local_summary|5947c9082afaa5cf507e0ed33a4d62ad34461f1cfbe9ba9976c69385593a5464|wy-2026-primary|city|sweetwater|green-river-ward-iii|na|candidate|CLIFFORD VANDERPOOL|Sweetwater|COUNTY
wy-2026-primary,wy|sweetwater|wy-2026-primary|county_local_summary,Sweetwater,wy-2026-primary|city|sweetwater|green-river-ward-iii|na,GREEN RIVER WARD III,Green River Ward Iii,city,,,,city,5947c9082afaa5cf507e0ed33a4d62ad34461f1cfbe9ba9976c69385593a5464,2026-08-21T11:30:57Z,,county_summary_pdf_v1,1.1.1,1,verified,https://www.sweetwatercountywy.gov/departments/county_clerk/elections.php,,,county_complete,write_in_aggregate,Sweetwater,,,,,,5,,wy|sweetwater|wy-2026-primary|county_local_summary|5947c9082afaa5cf507e0ed33a4d62ad34461f1cfbe9ba9976c69385593a5464|wy-2026-primary|city|sweetwater|green-river-ward-iii|na|write_in_aggregate|write_in_aggregate|Sweetwater|COUNTY
wy-2026-primary,wy|sweetwater|wy-2026-primary|county_local_summary,Sweetwater,wy-2026-primary|city|sweetwater|green-river-ward-iii|na,GREEN RIVER WARD III,Green River Ward Iii,city,,,,city,5947c9082afaa5cf507e0ed33a4d62ad34461f1cfbe9ba9976c69385593a5464,2026-08-21T11:30:57Z,,county_summary_pdf_v1,1.1.1,1,verified,https://www.sweetwatercountywy.gov/departments/county_clerk/elections.php,,,county_complete,overvote,Sweetwater,,,,,,2,,wy|sweetwater|wy-2026-primary|county_local_summary|5947c9082afaa5cf507e0ed33a4d62ad34461f1cfbe9ba9976c69385593a5464|wy-2026-primary|city|sweetwater|green-river-ward-iii|na|overvote|overvote|Sweetwater|COUNTY
wy-2026-primary,wy|sweetwater|wy-2026-primary|county_local_summary,Sweetwater,wy-2026-primary|city|sweetwater|green-river-ward-iii|na,GREEN RIVER WARD III,Green River Ward Iii,city,,,,city,5947c9082afaa5cf507e0ed33a4d62ad34461f1cfbe9ba9976c69385593a5464,2026-08-21T11:30:57Z,,county_summary_pdf_v1,1.1.1,1,verified,https://www.sweetwatercountywy.gov/departments/county_clerk/elections.php,,,county_complete,undervote,Sweetwater,,,,,,91,,wy|sweetwater|wy-2026-primary|county_local_summary|5947c9082afaa5cf507e0ed33a4d62ad34461f1cfbe9ba9976c69385593a5464|wy-2026-primary|city|sweetwater|green-river-ward-iii|na|undervote|undervote|Sweetwater|COUNTY
wy-2026-primary,wy|sweetwater|wy-2026-primary|county_local_summary,Sweetwater,wy-2026-primary|city|sweetwater|rock-springs-mayor|na,ROCK SPRINGS MAYOR,Rock Springs Mayor,city,,,,city,5947c9082afaa5cf507e0ed33a4d62ad34461f1cfbe9ba9976c69385593a5464,2026-08-21T11:30:57Z,,county_summary_pdf_v1,1.1.1,1,verified,https://www.sweetwatercountywy.gov/departments/county_clerk/elections.php,,,county_complete,candidate,Sweetwater,,,MAX MICKELSON,MAX MICKELSON,,2782,,wy|sweetwater|wy-2026-primary|county_local_summary|5947c9082afaa5cf507e0ed33a4d62ad34461f1cfbe9ba9976c69385593a5464|wy-2026-primary|city|sweetwater|rock-springs-mayor|na|candidate|MAX MICKELSON|Sweetwater|COUNTY
wy-2026-primary,wy|sweetwater|wy-2026-primary|county_local_summary,Sweetwater,wy-2026-primary|city|sweetwater|rock-springs-mayor|na,ROCK SPRINGS MAYOR,Rock Springs Mayor,city,,,,city,5947c9082afaa5cf507e0ed33a4d62ad34461f1cfbe9ba9976c69385593a5464,2026-08-21T11:30:57Z,,county_summary_pdf_v1,1.1.1,1,verified,https://www.sweetwatercountywy.gov/departments/county_clerk/elections.php,,,county_complete,candidate,Sweetwater,,,RICK MILONAS,RICK MILONAS,,959,,wy|sweetwater|wy-2026-primary|county_local_summary|5947c9082afaa5cf507e0ed33a4d62ad34461f1cfbe9ba9976c69385593a5464|wy-2026-primary|city|sweetwater|rock-springs-mayor|na|candidate|RICK MILONAS|Sweetwater|COUNTY
wy-2026-primary,wy|sweetwater|wy-2026-primary|county_local_summary,Sweetwater,wy-2026-primary|city|sweetwater|rock-springs-mayor|na,ROCK SPRINGS MAYOR,Rock Springs Mayor,city,,,,city,5947c9082afaa5cf507e0ed33a4d62ad34461f1cfbe9ba9976c69385593a5464,2026-08-21T11:30:57Z,,county_summary_pdf_v1,1.1.1,1,verified,https://www.sweetwatercountywy.gov/departments/county_clerk/elections.php,,,county_complete,candidate,Sweetwater,,,KATHY PHELPS,KATHY PHELPS,,525,,wy|sweetwater|wy-2026-primary|county_local_summary|5947c9082afaa5cf507e0ed33a4d62ad34461f1cfbe9ba9976c69385593a5464|wy-2026-primary|city|sweetwater|rock-springs-mayor|na|candidate|KATHY PHELPS|Sweetwater|COUNTY
wy-2026-primary,wy|sweetwater|wy-2026-primary|county_local_summary,Sweetwater,wy-2026-primary|city|sweetwater|rock-springs-mayor|na,ROCK SPRINGS MAYOR,Rock Springs Mayor,city,,,,city,5947c9082afaa5cf507e0ed33a4d62ad34461f1cfbe9ba9976c69385593a5464,2026-08-21T11:30:57Z,,county_summary_pdf_v1,1.1.1,1,verified,https://www.sweetwatercountywy.gov/departments/county_clerk/elections.php,,,county_complete,write_in_aggregate,Sweetwater,,,,,,25,,wy|sweetwater|wy-2026-primary|county_local_summary|5947c9082afaa5cf507e0ed33a4d62ad34461f1cfbe9ba9976c69385593a5464|wy-2026-primary|city|sweetwater|rock-springs-mayor|na|write_in_aggregate|write_in_aggregate|Sweetwater|COUNTY
wy-2026-primary,wy|sweetwater|wy-2026-primary|county_local_summary,Sweetwater,wy-2026-primary|city|sweetwater|rock-springs-mayor|na,ROCK SPRINGS MAYOR,Rock Springs Mayor,city,,,,city,5947c9082afaa5cf507e0ed33a4d62ad34461f1cfbe9ba9976c69385593a5464,2026-08-21T11:30:57Z,,county_summary_pdf_v1,1.1.1,1,verified,https://www.sweetwatercountywy.gov/departments/county_clerk/elections.php,,,county_complete,overvote,Sweetwater,,,,,,5,,wy|sweetwater|wy-2026-primary|county_local_summary|5947c9082afaa5cf507e0ed33a4d62ad34461f1cfbe9ba9976c69385593a5464|wy-2026-primary|city|sweetwater|rock-springs-mayor|na|overvote|overvote|Sweetwater|COUNTY
wy-2026-primary,wy|sweetwater|wy-2026-primary|county_local_summary,Sweetwater,wy-2026-primary|city|sweetwater|rock-springs-mayor|na,ROCK SPRINGS MAYOR,Rock Springs Mayor,city,,,,city,5947c9082afaa5cf507e0ed33a4d62ad34461f1cfbe9ba9976c69385593a5464,2026-08-21T11:30:57Z,,county_summary_pdf_v1,1.1.1,1,verified,https://www.sweetwatercountywy.gov/departments/county_clerk/elections.php,,,county_complete,undervote,Sweetwater,,,,,,173,,wy|sweetwater|wy-2026-primary|county_local_summary|5947c9082afaa5cf507e0ed33a4d62ad34461f1cfbe9ba9976c69385593a5464|wy-2026-primary|city|sweetwater|rock-springs-mayor|na|undervote|undervote|Sweetwater|COUNTY
wy-2026-primary,wy|sweetwater|wy-2026-primary|county_local_summary,Sweetwater,wy-2026-primary|city|sweetwater|rock-springs-ward-i|na,ROCK SPRINGS WARD I,Rock Springs Ward I,city,,,,city,5947c9082afaa5cf507e0ed33a4d62ad34461f1cfbe9ba9976c69385593a5464,2026-08-21T11:30:57Z,,county_summary_pdf_v1,1.1.1,1,verified,https://www.sweetwatercountywy.gov/departments/county_clerk/elections.php,,,county_complete,candidate,Sweetwater,,,JEANNIE DEMAS,JEANNIE DEMAS,,668,,wy|sweetwater|wy-2026-primary|county_local_summary|5947c9082afaa5cf507e0ed33a4d62ad34461f1cfbe9ba9976c69385593a5464|wy-2026-primary|city|sweetwater|rock-springs-ward-i|na|candidate|JEANNIE DEMAS|Sweetwater|COUNTY
wy-2026-primary,wy|sweetwater|wy-2026-primary|county_local_summary,Sweetwater,wy-2026-primary|city|sweetwater|rock-springs-ward-i|na,ROCK SPRINGS WARD I,Rock Springs Ward I,city,,,,city,5947c9082afaa5cf507e0ed33a4d62ad34461f1cfbe9ba9976c69385593a5464,2026-08-21T11:30:57Z,,county_summary_pdf_v1,1.1.1,1,verified,https://www.sweetwatercountywy.gov/departments/county_clerk/elections.php,,,county_complete,candidate,Sweetwater,,,ROBERT GODFREY,ROBERT GODFREY,,311,,wy|sweetwater|wy-2026-primary|county_local_summary|5947c9082afaa5cf507e0ed33a4d62ad34461f1cfbe9ba9976c69385593a5464|wy-2026-primary|city|sweetwater|rock-springs-ward-i|na|candidate|ROBERT GODFREY|Sweetwater|COUNTY
wy-2026-primary,wy|sweetwater|wy-2026-primary|county_local_summary,Sweetwater,wy-2026-primary|city|sweetwater|rock-springs-ward-i|na,ROCK SPRINGS WARD I,Rock Springs Ward I,city,,,,city,5947c9082afaa5cf507e0ed33a4d62ad34461f1cfbe9ba9976c69385593a5464,2026-08-21T11:30:57Z,,county_summary_pdf_v1,1.1.1,1,verified,https://www.sweetwatercountywy.gov/departments/county_clerk/elections.php,,,county_complete,write_in_aggregate,Sweetwater,,,,,,8,,wy|sweetwater|wy-2026-primary|county_local_summary|5947c9082afaa5cf507e0ed33a4d62ad34461f1cfbe9ba9976c69385593a5464|wy-2026-primary|city|sweetwater|rock-springs-ward-i|na|write_in_aggregate|write_in_aggregate|Sweetwater|COUNTY
wy-2026-primary,wy|sweetwater|wy-2026-primary|county_local_summary,Sweetwater,wy-2026-primary|city|sweetwater|rock-springs-ward-i|na,ROCK SPRINGS WARD I,Rock Springs Ward I,city,,,,city,5947c9082afaa5cf507e0ed33a4d62ad34461f1cfbe9ba9976c69385593a5464,2026-08-21T11:30:57Z,,county_summary_pdf_v1,1.1.1,1,verified,https://www.sweetwatercountywy.gov/departments/county_clerk/elections.php,,,county_complete,overvote,Sweetwater,,,,,,0,,wy|sweetwater|wy-2026-primary|county_local_summary|5947c9082afaa5cf507e0ed33a4d62ad34461f1cfbe9ba9976c69385593a5464|wy-2026-primary|city|sweetwater|rock-springs-ward-i|na|overvote|overvote|Sweetwater|COUNTY
wy-2026-primary,wy|sweetwater|wy-2026-primary|county_local_summary,Sweetwater,wy-2026-primary|city|sweetwater|rock-springs-ward-i|na,ROCK SPRINGS WARD I,Rock Springs Ward I,city,,,,city,5947c9082afaa5cf507e0ed33a4d62ad34461f1cfbe9ba9976c69385593a5464,2026-08-21T11:30:57Z,,county_summary_pdf_v1,1.1.1,1,verified,https://www.sweetwatercountywy.gov/departments/county_clerk/elections.php,,,county_complete,undervote,Sweetwater,,,,,,124,,wy|sweetwater|wy-2026-primary|county_local_summary|5947c9082afaa5cf507e0ed33a4d62ad34461f1cfbe9ba9976c69385593a5464|wy-2026-primary|city|sweetwater|rock-springs-ward-i|na|undervote|undervote|Sweetwater|COUNTY
wy-2026-primary,wy|sweetwater|wy-2026-primary|county_local_summary,Sweetwater,wy-2026-primary|city|sweetwater|rock-springs-ward-ii|na,ROCK SPRINGS WARD II,Rock Springs Ward Ii,city,,,,city,5947c9082afaa5cf507e0ed33a4d62ad34461f1cfbe9ba9976c69385593a5464,2026-08-21T11:30:57Z,,county_summary_pdf_v1,1.1.1,1,verified,https://www.sweetwatercountywy.gov/departments/county_clerk/elections.php,,,county_complete,candidate,Sweetwater,,,DAVID A. THOMPSON,DAVID A. THOMPSON,,667,,wy|sweetwater|wy-2026-primary|county_local_summary|5947c9082afaa5cf507e0ed33a4d62ad34461f1cfbe9ba9976c69385593a5464|wy-2026-primary|city|sweetwater|rock-springs-ward-ii|na|candidate|DAVID A. THOMPSON|Sweetwater|COUNTY
wy-2026-primary,wy|sweetwater|wy-2026-primary|county_local_summary,Sweetwater,wy-2026-primary|city|sweetwater|rock-springs-ward-ii|na,ROCK SPRINGS WARD II,Rock Springs Ward Ii,city,,,,city,5947c9082afaa5cf507e0ed33a4d62ad34461f1cfbe9ba9976c69385593a5464,2026-08-21T11:30:57Z,,county_summary_pdf_v1,1.1.1,1,verified,https://www.sweetwatercountywy.gov/departments/county_clerk/elections.php,,,county_complete,candidate,Sweetwater,,,TRISTIAN WOODEN,TRISTIAN WOODEN,,268,,wy|sweetwater|wy-2026-primary|county_local_summary|5947c9082afaa5cf507e0ed33a4d62ad34461f1cfbe9ba9976c69385593a5464|wy-2026-primary|city|sweetwater|rock-springs-ward-ii|na|candidate|TRISTIAN WOODEN|Sweetwater|COUNTY
wy-2026-primary,wy|sweetwater|wy-2026-primary|county_local_summary,Sweetwater,wy-2026-primary|city|sweetwater|rock-springs-ward-ii|na,ROCK SPRINGS WARD II,Rock Springs Ward Ii,city,,,,city,5947c9082afaa5cf507e0ed33a4d62ad34461f1cfbe9ba9976c69385593a5464,2026-08-21T11:30:57Z,,county_summary_pdf_v1,1.1.1,1,verified,https://www.sweetwatercountywy.gov/departments/county_clerk/elections.php,,,county_complete,write_in_aggregate,Sweetwater,,,,,,8,,wy|sweetwater|wy-2026-primary|county_local_summary|5947c9082afaa5cf507e0ed33a4d62ad34461f1cfbe9ba9976c69385593a5464|wy-2026-primary|city|sweetwater|rock-springs-ward-ii|na|write_in_aggregate|write_in_aggregate|Sweetwater|COUNTY
wy-2026-primary,wy|sweetwater|wy-2026-primary|county_local_summary,Sweetwater,wy-2026-primary|city|sweetwater|rock-springs-ward-ii|na,ROCK SPRINGS WARD II,Rock Springs Ward Ii,city,,,,city,5947c9082afaa5cf507e0ed33a4d62ad34461f1cfbe9ba9976c69385593a5464,2026-08-21T11:30:57Z,,county_summary_pdf_v1,1.1.1,1,verified,https://www.sweetwatercountywy.gov/departments/county_clerk/elections.php,,,county_complete,overvote,Sweetwater,,,,,,1,,wy|sweetwater|wy-2026-primary|county_local_summary|5947c9082afaa5cf507e0ed33a4d62ad34461f1cfbe9ba9976c69385593a5464|wy-2026-primary|city|sweetwater|rock-springs-ward-ii|na|overvote|overvote|Sweetwater|COUNTY
wy-2026-primary,wy|sweetwater|wy-2026-primary|county_local_summary,Sweetwater,wy-2026-primary|city|sweetwater|rock-springs-ward-ii|na,ROCK SPRINGS WARD II,Rock Springs Ward Ii,city,,,,city,5947c9082afaa5cf507e0ed33a4d62ad34461f1cfbe9ba9976c69385593a5464,2026-08-21T11:30:57Z,,county_summary_pdf_v1,1.1.1,1,verified,https://www.sweetwatercountywy.gov/departments/county_clerk/elections.php,,,county_complete,undervote,Sweetwater,,,,,,178,,wy|sweetwater|wy-2026-primary|county_local_summary|5947c9082afaa5cf507e0ed33a4d62ad34461f1cfbe9ba9976c69385593a5464|wy-2026-primary|city|sweetwater|rock-springs-ward-ii|na|undervote|undervote|Sweetwater|COUNTY
wy-2026-primary,wy|sweetwater|wy-2026-primary|county_local_summary,Sweetwater,wy-2026-primary|city|sweetwater|rock-springs-ward-iii|na,ROCK SPRINGS WARD III,Rock Springs Ward Iii,city,,,,city,5947c9082afaa5cf507e0ed33a4d62ad34461f1cfbe9ba9976c69385593a5464,2026-08-21T11:30:57Z,,county_summary_pdf_v1,1.1.1,1,verified,https://www.sweetwatercountywy.gov/departments/county_clerk/elections.php,,,county_complete,candidate,Sweetwater,,,DANIEL J. PEDRI,DANIEL J. PEDRI,,873,,wy|sweetwater|wy-2026-primary|county_local_summary|5947c9082afaa5cf507e0ed33a4d62ad34461f1cfbe9ba9976c69385593a5464|wy-2026-primary|city|sweetwater|rock-springs-ward-iii|na|candidate|DANIEL J. PEDRI|Sweetwater|COUNTY
wy-2026-primary,wy|sweetwater|wy-2026-primary|county_local_summary,Sweetwater,wy-2026-primary|city|sweetwater|rock-springs-ward-iii|na,ROCK SPRINGS WARD III,Rock Springs Ward Iii,city,,,,city,5947c9082afaa5cf507e0ed33a4d62ad34461f1cfbe9ba9976c69385593a5464,2026-08-21T11:30:57Z,,county_summary_pdf_v1,1.1.1,1,verified,https://www.sweetwatercountywy.gov/departments/county_clerk/elections.php,,,county_complete,write_in_aggregate,Sweetwater,,,,,,20,,wy|sweetwater|wy-2026-primary|county_local_summary|5947c9082afaa5cf507e0ed33a4d62ad34461f1cfbe9ba9976c69385593a5464|wy-2026-primary|city|sweetwater|rock-springs-ward-iii|na|write_in_aggregate|write_in_aggregate|Sweetwater|COUNTY
wy-2026-primary,wy|sweetwater|wy-2026-primary|county_local_summary,Sweetwater,wy-2026-primary|city|sweetwater|rock-springs-ward-iii|na,ROCK SPRINGS WARD III,Rock Springs Ward Iii,city,,,,city,5947c9082afaa5cf507e0ed33a4d62ad34461f1cfbe9ba9976c69385593a5464,2026-08-21T11:30:57Z,,county_summary_pdf_v1,1.1.1,1,verified,https://www.sweetwatercountywy.gov/departments/county_clerk/elections.php,,,county_complete,overvote,Sweetwater,,,,,,0,,wy|sweetwater|wy-2026-primary|county_local_summary|5947c9082afaa5cf507e0ed33a4d62ad34461f1cfbe9ba9976c69385593a5464|wy-2026-primary|city|sweetwater|rock-springs-ward-iii|na|overvote|overvote|Sweetwater|COUNTY
wy-2026-primary,wy|sweetwater|wy-2026-primary|county_local_summary,Sweetwater,wy-2026-primary|city|sweetwater|rock-springs-ward-iii|na,ROCK SPRINGS WARD III,Rock Springs Ward Iii,city,,,,city,5947c9082afaa5cf507e0ed33a4d62ad34461f1cfbe9ba9976c69385593a5464,2026-08-21T11:30:57Z,,county_summary_pdf_v1,1.1.1,1,verified,https://www.sweetwatercountywy.gov/departments/county_clerk/elections.php,,,county_complete,undervote,Sweetwater,,,,,,151,,wy|sweetwater|wy-2026-primary|county_local_summary|5947c9082afaa5cf507e0ed33a4d62ad34461f1cfbe9ba9976c69385593a5464|wy-2026-primary|city|sweetwater|rock-springs-ward-iii|na|undervote|undervote|Sweetwater|COUNTY
wy-2026-primary,wy|sweetwater|wy-2026-primary|county_local_summary,Sweetwater,wy-2026-primary|city|sweetwater|rock-springs-ward-iv|na,ROCK SPRINGS WARD IV,Rock Springs Ward Iv,city,,,,city,5947c9082afaa5cf507e0ed33a4d62ad34461f1cfbe9ba9976c69385593a5464,2026-08-21T11:30:57Z,,county_summary_pdf_v1,1.1.1,1,verified,https://www.sweetwatercountywy.gov/departments/county_clerk/elections.php,,,county_complete,candidate,Sweetwater,,,RANDY HANSON,RANDY HANSON,,991,,wy|sweetwater|wy-2026-primary|county_local_summary|5947c9082afaa5cf507e0ed33a4d62ad34461f1cfbe9ba9976c69385593a5464|wy-2026-primary|city|sweetwater|rock-springs-ward-iv|na|candidate|RANDY HANSON|Sweetwater|COUNTY
wy-2026-primary,wy|sweetwater|wy-2026-primary|county_local_summary,Sweetwater,wy-2026-primary|city|sweetwater|rock-springs-ward-iv|na,ROCK SPRINGS WARD IV,Rock Springs Ward Iv,city,,,,city,5947c9082afaa5cf507e0ed33a4d62ad34461f1cfbe9ba9976c69385593a5464,2026-08-21T11:30:57Z,,county_summary_pdf_v1,1.1.1,1,verified,https://www.sweetwatercountywy.gov/departments/county_clerk/elections.php,,,county_complete,write_in_aggregate,Sweetwater,,,,,,18,,wy|sweetwater|wy-2026-primary|county_local_summary|5947c9082afaa5cf507e0ed33a4d62ad34461f1cfbe9ba9976c69385593a5464|wy-2026-primary|city|sweetwater|rock-springs-ward-iv|na|write_in_aggregate|write_in_aggregate|Sweetwater|COUNTY
wy-2026-primary,wy|sweetwater|wy-2026-primary|county_local_summary,Sweetwater,wy-2026-primary|city|sweetwater|rock-springs-ward-iv|na,ROCK SPRINGS WARD IV,Rock Springs Ward Iv,city,,,,city,5947c9082afaa5cf507e0ed33a4d62ad34461f1cfbe9ba9976c69385593a5464,2026-08-21T11:30:57Z,,county_summary_pdf_v1,1.1.1,1,verified,https://www.sweetwatercountywy.gov/departments/county_clerk/elections.php,,,county_complete,overvote,Sweetwater,,,,,,0,,wy|sweetwater|wy-2026-primary|county_local_summary|5947c9082afaa5cf507e0ed33a4d62ad34461f1cfbe9ba9976c69385593a5464|wy-2026-primary|city|sweetwater|rock-springs-ward-iv|na|overvote|overvote|Sweetwater|COUNTY
wy-2026-primary,wy|sweetwater|wy-2026-primary|county_local_summary,Sweetwater,wy-2026-primary|city|sweetwater|rock-springs-ward-iv|na,ROCK SPRINGS WARD IV,Rock Springs Ward Iv,city,,,,city,5947c9082afaa5cf507e0ed33a4d62ad34461f1cfbe9ba9976c69385593a5464,2026-08-21T11:30:57Z,,county_summary_pdf_v1,1.1.1,1,verified,https://www.sweetwatercountywy.gov/departments/county_clerk/elections.php,,,county_complete,undervote,Sweetwater,,,,,,183,,wy|sweetwater|wy-2026-primary|county_local_summary|5947c9082afaa5cf507e0ed33a4d62ad34461f1cfbe9ba9976c69385593a5464|wy-2026-primary|city|sweetwater|rock-springs-ward-iv|na|undervote|undervote|Sweetwater|COUNTY
wy-2026-primary,wy|sweetwater|wy-2026-primary|county_local_summary,Sweetwater,wy-2026-primary|city|sweetwater|superior-mayor|na,SUPERIOR MAYOR,Superior Mayor,city,,,,city,5947c9082afaa5cf507e0ed33a4d62ad34461f1cfbe9ba9976c69385593a5464,2026-08-21T11:30:57Z,,county_summary_pdf_v1,1.1.1,1,verified,https://www.sweetwatercountywy.gov/departments/county_clerk/elections.php,,,county_complete,candidate,Sweetwater,,,RICK NIEMIEC,RICK NIEMIEC,,69,,wy|sweetwater|wy-2026-primary|county_local_summary|5947c9082afaa5cf507e0ed33a4d62ad34461f1cfbe9ba9976c69385593a5464|wy-2026-primary|city|sweetwater|superior-mayor|na|candidate|RICK NIEMIEC|Sweetwater|COUNTY
wy-2026-primary,wy|sweetwater|wy-2026-primary|county_local_summary,Sweetwater,wy-2026-primary|city|sweetwater|superior-mayor|na,SUPERIOR MAYOR,Superior Mayor,city,,,,city,5947c9082afaa5cf507e0ed33a4d62ad34461f1cfbe9ba9976c69385593a5464,2026-08-21T11:30:57Z,,county_summary_pdf_v1,1.1.1,1,verified,https://www.sweetwatercountywy.gov/departments/county_clerk/elections.php,,,county_complete,write_in_aggregate,Sweetwater,,,,,,6,,wy|sweetwater|wy-2026-primary|county_local_summary|5947c9082afaa5cf507e0ed33a4d62ad34461f1cfbe9ba9976c69385593a5464|wy-2026-primary|city|sweetwater|superior-mayor|na|write_in_aggregate|write_in_aggregate|Sweetwater|COUNTY
wy-2026-primary,wy|sweetwater|wy-2026-primary|county_local_summary,Sweetwater,wy-2026-primary|city|sweetwater|superior-mayor|na,SUPERIOR MAYOR,Superior Mayor,city,,,,city,5947c9082afaa5cf507e0ed33a4d62ad34461f1cfbe9ba9976c69385593a5464,2026-08-21T11:30:57Z,,county_summary_pdf_v1,1.1.1,1,verified,https://www.sweetwatercountywy.gov/departments/county_clerk/elections.php,,,county_complete,overvote,Sweetwater,,,,,,0,,wy|sweetwater|wy-2026-primary|county_local_summary|5947c9082afaa5cf507e0ed33a4d62ad34461f1cfbe9ba9976c69385593a5464|wy-2026-primary|city|sweetwater|superior-mayor|na|overvote|overvote|Sweetwater|COUNTY
wy-2026-primary,wy|sweetwater|wy-2026-primary|county_local_summary,Sweetwater,wy-2026-primary|city|sweetwater|superior-mayor|na,SUPERIOR MAYOR,Superior Mayor,city,,,,city,5947c9082afaa5cf507e0ed33a4d62ad34461f1cfbe9ba9976c69385593a5464,2026-08-21T11:30:57Z,,county_summary_pdf_v1,1.1.1,1,verified,https://www.sweetwatercountywy.gov/departments/county_clerk/elections.php,,,county_complete,undervote,Sweetwater,,,,,,5,,wy|sweetwater|wy-2026-primary|county_local_summary|5947c9082afaa5cf507e0ed33a4d62ad34461f1cfbe9ba9976c69385593a5464|wy-2026-primary|city|sweetwater|superior-mayor|na|undervote|undervote|Sweetwater|COUNTY
wy-2026-primary,wy|sweetwater|wy-2026-primary|county_local_summary,Sweetwater,wy-2026-primary|city|sweetwater|superior|na,SUPERIOR,Superior,city,,,,city,5947c9082afaa5cf507e0ed33a4d62ad34461f1cfbe9ba9976c69385593a5464,2026-08-21T11:30:57Z,,county_summary_pdf_v1,1.1.1,1,verified,https://www.sweetwatercountywy.gov/departments/county_clerk/elections.php,,,county_complete,candidate,Sweetwater,,,CHASE FRITS,CHASE FRITS,,64,,wy|sweetwater|wy-2026-primary|county_local_summary|5947c9082afaa5cf507e0ed33a4d62ad34461f1cfbe9ba9976c69385593a5464|wy-2026-primary|city|sweetwater|superior|na|candidate|CHASE FRITS|Sweetwater|COUNTY
wy-2026-primary,wy|sweetwater|wy-2026-primary|county_local_summary,Sweetwater,wy-2026-primary|city|sweetwater|superior|na,SUPERIOR,Superior,city,,,,city,5947c9082afaa5cf507e0ed33a4d62ad34461f1cfbe9ba9976c69385593a5464,2026-08-21T11:30:57Z,,county_summary_pdf_v1,1.1.1,1,verified,https://www.sweetwatercountywy.gov/departments/county_clerk/elections.php,,,county_complete,write_in_aggregate,Sweetwater,,,,,,13,,wy|sweetwater|wy-2026-primary|county_local_summary|5947c9082afaa5cf507e0ed33a4d62ad34461f1cfbe9ba9976c69385593a5464|wy-2026-primary|city|sweetwater|superior|na|write_in_aggregate|write_in_aggregate|Sweetwater|COUNTY
wy-2026-primary,wy|sweetwater|wy-2026-primary|county_local_summary,Sweetwater,wy-2026-primary|city|sweetwater|superior|na,SUPERIOR,Superior,city,,,,city,5947c9082afaa5cf507e0ed33a4d62ad34461f1cfbe9ba9976c69385593a5464,2026-08-21T11:30:57Z,,county_summary_pdf_v1,1.1.1,1,verified,https://www.sweetwatercountywy.gov/departments/county_clerk/elections.php,,,county_complete,overvote,Sweetwater,,,,,,0,,wy|sweetwater|wy-2026-primary|county_local_summary|5947c9082afaa5cf507e0ed33a4d62ad34461f1cfbe9ba9976c69385593a5464|wy-2026-primary|city|sweetwater|superior|na|overvote|overvote|Sweetwater|COUNTY
wy-2026-primary,wy|sweetwater|wy-2026-primary|county_local_summary,Sweetwater,wy-2026-primary|city|sweetwater|superior|na,SUPERIOR,Superior,city,,,,city,5947c9082afaa5cf507e0ed33a4d62ad34461f1cfbe9ba9976c69385593a5464,2026-08-21T11:30:57Z,,county_summary_pdf_v1,1.1.1,1,verified,https://www.sweetwatercountywy.gov/departments/county_clerk/elections.php,,,county_complete,undervote,Sweetwater,,,,,,83,,wy|sweetwater|wy-2026-primary|county_local_summary|5947c9082afaa5cf507e0ed33a4d62ad34461f1cfbe9ba9976c69385593a5464|wy-2026-primary|city|sweetwater|superior|na|undervote|undervote|Sweetwater|COUNTY
wy-2026-primary,wy|sweetwater|wy-2026-primary|county_local_summary,Sweetwater,wy-2026-primary|city|sweetwater|superior-superior|na,SUPERIOR SUPERIOR,Superior Superior,city,,,,city,5947c9082afaa5cf507e0ed33a4d62ad34461f1cfbe9ba9976c69385593a5464,2026-08-21T11:30:57Z,,county_summary_pdf_v1,1.1.1,1,verified,https://www.sweetwatercountywy.gov/departments/county_clerk/elections.php,,,county_complete,candidate,Sweetwater,,,BARBARA BARELA,BARBARA BARELA,,65,,wy|sweetwater|wy-2026-primary|county_local_summary|5947c9082afaa5cf507e0ed33a4d62ad34461f1cfbe9ba9976c69385593a5464|wy-2026-primary|city|sweetwater|superior-superior|na|candidate|BARBARA BARELA|Sweetwater|COUNTY
wy-2026-primary,wy|sweetwater|wy-2026-primary|county_local_summary,Sweetwater,wy-2026-primary|city|sweetwater|superior-superior|na,SUPERIOR SUPERIOR,Superior Superior,city,,,,city,5947c9082afaa5cf507e0ed33a4d62ad34461f1cfbe9ba9976c69385593a5464,2026-08-21T11:30:57Z,,county_summary_pdf_v1,1.1.1,1,verified,https://www.sweetwatercountywy.gov/departments/county_clerk/elections.php,,,county_complete,write_in_aggregate,Sweetwater,,,,,,3,,wy|sweetwater|wy-2026-primary|county_local_summary|5947c9082afaa5cf507e0ed33a4d62ad34461f1cfbe9ba9976c69385593a5464|wy-2026-primary|city|sweetwater|superior-superior|na|write_in_aggregate|write_in_aggregate|Sweetwater|COUNTY
wy-2026-primary,wy|sweetwater|wy-2026-primary|county_local_summary,Sweetwater,wy-2026-primary|city|sweetwater|superior-superior|na,SUPERIOR SUPERIOR,Superior Superior,city,,,,city,5947c9082afaa5cf507e0ed33a4d62ad34461f1cfbe9ba9976c69385593a5464,2026-08-21T11:30:57Z,,county_summary_pdf_v1,1.1.1,1,verified,https://www.sweetwatercountywy.gov/departments/county_clerk/elections.php,,,county_complete,overvote,Sweetwater,,,,,,0,,wy|sweetwater|wy-2026-primary|county_local_summary|5947c9082afaa5cf507e0ed33a4d62ad34461f1cfbe9ba9976c69385593a5464|wy-2026-primary|city|sweetwater|superior-superior|na|overvote|overvote|Sweetwater|COUNTY
wy-2026-primary,wy|sweetwater|wy-2026-primary|county_local_summary,Sweetwater,wy-2026-primary|city|sweetwater|superior-superior|na,SUPERIOR SUPERIOR,Superior Superior,city,,,,city,5947c9082afaa5cf507e0ed33a4d62ad34461f1cfbe9ba9976c69385593a5464,2026-08-21T11:30:57Z,,county_summary_pdf_v1,1.1.1,1,verified,https://www.sweetwatercountywy.gov/departments/county_clerk/elections.php,,,county_complete,undervote,Sweetwater,,,,,,12,,wy|sweetwater|wy-2026-primary|county_local_summary|5947c9082afaa5cf507e0ed33a4d62ad34461f1cfbe9ba9976c69385593a5464|wy-2026-primary|city|sweetwater|superior-superior|na|undervote|undervote|Sweetwater|COUNTY
wy-2026-primary,wy|sweetwater|wy-2026-primary|county_local_summary,Sweetwater,wy-2026-primary|city|sweetwater|wamsutter-mayor|na,WAMSUTTER MAYOR,Wamsutter Mayor,city,,,,city,5947c9082afaa5cf507e0ed33a4d62ad34461f1cfbe9ba9976c69385593a5464,2026-08-21T11:30:57Z,,county_summary_pdf_v1,1.1.1,1,verified,https://www.sweetwatercountywy.gov/departments/county_clerk/elections.php,,,county_complete,candidate,Sweetwater,,,KARLIN JERKE,KARLIN JERKE,,27,,wy|sweetwater|wy-2026-primary|county_local_summary|5947c9082afaa5cf507e0ed33a4d62ad34461f1cfbe9ba9976c69385593a5464|wy-2026-primary|city|sweetwater|wamsutter-mayor|na|candidate|KARLIN JERKE|Sweetwater|COUNTY
wy-2026-primary,wy|sweetwater|wy-2026-primary|county_local_summary,Sweetwater,wy-2026-primary|city|sweetwater|wamsutter-mayor|na,WAMSUTTER MAYOR,Wamsutter Mayor,city,,,,city,5947c9082afaa5cf507e0ed33a4d62ad34461f1cfbe9ba9976c69385593a5464,2026-08-21T11:30:57Z,,county_summary_pdf_v1,1.1.1,1,verified,https://www.sweetwatercountywy.gov/departments/county_clerk/elections.php,,,county_complete,candidate,Sweetwater,,,SETH J RAUCH,SETH J RAUCH,,21,,wy|sweetwater|wy-2026-primary|county_local_summary|5947c9082afaa5cf507e0ed33a4d62ad34461f1cfbe9ba9976c69385593a5464|wy-2026-primary|city|sweetwater|wamsutter-mayor|na|candidate|SETH J RAUCH|Sweetwater|COUNTY
wy-2026-primary,wy|sweetwater|wy-2026-primary|county_local_summary,Sweetwater,wy-2026-primary|city|sweetwater|wamsutter-mayor|na,WAMSUTTER MAYOR,Wamsutter Mayor,city,,,,city,5947c9082afaa5cf507e0ed33a4d62ad34461f1cfbe9ba9976c69385593a5464,2026-08-21T11:30:57Z,,county_summary_pdf_v1,1.1.1,1,verified,https://www.sweetwatercountywy.gov/departments/county_clerk/elections.php,,,county_complete,write_in_aggregate,Sweetwater,,,,,,1,,wy|sweetwater|wy-2026-primary|county_local_summary|5947c9082afaa5cf507e0ed33a4d62ad34461f1cfbe9ba9976c69385593a5464|wy-2026-primary|city|sweetwater|wamsutter-mayor|na|write_in_aggregate|write_in_aggregate|Sweetwater|COUNTY
wy-2026-primary,wy|sweetwater|wy-2026-primary|county_local_summary,Sweetwater,wy-2026-primary|city|sweetwater|wamsutter-mayor|na,WAMSUTTER MAYOR,Wamsutter Mayor,city,,,,city,5947c9082afaa5cf507e0ed33a4d62ad34461f1cfbe9ba9976c69385593a5464,2026-08-21T11:30:57Z,,county_summary_pdf_v1,1.1.1,1,verified,https://www.sweetwatercountywy.gov/departments/county_clerk/elections.php,,,county_complete,overvote,Sweetwater,,,,,,0,,wy|sweetwater|wy-2026-primary|county_local_summary|5947c9082afaa5cf507e0ed33a4d62ad34461f1cfbe9ba9976c69385593a5464|wy-2026-primary|city|sweetwater|wamsutter-mayor|na|overvote|overvote|Sweetwater|COUNTY
wy-2026-primary,wy|sweetwater|wy-2026-primary|county_local_summary,Sweetwater,wy-2026-primary|city|sweetwater|wamsutter-mayor|na,WAMSUTTER MAYOR,Wamsutter Mayor,city,,,,city,5947c9082afaa5cf507e0ed33a4d62ad34461f1cfbe9ba9976c69385593a5464,2026-08-21T11:30:57Z,,county_summary_pdf_v1,1.1.1,1,verified,https://www.sweetwatercountywy.gov/departments/county_clerk/elections.php,,,county_complete,undervote,Sweetwater,,,,,,0,,wy|sweetwater|wy-2026-primary|county_local_summary|5947c9082afaa5cf507e0ed33a4d62ad34461f1cfbe9ba9976c69385593a5464|wy-2026-primary|city|sweetwater|wamsutter-mayor|na|undervote|undervote|Sweetwater|COUNTY
wy-2026-primary,wy|sweetwater|wy-2026-primary|county_local_summary,Sweetwater,wy-2026-primary|city|sweetwater|wamsutter|na,WAMSUTTER,Wamsutter,city,,,,city,5947c9082afaa5cf507e0ed33a4d62ad34461f1cfbe9ba9976c69385593a5464,2026-08-21T11:30:57Z,,county_summary_pdf_v1,1.1.1,1,verified,https://www.sweetwatercountywy.gov/departments/county_clerk/elections.php,,,county_complete,candidate,Sweetwater,,,DUSTIN DAVIS,DUSTIN DAVIS,,16,,wy|sweetwater|wy-2026-primary|county_local_summary|5947c9082afaa5cf507e0ed33a4d62ad34461f1cfbe9ba9976c69385593a5464|wy-2026-primary|city|sweetwater|wamsutter|na|candidate|DUSTIN DAVIS|Sweetwater|COUNTY
wy-2026-primary,wy|sweetwater|wy-2026-primary|county_local_summary,Sweetwater,wy-2026-primary|city|sweetwater|wamsutter|na,WAMSUTTER,Wamsutter,city,,,,city,5947c9082afaa5cf507e0ed33a4d62ad34461f1cfbe9ba9976c69385593a5464,2026-08-21T11:30:57Z,,county_summary_pdf_v1,1.1.1,1,verified,https://www.sweetwatercountywy.gov/departments/county_clerk/elections.php,,,county_complete,candidate,Sweetwater,,,"LARRY ""CHIP"" RONEY","LARRY ""CHIP"" RONEY",,18,,"wy|sweetwater|wy-2026-primary|county_local_summary|5947c9082afaa5cf507e0ed33a4d62ad34461f1cfbe9ba9976c69385593a5464|wy-2026-primary|city|sweetwater|wamsutter|na|candidate|LARRY ""CHIP"" RONEY|Sweetwater|COUNTY"
wy-2026-primary,wy|sweetwater|wy-2026-primary|county_local_summary,Sweetwater,wy-2026-primary|city|sweetwater|wamsutter|na,WAMSUTTER,Wamsutter,city,,,,city,5947c9082afaa5cf507e0ed33a4d62ad34461f1cfbe9ba9976c69385593a5464,2026-08-21T11:30:57Z,,county_summary_pdf_v1,1.1.1,1,verified,https://www.sweetwatercountywy.gov/departments/county_clerk/elections.php,,,county_complete,write_in_aggregate,Sweetwater,,,,,,36,,wy|sweetwater|wy-2026-primary|county_local_summary|5947c9082afaa5cf507e0ed33a4d62ad34461f1cfbe9ba9976c69385593a5464|wy-2026-primary|city|sweetwater|wamsutter|na|write_in_aggregate|write_in_aggregate|Sweetwater|COUNTY
wy-2026-primary,wy|sweetwater|wy-2026-primary|county_local_summary,Sweetwater,wy-2026-primary|city|sweetwater|wamsutter|na,WAMSUTTER,Wamsutter,city,,,,city,5947c9082afaa5cf507e0ed33a4d62ad34461f1cfbe9ba9976c69385593a5464,2026-08-21T11:30:57Z,,county_summary_pdf_v1,1.1.1,1,verified,https://www.sweetwatercountywy.gov/departments/county_clerk/elections.php,,,county_complete,overvote,Sweetwater,,,,,,2,,wy|sweetwater|wy-2026-primary|county_local_summary|5947c9082afaa5cf507e0ed33a4d62ad34461f1cfbe9ba9976c69385593a5464|wy-2026-primary|city|sweetwater|wamsutter|na|overvote|overvote|Sweetwater|COUNTY
wy-2026-primary,wy|sweetwater|wy-2026-primary|county_local_summary,Sweetwater,wy-2026-primary|city|sweetwater|wamsutter|na,WAMSUTTER,Wamsutter,city,,,,city,5947c9082afaa5cf507e0ed33a4d62ad34461f1cfbe9ba9976c69385593a5464,2026-08-21T11:30:57Z,,county_summary_pdf_v1,1.1.1,1,verified,https://www.sweetwatercountywy.gov/departments/county_clerk/elections.php,,,county_complete,undervote,Sweetwater,,,,,,26,,wy|sweetwater|wy-2026-primary|county_local_summary|5947c9082afaa5cf507e0ed33a4d62ad34461f1cfbe9ba9976c69385593a5464|wy-2026-primary|city|sweetwater|wamsutter|na|undervote|undervote|Sweetwater|COUNTY
wy-2026-primary,wy|sweetwater|wy-2026-primary|county_local_summary,Sweetwater,wy-2026-primary|city|sweetwater|wamsutter-wamsutter|na,WAMSUTTER WAMSUTTER,Wamsutter Wamsutter,city,,,,city,5947c9082afaa5cf507e0ed33a4d62ad34461f1cfbe9ba9976c69385593a5464,2026-08-21T11:30:57Z,,county_summary_pdf_v1,1.1.1,1,verified,https://www.sweetwatercountywy.gov/departments/county_clerk/elections.php,,,county_complete,candidate,Sweetwater,,,JENNIFER GOFF,JENNIFER GOFF,,29,,wy|sweetwater|wy-2026-primary|county_local_summary|5947c9082afaa5cf507e0ed33a4d62ad34461f1cfbe9ba9976c69385593a5464|wy-2026-primary|city|sweetwater|wamsutter-wamsutter|na|candidate|JENNIFER GOFF|Sweetwater|COUNTY
wy-2026-primary,wy|sweetwater|wy-2026-primary|county_local_summary,Sweetwater,wy-2026-primary|city|sweetwater|wamsutter-wamsutter|na,WAMSUTTER WAMSUTTER,Wamsutter Wamsutter,city,,,,city,5947c9082afaa5cf507e0ed33a4d62ad34461f1cfbe9ba9976c69385593a5464,2026-08-21T11:30:57Z,,county_summary_pdf_v1,1.1.1,1,verified,https://www.sweetwatercountywy.gov/departments/county_clerk/elections.php,,,county_complete,candidate,Sweetwater,,,BRANDON RIDEOUT,BRANDON RIDEOUT,,16,,wy|sweetwater|wy-2026-primary|county_local_summary|5947c9082afaa5cf507e0ed33a4d62ad34461f1cfbe9ba9976c69385593a5464|wy-2026-primary|city|sweetwater|wamsutter-wamsutter|na|candidate|BRANDON RIDEOUT|Sweetwater|COUNTY
wy-2026-primary,wy|sweetwater|wy-2026-primary|county_local_summary,Sweetwater,wy-2026-primary|city|sweetwater|wamsutter-wamsutter|na,WAMSUTTER WAMSUTTER,Wamsutter Wamsutter,city,,,,city,5947c9082afaa5cf507e0ed33a4d62ad34461f1cfbe9ba9976c69385593a5464,2026-08-21T11:30:57Z,,county_summary_pdf_v1,1.1.1,1,verified,https://www.sweetwatercountywy.gov/departments/county_clerk/elections.php,,,county_complete,write_in_aggregate,Sweetwater,,,,,,3,,wy|sweetwater|wy-2026-primary|county_local_summary|5947c9082afaa5cf507e0ed33a4d62ad34461f1cfbe9ba9976c69385593a5464|wy-2026-primary|city|sweetwater|wamsutter-wamsutter|na|write_in_aggregate|write_in_aggregate|Sweetwater|COUNTY
wy-2026-primary,wy|sweetwater|wy-2026-primary|county_local_summary,Sweetwater,wy-2026-primary|city|sweetwater|wamsutter-wamsutter|na,WAMSUTTER WAMSUTTER,Wamsutter Wamsutter,city,,,,city,5947c9082afaa5cf507e0ed33a4d62ad34461f1cfbe9ba9976c69385593a5464,2026-08-21T11:30:57Z,,county_summary_pdf_v1,1.1.1,1,verified,https://www.sweetwatercountywy.gov/departments/county_clerk/elections.php,,,county_complete,overvote,Sweetwater,,,,,,0,,wy|sweetwater|wy-2026-primary|county_local_summary|5947c9082afaa5cf507e0ed33a4d62ad34461f1cfbe9ba9976c69385593a5464|wy-2026-primary|city|sweetwater|wamsutter-wamsutter|na|overvote|overvote|Sweetwater|COUNTY
wy-2026-primary,wy|sweetwater|wy-2026-primary|county_local_summary,Sweetwater,wy-2026-primary|city|sweetwater|wamsutter-wamsutter|na,WAMSUTTER WAMSUTTER,Wamsutter Wamsutter,city,,,,city,5947c9082afaa5cf507e0ed33a4d62ad34461f1cfbe9ba9976c69385593a5464,2026-08-21T11:30:57Z,,county_summary_pdf_v1,1.1.1,1,verified,https://www.sweetwatercountywy.gov/departments/county_clerk/elections.php,,,county_complete,undervote,Sweetwater,,,,,,1,,wy|sweetwater|wy-2026-primary|county_local_summary|5947c9082afaa5cf507e0ed33a4d62ad34461f1cfbe9ba9976c69385593a5464|wy-2026-primary|city|sweetwater|wamsutter-wamsutter|na|undervote|undervote|Sweetwater|COUNTY
wy-2026-primary,wy|sweetwater|wy-2026-primary|county_local_summary,Sweetwater,wy-2026-primary|city|sweetwater|granger-mayor|na,GRANGER MAYOR,Granger Mayor,city,,,,city,5947c9082afaa5cf507e0ed33a4d62ad34461f1cfbe9ba9976c69385593a5464,2026-08-21T11:30:57Z,,county_summary_pdf_v1,1.1.1,1,verified,https://www.sweetwatercountywy.gov/departments/county_clerk/elections.php,,,county_complete,candidate,Sweetwater,,,"ANSELMO ""HIPPY"" VALERIO JR.","ANSELMO ""HIPPY"" VALERIO JR.",,11,,"wy|sweetwater|wy-2026-primary|county_local_summary|5947c9082afaa5cf507e0ed33a4d62ad34461f1cfbe9ba9976c69385593a5464|wy-2026-primary|city|sweetwater|granger-mayor|na|candidate|ANSELMO ""HIPPY"" VALERIO JR.|Sweetwater|COUNTY"
wy-2026-primary,wy|sweetwater|wy-2026-primary|county_local_summary,Sweetwater,wy-2026-primary|city|sweetwater|granger-mayor|na,GRANGER MAYOR,Granger Mayor,city,,,,city,5947c9082afaa5cf507e0ed33a4d62ad34461f1cfbe9ba9976c69385593a5464,2026-08-21T11:30:57Z,,county_summary_pdf_v1,1.1.1,1,verified,https://www.sweetwatercountywy.gov/departments/county_clerk/elections.php,,,county_complete,write_in_aggregate,Sweetwater,,,,,,11,,wy|sweetwater|wy-2026-primary|county_local_summary|5947c9082afaa5cf507e0ed33a4d62ad34461f1cfbe9ba9976c69385593a5464|wy-2026-primary|city|sweetwater|granger-mayor|na|write_in_aggregate|write_in_aggregate|Sweetwater|COUNTY
wy-2026-primary,wy|sweetwater|wy-2026-primary|county_local_summary,Sweetwater,wy-2026-primary|city|sweetwater|granger-mayor|na,GRANGER MAYOR,Granger Mayor,city,,,,city,5947c9082afaa5cf507e0ed33a4d62ad34461f1cfbe9ba9976c69385593a5464,2026-08-21T11:30:57Z,,county_summary_pdf_v1,1.1.1,1,verified,https://www.sweetwatercountywy.gov/departments/county_clerk/elections.php,,,county_complete,overvote,Sweetwater,,,,,,0,,wy|sweetwater|wy-2026-primary|county_local_summary|5947c9082afaa5cf507e0ed33a4d62ad34461f1cfbe9ba9976c69385593a5464|wy-2026-primary|city|sweetwater|granger-mayor|na|overvote|overvote|Sweetwater|COUNTY
wy-2026-primary,wy|sweetwater|wy-2026-primary|county_local_summary,Sweetwater,wy-2026-primary|city|sweetwater|granger-mayor|na,GRANGER MAYOR,Granger Mayor,city,,,,city,5947c9082afaa5cf507e0ed33a4d62ad34461f1cfbe9ba9976c69385593a5464,2026-08-21T11:30:57Z,,county_summary_pdf_v1,1.1.1,1,verified,https://www.sweetwatercountywy.gov/departments/county_clerk/elections.php,,,county_complete,undervote,Sweetwater,,,,,,4,,wy|sweetwater|wy-2026-primary|county_local_summary|5947c9082afaa5cf507e0ed33a4d62ad34461f1cfbe9ba9976c69385593a5464|wy-2026-primary|city|sweetwater|granger-mayor|na|undervote|undervote|Sweetwater|COUNTY
wy-2026-primary,wy|sweetwater|wy-2026-primary|county_local_summary,Sweetwater,wy-2026-primary|city|sweetwater|granger|na,GRANGER,Granger,city,,,,city,5947c9082afaa5cf507e0ed33a4d62ad34461f1cfbe9ba9976c69385593a5464,2026-08-21T11:30:57Z,,county_summary_pdf_v1,1.1.1,1,verified,https://www.sweetwatercountywy.gov/departments/county_clerk/elections.php,,,county_complete,write_in_aggregate,Sweetwater,,,,,,24,,wy|sweetwater|wy-2026-primary|county_local_summary|5947c9082afaa5cf507e0ed33a4d62ad34461f1cfbe9ba9976c69385593a5464|wy-2026-primary|city|sweetwater|granger|na|write_in_aggregate|write_in_aggregate|Sweetwater|COUNTY
wy-2026-primary,wy|sweetwater|wy-2026-primary|county_local_summary,Sweetwater,wy-2026-primary|city|sweetwater|granger|na,GRANGER,Granger,city,,,,city,5947c9082afaa5cf507e0ed33a4d62ad34461f1cfbe9ba9976c69385593a5464,2026-08-21T11:30:57Z,,county_summary_pdf_v1,1.1.1,1,verified,https://www.sweetwatercountywy.gov/departments/county_clerk/elections.php,,,county_complete,overvote,Sweetwater,,,,,,0,,wy|sweetwater|wy-2026-primary|county_local_summary|5947c9082afaa5cf507e0ed33a4d62ad34461f1cfbe9ba9976c69385593a5464|wy-2026-primary|city|sweetwater|granger|na|overvote|overvote|Sweetwater|COUNTY
wy-2026-primary,wy|sweetwater|wy-2026-primary|county_local_summary,Sweetwater,wy-2026-primary|city|sweetwater|granger|na,GRANGER,Granger,city,,,,city,5947c9082afaa5cf507e0ed33a4d62ad34461f1cfbe9ba9976c69385593a5464,2026-08-21T11:30:57Z,,county_summary_pdf_v1,1.1.1,1,verified,https://www.sweetwatercountywy.gov/departments/county_clerk/elections.php,,,county_complete,undervote,Sweetwater,,,,,,28,,wy|sweetwater|wy-2026-primary|county_local_summary|5947c9082afaa5cf507e0ed33a4d62ad34461f1cfbe9ba9976c69385593a5464|wy-2026-primary|city|sweetwater|granger|na|undervote|undervote|Sweetwater|COUNTY
